Parameter,Value
level_inf,0
level_sup,1.4
inter,False
step,0.1
lim_inf,-4
lim_sup,4
step_domain,800
dna_length,8
input_size,1
hidden_size,12
output_size,1
epochs,10
lr,0.01
seed,20
pop_size,800
N_gens,20
set_k,12
cross_method,Crossover_prof
one_point,2
length_per,10
mut_method,Flip_Bit_Mutation
hm_flip,2
hm_swap,2
likely_per,40
mut_per,40
cross_per,720
Generation,Individual,Genome,Score
0,0,[0.3 0.7 0.3 0.8 0.  0.  0.3 0.1],0.20723704248666763
0,1,[1.1 1.2 0.  1.  0.  0.  0.  0. ],0.2315879836678505
0,2,[1.3 0.1 0.5 1.2 0.  0.3 0.9 1.3],0.24138692021369934
0,3,[0.  0.7 0.2 1.2 0.  0.3 0.2 0.2],0.26073111593723297
0,4,[0.1 0.3 0.4 0.4 0.  0.  0.5 0.9],0.2634027600288391
0,5,[0.5 0.3 0.4 1.3 0.2 0.1 0.9 0.7],0.2903409004211426
0,6,[0.5 0.5 0.3 0.4 0.1 0.  0.9 1.1],0.30087898671627045
0,7,[1.2 1.3 0.3 0.8 0.1 0.1 0.5 0. ],0.3021106421947479
0,8,[0.5 0.2 0.8 0.8 0.1 0.1 0.9 0.3],0.30976322293281555
0,9,[1.3 0.  0.8 0.9 0.1 0.2 0.3 0.5],0.31042565405368805
0,10,[0.1 1.1 0.1 0.4 0.  0.  0.3 0.8],0.32532165944576263
0,11,[1.2 0.8 0.4 1.2 0.1 0.4 1.  0.3],0.33206358551979065
0,12,[0.5 0.5 0.3 1.2 0.3 0.1 0.5 1. ],0.33275219798088074
0,13,[1.  0.4 0.4 0.4 0.1 0.2 0.6 1.1],0.33808574080467224
0,14,[0.6 0.7 0.2 0.8 0.2 0.3 0.4 0.4],0.3471233546733856
0,15,[0.8 0.4 0.2 0.6 0.2 0.3 0.9 0.2],0.3480115532875061
0,16,[0.3 0.9 0.4 1.2 0.3 0.  1.  0.8],0.3492344617843628
0,17,[0.  0.6 0.3 0.4 0.  0.3 0.1 0.9],0.3509564995765686
0,18,[0.5 0.2 0.4 0.3 0.1 0.2 0.7 0.6],0.3533252477645874
0,19,[0.4 0.5 0.1 0.3 0.1 0.1 0.8 0.9],0.3549300283193588
0,20,[1.1 0.  0.5 0.8 0.4 0.1 1.  1.3],0.36243240535259247
0,21,[0.5 0.5 0.9 0.9 0.  0.3 0.3 0.6],0.3675295263528824
0,22,[0.  0.3 0.1 0.4 0.2 0.  0.1 1.1],0.3816053420305252
0,23,[1.3 0.2 0.6 1.1 0.1 0.6 0.2 1.3],0.3828432112932205
0,24,[1.  1.  0.6 1.1 0.2 0.1 0.  0.9],0.3889889121055603
0,25,[0.6 0.1 0.6 0.7 0.  0.7 0.3 0.8],0.390557125210762
0,26,[0.4 0.1 0.1 1.  0.1 0.6 0.  0.7],0.3933064192533493
0,27,[1.2 0.3 1.  0.5 0.  0.1 1.2 1.3],0.39825795590877533
0,28,[1.1 0.8 0.6 0.7 0.3 0.1 1.2 0.2],0.40456365048885345
0,29,[0.8 1.2 0.  0.9 0.4 0.  1.1 0.9],0.40723496675491333
0,30,[0.6 0.2 0.1 1.3 0.2 0.5 0.8 0.2],0.4133538156747818
0,31,[0.3 0.9 0.7 1.  0.1 0.5 0.9 0. ],0.4171023368835449
0,32,[0.3 1.3 0.7 1.2 0.1 0.3 1.2 1.2],0.4175560921430588
0,33,[0.7 0.  0.9 0.2 0.  0.1 1.  1.1],0.418706014752388
0,34,[1.  1.1 0.1 0.7 0.4 0.  1.3 0.9],0.4201475977897644
0,35,[0.4 0.  0.5 0.9 0.4 0.3 0.2 0.2],0.42042313516139984
0,36,[1.1 0.7 0.  1.2 0.5 0.  0.9 0.7],0.4266470670700073
0,37,[1.3 0.7 0.7 0.2 0.  0.  0.7 0.4],0.4304695725440979
0,38,[1.3 0.  0.6 1.3 0.4 0.3 1.2 0. ],0.4307360500097275
0,39,[0.6 1.  0.2 1.  0.3 0.4 0.6 0.8],0.4340445101261139
0,40,[0.8 0.  1.1 0.9 0.1 0.1 0.5 0.6],0.4360631853342056
0,41,[0.  0.2 1.  0.5 0.  0.4 0.4 0.3],0.4473424553871155
0,42,[1.2 1.1 0.5 1.  0.3 0.4 1.3 0.6],0.45084959268569946
0,43,[1.2 1.  0.8 1.  0.1 0.5 0.6 0.4],0.4517173320055008
0,44,[1.3 0.9 0.8 0.9 0.2 0.3 0.3 0.7],0.45469360053539276
0,45,[0.8 0.7 0.6 1.  0.2 0.6 1.3 0.5],0.4606352895498276
0,46,[1.2 0.7 0.5 0.8 0.  0.8 0.2 0.2],0.46074993908405304
0,47,[1.3 0.2 0.8 0.6 0.2 0.5 0.7 1.2],0.46075086295604706
0,48,[0.5 0.9 0.5 0.2 0.  0.3 0.3 0.3],0.46647168695926666
0,49,[0.9 1.  0.4 0.5 0.1 0.5 0.1 1.1],0.4690282344818115
0,50,[0.7 1.1 0.8 1.2 0.  0.6 0.5 0.5],0.4691772311925888
0,51,[0.3 0.  0.1 1.3 0.1 0.7 1.  1. ],0.48139528930187225
0,52,[1.1 0.3 0.7 0.1 0.1 0.1 0.7 0.3],0.48240435123443604
0,53,[1.3 1.1 0.4 1.2 0.  0.8 0.5 0.9],0.48719875514507294
0,54,[0.  0.2 0.4 1.3 0.5 0.3 0.4 0.5],0.4885226935148239
0,55,[0.  1.1 0.8 1.2 0.3 0.  1.3 0.4],0.489867627620697
0,56,[0.7 0.1 1.  1.2 0.1 0.6 0.6 0.3],0.49194303154945374
0,57,[0.2 1.  0.5 0.8 0.1 0.7 1.3 1.2],0.4940635859966278
0,58,[1.2 0.5 0.3 0.  0.1 0.2 1.1 0.7],0.4967343211174011
0,59,[0.2 0.4 0.2 0.9 0.1 0.8 0.4 0.1],0.49822306632995605
0,60,[1.2 0.3 1.1 1.  0.2 0.3 1.1 0.6],0.5040115118026733
0,61,[0.1 0.4 0.1 1.1 0.2 0.7 0.1 1. ],0.5048534870147705
0,62,[0.4 0.8 0.4 0.9 0.3 0.6 0.8 0.1],0.5051702558994293
0,63,[0.3 0.  0.  0.3 0.3 0.3 0.9 0.5],0.505303144454956
0,64,[0.  0.6 0.6 0.9 0.1 0.8 0.2 0.7],0.5059232264757156
0,65,[0.  1.3 0.4 1.3 0.1 0.7 0.  0.1],0.5073602944612503
0,66,[0.4 1.2 0.1 1.1 0.1 0.7 1.3 0.8],0.5117654502391815
0,67,[1.3 0.5 0.5 0.1 0.1 0.4 1.3 1.3],0.514069676399231
0,68,[1.3 1.1 0.7 0.3 0.1 0.1 0.3 0.1],0.5157206207513809
0,69,[0.4 0.4 0.2 0.3 0.3 0.2 0.1 1.1],0.5186836570501328
0,70,[0.9 0.8 0.4 1.1 0.5 0.3 0.3 1. ],0.5193999409675598
0,71,[0.1 0.  1.  0.9 0.4 0.2 1.2 1.3],0.5202877521514893
0,72,[0.4 0.  0.6 0.2 0.3 0.2 0.6 0.7],0.5216741859912872
0,73,[1.2 1.2 0.2 1.1 0.5 0.3 0.9 0.3],0.5219293534755707
0,74,[0.9 0.9 0.9 0.9 0.3 0.  0.7 1. ],0.5219389498233795
0,75,[1.1 0.4 0.8 0.4 0.2 0.5 1.3 0.6],0.5259669125080109
0,76,[0.3 1.2 1.  1.1 0.  0.5 0.5 1. ],0.5270573198795319
0,77,[0.2 0.7 0.7 1.2 0.4 0.3 0.  0.7],0.5282401442527771
0,78,[0.8 0.1 0.2 0.6 0.6 0.1 0.8 0.4],0.529185563325882
0,79,[0.7 0.8 0.3 0.1 0.  0.4 0.  1. ],0.5295521914958954
0,80,[0.4 0.  0.1 0.4 0.2 0.6 0.6 0.6],0.530437558889389
0,81,[0.2 0.6 0.3 0.8 0.6 0.1 0.9 1.3],0.5304899364709854
0,82,[0.9 1.1 0.3 1.  0.3 0.6 0.  0.2],0.531051367521286
0,83,[1.2 0.5 0.5 0.8 0.4 0.5 0.  0.1],0.5314327776432037
0,84,[0.1 1.1 0.3 1.3 0.2 0.7 0.4 0.5],0.5344398021697998
0,85,[0.3 0.6 1.2 0.8 0.  0.4 1.2 0.3],0.536119744181633
0,86,[0.3 0.6 0.5 0.2 0.2 0.3 0.4 0.1],0.5381676554679871
0,87,[1.2 1.1 0.3 1.  0.  0.9 0.2 0.8],0.5389371514320374
0,88,[0.  0.2 0.7 0.8 0.1 0.9 0.6 0. ],0.5475861132144928
0,89,[0.6 0.9 0.3 0.7 0.1 0.8 1.  0.7],0.5480296015739441
0,90,[1.3 0.6 0.8 1.  0.3 0.6 0.1 0.4],0.5506828129291534
0,91,[0.2 0.  1.  1.1 0.1 0.8 0.6 0.1],0.5510909259319305
0,92,[0.2 0.1 0.7 0.5 0.3 0.6 0.8 1. ],0.5515812933444977
0,93,[0.7 0.9 0.3 1.  0.6 0.1 0.3 0.5],0.5525667071342468
0,94,[0.6 0.6 1.2 0.8 0.1 0.1 1.  0.5],0.5534604787826538
0,95,[0.5 1.3 0.2 0.3 0.2 0.3 0.2 0. ],0.5640232563018799
0,96,[0.8 0.3 0.4 1.1 0.3 0.8 0.2 0. ],0.5680016279220581
0,97,[1.2 0.6 0.7 1.2 0.5 0.3 0.1 0.9],0.5699298679828644
0,98,[1.2 1.2 0.7 1.2 0.2 0.7 0.4 0.9],0.5707255005836487
0,99,[0.  0.7 0.9 0.9 0.3 0.5 0.3 0.6],0.5753204226493835
0,100,[1.1 0.8 0.8 0.  0.  0.2 1.  0.6],0.5772563815116882
0,101,[1.1 0.5 0.3 0.9 0.6 0.4 1.1 1. ],0.5782380402088165
0,102,[1.3 1.  1.  0.4 0.  0.5 0.8 1.2],0.580824613571167
0,103,[1.  1.  0.4 1.3 0.2 0.8 0.8 0.8],0.5810241997241974
0,104,[0.4 0.2 1.3 0.9 0.1 0.3 0.5 0.6],0.5837202668190002
0,105,[0.4 1.2 1.  0.4 0.  0.1 0.4 0.4],0.583738386631012
0,106,[0.4 1.3 0.4 1.1 0.2 0.8 0.7 0.6],0.5918520092964172
0,107,[1.  0.7 0.2 1.3 0.1 0.9 0.4 0.4],0.591852456331253
0,108,[0.1 1.3 0.  0.6 0.1 0.7 0.6 1.3],0.5921511948108673
0,109,[0.4 0.  0.5 1.  0.7 0.3 0.8 0.5],0.5925615429878235
0,110,[0.5 0.  1.1 0.7 0.  0.9 0.8 0.9],0.5971268713474274
0,111,[0.2 0.1 0.1 1.2 0.7 0.3 1.  1.1],0.6008258163928986
0,112,[0.3 0.1 1.  0.6 0.3 0.6 1.2 0.1],0.600885421037674
0,113,[0.8 0.9 0.4 0.4 0.4 0.3 0.4 0.5],0.602777898311615
0,114,[0.1 1.2 0.9 0.3 0.1 0.  0.9 1.1],0.6028000712394714
0,115,[0.8 0.1 0.1 0.9 0.3 0.8 0.7 0.4],0.6049603521823883
0,116,[1.  0.6 0.6 0.3 0.4 0.3 1.  0. ],0.6071878671646118
0,117,[1.  0.2 0.6 0.3 0.3 0.6 0.8 0.9],0.6085548102855682
0,118,[1.  1.2 0.6 0.2 0.2 0.1 0.2 0.4],0.6143473386764526
0,119,[0.9 0.1 0.9 1.  0.2 0.9 0.1 1. ],0.6145057082176208
0,120,[1.  0.4 0.9 0.5 0.1 0.8 0.  1.1],0.6147992610931396
0,121,[0.9 0.3 0.8 0.7 0.5 0.4 0.4 0.6],0.6158841252326965
0,122,[0.5 0.2 0.1 0.6 0.6 0.3 0.6 1.2],0.6163464188575745
0,123,[0.1 0.1 0.1 1.2 0.3 0.8 1.  0.7],0.6171711087226868
0,124,[1.2 0.2 0.5 0.4 0.1 0.9 1.2 0.6],0.617369532585144
0,125,[0.5 0.8 1.2 1.2 0.  0.6 0.4 0.9],0.6180623173713684
0,126,[0.9 0.1 0.5 1.2 0.4 0.8 0.8 0.8],0.6191139221191406
0,127,[0.5 0.3 0.6 0.3 0.2 0.7 0.2 0.4],0.6213782727718353
0,128,[0.4 0.3 1.  0.4 0.2 0.6 0.9 0.6],0.6246762275695801
0,129,[0.4 0.1 0.5 1.2 0.8 0.  0.7 0. ],0.6255911886692047
0,130,[0.5 0.6 1.2 0.5 0.  0.6 1.1 0.3],0.6263787150382996
0,131,[0.4 0.5 0.1 0.4 0.5 0.3 0.7 0.5],0.6278473734855652
0,132,[0.1 0.1 0.6 0.6 0.1 1.  0.  1.2],0.628371387720108
0,133,[0.2 0.6 0.  0.5 0.5 0.3 0.5 1.3],0.6286006271839142
0,134,[0.  0.6 0.  0.1 0.2 0.4 0.8 0.7],0.629759818315506
0,135,[0.1 0.2 0.5 0.8 0.8 0.  1.3 0. ],0.6328462064266205
0,136,[0.3 0.8 0.4 0.8 0.2 0.9 1.1 0.3],0.6357037723064423
0,137,[0.6 0.6 0.6 1.  0.7 0.  0.4 0.2],0.6371723115444183
0,138,[1.3 1.3 0.  0.4 0.3 0.4 0.  0.3],0.6385202705860138
0,139,[1.  1.  0.2 1.2 0.7 0.3 1.1 0.6],0.6396695971488953
0,140,[0.6 0.8 0.9 0.9 0.3 0.7 0.9 0.9],0.6402356028556824
0,141,[0.  1.1 0.2 0.3 0.3 0.4 0.2 0. ],0.6421889066696167
0,142,[0.8 1.1 1.  0.9 0.3 0.4 0.2 0.3],0.6421981453895569
0,143,[0.5 1.  0.9 0.5 0.3 0.2 0.3 0.8],0.6428568661212921
0,144,[0.6 0.  0.8 0.  0.3 0.  0.7 0.8],0.6446091532707214
0,145,[0.  0.1 0.1 1.3 0.8 0.2 1.1 0.8],0.6449309587478638
0,146,[0.  0.6 0.7 1.1 0.7 0.  0.9 1. ],0.6453538835048676
0,147,[0.1 1.1 1.2 0.8 0.1 0.  0.7 0.2],0.6454596817493439
0,148,[0.9 0.9 0.9 0.4 0.1 0.7 1.2 0.4],0.6458568274974823
0,149,[0.9 0.9 1.1 0.5 0.2 0.3 0.9 0. ],0.6459839642047882
0,150,[1.1 0.8 0.2 0.1 0.2 0.5 1.  0.3],0.6482577919960022
0,151,[1.2 1.3 1.  0.5 0.2 0.2 0.8 1.1],0.648517370223999
0,152,[1.1 0.5 0.8 0.7 0.5 0.4 0.1 0.3],0.649814784526825
0,153,[0.1 0.5 0.8 1.2 0.1 1.  0.6 0.4],0.6516191959381104
0,154,[1.  0.2 1.3 0.9 0.  0.8 1.  0.1],0.6516635119915009
0,155,[1.  0.4 0.3 1.  0.6 0.6 1.2 1.3],0.652287483215332
0,156,[0.3 1.  0.1 0.8 0.  1.  0.3 1. ],0.6540450751781464
0,157,[0.4 0.1 0.8 0.9 0.4 0.8 0.4 1. ],0.6544588804244995
0,158,[0.1 1.3 0.7 0.  0.  0.2 0.5 0.6],0.6546537280082703
0,159,[0.3 0.5 1.3 1.  0.2 0.1 0.8 0.2],0.6550743281841278
0,160,[0.4 1.3 1.  1.3 0.  0.8 0.4 1.2],0.6569452285766602
0,161,[0.4 0.5 0.  0.9 0.6 0.5 1.3 0.8],0.6613305807113647
0,162,[1.  0.5 1.2 0.5 0.2 0.3 0.5 1.1],0.6623247265815735
0,163,[0.7 1.  0.3 0.2 0.1 0.7 0.9 1.3],0.663332998752594
0,164,[1.  0.2 0.5 0.3 0.4 0.6 0.9 0.7],0.6634096205234528
0,165,[0.5 0.9 1.2 1.3 0.2 0.  1.2 0.7],0.6637558937072754
0,166,[0.1 1.  0.9 0.9 0.4 0.4 0.  1.3],0.6653915345668793
0,167,[0.  0.4 0.6 0.2 0.4 0.4 1.  0.1],0.6663687825202942
0,168,[0.3 0.8 0.5 1.2 0.4 0.8 1.1 1. ],0.6704492270946503
0,169,[0.1 1.2 0.5 0.1 0.2 0.4 1.1 0.1],0.6743354797363281
0,170,[0.  0.3 0.7 1.  0.6 0.6 1.3 0.3],0.67481929063797
0,171,[0.2 0.8 0.4 0.8 0.7 0.  0.  0.7],0.6800144016742706
0,172,[0.7 0.2 0.9 0.5 0.5 0.4 0.7 1.3],0.6810021996498108
0,173,[0.  0.8 0.5 1.  0.2 1.  0.7 0. ],0.6810476779937744
0,174,[0.  0.9 0.  0.2 0.4 0.2 0.5 0.5],0.681463897228241
0,175,[0.8 1.  1.3 1.1 0.  0.  0.1 0.9],0.6816394627094269
0,176,[0.7 0.5 0.3 0.3 0.2 0.8 1.2 0.3],0.6830224096775055
0,177,[1.3 0.5 0.4 0.  0.3 0.4 0.9 0.2],0.686943769454956
0,178,[0.4 1.1 0.8 0.3 0.1 0.7 0.6 0.1],0.689875453710556
0,179,[1.2 1.2 0.3 1.1 0.4 0.8 0.2 0.9],0.6928250193595886
0,180,[0.3 1.2 0.8 0.2 0.  0.7 1.3 1. ],0.6942976415157318
0,181,[0.2 0.8 0.2 1.3 0.6 0.6 1.1 0.6],0.6950241923332214
0,182,[1.1 0.7 0.3 1.  0.1 1.1 0.  0.7],0.6961165964603424
0,183,[1.1 0.6 1.  1.2 0.3 0.8 0.6 0.5],0.6969161033630371
0,184,[0.3 1.1 0.2 0.3 0.2 0.7 1.  1. ],0.6980628073215485
0,185,[0.8 0.8 0.8 0.3 0.1 0.8 0.3 0.8],0.6989278197288513
0,186,[0.4 0.9 0.6 1.3 0.3 0.9 1.  0.9],0.7008660733699799
0,187,[0.7 1.  0.9 0.5 0.3 0.6 1.2 1. ],0.7009917497634888
0,188,[0.1 0.  0.2 0.8 0.1 1.1 0.2 0.2],0.701135128736496
0,189,[0.8 0.6 0.3 1.  0.9 0.  1.2 0.7],0.7011911571025848
0,190,[0.2 0.1 0.7 0.8 0.4 0.9 0.8 1. ],0.7014951705932617
0,191,[0.  0.6 0.3 0.3 0.3 0.7 0.8 0.8],0.7025091052055359
0,192,[0.2 0.5 0.8 0.4 0.4 0.6 1.3 0.5],0.7030940651893616
0,193,[0.8 0.3 0.7 0.6 0.7 0.2 0.8 1.3],0.7061980664730072
0,194,[1.2 1.  0.6 0.  0.  0.7 1.3 0.6],0.7098466455936432
0,195,[1.2 1.1 0.9 0.6 0.2 0.8 0.9 0.6],0.7106699347496033
0,196,[1.  0.2 1.  0.2 0.4 0.1 0.9 0.6],0.7109280228614807
0,197,[0.4 1.2 1.3 1.3 0.  0.4 1.3 0.8],0.7115072011947632
0,198,[1.2 0.  0.4 0.7 0.3 1.  0.1 1.1],0.711859941482544
0,199,[0.1 0.1 0.6 1.3 0.8 0.3 0.5 1. ],0.7123222053050995
0,200,[1.2 0.7 0.1 0.6 0.5 0.6 0.3 0.9],0.7144269645214081
0,201,[0.3 0.7 0.5 1.2 0.4 0.9 0.2 0. ],0.7160353064537048
0,202,[0.3 1.3 0.2 1.2 0.8 0.1 0.5 0.2],0.7165199816226959
0,203,[0.3 0.1 0.8 0.7 0.6 0.6 1.  1.3],0.717788428068161
0,204,[0.6 0.2 0.8 0.5 0.4 0.8 1.2 1. ],0.7288379967212677
0,205,[0.4 1.2 0.6 1.2 0.7 0.3 0.5 0.7],0.7292427718639374
0,206,[0.3 0.6 0.9 0.9 0.4 0.8 0.4 1.1],0.7294124960899353
0,207,[0.7 0.5 0.1 0.8 0.7 0.4 0.  0.9],0.7304117679595947
0,208,[0.  0.6 0.1 0.8 0.2 1.  0.  1.2],0.732107013463974
0,209,[0.1 0.2 0.7 0.3 0.4 0.7 1.1 0. ],0.7329157590866089
0,210,[0.7 0.6 0.3 0.4 0.1 1.  0.1 0. ],0.7337857782840729
0,211,[0.8 0.1 1.1 1.  0.4 0.8 0.6 0.2],0.7349645793437958
0,212,[0.1 0.5 0.6 1.3 0.3 1.  0.9 0. ],0.7360065579414368
0,213,[0.4 1.1 0.2 0.  0.1 0.6 1.  0.8],0.7369794249534607
0,214,[1.  0.1 0.1 0.1 0.5 0.3 0.4 0.2],0.7375149726867676
0,215,[1.1 0.1 0.8 0.1 0.4 0.2 0.  1.1],0.7376385927200317
0,216,[0.8 0.  0.7 0.1 0.3 0.7 0.8 0.9],0.7378984987735748
0,217,[0.7 0.4 0.  0.7 0.4 0.8 0.5 1.2],0.7392195463180542
0,218,[1.2 0.4 0.4 0.2 0.5 0.4 0.3 0.1],0.7394639849662781
0,219,[1.  0.7 0.9 0.5 0.2 0.9 0.7 0.9],0.741066575050354
0,220,[0.6 1.1 1.1 0.2 0.1 0.3 0.9 1.1],0.7415225207805634
0,221,[0.3 1.3 0.7 0.2 0.2 0.5 0.2 0.8],0.7430647015571594
0,222,[0.3 0.1 0.6 0.3 0.6 0.4 0.7 0.2],0.7433821856975555
0,223,[0.9 0.8 1.  1.3 0.1 1.  0.7 0.1],0.743478536605835
0,224,[0.1 0.2 0.8 0.3 0.1 1.  1.2 0.8],0.7449570298194885
0,225,[0.8 0.8 0.5 0.8 0.4 0.9 0.3 0. ],0.7450889050960541
0,226,[1.2 0.8 1.2 0.7 0.4 0.  1.1 1.1],0.7463513910770416
0,227,[0.2 0.3 0.1 0.9 0.6 0.7 0.6 0.4],0.7473423480987549
0,228,[0.7 0.1 0.4 1.3 0.9 0.3 0.7 0.2],0.7501652538776398
0,229,[0.5 0.6 0.4 0.4 0.  1.1 0.9 0. ],0.752195417881012
0,230,[0.4 1.1 0.9 0.4 0.3 0.6 1.  0.4],0.7543061673641205
0,231,[0.5 0.8 0.  1.3 0.2 1.  0.1 0.3],0.7543621063232422
0,232,[1.1 0.  0.9 1.3 0.6 0.7 1.2 0.8],0.7544114589691162
0,233,[0.  0.7 0.2 1.3 0.9 0.2 0.9 0.4],0.7552964389324188
0,234,[0.9 1.2 1.1 0.7 0.2 0.7 0.2 0.7],0.7554308474063873
0,235,[0.9 1.  1.2 1.  0.3 0.5 0.  1.3],0.7582907974720001
0,236,[0.8 1.1 0.2 0.  0.4 0.1 0.6 1. ],0.7603990435600281
0,237,[0.  1.2 0.8 0.8 0.5 0.6 1.  1.3],0.7612048387527466
0,238,[0.6 1.1 0.9 0.7 0.5 0.5 1.  1.1],0.7612096071243286
0,239,[0.1 0.4 1.1 0.2 0.2 0.6 0.8 1.3],0.7637051641941071
0,240,[0.5 0.  1.  0.8 0.5 0.8 1.2 1.3],0.7642059624195099
0,241,[0.  1.1 0.  1.1 0.2 1.  0.6 0.4],0.7665118277072906
0,242,[1.2 1.2 1.1 0.9 0.4 0.5 0.7 0.3],0.7666979730129242
0,243,[0.6 0.4 0.4 1.3 0.6 0.8 0.8 0.1],0.7679556310176849
0,244,[1.2 0.1 0.  0.8 0.9 0.  0.1 0.5],0.7696779072284698
0,245,[0.4 1.1 0.9 0.4 0.4 0.3 0.3 0.5],0.7717240750789642
0,246,[0.9 0.6 0.5 1.3 0.8 0.4 0.1 1.1],0.772963136434555
0,247,[0.1 0.7 0.2 0.4 0.5 0.6 0.4 0.2],0.7748170495033264
0,248,[0.9 0.9 0.2 0.7 0.6 0.6 0.1 1.3],0.7784278690814972
0,249,[0.  0.7 1.2 1.1 0.5 0.  0.9 0.3],0.7790299654006958
0,250,[1.1 1.1 1.  1.1 0.6 0.2 0.5 0. ],0.7797410488128662
0,251,[0.3 0.8 1.1 1.3 0.5 0.3 0.  1. ],0.782670646905899
0,252,[0.6 0.  1.3 0.5 0.3 0.6 0.  0.9],0.7865555882453918
0,253,[0.1 0.1 0.7 0.5 0.5 0.8 0.5 1.3],0.7868691682815552
0,254,[1.1 0.2 1.3 0.3 0.  0.9 1.1 1.1],0.7889832854270935
0,255,[0.3 1.3 0.1 0.  0.  0.7 0.  0.8],0.7934119403362274
0,256,[1.2 0.8 0.  0.9 0.4 0.9 0.7 0.6],0.7934377491474152
0,257,[0.9 0.9 0.2 1.3 0.2 1.1 0.6 0.2],0.7965056896209717
0,258,[0.7 0.6 0.1 0.5 0.7 0.3 0.  0.8],0.7967556118965149
0,259,[0.5 1.3 0.7 0.5 0.6 0.  0.5 0.6],0.7973799109458923
0,260,[0.6 0.7 1.  0.7 0.6 0.4 0.8 1.1],0.7995602190494537
0,261,[0.6 1.3 0.7 1.2 0.5 0.8 0.8 0.4],0.8001922369003296
0,262,[1.3 0.1 0.7 0.3 0.  1.2 0.7 1.2],0.8017045259475708
0,263,[0.6 1.2 1.3 0.9 0.3 0.2 0.8 0.3],0.8020917177200317
0,264,[0.8 0.8 1.  0.7 0.6 0.3 0.6 1.1],0.8032735884189606
0,265,[0.8 0.8 1.1 0.6 0.1 1.  0.  1.1],0.8034598529338837
0,266,[0.6 0.1 0.2 0.9 0.8 0.6 0.9 0.5],0.8078048229217529
0,267,[1.1 0.9 1.  1.2 0.  1.2 0.1 0.4],0.8091539740562439
0,268,[1.3 0.8 0.9 1.1 0.6 0.7 1.2 0.8],0.8096291720867157
0,269,[0.2 0.2 0.2 1.  0.3 1.1 0.9 1.2],0.8107833564281464
0,270,[0.1 1.2 0.2 0.  0.3 0.4 0.3 0.2],0.8115040361881256
0,271,[1.3 0.7 0.2 1.  0.9 0.4 1.3 0.3],0.8117541968822479
0,272,[0.2 0.9 1.2 1.2 0.5 0.2 0.6 0. ],0.8125253021717072
0,273,[0.4 1.2 1.2 0.5 0.2 0.6 1.2 0.3],0.8137212097644806
0,274,[0.  0.8 0.9 0.3 0.4 0.4 0.  1.3],0.8142942488193512
0,275,[1.3 0.7 1.  0.7 0.5 0.7 0.7 1.3],0.8159254193305969
0,276,[0.4 0.5 1.3 1.2 0.4 0.6 1.1 0. ],0.8171103000640869
0,277,[1.  0.6 1.3 1.3 0.3 0.7 0.5 0.6],0.8185043632984161
0,278,[0.9 0.  1.  1.1 0.  1.3 0.8 1.1],0.8207528591156006
0,279,[0.6 1.2 0.5 1.2 0.4 1.  0.8 0.7],0.8240925967693329
0,280,[0.5 0.3 0.2 0.8 0.3 1.1 0.6 1.3],0.8246324956417084
0,281,[0.8 0.8 1.2 1.2 0.4 0.7 1.  1. ],0.8249536752700806
0,282,[0.5 0.1 0.1 0.5 0.6 0.7 0.6 0. ],0.826092541217804
0,283,[1.2 0.7 0.1 1.  0.1 1.2 0.4 0.7],0.8267198503017426
0,284,[0.2 0.6 0.2 0.2 0.2 0.9 0.4 0.8],0.8271259069442749
0,285,[0.1 0.1 0.  0.9 0.6 0.8 1.2 0.5],0.828387588262558
0,286,[0.3 0.4 0.4 0.3 0.1 1.1 1.2 1.3],0.8294923007488251
0,287,[0.9 0.4 0.4 1.3 0.6 0.9 0.3 1.1],0.8313396275043488
0,288,[1.2 0.  0.1 1.3 0.3 1.1 0.  0.7],0.8329343497753143
0,289,[0.3 0.6 1.1 0.2 0.5 0.8 0.6 1.3],0.8337767720222473
0,290,[0.4 0.9 1.2 0.2 0.2 0.1 0.6 1.2],0.8341341912746429
0,291,[0.  1.3 1.2 1.3 0.4 0.3 0.3 0.6],0.8371777832508087
0,292,[0.6 0.4 0.3 1.2 0.7 0.8 0.6 0.4],0.8374263346195221
0,293,[0.3 0.2 0.3 0.2 0.4 0.8 0.5 0.2],0.8396112024784088
0,294,[0.9 0.6 0.7 0.  0.4 0.4 0.5 1.3],0.8413131535053253
0,295,[0.5 1.  0.2 0.3 0.7 0.2 0.8 0.4],0.8439609408378601
0,296,[0.4 0.9 0.1 1.  0.7 0.7 1.1 0.7],0.8444435596466064
0,297,[0.  0.2 0.2 0.2 0.7 0.3 0.8 1.2],0.8447714745998383
0,298,[1.1 1.3 0.4 0.9 0.4 1.  0.9 1.1],0.8450975120067596
0,299,[0.6 0.4 1.1 0.5 0.6 0.2 0.6 1. ],0.8451303243637085
0,300,[0.8 0.  0.9 0.3 0.6 0.6 1.2 0.8],0.8472080826759338
0,301,[0.  0.7 0.9 0.6 0.7 0.  0.4 0.4],0.8491884469985962
0,302,[1.3 1.1 1.2 0.6 0.3 0.7 1.3 0.4],0.8502229154109955
0,303,[1.1 0.9 0.  0.4 0.  1.1 0.6 0.8],0.8515395224094391
0,304,[1.1 1.  0.6 0.5 0.5 0.8 0.9 0.2],0.8547464907169342
0,305,[1.2 0.  0.5 0.  0.7 0.  0.8 1. ],0.855571061372757
0,306,[0.  0.7 0.6 1.1 0.4 1.1 0.  1.3],0.8560207486152649
0,307,[0.1 0.9 0.  0.4 0.6 0.5 0.4 0.6],0.8599280714988708
0,308,[0.2 0.9 1.  1.  0.7 0.2 0.2 0.6],0.8613682389259338
0,309,[0.8 1.1 0.2 0.6 0.2 1.1 0.1 0.6],0.8622522354125977
0,310,[0.3 0.7 0.3 1.1 0.  1.3 1.1 1.1],0.8634648323059082
0,311,[1.3 1.3 0.5 0.8 0.3 1.1 0.5 0.3],0.8639768362045288
0,312,[0.2 1.1 0.8 0.9 0.7 0.5 0.3 0.9],0.864021897315979
0,313,[0.8 0.4 0.7 1.  1.  0.2 1.3 0. ],0.8644231855869293
0,314,[0.7 1.1 0.9 0.9 0.8 0.  1.1 0.1],0.865352988243103
0,315,[0.3 0.3 1.2 0.5 0.3 0.9 0.5 1.2],0.8674942851066589
0,316,[1.  1.  0.1 0.2 0.6 0.4 1.1 0.5],0.8700809180736542
0,317,[0.2 0.1 1.  0.7 0.1 1.3 0.4 0.6],0.8706662058830261
0,318,[0.9 0.2 1.  0.2 0.5 0.5 0.4 0.4],0.8718020617961884
0,319,[0.5 1.3 0.5 0.  0.4 0.3 0.6 0.6],0.8744147419929504
0,320,[0.3 1.1 0.9 1.1 0.7 0.5 0.3 0.8],0.8773140609264374
0,321,[0.7 0.3 1.2 1.3 0.5 0.8 0.7 0. ],0.8782891631126404
0,322,[0.8 1.3 0.3 0.7 0.8 0.4 0.6 0.9],0.8801148533821106
0,323,[0.2 1.3 0.6 1.  0.7 0.7 1.1 0. ],0.8806798756122589
0,324,[0.1 1.3 0.8 1.  0.4 1.  0.3 0.8],0.8833711743354797
0,325,[0.4 0.9 0.2 1.1 0.7 0.8 1.  1. ],0.8851708769798279
0,326,[1.2 1.3 0.6 0.5 0.8 0.1 1.3 1.3],0.8861398994922638
0,327,[1.  1.3 0.8 1.1 0.2 1.2 0.4 1.2],0.88860222697258
0,328,[0.3 0.7 1.2 1.1 0.3 1.  0.  0.3],0.8895036578178406
0,329,[0.5 1.2 0.9 0.4 0.6 0.2 0.9 0.8],0.8925711512565613
0,330,[1.1 1.3 0.7 0.7 0.8 0.2 0.6 0. ],0.893387496471405
0,331,[0.4 1.3 1.2 0.8 0.4 0.6 0.5 1.3],0.8947953879833221
0,332,[0.9 0.9 0.4 0.6 0.2 1.2 0.6 0.2],0.8967988789081573
0,333,[0.8 0.4 0.2 0.1 0.6 0.4 0.1 0.4],0.8975163102149963
0,334,[0.7 0.4 1.1 1.  0.1 1.3 0.2 1.3],0.8977995216846466
0,335,[0.3 0.2 1.1 0.8 0.8 0.4 1.3 0.8],0.8989880681037903
0,336,[0.9 1.  0.3 0.1 0.7 0.1 1.2 0.4],0.8990643322467804
0,337,[0.  0.4 0.  1.  0.6 0.9 1.1 0.1],0.9053987264633179
0,338,[0.  0.1 0.6 0.1 0.5 0.7 0.3 0.4],0.906955361366272
0,339,[1.3 0.  1.1 0.5 0.4 1.  0.  0.4],0.908452957868576
0,340,[0.4 1.  0.7 0.2 0.6 0.  0.3 1.3],0.9122346937656403
0,341,[0.6 0.8 0.6 0.3 0.4 0.9 0.5 1.2],0.9122985601425171
0,342,[0.4 1.  0.8 0.6 0.8 0.1 0.7 1. ],0.9144861698150635
0,343,[1.1 0.1 1.  0.8 0.9 0.4 1.3 0.2],0.9156911969184875
0,344,[1.1 1.3 1.  0.2 0.3 0.6 0.7 1.3],0.9167792201042175
0,345,[0.3 0.4 1.1 0.7 0.8 0.1 1.1 0.9],0.9169977307319641
0,346,[1.  1.3 1.3 0.6 0.  1.  1.  0.4],0.9180605709552765
0,347,[1.2 0.8 0.1 1.2 1.  0.3 0.  0. ],0.9190467596054077
0,348,[1.3 0.2 0.7 0.3 0.6 0.8 1.2 0.1],0.9196164309978485
0,349,[0.6 0.9 1.1 0.9 0.6 0.6 0.  0.6],0.9202315211296082
0,350,[1.  0.4 0.1 0.6 0.7 0.7 0.  1.3],0.920795202255249
0,351,[0.9 0.3 1.2 1.1 0.6 0.8 1.2 0.2],0.9215897917747498
0,352,[0.8 1.1 1.  1.3 0.5 0.9 0.8 0.3],0.9235393702983856
0,353,[0.1 0.  0.2 1.2 1.1 0.3 0.6 0.9],0.9285686016082764
0,354,[1.  0.3 0.7 0.7 0.5 1.1 0.6 1.1],0.9289952218532562
0,355,[0.8 1.2 0.8 0.5 0.5 0.8 0.7 1.2],0.9296879768371582
0,356,[1.1 0.8 1.1 0.2 0.  1.1 1.1 1.1],0.9326266050338745
0,357,[1.2 1.  0.4 0.7 0.1 1.3 1.2 0.3],0.9343469738960266
0,358,[1.2 0.4 0.8 0.5 0.4 1.1 0.1 0.3],0.9370944797992706
0,359,[1.2 1.2 0.9 0.4 0.6 0.2 0.  0. ],0.9386589527130127
0,360,[1.3 0.  1.  0.3 0.4 1.  0.4 0.7],0.9394716024398804
0,361,[0.5 0.9 0.5 0.  0.1 1.  1.3 1. ],0.94012051820755
0,362,[0.8 1.3 0.8 1.  0.5 1.  0.7 0.9],0.9412025511264801
0,363,[0.9 1.1 1.3 0.9 0.3 0.9 0.6 0.3],0.9430503249168396
0,364,[0.9 0.5 1.1 0.1 0.5 0.4 1.3 0.2],0.9445535838603973
0,365,[0.9 0.3 0.4 0.7 0.9 0.6 0.5 0.2],0.9449311792850494
0,366,[0.1 0.5 0.4 1.  0.3 1.3 0.3 0.1],0.9485744535923004
0,367,[0.2 0.2 0.2 0.2 0.5 0.8 0.  0. ],0.9489654004573822
0,368,[0.6 1.3 0.  0.4 0.1 1.1 0.9 0.3],0.9490538537502289
0,369,[1.3 0.  1.3 0.  0.4 0.  0.9 1.3],0.9518643915653229
0,370,[1.  0.3 1.3 0.  0.2 0.6 0.3 1. ],0.9520348012447357
0,371,[0.3 0.1 1.  1.3 0.8 0.7 0.2 0.4],0.95345139503479
0,372,[0.  1.1 1.2 0.3 0.3 0.6 0.4 0.1],0.9544208645820618
0,373,[0.8 1.1 1.1 0.6 0.2 1.1 1.1 1.2],0.9556056261062622
0,374,[1.1 0.1 1.3 0.7 0.7 0.3 0.4 0.8],0.9569150805473328
0,375,[1.  0.8 1.  0.6 0.1 1.3 0.4 0.6],0.9570340216159821
0,376,[0.6 0.1 0.6 1.2 1.1 0.4 1.2 1.2],0.9582371711730957
0,377,[1.  0.  0.9 0.  0.5 0.7 1.2 0.2],0.9584631621837616
0,378,[0.8 1.2 0.8 0.8 0.9 0.2 1.1 1.2],0.9597176909446716
0,379,[0.  0.3 1.  0.2 0.2 1.1 1.2 1.3],0.961954802274704
0,380,[1.  1.3 0.8 0.9 0.3 1.2 0.9 1.2],0.9633263945579529
0,381,[0.8 0.4 1.1 1.3 0.8 0.5 0.1 0.1],0.9643605947494507
0,382,[0.1 0.1 0.  1.2 1.1 0.3 0.5 0.6],0.9658105373382568
0,383,[0.1 1.1 0.8 0.9 0.7 0.8 0.9 0.6],0.9660149812698364
0,384,[0.2 0.2 0.4 1.  0.8 0.9 0.9 1. ],0.9661056995391846
0,385,[0.1 0.9 1.1 1.  0.8 0.4 1.3 0.9],0.9709199965000153
0,386,[0.  0.6 1.3 0.  0.  0.9 1.1 0.3],0.9753934442996979
0,387,[0.7 1.2 1.3 0.  0.  0.1 0.  1. ],0.9763033092021942
0,388,[0.1 0.9 1.2 0.9 0.6 0.7 1.1 1.3],0.9763503968715668
0,389,[0.4 0.9 0.4 1.2 1.1 0.2 0.5 0. ],0.9765883684158325
0,390,[1.3 0.7 1.1 0.2 0.  1.2 0.  1.1],0.9770657122135162
0,391,[0.6 1.3 0.1 0.8 0.4 1.1 0.4 0.3],0.9792386591434479
0,392,[0.4 1.3 0.8 0.1 0.  1.1 1.1 0. ],0.9793096482753754
0,393,[0.  1.  0.4 0.2 0.3 1.  0.9 1.2],0.9812504053115845
0,394,[0.7 0.7 0.4 0.9 0.3 1.3 1.  1.2],0.9830629527568817
0,395,[0.3 1.1 0.5 1.3 0.3 1.3 0.1 0.6],0.9863489270210266
0,396,[0.4 0.3 1.1 0.5 0.8 0.4 1.3 0.6],0.9869757890701294
0,397,[0.6 0.4 0.8 1.3 0.7 1.  0.6 0. ],0.9898819923400879
0,398,[0.7 0.5 0.1 0.7 1.1 0.1 0.7 0.8],0.9899071753025055
0,399,[0.4 0.4 0.3 0.2 0.4 1.  1.2 0.1],0.9909514784812927
0,400,[0.5 0.1 0.7 0.  0.7 0.4 0.9 0.2],0.9919876158237457
0,401,[1.2 1.  1.2 1.2 0.5 0.9 0.3 0.8],0.9920085072517395
0,402,[0.  0.6 0.4 1.1 0.5 1.2 0.5 0.8],0.993248701095581
0,403,[0.4 1.1 0.9 0.7 0.9 0.  1.2 0.5],0.9941362142562866
0,404,[1.2 0.1 1.3 0.4 0.5 0.8 0.8 1.2],0.9948730766773224
0,405,[0.  0.9 0.5 0.3 0.4 1.  0.2 0.3],0.9950781762599945
0,406,[1.  0.7 0.5 0.  0.  1.2 0.  0.2],0.9964524209499359
0,407,[1.2 0.3 0.5 1.2 0.4 1.3 0.9 0.7],0.9976067543029785
0,408,[0.  0.6 1.3 0.2 0.1 1.  0.5 1. ],0.9976770877838135
0,409,[1.3 1.3 0.5 0.9 0.9 0.6 0.7 0.2],1.0001051723957062
0,410,[1.3 1.1 0.3 0.7 1.1 0.  1.2 1. ],1.0011732876300812
0,411,[0.5 1.2 0.1 0.3 0.3 1.  0.  0.7],1.0045510828495026
0,412,[0.4 0.1 0.9 0.7 1.  0.4 1.1 0.4],1.0048457384109497
0,413,[0.6 0.1 0.  0.9 1.2 0.1 1.  1.1],1.0050704181194305
0,414,[1.  1.2 1.  0.9 0.6 0.9 1.  1. ],1.0100890398025513
0,415,[0.6 0.9 0.7 1.2 0.7 1.  1.  1.2],1.0164640545845032
0,416,[1.1 0.3 1.1 0.  0.3 0.9 1.1 0.1],1.0176596641540527
0,417,[1.2 0.7 0.  0.7 1.1 0.1 0.7 1.2],1.01787269115448
0,418,[0.5 0.2 0.3 0.6 1.1 0.2 0.6 0.7],1.0192288756370544
0,419,[0.2 0.7 0.7 0.4 0.8 0.6 1.2 1. ],1.0201094150543213
0,420,[0.6 1.  1.3 0.8 0.7 0.2 1.3 0. ],1.023904025554657
0,421,[1.1 1.3 0.  0.4 0.8 0.4 0.4 0.1],1.0242557227611542
0,422,[1.2 1.2 0.8 0.1 0.4 0.8 1.3 0.7],1.025418758392334
0,423,[0.2 0.  0.3 0.7 1.2 0.2 1.3 0. ],1.0259709060192108
0,424,[0.9 0.6 0.4 0.5 0.4 1.2 0.3 0.5],1.0274694561958313
0,425,[0.7 0.9 0.6 0.6 0.7 0.9 1.1 1.1],1.0291963815689087
0,426,[1.3 0.3 0.4 0.6 0.6 1.1 1.2 0.7],1.0331588685512543
0,427,[1.2 0.3 0.9 0.3 0.9 0.2 1.1 0.5],1.0337802171707153
0,428,[1.  1.1 0.3 1.  0.6 1.1 0.9 0. ],1.0345954298973083
0,429,[1.3 0.5 0.1 1.3 0.9 0.8 0.5 0.1],1.035094976425171
0,430,[0.6 0.6 0.  0.  0.6 0.5 0.  0. ],1.0365318059921265
0,431,[0.8 0.9 0.8 1.  0.9 0.6 0.  1.1],1.0376132726669312
0,432,[0.7 1.3 0.1 1.1 0.4 1.2 0.9 0.1],1.0380004942417145
0,433,[1.1 0.5 0.6 0.6 0.6 1.1 0.6 0.8],1.0422568917274475
0,434,[0.1 0.8 0.8 0.4 0.8 0.5 0.7 0.8],1.0428466200828552
0,435,[0.8 0.4 1.  0.2 0.8 0.  1.1 0.6],1.0438827276229858
0,436,[0.6 0.1 0.8 0.9 0.5 1.3 0.  0.4],1.0442299842834473
0,437,[0.3 0.9 1.1 0.2 0.6 0.1 0.7 0.5],1.0458405911922455
0,438,[0.9 0.3 0.  1.3 1.2 0.2 0.3 0.5],1.0458939373493195
0,439,[1.  0.  0.7 0.7 0.9 0.8 0.3 0.8],1.0462034940719604
0,440,[0.  0.2 0.8 0.9 0.6 1.2 0.3 0. ],1.048348844051361
0,441,[1.2 0.2 0.1 0.  0.6 0.7 0.7 1. ],1.0483649969100952
0,442,[1.1 0.6 0.4 0.7 1.  0.5 0.2 1.2],1.0488687455654144
0,443,[0.6 0.3 0.4 0.9 0.7 1.1 0.8 0.2],1.0489992201328278
0,444,[0.  0.3 0.7 1.  0.7 1.1 0.  1.2],1.049145758152008
0,445,[0.4 0.9 1.3 0.2 0.1 1.  0.1 0.8],1.0492129921913147
0,446,[0.  0.7 1.2 0.8 0.7 0.7 0.5 0.1],1.049554169178009
0,447,[1.2 1.1 0.7 0.7 0.3 1.3 1.3 0.1],1.0497300028800964
0,448,[0.5 1.2 0.6 1.2 1.1 0.2 0.6 0.9],1.0501295328140259
0,449,[0.6 1.2 0.  1.2 1.1 0.4 1.2 1.1],1.053283929824829
0,450,[0.1 0.5 0.2 0.6 0.9 0.7 1.  0.9],1.0574721693992615
0,451,[0.6 0.2 0.7 0.3 0.6 1.  0.8 0.7],1.05923193693161
0,452,[0.4 1.  0.9 1.2 0.6 1.1 0.6 0.5],1.060577392578125
0,453,[0.4 1.3 0.6 1.2 1.1 0.  0.3 0.1],1.06088125705719
0,454,[1.2 0.4 1.2 0.3 0.7 0.5 1.2 0.5],1.0648252367973328
0,455,[0.2 0.4 0.  0.2 0.5 0.9 0.8 1.1],1.068783462047577
0,456,[0.8 0.  0.4 0.9 1.2 0.4 0.8 0.4],1.0691099166870117
0,457,[1.  1.1 0.2 0.  0.8 0.2 1.3 1.3],1.0756306052207947
0,458,[0.8 0.2 0.2 0.  0.9 0.2 0.9 0.9],1.0766863822937012
0,459,[0.8 0.1 0.3 0.8 1.1 0.6 1.2 0.9],1.0778338015079498
0,460,[0.8 1.3 0.  0.9 0.9 0.7 1.2 0.8],1.0795747935771942
0,461,[0.  0.4 1.3 1.3 0.8 0.6 0.9 0.8],1.0797288417816162
0,462,[0.3 1.  0.2 0.4 0.8 0.6 0.1 0.5],1.0807493925094604
0,463,[0.9 0.7 0.4 0.8 1.1 0.4 0.4 0.8],1.081609845161438
0,464,[0.2 0.5 0.2 0.8 1.2 0.2 0.8 0.7],1.0818451046943665
0,465,[0.8 0.8 0.7 0.2 0.6 0.8 0.2 1.1],1.0867854952812195
0,466,[0.7 0.7 1.2 0.7 0.7 0.7 0.  0. ],1.0877717733383179
0,467,[0.1 0.7 1.2 0.8 0.7 0.8 0.5 0.9],1.0907734632492065
0,468,[1.2 1.2 0.  0.4 0.9 0.4 0.7 0.7],1.0936423540115356
0,469,[1.  1.3 1.2 1.3 0.2 1.3 0.  0.7],1.0943468809127808
0,470,[1.1 0.2 1.1 0.1 0.6 0.6 0.  0.2],1.0954869985580444
0,471,[0.3 0.3 0.1 1.2 0.9 0.9 0.9 0.5],1.0959007143974304
0,472,[0.2 0.5 0.1 0.6 1.2 0.1 1.3 1.1],1.0985031127929688
0,473,[1.2 0.2 0.4 0.3 1.  0.2 0.  1.1],1.0995063185691833
0,474,[0.3 0.  1.  0.3 0.9 0.2 0.3 0.4],1.1011415719985962
0,475,[0.4 0.8 1.2 0.2 0.1 1.2 1.2 0.9],1.1012981534004211
0,476,[1.2 0.7 0.2 0.7 0.4 1.3 0.6 0.7],1.1037356853485107
0,477,[0.  0.  0.4 0.1 0.9 0.5 1.3 0.6],1.105019748210907
0,478,[0.  0.5 0.2 1.1 0.6 1.2 1.2 1.2],1.1052257418632507
0,479,[0.4 0.3 0.5 0.  0.8 0.3 0.1 0.9],1.1080666184425354
0,480,[1.1 0.8 0.  0.1 0.7 0.6 0.6 0.2],1.1125216484069824
0,481,[1.2 0.1 0.8 0.9 0.6 1.3 0.7 0.8],1.1128815412521362
0,482,[1.1 1.1 0.5 1.  0.8 1.  0.2 0.8],1.1143344640731812
0,483,[0.2 0.8 0.  1.  0.9 0.8 0.  0.9],1.1189182996749878
0,484,[0.5 0.5 0.9 0.2 0.9 0.2 1.2 0.8],1.1191505193710327
0,485,[0.5 0.3 0.6 0.1 0.8 0.6 0.7 0.2],1.119543969631195
0,486,[0.8 0.9 0.5 0.4 0.8 0.8 1.2 0.4],1.1195697784423828
0,487,[1.3 0.7 0.4 1.2 1.1 0.7 1.1 0.7],1.1232016682624817
0,488,[0.6 0.5 1.  1.2 1.  0.6 0.2 0.8],1.1240520477294922
0,489,[0.  1.  0.9 1.1 1.  0.5 0.3 1. ],1.125831127166748
0,490,[1.1 0.1 0.6 0.5 0.8 1.  0.7 0. ],1.1261468529701233
0,491,[1.  0.8 0.1 1.1 1.2 0.4 0.6 0.2],1.1291178464889526
0,492,[0.  1.  1.1 0.6 0.8 0.3 0.  0.7],1.1296777725219727
0,493,[0.6 0.6 1.2 1.  0.8 0.8 0.2 0. ],1.130944848060608
0,494,[0.8 1.2 0.5 1.  1.2 0.3 1.2 1.3],1.1409022808074951
0,495,[1.  0.7 1.2 0.3 0.6 0.8 1.  0.8],1.1474526524543762
0,496,[0.1 0.5 0.3 0.8 1.2 0.3 0.2 0.3],1.1487646698951721
0,497,[1.1 1.1 1.2 1.1 0.8 0.7 0.3 0.6],1.1499773859977722
0,498,[0.3 1.3 0.8 1.1 0.5 1.3 0.4 0.8],1.1509385704994202
0,499,[1.1 0.5 0.8 1.3 1.1 0.6 0.1 1. ],1.15241539478302
0,500,[1.  1.2 1.1 1.3 1.  0.  0.9 1. ],1.1539073586463928
0,501,[0.4 0.7 0.4 1.1 0.7 1.2 1.3 1.3],1.1550570726394653
0,502,[1.  0.4 0.5 0.8 1.1 0.6 0.  0.6],1.1573681235313416
0,503,[0.  1.2 0.8 0.7 1.1 0.  1.3 1.1],1.1580196619033813
0,504,[0.4 0.5 0.3 1.  0.7 1.2 1.2 0.3],1.1582568287849426
0,505,[0.3 0.4 0.5 0.9 1.3 0.2 0.9 0.1],1.1589902639389038
0,506,[0.4 1.  1.3 0.9 0.3 1.3 0.2 0.1],1.1590502262115479
0,507,[0.2 0.8 0.7 0.1 0.3 1.2 0.8 1. ],1.1601778268814087
0,508,[0.9 0.4 1.  0.3 0.7 0.9 0.8 1.2],1.1639495491981506
0,509,[0.4 1.3 1.1 0.3 0.7 0.2 0.6 0.9],1.1651935577392578
0,510,[1.2 0.8 0.2 0.  0.3 1.1 0.7 1.2],1.16596919298172
0,511,[0.3 1.1 0.1 0.5 1.  0.5 0.9 0.9],1.1664751768112183
0,512,[0.4 0.1 0.7 1.  1.3 0.2 0.7 0.8],1.1667049527168274
0,513,[1.1 1.  0.  0.3 1.1 0.  1.1 0. ],1.1683782935142517
0,514,[0.8 1.3 0.9 0.9 1.1 0.1 1.1 0.3],1.1683843731880188
0,515,[1.1 1.  0.6 0.1 0.7 0.7 0.7 1. ],1.170664131641388
0,516,[0.8 0.  1.  0.7 0.6 1.3 0.  1. ],1.1751980781555176
0,517,[0.  0.1 0.2 0.2 1.  0.3 0.  0.2],1.175237238407135
0,518,[0.  0.7 1.2 0.3 0.2 1.3 0.1 0.1],1.1753549575805664
0,519,[0.3 0.7 0.8 1.2 1.1 0.6 0.2 0.9],1.1762653589248657
0,520,[0.  1.2 0.1 0.9 0.7 1.1 0.4 0.9],1.1834402084350586
0,521,[0.4 1.2 1.3 0.6 0.7 0.6 1.  0. ],1.186850666999817
0,522,[1.3 0.1 1.  1.3 1.  0.9 0.9 0.7],1.1879075169563293
0,523,[0.7 0.9 0.9 0.  0.6 0.7 0.9 0.6],1.1896101236343384
0,524,[1.3 0.  0.7 1.3 1.2 0.6 0.  1.2],1.1900055408477783
0,525,[0.2 0.1 0.4 1.2 0.7 1.3 0.  0.3],1.1919069290161133
0,526,[1.3 0.  0.4 1.1 0.7 1.3 1.1 1.2],1.1933201551437378
0,527,[0.3 0.1 0.5 0.  1.  0.  0.4 0.1],1.1941524147987366
0,528,[0.3 0.8 0.6 0.6 1.2 0.  0.7 0.3],1.2011311650276184
0,529,[0.2 0.  0.  0.1 0.8 0.7 0.4 0.7],1.2027920484542847
0,530,[1.3 0.6 0.4 0.3 0.9 0.7 0.3 1.3],1.203618347644806
0,531,[0.2 1.3 0.4 1.  1.2 0.4 0.7 1.3],1.2036862969398499
0,532,[1.  0.5 0.4 1.3 1.3 0.5 1.  0.2],1.2075082659721375
0,533,[0.6 0.8 0.3 1.  1.3 0.4 1.3 0.2],1.2088682055473328
0,534,[0.1 1.  1.2 0.2 0.6 0.7 1.3 0.1],1.2093729376792908
0,535,[1.2 1.3 0.6 0.7 1.  0.6 0.  1. ],1.2099950313568115
0,536,[1.1 0.4 0.4 1.2 1.  1.  0.6 1. ],1.2104170322418213
0,537,[0.8 0.7 1.1 0.6 1.  0.2 0.5 0.6],1.210801899433136
0,538,[1.2 0.4 0.3 0.4 0.6 1.2 1.  0.3],1.2115735411643982
0,539,[0.6 1.  1.  0.9 1.  0.5 0.  1.1],1.2123923301696777
0,540,[1.3 0.5 0.9 0.5 1.1 0.1 0.5 1.2],1.2144243121147156
0,541,[1.3 1.2 0.  0.4 1.1 0.  0.2 0.3],1.2163464426994324
0,542,[0.7 0.5 1.2 1.2 1.  0.7 1.1 0.7],1.216555893421173
0,543,[0.2 1.3 0.9 0.1 0.4 1.  0.2 0.2],1.2172791957855225
0,544,[1.3 0.9 1.1 0.3 0.8 0.6 1.1 0.9],1.2200586199760437
0,545,[0.3 0.3 0.3 0.5 1.2 0.4 0.9 0.4],1.22079199552536
0,546,[0.4 1.2 1.  0.7 1.  0.5 1.3 1.2],1.2266980409622192
0,547,[1.3 0.4 0.7 0.8 1.2 0.6 1.  0.3],1.2269651293754578
0,548,[1.2 0.7 0.8 1.3 1.2 0.5 0.2 0.3],1.2287724018096924
0,549,[1.2 0.7 0.6 1.  1.1 0.8 0.4 1.1],1.231343686580658
0,550,[1.3 0.9 1.3 0.3 0.4 1.1 0.8 0.4],1.231797993183136
0,551,[0.4 1.1 0.5 1.3 1.3 0.2 0.3 0.6],1.2324548959732056
0,552,[1.  1.3 0.6 0.5 0.9 0.7 0.  0.8],1.2331570386886597
0,553,[0.9 0.7 0.3 1.3 0.7 1.3 0.4 0.6],1.2420649528503418
0,554,[0.2 1.2 1.3 0.  0.1 1.1 1.2 0.2],1.2431173920631409
0,555,[0.8 0.6 1.3 0.5 0.9 0.3 0.7 0.3],1.2448599934577942
0,556,[0.8 1.  0.9 0.5 0.6 1.2 0.6 0.3],1.2496382594108582
0,557,[0.6 0.5 0.7 1.3 1.2 0.7 0.5 1.2],1.255891740322113
0,558,[0.5 0.3 1.2 1.1 1.2 0.  1.2 1.1],1.261171281337738
0,559,[0.7 1.3 0.1 1.2 1.3 0.3 0.2 0.3],1.262776792049408
0,560,[0.6 0.9 0.6 0.7 1.2 0.5 1.2 1.1],1.2631941437721252
0,561,[1.1 0.  0.1 0.2 0.7 1.  0.1 1.2],1.2641537189483643
0,562,[1.1 1.2 0.  0.2 0.2 1.3 0.5 0.2],1.2663973569869995
0,563,[0.9 0.7 1.1 0.8 0.7 1.2 0.1 0.9],1.268163025379181
0,564,[0.7 0.3 1.2 0.9 1.1 0.5 0.5 0.7],1.2706381678581238
0,565,[0.3 0.8 0.1 0.5 0.6 1.2 1.3 1.1],1.2728041410446167
0,566,[0.4 0.2 0.8 0.4 1.  0.8 0.7 0.3],1.2746846079826355
0,567,[0.1 1.  0.5 1.2 1.  1.  0.2 1. ],1.2757160067558289
0,568,[0.7 1.  0.5 1.3 1.1 0.9 0.8 0.1],1.2804268598556519
0,569,[0.1 1.1 0.5 0.6 0.6 1.3 0.9 0.4],1.2835847735404968
0,570,[0.9 0.  0.9 1.2 1.  1.1 0.1 0. ],1.2872143983840942
0,571,[0.3 1.  0.  0.4 0.8 0.9 0.5 0.8],1.2887411713600159
0,572,[0.6 1.3 1.3 1.2 0.9 0.  0.  0.3],1.289697527885437
0,573,[0.5 1.  0.1 0.3 0.5 1.2 0.5 1. ],1.293505311012268
0,574,[1.1 0.4 0.5 0.9 0.8 1.3 0.9 0.8],1.2966866493225098
0,575,[0.2 0.3 1.  0.7 1.1 0.7 0.5 0.5],1.297250747680664
0,576,[0.5 0.6 1.  1.2 1.3 0.  0.9 0.5],1.297611951828003
0,577,[1.2 1.3 0.1 0.8 0.7 1.2 1.3 0.3],1.297634482383728
0,578,[1.  0.5 1.2 0.5 0.9 0.8 0.9 1.3],1.2996182441711426
0,579,[0.  0.5 0.9 0.1 0.4 1.3 0.2 0.1],1.3012522459030151
0,580,[1.  0.6 1.3 1.1 1.  0.6 0.  1.1],1.3033104538917542
0,581,[1.2 0.3 0.7 0.1 1.1 0.2 0.8 0.3],1.3040183186531067
0,582,[0.8 1.2 1.1 0.8 1.  0.5 0.1 0.6],1.304361879825592
0,583,[0.1 0.7 1.1 0.4 0.9 0.7 0.7 1. ],1.3044172525405884
0,584,[0.4 1.2 1.1 0.  0.7 0.3 1.  1.3],1.305622637271881
0,585,[0.9 0.5 0.3 0.2 1.1 0.5 1.2 0.2],1.3085712790489197
0,586,[0.5 0.9 0.9 0.  0.9 0.  0.9 0.6],1.3089655637741089
0,587,[0.3 0.7 0.1 1.2 0.7 1.3 1.2 0.8],1.3107910752296448
0,588,[0.3 0.8 1.1 0.6 0.9 0.8 0.  0.4],1.3115967512130737
0,589,[0.3 1.  0.3 0.2 0.4 1.3 1.  0.1],1.3127768635749817
0,590,[1.3 0.  0.6 0.1 0.9 0.8 0.  0.1],1.3130921721458435
0,591,[0.4 0.6 0.5 0.2 0.6 1.2 0.4 1.2],1.3158388137817383
0,592,[0.4 1.3 0.6 0.7 0.9 1.  0.3 1.1],1.3158421516418457
0,593,[0.6 0.8 1.1 1.1 1.2 0.2 0.5 0.8],1.3180962800979614
0,594,[1.1 0.2 0.4 1.3 1.2 0.9 0.5 0.4],1.3199098110198975
0,595,[1.2 0.8 0.  0.6 1.1 0.7 0.9 0.8],1.3199200630187988
0,596,[0.9 0.7 0.  0.  0.2 1.3 0.1 0.8],1.325355887413025
0,597,[0.6 1.2 0.7 0.8 1.2 0.6 1.3 1. ],1.3338640332221985
0,598,[0.5 1.2 0.5 0.5 0.8 1.1 0.7 0.6],1.3361173868179321
0,599,[0.9 0.3 0.7 0.8 1.3 0.5 0.2 0.2],1.3361260294914246
0,600,[0.1 0.8 1.  0.5 1.1 0.4 0.7 0.7],1.3412906527519226
0,601,[0.1 0.9 0.9 0.  0.3 1.3 0.  0.4],1.3438414335250854
0,602,[0.2 0.7 1.  0.8 1.1 0.8 1.2 1.3],1.3471320867538452
0,603,[0.  0.6 1.3 1.1 0.9 1.  0.5 0.2],1.348944902420044
0,604,[0.8 0.6 0.7 0.1 1.  0.4 0.2 1. ],1.3499152064323425
0,605,[1.  1.1 0.3 0.9 1.1 0.9 0.5 1. ],1.3517390489578247
0,606,[0.6 0.  1.2 0.4 0.8 1.1 0.2 0.5],1.3596168160438538
0,607,[0.6 1.3 0.8 0.7 1.1 0.6 0.1 0.4],1.360516369342804
0,608,[1.1 1.3 0.6 1.1 1.1 0.9 0.  0.7],1.3612208366394043
0,609,[1.1 1.1 1.1 0.5 1.  0.  0.  0.3],1.362851858139038
0,610,[0.7 0.  0.7 0.  1.1 0.  0.1 0.3],1.3668028116226196
0,611,[1.1 1.2 0.4 1.  0.9 1.2 0.2 0.6],1.367089331150055
0,612,[0.9 1.3 1.  0.6 1.1 0.2 0.3 0.1],1.373837649822235
0,613,[0.3 1.2 1.3 0.2 0.6 0.8 0.3 0.5],1.3762834072113037
0,614,[0.3 0.2 0.  1.1 1.  1.1 1.  0.2],1.3779507279396057
0,615,[1.3 0.7 0.  0.8 1.1 0.9 1.2 0.7],1.3802845478057861
0,616,[1.3 0.2 1.2 0.8 0.8 1.3 1.1 0.3],1.3811203241348267
0,617,[0.4 0.4 1.3 0.  0.7 0.7 0.5 0. ],1.3820539712905884
0,618,[1.  1.1 0.4 0.6 1.3 0.1 0.1 1.2],1.3841766119003296
0,619,[0.2 1.1 0.4 0.4 1.2 0.2 0.1 0.8],1.3875930309295654
0,620,[0.1 0.  0.1 1.  1.2 0.9 0.4 0.2],1.3886085748672485
0,621,[0.2 0.7 0.7 0.4 0.7 1.3 1.  1.1],1.3947874307632446
0,622,[0.3 0.  0.9 0.9 1.1 1.1 0.8 1.3],1.4015843868255615
0,623,[1.3 0.5 0.9 0.6 0.9 1.2 1.  1.2],1.4020949602127075
0,624,[0.1 0.8 0.1 0.7 1.1 0.9 1.  0.2],1.4034495949745178
0,625,[0.6 1.3 0.8 0.6 0.7 1.3 1.1 0.6],1.4044758081436157
0,626,[0.8 0.9 0.5 0.1 0.7 1.1 0.9 0.9],1.4057016372680664
0,627,[0.  1.1 0.6 0.5 1.2 0.4 0.2 0.4],1.407707154750824
0,628,[0.3 0.5 0.9 0.2 0.7 1.2 0.5 0.5],1.4105168581008911
0,629,[1.1 0.4 0.4 0.3 1.1 0.7 0.  1. ],1.4129390716552734
0,630,[0.8 1.  0.6 0.6 1.2 0.7 0.9 1. ],1.4163004755973816
0,631,[0.7 0.  0.7 0.6 1.2 0.9 0.9 1.3],1.4187244176864624
0,632,[0.6 0.4 0.5 0.2 1.3 0.  0.9 0.9],1.4188439846038818
0,633,[1.3 1.1 0.1 1.1 1.1 1.  0.3 0.4],1.4199634194374084
0,634,[0.4 1.3 0.2 0.9 1.3 0.6 0.7 1.3],1.4211987257003784
0,635,[1.  0.  0.6 0.2 1.  0.9 0.1 1.2],1.4212981462478638
0,636,[0.6 0.1 0.1 0.4 1.1 0.8 0.2 0.6],1.4221784472465515
0,637,[1.  0.8 0.  0.4 0.9 1.  0.9 0.2],1.4262517094612122
0,638,[0.7 0.4 0.5 0.1 1.2 0.  0.2 0.6],1.4270818829536438
0,639,[0.  0.4 1.2 0.8 0.9 1.2 1.2 0.4],1.4319822192192078
0,640,[0.4 0.5 0.5 0.5 1.2 0.8 1.1 0.1],1.4331814646720886
0,641,[0.2 0.4 0.  0.  0.4 1.3 0.3 0.7],1.4343213438987732
0,642,[0.2 0.6 0.2 0.4 0.7 1.3 0.2 0.6],1.4456879496574402
0,643,[0.5 1.3 0.8 1.  1.1 1.  1.  0.5],1.446919560432434
0,644,[1.  0.2 0.8 0.5 1.3 0.6 0.9 1.1],1.4482228755950928
0,645,[0.4 1.2 0.  0.  0.3 1.3 0.  0.5],1.450794279575348
0,646,[0.9 0.  1.1 0.2 1.2 0.  0.9 1. ],1.4527711868286133
0,647,[0.9 0.9 0.  0.  0.6 1.1 0.3 1.2],1.4553403854370117
0,648,[0.6 1.3 0.5 1.1 1.3 0.7 0.  0. ],1.4594396948814392
0,649,[0.8 0.2 1.2 0.6 1.3 0.3 1.2 1. ],1.4636332392692566
0,650,[0.8 0.6 0.6 1.1 1.  1.3 0.9 0.9],1.4654733538627625
0,651,[0.9 0.4 0.  1.2 1.3 0.8 0.  0.3],1.46805739402771
0,652,[1.3 0.  0.3 0.  0.6 1.3 0.4 0.5],1.4716426730155945
0,653,[1.  0.  0.2 0.4 1.  1.1 1.2 0.1],1.4748938083648682
0,654,[1.2 1.1 1.1 1.  1.2 0.7 0.6 0.9],1.47575443983078
0,655,[0.6 1.1 0.7 0.4 1.1 0.8 1.  0.8],1.4784947633743286
0,656,[0.7 0.2 1.2 1.1 1.2 0.9 0.6 1.3],1.4784956574440002
0,657,[0.8 1.3 1.3 0.  0.7 0.2 0.3 0. ],1.483104169368744
0,658,[0.9 0.4 0.6 1.1 1.2 1.1 0.6 1.3],1.4831222891807556
0,659,[0.7 0.9 0.3 0.6 1.3 0.7 1.1 0. ],1.4948503971099854
0,660,[0.7 0.5 1.3 0.3 1.1 0.3 1.  0.4],1.496443510055542
0,661,[1.2 0.6 0.6 0.  0.6 1.3 1.2 0.1],1.4965556859970093
0,662,[0.3 0.9 0.4 1.3 1.  1.3 0.  0.1],1.5014800429344177
0,663,[0.9 0.4 1.3 1.  1.3 0.1 0.4 0.1],1.5018597841262817
0,664,[1.2 0.  1.1 0.8 1.2 1.  0.7 0.5],1.5031914710998535
0,665,[0.1 1.  1.  1.  1.2 0.9 1.2 0.5],1.5039064288139343
0,666,[0.1 0.5 1.3 0.3 0.9 0.9 0.5 0.2],1.5052996277809143
0,667,[0.1 1.  0.4 0.3 1.  0.9 0.  1.3],1.510625183582306
0,668,[0.8 0.2 0.8 0.3 1.3 0.2 0.  0.1],1.5110275745391846
0,669,[1.  0.6 1.3 1.  1.2 0.8 1.2 0.5],1.518248438835144
0,670,[0.5 0.2 0.6 0.  1.3 0.1 1.1 0.7],1.5190473794937134
0,671,[0.3 1.3 0.6 0.2 1.1 0.5 0.2 0.4],1.52367103099823
0,672,[0.5 1.1 0.8 0.8 1.  1.2 0.1 0.3],1.5248281955718994
0,673,[0.3 0.5 0.8 0.  1.1 0.4 0.4 0.7],1.524908423423767
0,674,[0.5 0.2 0.3 0.1 1.3 0.1 0.  0.1],1.5278499722480774
0,675,[0.7 1.2 0.1 1.2 1.2 1.  0.4 1. ],1.527855932712555
0,676,[1.2 1.1 0.7 1.  1.  1.3 1.  0.4],1.5296009182929993
0,677,[0.2 0.6 1.3 0.8 1.2 0.6 0.5 1.2],1.532378375530243
0,678,[0.4 1.2 1.2 1.1 1.2 0.7 0.6 0.7],1.5364285111427307
0,679,[1.2 0.6 1.1 1.1 1.2 1.  0.3 0.2],1.5417038202285767
0,680,[0.1 0.8 0.3 0.6 1.2 0.9 0.1 0.7],1.5538415908813477
0,681,[0.9 1.1 1.2 0.5 1.2 0.  0.9 0.4],1.5551557540893555
0,682,[1.  1.  1.  0.  1.  0.  0.1 0.1],1.5552337765693665
0,683,[0.9 0.  0.7 0.  1.1 0.8 0.8 0.1],1.5555149912834167
0,684,[1.1 0.8 1.3 0.5 1.2 0.1 0.9 0.1],1.55601966381073
0,685,[0.9 0.4 0.4 0.2 1.1 0.9 0.6 1.3],1.557888686656952
0,686,[0.3 1.  0.9 0.7 1.  1.2 0.2 0.1],1.5593101382255554
0,687,[0.3 0.7 1.1 0.  1.  0.5 0.7 0.2],1.5626193284988403
0,688,[1.2 0.6 0.3 0.8 1.1 1.2 0.4 1.1],1.5627915859222412
0,689,[0.5 1.3 1.  0.1 0.7 1.1 0.3 1. ],1.5649279952049255
0,690,[0.2 0.  0.9 0.3 0.9 1.3 0.3 0.3],1.5657895803451538
0,691,[1.  0.3 0.3 0.4 0.9 1.3 1.2 1.2],1.5659037232398987
0,692,[0.7 0.3 0.3 0.4 0.9 1.3 1.3 0.4],1.5671470761299133
0,693,[0.6 1.3 0.1 0.7 1.3 0.7 0.3 0.1],1.570963740348816
0,694,[0.4 0.3 0.9 0.2 1.1 0.9 0.8 0.7],1.5723873972892761
0,695,[0.8 1.  0.  1.1 1.3 0.9 0.5 0.4],1.573110282421112
0,696,[0.3 0.7 1.2 0.  0.8 0.9 0.4 0.1],1.5732100009918213
0,697,[1.  1.1 0.4 0.9 1.3 0.9 0.3 0.6],1.5737905502319336
0,698,[0.6 0.8 0.2 0.  0.7 1.2 0.5 0.3],1.57421875
0,699,[0.  0.5 0.8 0.8 1.2 1.1 0.6 0.8],1.574250042438507
0,700,[1.3 1.2 1.  0.  0.9 0.7 0.6 1. ],1.5744894742965698
0,701,[0.1 0.8 0.  0.5 1.  1.1 0.7 0.3],1.5787166357040405
0,702,[0.4 0.  0.3 0.4 1.2 1.  1.1 0. ],1.5842674374580383
0,703,[0.9 0.4 1.1 0.5 1.2 0.9 1.2 0.8],1.5865136981010437
0,704,[0.  0.4 0.4 1.  1.2 1.2 0.8 0.7],1.590474545955658
0,705,[1.2 0.4 1.  0.  1.2 0.1 0.9 1.1],1.5924268960952759
0,706,[0.3 0.6 0.4 1.1 1.2 1.2 0.8 1.1],1.5928033590316772
0,707,[0.8 0.  0.6 0.2 1.2 0.9 0.9 0.5],1.595370590686798
0,708,[0.7 0.1 1.2 0.2 1.2 0.5 0.7 0.7],1.5973464846611023
0,709,[0.7 0.5 1.3 0.7 1.  1.2 1.2 1.2],1.598028302192688
0,710,[1.1 0.1 1.2 0.1 1.1 0.6 0.3 1.2],1.6037054657936096
0,711,[0.2 0.1 0.6 0.4 1.  1.3 1.  0.4],1.6055248379707336
0,712,[0.1 1.1 0.9 0.7 1.2 0.9 0.1 0.1],1.6079227328300476
0,713,[0.2 1.  0.1 0.2 0.8 1.2 1.3 1. ],1.6110529899597168
0,714,[0.5 0.1 0.6 0.5 1.2 1.1 0.7 1.3],1.615110158920288
0,715,[1.3 0.5 0.2 0.1 1.1 0.9 1.3 1.3],1.6182332634925842
0,716,[1.3 0.9 0.6 0.9 1.1 1.3 1.2 0.6],1.618569016456604
0,717,[0.1 0.  0.4 0.7 1.1 1.3 0.3 1.1],1.6239804029464722
0,718,[1.3 0.2 1.1 0.6 1.1 1.2 0.2 0.3],1.6286230087280273
0,719,[0.1 0.7 1.2 0.1 1.  0.8 1.3 1. ],1.6293009519577026
0,720,[0.5 0.7 0.2 0.2 1.3 0.6 1.2 0.4],1.6300866603851318
0,721,[0.  0.1 0.6 0.6 1.1 1.3 0.7 0.3],1.63209468126297
0,722,[0.2 1.3 0.9 0.3 1.  1.  0.8 0. ],1.6325912475585938
0,723,[1.3 0.8 1.1 0.3 1.3 0.3 1.2 0. ],1.6348011493682861
0,724,[1.1 0.6 0.9 0.8 1.1 1.3 0.8 0.9],1.6353761553764343
0,725,[1.  1.2 0.7 0.4 0.9 1.3 1.1 0.1],1.6370484828948975
0,726,[0.5 1.3 0.9 1.  1.2 1.1 1.1 0.3],1.6415334939956665
0,727,[1.  0.7 0.8 0.1 1.1 0.8 0.3 1.2],1.6469937562942505
0,728,[0.3 0.7 1.1 0.1 1.2 0.  0.8 0.1],1.648966908454895
0,729,[0.2 0.8 0.2 0.2 1.2 0.8 1.3 0.1],1.649491012096405
0,730,[0.7 1.  1.  1.3 1.1 1.3 0.8 0.8],1.6499991416931152
0,731,[1.1 1.  1.2 0.2 0.7 1.3 0.1 0.6],1.6528199315071106
0,732,[0.4 1.2 0.7 0.1 1.3 0.  1.1 1.2],1.6573008298873901
0,733,[0.5 1.3 0.7 1.2 1.2 1.2 0.7 1. ],1.6574327945709229
0,734,[1.1 0.9 1.1 0.  0.8 1.1 0.7 0.3],1.6595095992088318
0,735,[0.9 1.2 0.2 0.6 1.2 1.  0.5 0.4],1.6598822474479675
0,736,[0.  0.6 0.6 0.8 1.2 1.2 0.2 1. ],1.662153422832489
0,737,[0.3 0.1 1.3 0.1 0.9 1.1 0.3 0.7],1.6665743589401245
0,738,[1.2 1.1 0.5 0.3 1.1 1.  0.2 0.1],1.6672554016113281
0,739,[0.4 0.6 0.4 0.1 1.  1.1 1.1 1.2],1.672939956188202
0,740,[0.4 0.6 0.8 0.1 1.  1.1 1.2 1.1],1.6734604239463806
0,741,[0.2 0.2 1.3 1.  1.3 1.  1.1 0.4],1.6774752140045166
0,742,[1.2 0.6 0.6 0.  1.  1.  0.2 0.1],1.678150236606598
0,743,[0.4 1.2 1.3 0.5 1.  1.  0.7 0.6],1.6788592338562012
0,744,[1.2 0.5 0.4 1.1 1.3 1.2 0.9 1. ],1.683300256729126
0,745,[1.  1.  1.  0.3 1.3 0.4 0.8 0.7],1.6847193241119385
0,746,[0.2 0.8 1.1 0.1 1.1 0.6 0.4 1. ],1.6848461031913757
0,747,[0.2 0.6 1.3 0.  0.8 1.1 1.  0.7],1.6914811730384827
0,748,[1.1 0.8 0.5 0.2 0.9 1.3 0.4 0.4],1.7002939581871033
0,749,[1.1 1.3 0.6 0.9 1.2 1.2 0.3 0.4],1.7033982872962952
0,750,[0.9 0.6 0.6 0.4 1.3 0.9 0.3 0.2],1.7105488777160645
0,751,[0.5 0.5 0.8 0.8 1.2 1.3 1.  0.2],1.7167362570762634
0,752,[0.4 1.1 0.  0.7 1.1 1.2 0.7 0.2],1.7224534153938293
0,753,[0.8 1.2 1.3 0.5 1.2 0.6 0.7 0.7],1.7256298661231995
0,754,[1.  1.  0.  0.3 1.3 0.7 0.6 0. ],1.7334054708480835
0,755,[0.3 0.6 0.5 0.2 1.2 1.  1.3 0.6],1.7386333346366882
0,756,[0.1 0.6 1.2 0.5 1.  1.3 0.3 1. ],1.7403064370155334
0,757,[0.8 1.2 0.9 0.  1.1 0.7 0.8 0.9],1.7542320489883423
0,758,[0.5 1.2 1.2 0.1 0.8 1.2 1.  0.3],1.7568005919456482
0,759,[0.1 0.1 1.3 0.1 1.2 0.1 0.  1.3],1.7602965235710144
0,760,[1.2 1.2 0.4 0.7 1.2 1.2 0.1 1.3],1.7722375988960266
0,761,[0.3 1.  0.2 0.5 1.2 1.1 0.4 0.3],1.772529661655426
0,762,[0.8 0.3 0.4 0.6 1.2 1.3 0.8 1. ],1.7771576046943665
0,763,[0.9 0.2 1.2 0.8 1.3 1.1 0.  1.3],1.7782010436058044
0,764,[0.1 0.8 0.  0.2 1.1 1.  0.2 0.9],1.7802308201789856
0,765,[0.6 1.  1.  0.6 1.1 1.3 0.7 0.1],1.7836552858352661
0,766,[0.1 0.  0.2 1.2 1.3 1.3 0.8 0.4],1.7846075892448425
0,767,[1.1 0.4 0.5 0.5 1.3 1.1 0.1 0.6],1.786489188671112
0,768,[1.1 0.7 0.8 0.2 1.3 0.8 0.4 0.3],1.8050494194030762
0,769,[0.8 0.7 0.8 1.1 1.3 1.3 0.1 0.8],1.8085050582885742
0,770,[0.4 0.4 0.9 0.4 1.3 1.1 1.3 0.8],1.8214169144630432
0,771,[0.1 1.3 0.4 0.8 1.2 1.3 0.8 0.3],1.8229770064353943
0,772,[0.7 0.2 1.3 0.5 1.2 1.2 1.1 0. ],1.824136734008789
0,773,[0.5 0.6 0.4 0.  0.9 1.3 0.3 0.6],1.8249301314353943
0,774,[1.3 0.2 0.  0.1 1.2 1.  0.7 0.5],1.8344074487686157
0,775,[0.9 1.2 1.2 0.1 1.1 0.8 0.8 0.2],1.8435255885124207
0,776,[0.8 0.6 0.6 0.7 1.3 1.3 0.7 0.5],1.8673551678657532
0,777,[0.7 0.6 1.2 0.4 1.1 1.3 0.7 0.2],1.8677722215652466
0,778,[0.  1.1 1.2 0.4 1.  1.3 0.5 1.3],1.8691638708114624
0,779,[0.4 0.6 0.  0.8 1.2 1.3 0.1 1.1],1.8696039915084839
0,780,[1.2 0.  1.3 0.2 1.2 1.1 0.8 0.5],1.8790866136550903
0,781,[0.3 0.3 0.2 0.1 1.1 1.2 0.  1.2],1.9061467051506042
0,782,[0.  1.2 1.3 1.1 1.3 1.1 0.2 1.2],1.9135724306106567
0,783,[0.9 0.9 1.  0.1 1.2 1.  1.2 1. ],1.91495680809021
0,784,[0.3 0.2 1.3 0.  1.  1.2 0.1 1.1],1.9319137334823608
0,785,[1.  0.5 1.2 0.  1.3 0.7 1.  0.1],1.9537266492843628
0,786,[0.3 0.6 0.6 0.1 1.3 1.  0.5 1. ],1.964009165763855
0,787,[0.6 1.3 0.6 0.1 1.  1.3 0.  0. ],1.966608703136444
0,788,[0.7 1.3 0.9 0.1 1.  1.3 0.7 0.9],1.9746450185775757
0,789,[0.4 0.3 0.6 0.2 1.3 1.2 0.3 1.3],2.0187010169029236
0,790,[0.8 1.1 0.7 0.2 1.3 1.1 0.5 0. ],2.040701150894165
0,791,[0.1 0.5 0.2 0.2 1.3 1.2 1.3 0.6],2.066019296646118
0,792,[1.2 0.4 0.3 0.  1.3 1.1 0.5 0.8],2.070243239402771
0,793,[0.6 1.1 1.1 0.3 1.2 1.3 1.3 0.9],2.077750086784363
0,794,[0.3 0.2 1.3 0.2 1.3 1.1 0.2 0.8],2.0814841985702515
0,795,[1.  1.1 0.7 0.  1.1 1.3 1.1 0.7],2.0824265480041504
0,796,[0.8 1.1 0.2 0.2 1.3 1.2 1.2 0.4],2.135833263397217
0,797,[0.3 1.1 0.1 0.  1.2 1.2 1.  0.6],2.1479427814483643
0,798,[0.  1.1 1.1 0.2 1.3 1.2 0.7 1. ],2.2129122018814087
0,799,[0.8 1.2 0.6 0.  1.2 1.3 0.9 0.2],2.222642183303833
1,0,[0.  0.1 0.5 1.2 0.  0.3 1.1 1.3],0.12134862691164017
1,1,[1.1 0.1 0.  1.  0.  0.  0.7 1.3],0.1616789922118187
1,2,[1.1 0.1 0.  1.  0.  0.  0.7 1.3],0.16171258687973022
1,3,[1.1 0.1 0.  1.  0.  0.  0.7 1.3],0.16178640723228455
1,4,[1.1 0.1 0.  1.  0.  0.  0.7 1.3],0.1617884561419487
1,5,[1.1 0.1 0.  1.  0.  0.  0.7 1.3],0.161790169775486
1,6,[1.1 0.1 0.  1.  0.  0.  0.7 1.3],0.16179247200489044
1,7,[1.1 0.1 0.  1.  0.  0.  0.7 1.3],0.1618392914533615
1,8,[1.1 0.1 0.  1.  0.  0.  0.7 1.3],0.16199102252721786
1,9,[1.1 0.1 0.  1.  0.  0.  0.7 1.3],0.1620020717382431
1,10,[1.1 0.1 0.  1.  0.  0.  0.7 1.3],0.17638594657182693
1,11,[0.3 0.7 0.3 0.8 0.  0.  0.3 0.1],0.20715053379535675
1,12,[0.3 0.7 0.3 0.8 0.  0.  0.3 0.1],0.2071659043431282
1,13,[0.3 0.7 0.3 0.8 0.  0.  0.3 0.1],0.20720163732767105
1,14,[0.3 0.7 0.3 0.8 0.  0.  0.3 0.1],0.20723772048950195
1,15,[0.3 0.7 0.3 0.8 0.  0.  0.3 0.1],0.20725354552268982
1,16,[0.3 0.7 0.3 0.8 0.  0.  0.3 0.1],0.20726513117551804
1,17,[0.3 0.7 0.3 0.8 0.  0.  0.3 0.1],0.20728060603141785
1,18,[0.3 0.7 0.3 0.8 0.  0.  0.3 0.1],0.2072869837284088
1,19,[0.3 0.7 0.3 0.8 0.  0.  0.3 0.1],0.20730437338352203
1,20,[0.3 0.7 0.3 0.8 0.  0.  0.3 0.1],0.20730897784233093
1,21,[0.3 0.7 0.3 0.8 0.  0.  0.3 0.1],0.20731563866138458
1,22,[0.3 0.7 0.3 0.8 0.  0.  0.3 0.1],0.20734576880931854
1,23,[0.3 0.7 0.3 0.8 0.  0.  0.3 0.1],0.20738431811332703
1,24,[0.3 0.9 0.4 1.2 0.3 0.  1.  0.8],0.2095186710357666
1,25,[1.1 0.1 0.  1.  0.  0.  0.7 1.3],0.21357258409261703
1,26,[0.6 0.6 0.1 0.8 0.1 0.1 1.  0.3],0.23258072137832642
1,27,[0.6 0.6 0.1 0.8 0.1 0.1 1.  0.3],0.2325906604528427
1,28,[0.6 0.6 0.1 0.8 0.1 0.1 1.  0.3],0.23262407630681992
1,29,[0.6 0.6 0.1 0.8 0.1 0.1 1.  0.3],0.232679083943367
1,30,[0.6 0.6 0.1 0.8 0.1 0.1 1.  0.3],0.23287813365459442
1,31,[0.6 0.6 0.1 0.8 0.1 0.1 1.  0.3],0.23288965970277786
1,32,[1.2 1.3 0.3 0.7 0.6 0.1 0.5 0. ],0.23751184344291687
1,33,[0.5 0.2 0.6 0.3 0.1 0.4 0.9 0.3],0.24629368633031845
1,34,[0.  0.1 0.5 1.2 0.  0.3 1.1 1.3],0.24645378440618515
1,35,[0.  0.1 0.5 1.2 0.  0.3 1.1 1.3],0.24656987935304642
1,36,[0.  0.1 0.5 1.2 0.  0.3 1.1 1.3],0.24658019095659256
1,37,[0.  0.1 0.5 1.2 0.  0.3 1.1 1.3],0.24658773094415665
1,38,[0.  0.1 0.5 1.2 0.  0.3 1.1 1.3],0.24660106003284454
1,39,[0.  0.1 0.5 1.2 0.  0.3 1.1 1.3],0.24663497507572174
1,40,[0.  0.1 0.5 1.2 0.  0.3 1.1 1.3],0.2466365024447441
1,41,[0.  0.1 0.5 1.2 0.  0.3 1.1 1.3],0.24665632098913193
1,42,[0.  0.1 0.5 1.2 0.  0.3 1.1 1.3],0.24668390303850174
1,43,[0.  0.1 0.5 1.2 0.  0.3 1.1 1.3],0.24670276045799255
1,44,[0.6 0.2 0.1 1.3 0.2 0.5 0.8 0.2],0.25182898342609406
1,45,[0.  0.6 0.6 0.9 0.1 0.8 0.2 0.7],0.2532652020454407
1,46,[0.  0.6 0.6 0.9 0.1 0.8 0.2 0.7],0.2532652020454407
1,47,[0.  0.7 0.2 1.2 0.  0.3 0.2 0.2],0.26066602766513824
1,48,[0.  0.7 0.2 1.2 0.  0.3 0.2 0.2],0.26068055629730225
1,49,[0.  0.7 0.2 1.2 0.  0.3 0.2 0.2],0.26072342693805695
1,50,[0.  0.7 0.2 1.2 0.  0.3 0.2 0.2],0.2607403099536896
1,51,[0.  0.7 0.2 1.2 0.  0.3 0.2 0.2],0.2607742249965668
1,52,[0.  0.7 0.2 1.2 0.  0.3 0.2 0.2],0.26079390943050385
1,53,[0.  0.7 0.2 1.2 0.  0.3 0.2 0.2],0.26081429421901703
1,54,[0.  0.7 0.2 1.2 0.  0.3 0.2 0.2],0.26085612177848816
1,55,[0.  0.7 0.2 1.2 0.  0.3 0.2 0.2],0.26086127758026123
1,56,[0.  0.7 0.2 1.2 0.  0.3 0.2 0.2],0.26089218258857727
1,57,[0.  0.7 0.2 1.2 0.  0.3 0.2 0.2],0.2609081566333771
1,58,[1.1 0.  0.5 0.8 0.4 0.1 1.  1.3],0.26117992401123047
1,59,[0.1 0.3 0.4 0.4 0.  0.  0.5 0.9],0.2631516307592392
1,60,[0.1 0.3 0.4 0.4 0.  0.  0.5 0.9],0.26321010291576385
1,61,[0.1 0.3 0.4 0.4 0.  0.  0.5 0.9],0.2632131278514862
1,62,[0.1 0.3 0.4 0.4 0.  0.  0.5 0.9],0.2632216811180115
1,63,[0.1 0.3 0.4 0.4 0.  0.  0.5 0.9],0.263229563832283
1,64,[0.1 0.3 0.4 0.4 0.  0.  0.5 0.9],0.26326364278793335
1,65,[0.1 0.3 0.4 0.4 0.  0.  0.5 0.9],0.2633063793182373
1,66,[0.1 0.3 0.4 0.4 0.  0.  0.5 0.9],0.2633075714111328
1,67,[0.1 0.3 0.4 0.4 0.  0.  0.5 0.9],0.26332345604896545
1,68,[0.1 0.3 0.4 0.4 0.  0.  0.5 0.9],0.2634179890155792
1,69,[0.1 0.3 0.4 0.4 0.  0.  0.5 0.9],0.26345986127853394
1,70,[0.1 0.3 0.4 0.4 0.  0.  0.5 0.9],0.26358623057603836
1,71,[0.6 0.7 0.2 0.8 0.2 0.3 0.4 0.4],0.2685347944498062
1,72,[0.5 0.5 0.6 0.9 0.3 0.3 0.3 1.3],0.2727196365594864
1,73,[1.1 0.7 0.  1.2 0.5 0.  0.9 0.7],0.2823308855295181
1,74,[0.5 0.3 0.4 1.3 0.2 0.1 0.9 0.7],0.29018062353134155
1,75,[0.5 0.3 0.4 1.3 0.2 0.1 0.9 0.7],0.29028309881687164
1,76,[0.5 0.3 0.4 1.3 0.2 0.1 0.9 0.7],0.2902856469154358
1,77,[0.5 0.3 0.4 1.3 0.2 0.1 0.9 0.7],0.2904336452484131
1,78,[0.5 0.3 0.4 1.3 0.2 0.1 0.9 0.7],0.2904694974422455
1,79,[0.5 0.3 0.4 1.3 0.2 0.1 0.9 0.7],0.2904984951019287
1,80,[0.5 0.3 0.4 1.3 0.2 0.1 0.9 0.7],0.290536105632782
1,81,[0.5 0.3 0.4 1.3 0.2 0.1 0.9 0.7],0.2905505448579788
1,82,[0.5 0.3 0.4 1.3 0.2 0.1 0.9 0.7],0.29060080647468567
1,83,[0.5 0.3 0.4 1.3 0.2 0.1 0.9 0.7],0.29060669243335724
1,84,[0.5 0.3 0.4 1.3 0.2 0.1 0.9 0.7],0.29078251123428345
1,85,[1.2 1.1 0.3 1.  0.  0.9 0.2 0.8],0.29150573909282684
1,86,[1.2 1.1 0.3 1.  0.  0.9 0.2 0.8],0.29150573909282684
1,87,[1.2 1.1 0.5 1.  0.3 0.4 1.3 0.6],0.2944555878639221
1,88,[0.6 0.1 0.6 0.7 0.  0.7 0.3 0.8],0.29449400305747986
1,89,[0.1 0.7 0.1 0.4 0.  0.2 0.4 0.8],0.2996455729007721
1,90,[0.5 0.5 0.3 0.4 0.1 0.  0.9 1.1],0.30070027709007263
1,91,[0.5 0.5 0.3 0.4 0.1 0.  0.9 1.1],0.30070698261260986
1,92,[0.5 0.5 0.3 0.4 0.1 0.  0.9 1.1],0.3007176071405411
1,93,[0.5 0.5 0.3 0.4 0.1 0.  0.9 1.1],0.3007604032754898
1,94,[0.5 0.5 0.3 0.4 0.1 0.  0.9 1.1],0.30080002546310425
1,95,[0.5 0.5 0.3 0.4 0.1 0.  0.9 1.1],0.30081263184547424
1,96,[0.5 0.5 0.3 0.4 0.1 0.  0.9 1.1],0.30082227289676666
1,97,[0.5 0.5 0.3 0.4 0.1 0.  0.9 1.1],0.3008439838886261
1,98,[0.5 0.5 0.3 0.4 0.1 0.  0.9 1.1],0.3008830398321152
1,99,[0.5 0.5 0.3 0.4 0.1 0.  0.9 1.1],0.3009504973888397
1,100,[0.5 0.5 0.3 0.4 0.1 0.  0.9 1.1],0.3009622246026993
1,101,[0.5 0.5 0.3 0.4 0.1 0.  0.9 1.1],0.3009815812110901
1,102,[0.5 0.5 0.3 0.4 0.1 0.  0.9 1.1],0.3011060059070587
1,103,[0.5 0.5 0.3 0.4 0.1 0.  0.9 1.1],0.3011236935853958
1,104,[1.3 0.  0.8 0.9 0.1 0.2 0.3 0.5],0.3103479892015457
1,105,[1.3 0.  0.8 0.9 0.1 0.2 0.3 0.5],0.3104482740163803
1,106,[1.3 0.  0.8 0.9 0.1 0.2 0.3 0.5],0.31044958531856537
1,107,[1.3 0.  0.8 0.9 0.1 0.2 0.3 0.5],0.31048236787319183
1,108,[1.3 0.  0.8 0.9 0.1 0.2 0.3 0.5],0.310503214597702
1,109,[1.3 0.  0.8 0.9 0.1 0.2 0.3 0.5],0.310519814491272
1,110,[1.3 0.  0.8 0.9 0.1 0.2 0.3 0.5],0.3105211704969406
1,111,[1.3 0.  0.8 0.9 0.1 0.2 0.3 0.5],0.3105596452951431
1,112,[1.3 0.  0.8 0.9 0.1 0.2 0.3 0.5],0.3105950653553009
1,113,[1.3 0.  0.8 0.9 0.1 0.2 0.3 0.5],0.31065796315670013
1,114,[1.3 0.  0.8 0.9 0.1 0.2 0.3 0.5],0.3106673061847687
1,115,[1.3 0.  0.8 0.9 0.1 0.2 0.3 0.5],0.31067775189876556
1,116,[1.3 0.  0.8 0.9 0.1 0.2 0.3 0.5],0.31079572439193726
1,117,[1.3 0.6 0.7 1.2 0.  0.8 1.2 0.9],0.31583406031131744
1,118,[0.1 0.7 0.1 0.4 0.  0.2 0.4 0.8],0.3196438401937485
1,119,[0.1 0.7 0.1 0.4 0.  0.2 0.4 0.8],0.3196672201156616
1,120,[0.1 0.7 0.1 0.4 0.  0.2 0.4 0.8],0.3196758031845093
1,121,[0.1 0.7 0.1 0.4 0.  0.2 0.4 0.8],0.3197006732225418
1,122,[0.1 0.7 0.1 0.4 0.  0.2 0.4 0.8],0.31971852481365204
1,123,[0.1 0.7 0.1 0.4 0.  0.2 0.4 0.8],0.31972041726112366
1,124,[0.1 0.7 0.1 0.4 0.  0.2 0.4 0.8],0.31976450979709625
1,125,[0.1 0.7 0.1 0.4 0.  0.2 0.4 0.8],0.3197823166847229
1,126,[0.1 0.7 0.1 0.4 0.  0.2 0.4 0.8],0.31983351707458496
1,127,[0.1 0.7 0.1 0.4 0.  0.2 0.4 0.8],0.31983382999897003
1,128,[0.1 0.7 0.1 0.4 0.  0.2 0.4 0.8],0.3198397308588028
1,129,[0.1 0.7 0.1 0.4 0.  0.2 0.4 0.8],0.31986118853092194
1,130,[0.1 0.7 0.1 0.4 0.  0.2 0.4 0.8],0.3198772817850113
1,131,[0.1 0.7 0.1 0.4 0.  0.2 0.4 0.8],0.3198987990617752
1,132,[0.1 0.7 0.1 0.4 0.  0.2 0.4 0.8],0.3200727701187134
1,133,[0.5 0.8 1.  0.4 0.1 0.2 0.4 0.6],0.325662225484848
1,134,[1.2 0.8 0.4 1.2 0.1 0.4 1.  0.3],0.33185288310050964
1,135,[1.2 0.8 0.4 1.2 0.1 0.4 1.  0.3],0.3318568915128708
1,136,[1.2 0.8 0.4 1.2 0.1 0.4 1.  0.3],0.33189576864242554
1,137,[1.2 0.8 0.4 1.2 0.1 0.4 1.  0.3],0.33194559812545776
1,138,[1.2 0.8 0.4 1.2 0.1 0.4 1.  0.3],0.3319564610719681
1,139,[1.2 0.8 0.4 1.2 0.1 0.4 1.  0.3],0.33202025294303894
1,140,[1.2 0.8 0.4 1.2 0.1 0.4 1.  0.3],0.3320295512676239
1,141,[1.2 0.8 0.4 1.2 0.1 0.4 1.  0.3],0.3320310115814209
1,142,[1.2 0.8 0.4 1.2 0.1 0.4 1.  0.3],0.33203165233135223
1,143,[1.2 0.8 0.4 1.2 0.1 0.4 1.  0.3],0.3320367932319641
1,144,[1.2 0.8 0.4 1.2 0.1 0.4 1.  0.3],0.332067534327507
1,145,[1.2 0.8 0.4 1.2 0.1 0.4 1.  0.3],0.33207738399505615
1,146,[1.2 0.8 0.4 1.2 0.1 0.4 1.  0.3],0.33209505677223206
1,147,[0.5 0.5 0.3 1.2 0.3 0.1 0.5 1. ],0.33261606097221375
1,148,[0.5 0.5 0.3 1.2 0.3 0.1 0.5 1. ],0.33262138068675995
1,149,[0.5 0.5 0.3 1.2 0.3 0.1 0.5 1. ],0.3327971547842026
1,150,[0.5 0.5 0.3 1.2 0.3 0.1 0.5 1. ],0.33287666738033295
1,151,[0.5 0.5 0.3 1.2 0.3 0.1 0.5 1. ],0.3329269140958786
1,152,[0.4 0.5 0.1 0.3 0.1 0.1 0.8 0.9],0.3332098722457886
1,153,[1.  0.4 0.4 0.4 0.1 0.2 0.6 1.1],0.33799751102924347
1,154,[1.  0.4 0.4 0.4 0.1 0.2 0.6 1.1],0.33804959058761597
1,155,[1.  0.4 0.4 0.4 0.1 0.2 0.6 1.1],0.33805355429649353
1,156,[1.  0.4 0.4 0.4 0.1 0.2 0.6 1.1],0.33806735277175903
1,157,[1.  0.4 0.4 0.4 0.1 0.2 0.6 1.1],0.3380793333053589
1,158,[1.  0.4 0.4 0.4 0.1 0.2 0.6 1.1],0.338084414601326
1,159,[1.  0.4 0.4 0.4 0.1 0.2 0.6 1.1],0.3381226807832718
1,160,[1.  0.4 0.4 0.4 0.1 0.2 0.6 1.1],0.3381383717060089
1,161,[1.  0.4 0.4 0.4 0.1 0.2 0.6 1.1],0.33816517889499664
1,162,[1.  0.4 0.4 0.4 0.1 0.2 0.6 1.1],0.33819878101348877
1,163,[0.2 0.  1.  1.1 0.1 0.8 0.6 0.1],0.3404821902513504
1,164,[0.6 0.7 0.2 0.8 0.2 0.3 0.4 0.4],0.34716159105300903
1,165,[0.6 0.7 0.2 0.8 0.2 0.3 0.4 0.4],0.3471764624118805
1,166,[0.6 0.7 0.2 0.8 0.2 0.3 0.4 0.4],0.3471880257129669
1,167,[0.6 0.7 0.2 0.8 0.2 0.3 0.4 0.4],0.34722624719142914
1,168,[0.6 0.7 0.2 0.8 0.2 0.3 0.4 0.4],0.34727978706359863
1,169,[0.6 0.7 0.2 0.8 0.2 0.3 0.4 0.4],0.3472936600446701
1,170,[0.6 0.7 0.2 0.8 0.2 0.3 0.4 0.4],0.34733135998249054
1,171,[0.6 0.7 0.2 0.8 0.2 0.3 0.4 0.4],0.3473641872406006
1,172,[0.6 0.7 0.2 0.8 0.2 0.3 0.4 0.4],0.3474135100841522
1,173,[0.3 0.9 0.4 1.2 0.3 0.  1.  0.8],0.34895940124988556
1,174,[0.3 0.9 0.4 1.2 0.3 0.  1.  0.8],0.3490084856748581
1,175,[0.3 0.9 0.4 1.2 0.3 0.  1.  0.8],0.34905514121055603
1,176,[0.3 0.9 0.4 1.2 0.3 0.  1.  0.8],0.3491271287202835
1,177,[0.3 0.9 0.4 1.2 0.3 0.  1.  0.8],0.3491756319999695
1,178,[0.3 0.9 0.4 1.2 0.3 0.  1.  0.8],0.34937846660614014
1,179,[0.3 0.9 0.4 1.2 0.3 0.  1.  0.8],0.34944938123226166
1,180,[0.3 0.9 0.4 1.2 0.3 0.  1.  0.8],0.34950628876686096
1,181,[0.3 0.9 0.4 1.2 0.3 0.  1.  0.8],0.3496263474225998
1,182,[0.  0.6 0.3 0.4 0.  0.3 0.1 0.9],0.3508467972278595
1,183,[0.  0.6 0.3 0.4 0.  0.3 0.1 0.9],0.3508567661046982
1,184,[0.  0.6 0.3 0.4 0.  0.3 0.1 0.9],0.3508594036102295
1,185,[0.  0.6 0.3 0.4 0.  0.3 0.1 0.9],0.35086964070796967
1,186,[0.  0.6 0.3 0.4 0.  0.3 0.1 0.9],0.3508799970149994
1,187,[1.2 1.2 0.2 1.1 0.5 0.3 0.9 0.3],0.3508855402469635
1,188,[0.  0.6 0.3 0.4 0.  0.3 0.1 0.9],0.3509078621864319
1,189,[0.  0.6 0.3 0.4 0.  0.3 0.1 0.9],0.35095563530921936
1,190,[0.  0.6 0.3 0.4 0.  0.3 0.1 0.9],0.3510051518678665
1,191,[0.  0.6 0.3 0.4 0.  0.3 0.1 0.9],0.35103578865528107
1,192,[0.3 1.2 1.  1.1 0.  0.5 0.5 1. ],0.3532698303461075
1,193,[0.4 0.5 0.1 0.3 0.1 0.1 0.8 0.9],0.35475151240825653
1,194,[0.4 0.5 0.1 0.3 0.1 0.1 0.8 0.9],0.35479117929935455
1,195,[0.4 0.5 0.1 0.3 0.1 0.1 0.8 0.9],0.3548777252435684
1,196,[0.4 0.5 0.1 0.3 0.1 0.1 0.8 0.9],0.3548845946788788
1,197,[0.4 0.5 0.1 0.3 0.1 0.1 0.8 0.9],0.3549034297466278
1,198,[0.4 0.5 0.1 0.3 0.1 0.1 0.8 0.9],0.35490867495536804
1,199,[0.4 0.5 0.1 0.3 0.1 0.1 0.8 0.9],0.35493458807468414
1,200,[0.4 0.5 0.1 0.3 0.1 0.1 0.8 0.9],0.35494133830070496
1,201,[0.4 0.5 0.1 0.3 0.1 0.1 0.8 0.9],0.354967936873436
1,202,[0.4 0.5 0.1 0.3 0.1 0.1 0.8 0.9],0.3550271540880203
1,203,[0.4 0.5 0.1 0.3 0.1 0.1 0.8 0.9],0.3550828695297241
1,204,[0.4 0.5 0.1 0.3 0.1 0.1 0.8 0.9],0.35513661801815033
1,205,[0.4 0.5 0.1 0.3 0.1 0.1 0.8 0.9],0.3551741987466812
1,206,[0.4 0.5 0.1 0.3 0.1 0.1 0.8 0.9],0.35537245869636536
1,207,[1.1 0.  0.5 0.8 0.4 0.1 1.  1.3],0.36214064061641693
1,208,[0.4 1.2 0.1 1.1 0.1 0.7 1.3 0.8],0.362170085310936
1,209,[1.1 0.  0.5 0.8 0.4 0.1 1.  1.3],0.36222895979881287
1,210,[1.1 0.  0.5 0.8 0.4 0.1 1.  1.3],0.3622521162033081
1,211,[1.1 0.  0.5 0.8 0.4 0.1 1.  1.3],0.3622853755950928
1,212,[1.1 0.  0.5 0.8 0.4 0.1 1.  1.3],0.36232617497444153
1,213,[1.1 0.  0.5 0.8 0.4 0.1 1.  1.3],0.3624223917722702
1,214,[1.1 0.  0.5 0.8 0.4 0.1 1.  1.3],0.3624572306871414
1,215,[1.1 0.  0.5 0.8 0.4 0.1 1.  1.3],0.36252322793006897
1,216,[1.1 0.  0.5 0.8 0.4 0.1 1.  1.3],0.36253686249256134
1,217,[1.3 0.2 0.6 1.1 0.1 0.6 0.2 1.3],0.3826048672199249
1,218,[1.3 0.2 0.6 1.1 0.1 0.6 0.2 1.3],0.38261517882347107
1,219,[1.3 0.2 0.6 1.1 0.1 0.6 0.2 1.3],0.3826674818992615
1,220,[1.3 0.2 0.6 1.1 0.1 0.6 0.2 1.3],0.38268956542015076
1,221,[1.3 0.2 0.6 1.1 0.1 0.6 0.2 1.3],0.3827098309993744
1,222,[1.3 0.2 0.6 1.1 0.1 0.6 0.2 1.3],0.38283103704452515
1,223,[1.3 0.2 0.6 1.1 0.1 0.6 0.2 1.3],0.38284072279930115
1,224,[1.3 0.2 0.6 1.1 0.1 0.6 0.2 1.3],0.3828452527523041
1,225,[1.3 0.2 0.6 1.1 0.1 0.6 0.2 1.3],0.3829358369112015
1,226,[1.3 0.2 0.6 1.1 0.1 0.6 0.2 1.3],0.38297154009342194
1,227,[1.3 0.2 0.6 1.1 0.1 0.6 0.2 1.3],0.38318340480327606
1,228,[1.  0.  0.9 0.2 0.5 0.1 1.  1.1],0.3835398256778717
1,229,[1.  1.  0.6 1.1 0.2 0.1 0.  0.9],0.3886577636003494
1,230,[1.  1.  0.6 1.1 0.2 0.1 0.  0.9],0.38890568912029266
1,231,[1.  1.  0.6 1.1 0.2 0.1 0.  0.9],0.38894496858119965
1,232,[0.6 0.1 0.6 0.7 0.  0.7 0.3 0.8],0.39034925401210785
1,233,[0.6 0.1 0.6 0.7 0.  0.7 0.3 0.8],0.3903762698173523
1,234,[0.6 0.1 0.6 0.7 0.  0.7 0.3 0.8],0.390412375330925
1,235,[0.6 0.1 0.6 0.7 0.  0.7 0.3 0.8],0.39043761789798737
1,236,[0.6 0.1 0.6 0.7 0.  0.7 0.3 0.8],0.39057618379592896
1,237,[0.6 0.1 0.6 0.7 0.  0.7 0.3 0.8],0.3905877023935318
1,238,[0.6 0.1 0.6 0.7 0.  0.7 0.3 0.8],0.3906038701534271
1,239,[0.6 0.1 0.6 0.7 0.  0.7 0.3 0.8],0.39067332446575165
1,240,[0.6 0.1 0.6 0.7 0.  0.7 0.3 0.8],0.39067547023296356
1,241,[0.3 0.6 1.2 0.8 0.  0.4 1.2 0.3],0.39676856994628906
1,242,[1.2 0.3 1.  0.5 0.  0.1 1.2 1.3],0.39817188680171967
1,243,[1.2 0.3 1.  0.5 0.  0.1 1.2 1.3],0.3981863558292389
1,244,[1.2 0.3 1.  0.5 0.  0.1 1.2 1.3],0.3981929421424866
1,245,[1.2 0.3 1.  0.5 0.  0.1 1.2 1.3],0.39827771484851837
1,246,[1.2 0.3 1.  0.5 0.  0.1 1.2 1.3],0.39830639958381653
1,247,[1.2 0.3 1.  0.5 0.  0.1 1.2 1.3],0.3983084410429001
1,248,[1.2 0.3 1.  0.5 0.  0.1 1.2 1.3],0.3983203023672104
1,249,[0.7 0.9 0.3 1.  0.6 0.1 0.3 0.5],0.3998822867870331
1,250,[0.4 1.3 0.4 1.1 0.2 0.8 0.7 0.6],0.40187986195087433
1,251,[0.  0.7 0.9 0.9 0.3 0.5 0.3 0.6],0.40230593085289
1,252,[0.7 0.3 0.5 0.4 0.2 0.  0.1 1.1],0.40241971611976624
1,253,[0.7 0.3 0.5 0.4 0.2 0.  0.1 1.1],0.40247809886932373
1,254,[0.7 0.3 0.5 0.4 0.2 0.  0.1 1.1],0.4024927318096161
1,255,[0.7 0.3 0.5 0.4 0.2 0.  0.1 1.1],0.4025047868490219
1,256,[0.7 0.3 0.5 0.4 0.2 0.  0.1 1.1],0.4025103747844696
1,257,[0.7 0.3 0.5 0.4 0.2 0.  0.1 1.1],0.4025268405675888
1,258,[0.7 0.3 0.5 0.4 0.2 0.  0.1 1.1],0.4025377780199051
1,259,[0.7 0.3 0.5 0.4 0.2 0.  0.1 1.1],0.4025765061378479
1,260,[0.7 0.3 0.5 0.4 0.2 0.  0.1 1.1],0.4025989770889282
1,261,[0.7 0.3 0.5 0.4 0.2 0.  0.1 1.1],0.4026011824607849
1,262,[0.7 0.3 0.5 0.4 0.2 0.  0.1 1.1],0.4026370644569397
1,263,[0.7 0.3 0.5 0.4 0.2 0.  0.1 1.1],0.40264201164245605
1,264,[0.7 0.3 0.5 0.4 0.2 0.  0.1 1.1],0.40264633297920227
1,265,[0.9 1.  0.4 0.5 0.1 0.5 0.1 1.1],0.40409210324287415
1,266,[1.1 0.8 0.6 0.7 0.3 0.1 1.2 0.2],0.4045291990041733
1,267,[1.1 0.8 0.6 0.7 0.3 0.1 1.2 0.2],0.404572069644928
1,268,[1.1 0.8 0.6 0.7 0.3 0.1 1.2 0.2],0.4046039879322052
1,269,[1.1 0.8 0.6 0.7 0.3 0.1 1.2 0.2],0.4046083837747574
1,270,[1.1 0.8 0.6 0.7 0.3 0.1 1.2 0.2],0.40463168919086456
1,271,[1.1 0.8 0.6 0.7 0.3 0.1 1.2 0.2],0.40466511249542236
1,272,[1.1 0.8 0.6 0.7 0.3 0.1 1.2 0.2],0.4048538953065872
1,273,[1.1 0.8 0.6 0.7 0.3 0.1 1.2 0.2],0.4048832952976227
1,274,[1.3 0.7 0.7 0.2 0.  0.  0.7 0.4],0.4053855538368225
1,275,[0.8 1.2 0.  0.9 0.4 0.  1.1 0.9],0.40681615471839905
1,276,[0.8 1.2 0.  0.9 0.4 0.  1.1 0.9],0.4068913459777832
1,277,[0.8 1.2 0.  0.9 0.4 0.  1.1 0.9],0.4069869667291641
1,278,[0.8 1.2 0.  0.9 0.4 0.  1.1 0.9],0.40716229379177094
1,279,[0.8 1.2 0.  0.9 0.4 0.  1.1 0.9],0.4071968197822571
1,280,[0.8 1.2 0.  0.9 0.4 0.  1.1 0.9],0.40727564692497253
1,281,[0.8 1.2 0.  0.9 0.4 0.  1.1 0.9],0.40770791471004486
1,282,[0.6 0.2 0.1 1.3 0.2 0.5 0.8 0.2],0.41351062059402466
1,283,[0.6 0.2 0.1 1.3 0.2 0.5 0.8 0.2],0.4136033356189728
1,284,[0.6 0.2 0.1 1.3 0.2 0.5 0.8 0.2],0.41371457278728485
1,285,[0.6 0.2 0.1 1.3 0.2 0.5 0.8 0.2],0.4137341380119324
1,286,[0.6 0.2 0.1 1.3 0.2 0.5 0.8 0.2],0.4137595146894455
1,287,[0.6 0.2 0.1 1.3 0.2 0.5 0.8 0.2],0.41380247473716736
1,288,[0.6 0.2 0.1 1.3 0.2 0.5 0.8 0.2],0.41382935643196106
1,289,[0.6 0.2 0.1 1.3 0.2 0.5 0.8 0.2],0.41385333240032196
1,290,[0.6 0.2 0.1 1.3 0.2 0.5 0.8 0.2],0.4138737767934799
1,291,[0.3 1.3 0.7 1.2 0.1 0.3 1.2 1.2],0.41725732386112213
1,292,[0.3 1.3 0.7 1.2 0.1 0.3 1.2 1.2],0.41728292405605316
1,293,[0.3 1.3 0.7 1.2 0.1 0.3 1.2 1.2],0.41728970408439636
1,294,[0.3 1.3 0.7 1.2 0.1 0.3 1.2 1.2],0.41736364364624023
1,295,[0.3 1.3 0.7 1.2 0.1 0.3 1.2 1.2],0.4173734337091446
1,296,[0.3 1.3 0.7 1.2 0.1 0.3 1.2 1.2],0.41737549006938934
1,297,[0.3 1.3 0.7 1.2 0.1 0.3 1.2 1.2],0.41737891733646393
1,298,[0.3 1.3 0.7 1.2 0.1 0.3 1.2 1.2],0.41740310192108154
1,299,[0.3 1.3 0.7 1.2 0.1 0.3 1.2 1.2],0.4174409806728363
1,300,[0.3 1.3 0.7 1.2 0.1 0.3 1.2 1.2],0.4174615740776062
1,301,[0.3 1.3 0.7 1.2 0.1 0.3 1.2 1.2],0.4174760431051254
1,302,[0.5 0.5 0.6 0.9 0.3 0.3 0.3 1.3],0.4175717979669571
1,303,[0.5 0.5 0.6 0.9 0.3 0.3 0.3 1.3],0.41771894693374634
1,304,[0.5 0.5 0.6 0.9 0.3 0.3 0.3 1.3],0.4177458733320236
1,305,[0.5 0.5 0.6 0.9 0.3 0.3 0.3 1.3],0.4177866280078888
1,306,[0.5 0.5 0.6 0.9 0.3 0.3 0.3 1.3],0.4178197830915451
1,307,[0.5 0.5 0.6 0.9 0.3 0.3 0.3 1.3],0.41788534820079803
1,308,[0.5 0.5 0.6 0.9 0.3 0.3 0.3 1.3],0.4178942143917084
1,309,[0.4 0.  0.5 0.9 0.4 0.3 0.2 0.2],0.41986072063446045
1,310,[0.4 0.  0.5 0.9 0.4 0.3 0.2 0.2],0.4199792146682739
1,311,[0.4 0.  0.5 0.9 0.4 0.3 0.2 0.2],0.4199896901845932
1,312,[0.4 0.  0.5 0.9 0.4 0.3 0.2 0.2],0.4200097620487213
1,313,[0.4 0.  0.5 0.9 0.4 0.3 0.2 0.2],0.4200654476881027
1,314,[1.  1.1 0.1 0.7 0.4 0.  1.3 0.9],0.4200821965932846
1,315,[0.4 0.  0.5 0.9 0.4 0.3 0.2 0.2],0.42012764513492584
1,316,[0.4 0.  0.5 0.9 0.4 0.3 0.2 0.2],0.4201836585998535
1,317,[0.4 0.  0.5 0.9 0.4 0.3 0.2 0.2],0.4202428609132767
1,318,[0.4 0.  0.5 0.9 0.4 0.3 0.2 0.2],0.42025625705718994
1,319,[0.4 0.  0.5 0.9 0.4 0.3 0.2 0.2],0.4202655553817749
1,320,[1.  1.1 0.1 0.7 0.4 0.  1.3 0.9],0.42028509080410004
1,321,[1.  1.1 0.1 0.7 0.4 0.  1.3 0.9],0.42030155658721924
1,322,[0.4 0.  0.5 0.9 0.4 0.3 0.2 0.2],0.4203099459409714
1,323,[1.  1.1 0.1 0.7 0.4 0.  1.3 0.9],0.42032620310783386
1,324,[0.4 0.  0.5 0.9 0.4 0.3 0.2 0.2],0.4203336536884308
1,325,[1.  1.1 0.1 0.7 0.4 0.  1.3 0.9],0.42034347355365753
1,326,[1.  1.1 0.1 0.7 0.4 0.  1.3 0.9],0.4205882251262665
1,327,[1.  1.1 0.1 0.7 0.4 0.  1.3 0.9],0.42060939967632294
1,328,[0.5 0.2 0.6 0.3 0.1 0.4 0.9 0.3],0.42118507623672485
1,329,[0.5 0.2 0.6 0.3 0.1 0.4 0.9 0.3],0.42120082676410675
1,330,[0.5 0.2 0.6 0.3 0.1 0.4 0.9 0.3],0.4212059825658798
1,331,[0.5 0.2 0.6 0.3 0.1 0.4 0.9 0.3],0.4212239682674408
1,332,[0.5 0.2 0.6 0.3 0.1 0.4 0.9 0.3],0.4212327301502228
1,333,[0.5 0.2 0.6 0.3 0.1 0.4 0.9 0.3],0.42126326262950897
1,334,[0.5 0.2 0.6 0.3 0.1 0.4 0.9 0.3],0.42129071056842804
1,335,[0.5 0.2 0.6 0.3 0.1 0.4 0.9 0.3],0.42132067680358887
1,336,[0.5 0.2 0.6 0.3 0.1 0.4 0.9 0.3],0.421327143907547
1,337,[0.5 0.2 0.6 0.3 0.1 0.4 0.9 0.3],0.4213944971561432
1,338,[1.1 0.7 0.  1.2 0.5 0.  0.9 0.7],0.42654427886009216
1,339,[1.1 0.7 0.  1.2 0.5 0.  0.9 0.7],0.4267052263021469
1,340,[1.3 0.7 0.7 0.2 0.  0.  0.7 0.4],0.4308496117591858
1,341,[0.8 0.  1.1 0.9 0.1 0.1 0.5 0.6],0.43627655506134033
1,342,[0.8 0.  1.1 0.9 0.1 0.1 0.5 0.6],0.43631207942962646
1,343,[0.8 0.  1.1 0.9 0.1 0.1 0.5 0.6],0.43631382286548615
1,344,[0.8 0.  1.1 0.9 0.1 0.1 0.5 0.6],0.4363301694393158
1,345,[0.8 0.  1.1 0.9 0.1 0.1 0.5 0.6],0.4363458901643753
1,346,[0.8 0.  1.1 0.9 0.1 0.1 0.5 0.6],0.43643414974212646
1,347,[0.8 0.  1.1 0.9 0.1 0.1 0.5 0.6],0.4364359676837921
1,348,[1.2 0.4 0.2 0.4 0.2 0.4 0.9 0.2],0.4378756880760193
1,349,[1.2 0.4 0.2 0.4 0.2 0.4 0.9 0.2],0.4379485100507736
1,350,[1.2 0.4 0.2 0.4 0.2 0.4 0.9 0.2],0.43797315657138824
1,351,[1.2 0.4 0.2 0.4 0.2 0.4 0.9 0.2],0.4379764646291733
1,352,[1.2 0.4 0.2 0.4 0.2 0.4 0.9 0.2],0.43801647424697876
1,353,[1.2 0.4 0.2 0.4 0.2 0.4 0.9 0.2],0.438038632273674
1,354,[1.2 0.4 0.2 0.4 0.2 0.4 0.9 0.2],0.4380491375923157
1,355,[1.2 0.4 0.2 0.4 0.2 0.4 0.9 0.2],0.43824540078639984
1,356,[0.4 0.6 0.1 0.4 0.2 0.6 0.6 0.6],0.44339120388031006
1,357,[0.4 0.6 0.1 0.4 0.2 0.6 0.6 0.6],0.44339120388031006
1,358,[1.2 0.1 0.7 1.  0.3 0.6 0.8 1. ],0.44366554915905
1,359,[0.  0.2 1.  0.5 0.  0.4 0.4 0.3],0.4472825229167938
1,360,[0.  0.2 1.  0.5 0.  0.4 0.4 0.3],0.4474532902240753
1,361,[1.2 1.1 0.5 1.  0.3 0.4 1.3 0.6],0.4504055082798004
1,362,[1.2 1.1 0.5 1.  0.3 0.4 1.3 0.6],0.4507643133401871
1,363,[1.2 1.1 0.5 1.  0.3 0.4 1.3 0.6],0.45092444121837616
1,364,[1.2 1.1 0.5 1.  0.3 0.4 1.3 0.6],0.4510146230459213
1,365,[1.2 1.  0.8 1.  0.1 0.5 0.6 0.4],0.4514366686344147
1,366,[1.2 1.  0.8 1.  0.1 0.5 0.6 0.4],0.451584130525589
1,367,[1.2 1.  0.8 1.  0.1 0.5 0.6 0.4],0.45162835717201233
1,368,[1.2 1.  0.8 1.  0.1 0.5 0.6 0.4],0.451741024851799
1,369,[1.2 1.  0.8 1.  0.1 0.5 0.6 0.4],0.45175421237945557
1,370,[1.2 1.  0.8 1.  0.1 0.5 0.6 0.4],0.4517911225557327
1,371,[1.2 1.  0.8 1.  0.1 0.5 0.6 0.4],0.4519100785255432
1,372,[1.3 0.9 0.8 0.9 0.2 0.3 0.3 0.7],0.4542505741119385
1,373,[1.3 0.9 0.8 0.9 0.2 0.3 0.3 0.7],0.4543193578720093
1,374,[1.3 0.9 0.8 0.9 0.2 0.3 0.3 0.7],0.454320564866066
1,375,[1.3 0.9 0.8 0.9 0.2 0.3 0.3 0.7],0.45432497560977936
1,376,[1.3 0.9 0.8 0.9 0.2 0.3 0.3 0.7],0.454566091299057
1,377,[1.3 0.9 0.8 0.9 0.2 0.3 0.3 0.7],0.45457643270492554
1,378,[1.3 0.9 0.8 0.9 0.2 0.3 0.3 0.7],0.45469367504119873
1,379,[1.3 0.6 0.7 1.2 0.  0.8 1.2 0.9],0.45698440074920654
1,380,[0.9 0.8 1.  1.3 0.1 1.  0.7 0.1],0.45745381712913513
1,381,[1.2 0.7 0.5 0.8 0.  0.8 0.2 0.2],0.4606969803571701
1,382,[1.2 0.7 0.5 0.8 0.  0.8 0.2 0.2],0.46071095764636993
1,383,[1.2 0.7 0.5 0.8 0.  0.8 0.2 0.2],0.46078772842884064
1,384,[0.8 0.7 0.6 1.  0.2 0.6 1.3 0.5],0.46089425683021545
1,385,[0.8 0.7 0.6 1.  0.2 0.6 1.3 0.5],0.4609107971191406
1,386,[1.2 0.7 0.5 0.8 0.  0.8 0.2 0.2],0.46095263957977295
1,387,[1.2 0.7 0.5 0.8 0.  0.8 0.2 0.2],0.4609953761100769
1,388,[1.2 0.7 0.5 0.8 0.  0.8 0.2 0.2],0.46101517975330353
1,389,[0.8 0.7 0.6 1.  0.2 0.6 1.3 0.5],0.46108123660087585
1,390,[1.3 0.5 0.5 0.1 0.  0.4 1.3 1.3],0.463566318154335
1,391,[1.3 0.5 0.5 0.1 0.  0.4 1.3 1.3],0.46364861726760864
1,392,[1.3 0.5 0.5 0.1 0.  0.4 1.3 1.3],0.46366503834724426
1,393,[1.3 0.5 0.5 0.1 0.  0.4 1.3 1.3],0.4637167602777481
1,394,[1.3 0.5 0.5 0.1 0.  0.4 1.3 1.3],0.4637213945388794
1,395,[1.3 0.5 0.5 0.1 0.  0.4 1.3 1.3],0.4637332260608673
1,396,[0.5 0.9 0.5 0.2 0.  0.3 0.3 0.3],0.4664492607116699
1,397,[0.5 0.9 0.5 0.2 0.  0.3 0.3 0.3],0.46653135120868683
1,398,[0.5 0.9 0.5 0.2 0.  0.3 0.3 0.3],0.46655529737472534
1,399,[0.5 0.9 0.5 0.2 0.  0.3 0.3 0.3],0.466571107506752
1,400,[0.5 0.9 0.5 0.2 0.  0.3 0.3 0.3],0.46659478545188904
1,401,[0.9 1.  0.4 0.5 0.1 0.5 0.1 1.1],0.46886520087718964
1,402,[0.9 1.  0.4 0.5 0.1 0.5 0.1 1.1],0.46899619698524475
1,403,[0.9 1.  0.4 0.5 0.1 0.5 0.1 1.1],0.4690816253423691
1,404,[0.9 1.  0.4 0.5 0.1 0.5 0.1 1.1],0.4691320210695267
1,405,[0.7 1.1 0.8 1.2 0.  0.6 0.5 0.5],0.4691528230905533
1,406,[0.7 1.1 0.8 1.2 0.  0.6 0.5 0.5],0.4691563695669174
1,407,[0.7 1.1 0.8 1.2 0.  0.6 0.5 0.5],0.4691665917634964
1,408,[0.7 1.1 0.8 1.2 0.  0.6 0.5 0.5],0.4692518264055252
1,409,[0.7 1.1 0.8 1.2 0.  0.6 0.5 0.5],0.4693700224161148
1,410,[0.7 1.1 0.8 1.2 0.  0.6 0.5 0.5],0.4694109559059143
1,411,[1.2 0.1 0.7 1.  0.3 0.6 0.8 1. ],0.4763053357601166
1,412,[1.2 0.1 0.7 1.  0.3 0.6 0.8 1. ],0.4763251394033432
1,413,[1.2 0.1 0.7 1.  0.3 0.6 0.8 1. ],0.4764636754989624
1,414,[1.2 0.1 0.7 1.  0.3 0.6 0.8 1. ],0.47647200524806976
1,415,[0.3 0.  0.1 1.3 0.1 0.7 1.  1. ],0.4812098890542984
1,416,[0.3 0.  0.1 1.3 0.1 0.7 1.  1. ],0.48121896386146545
1,417,[0.3 0.  0.1 1.3 0.1 0.7 1.  1. ],0.4812990874052048
1,418,[0.3 0.  0.1 1.3 0.1 0.7 1.  1. ],0.4815468192100525
1,419,[0.3 0.  0.1 1.3 0.1 0.7 1.  1. ],0.4816405177116394
1,420,[0.3 0.  0.1 1.3 0.1 0.7 1.  1. ],0.48170851171016693
1,421,[1.1 0.3 0.7 0.1 0.1 0.1 0.7 0.3],0.48222678899765015
1,422,[1.1 0.3 0.7 0.1 0.1 0.1 0.7 0.3],0.48222845792770386
1,423,[1.1 0.3 0.7 0.1 0.1 0.1 0.7 0.3],0.4823315441608429
1,424,[1.1 0.3 0.7 0.1 0.1 0.1 0.7 0.3],0.48234185576438904
1,425,[1.1 0.3 0.7 0.1 0.1 0.1 0.7 0.3],0.48239028453826904
1,426,[1.1 0.3 0.7 0.1 0.1 0.1 0.7 0.3],0.4824007600545883
1,427,[1.1 0.3 0.7 0.1 0.1 0.1 0.7 0.3],0.4824647009372711
1,428,[1.1 0.3 0.7 0.1 0.1 0.1 0.7 0.3],0.4824814647436142
1,429,[1.1 0.3 0.7 0.1 0.1 0.1 0.7 0.3],0.48248209059238434
1,430,[1.1 0.3 0.7 0.1 0.1 0.1 0.7 0.3],0.48254090547561646
1,431,[1.1 0.3 0.7 0.1 0.1 0.1 0.7 0.3],0.48261725902557373
1,432,[1.2 0.2 0.8 0.5 0.2 0.5 0.7 1.2],0.48529641330242157
1,433,[1.2 0.2 0.8 0.5 0.2 0.5 0.7 1.2],0.4853792190551758
1,434,[1.2 0.2 0.8 0.5 0.2 0.5 0.7 1.2],0.4853847771883011
1,435,[1.2 0.2 0.8 0.5 0.2 0.5 0.7 1.2],0.4853874444961548
1,436,[1.2 0.2 0.8 0.5 0.2 0.5 0.7 1.2],0.4854050278663635
1,437,[1.2 0.2 0.8 0.5 0.2 0.5 0.7 1.2],0.4854137897491455
1,438,[1.2 0.2 0.8 0.5 0.2 0.5 0.7 1.2],0.4854145050048828
1,439,[1.2 0.2 0.8 0.5 0.2 0.5 0.7 1.2],0.4854912906885147
1,440,[1.2 0.2 0.8 0.5 0.2 0.5 0.7 1.2],0.4855201840400696
1,441,[1.2 0.2 0.8 0.5 0.2 0.5 0.7 1.2],0.48553626239299774
1,442,[1.2 0.2 0.8 0.5 0.2 0.5 0.7 1.2],0.48558154702186584
1,443,[0.  0.2 0.4 1.3 0.5 0.3 0.4 0.5],0.48827654123306274
1,444,[0.  0.2 0.4 1.3 0.5 0.3 0.4 0.5],0.4886041581630707
1,445,[0.  0.2 0.4 1.3 0.5 0.3 0.4 0.5],0.4886978715658188
1,446,[0.  0.2 0.4 1.3 0.5 0.3 0.4 0.5],0.48896118998527527
1,447,[0.  1.1 0.8 1.2 0.3 0.  1.3 0.4],0.489903062582016
1,448,[0.  1.1 0.8 1.2 0.3 0.  1.3 0.4],0.4899812191724777
1,449,[0.  1.1 0.8 1.2 0.3 0.  1.3 0.4],0.4899972975254059
1,450,[0.  1.1 0.8 1.2 0.3 0.  1.3 0.4],0.49001260101795197
1,451,[0.  1.1 0.8 1.2 0.3 0.  1.3 0.4],0.49006620049476624
1,452,[0.  1.1 0.8 1.2 0.3 0.  1.3 0.4],0.49014222621917725
1,453,[1.3 1.  1.  0.4 0.  0.5 0.8 1.2],0.4907056391239166
1,454,[0.2 1.  0.5 0.8 0.1 0.7 1.3 1.2],0.49421583116054535
1,455,[0.2 1.  0.5 0.8 0.1 0.7 1.3 1.2],0.49428679049015045
1,456,[1.2 0.5 0.3 0.  0.1 0.2 1.1 0.7],0.4966987371444702
1,457,[1.2 0.5 0.3 0.  0.1 0.2 1.1 0.7],0.49670127034187317
1,458,[1.2 0.5 0.3 0.  0.1 0.2 1.1 0.7],0.49670471251010895
1,459,[0.2 0.4 0.2 0.9 0.1 0.8 0.4 0.1],0.4979626387357712
1,460,[0.2 0.4 0.2 0.9 0.1 0.8 0.4 0.1],0.4979941248893738
1,461,[0.2 0.4 0.2 0.9 0.1 0.8 0.4 0.1],0.4979965090751648
1,462,[0.2 0.4 0.2 0.9 0.1 0.8 0.4 0.1],0.4980136752128601
1,463,[0.2 0.4 0.2 0.9 0.1 0.8 0.4 0.1],0.49805355072021484
1,464,[0.2 0.4 0.2 0.9 0.1 0.8 0.4 0.1],0.4982486814260483
1,465,[1.3 0.6 0.7 1.2 0.  0.8 1.2 0.9],0.4992646872997284
1,466,[1.3 0.6 0.7 1.2 0.  0.8 1.2 0.9],0.4992786645889282
1,467,[1.3 0.6 0.7 1.2 0.  0.8 1.2 0.9],0.49929121136665344
1,468,[1.3 0.6 0.7 1.2 0.  0.8 1.2 0.9],0.4993172585964203
1,469,[1.3 0.6 0.7 1.2 0.  0.8 1.2 0.9],0.49938517808914185
1,470,[1.3 0.6 0.7 1.2 0.  0.8 1.2 0.9],0.49939778447151184
1,471,[1.3 0.6 0.7 1.2 0.  0.8 1.2 0.9],0.4994351416826248
1,472,[1.3 0.6 0.7 1.2 0.  0.8 1.2 0.9],0.4994461238384247
1,473,[1.3 0.6 0.7 1.2 0.  0.8 1.2 0.9],0.4995093196630478
1,474,[1.3 0.6 0.7 1.2 0.  0.8 1.2 0.9],0.4995727390050888
1,475,[1.3 0.6 0.7 1.2 0.  0.8 1.2 0.9],0.49960027635097504
1,476,[0.1 0.4 0.1 1.1 0.2 0.7 0.1 1. ],0.5047943741083145
1,477,[0.4 0.8 0.4 0.9 0.3 0.6 0.8 0.1],0.5047989040613174
1,478,[0.1 0.4 0.1 1.1 0.2 0.7 0.1 1. ],0.5048618614673615
1,479,[0.4 0.8 0.4 0.9 0.3 0.6 0.8 0.1],0.5049760937690735
1,480,[0.4 0.8 0.4 0.9 0.3 0.6 0.8 0.1],0.5049832612276077
1,481,[0.4 0.8 0.4 0.9 0.3 0.6 0.8 0.1],0.504992887377739
1,482,[0.3 0.  0.  0.3 0.3 0.3 0.9 0.5],0.505097508430481
1,483,[0.4 0.8 0.4 0.9 0.3 0.6 0.8 0.1],0.5051560252904892
1,484,[0.3 0.  0.  0.3 0.3 0.3 0.9 0.5],0.5051561295986176
1,485,[0.4 0.8 0.4 0.9 0.3 0.6 0.8 0.1],0.505159467458725
1,486,[0.1 0.4 0.1 1.1 0.2 0.7 0.1 1. ],0.505225196480751
1,487,[0.3 0.  0.  0.3 0.3 0.3 0.9 0.5],0.505288764834404
1,488,[0.3 0.  0.  0.3 0.3 0.3 0.9 0.5],0.5055467188358307
1,489,[0.  0.6 0.6 0.9 0.1 0.8 0.2 0.7],0.5059820413589478
1,490,[0.  0.6 0.6 0.9 0.1 0.8 0.2 0.7],0.5060021132230759
1,491,[0.  0.6 0.6 0.9 0.1 0.8 0.2 0.7],0.5060805678367615
1,492,[0.6 1.  0.2 0.4 0.3 0.2 0.6 0.8],0.5070576369762421
1,493,[0.6 1.  0.2 0.4 0.3 0.2 0.6 0.8],0.507070854306221
1,494,[0.6 1.  0.2 0.4 0.3 0.2 0.6 0.8],0.5071217715740204
1,495,[0.6 1.  0.2 0.4 0.3 0.2 0.6 0.8],0.5071385353803635
1,496,[0.6 1.  0.2 0.4 0.3 0.2 0.6 0.8],0.5071413218975067
1,497,[0.6 1.  0.2 0.4 0.3 0.2 0.6 0.8],0.5071870684623718
1,498,[0.6 1.  0.2 0.4 0.3 0.2 0.6 0.8],0.5072458982467651
1,499,[0.6 1.  0.2 0.4 0.3 0.2 0.6 0.8],0.5072503834962845
1,500,[0.6 1.  0.2 0.4 0.3 0.2 0.6 0.8],0.5072605311870575
1,501,[0.6 1.  0.2 0.4 0.3 0.2 0.6 0.8],0.507262334227562
1,502,[0.6 1.  0.2 0.4 0.3 0.2 0.6 0.8],0.5072729289531708
1,503,[0.6 1.  0.2 0.4 0.3 0.2 0.6 0.8],0.5072870552539825
1,504,[0.6 1.  0.2 0.4 0.3 0.2 0.6 0.8],0.5072916597127914
1,505,[0.6 1.  0.2 0.4 0.3 0.2 0.6 0.8],0.5074025839567184
1,506,[0.  1.3 0.4 1.3 0.1 0.7 0.2 1.2],0.5077916979789734
1,507,[0.  1.3 0.4 1.3 0.1 0.7 0.2 1.2],0.5079730451107025
1,508,[0.  1.3 0.4 1.3 0.1 0.7 0.2 1.2],0.5080766379833221
1,509,[0.  1.3 0.4 1.3 0.1 0.7 0.2 1.2],0.5081716477870941
1,510,[0.4 1.2 0.1 1.1 0.1 0.7 1.3 0.8],0.5116985142230988
1,511,[0.4 1.2 0.1 1.1 0.1 0.7 1.3 0.8],0.5117015838623047
1,512,[1.3 1.1 0.7 0.3 0.1 0.1 0.3 0.1],0.5155881345272064
1,513,[1.3 1.1 0.7 0.3 0.1 0.1 0.3 0.1],0.5157473385334015
1,514,[1.3 1.1 0.7 0.3 0.1 0.1 0.3 0.1],0.5157659351825714
1,515,[1.3 1.1 0.7 0.3 0.1 0.1 0.3 0.1],0.5157845318317413
1,516,[1.3 1.1 0.7 0.3 0.1 0.1 0.3 0.1],0.5158888250589371
1,517,[1.3 1.1 0.7 0.3 0.1 0.1 0.3 0.1],0.5160467475652695
1,518,[0.4 0.4 0.2 0.3 0.3 0.2 0.1 1.1],0.5181695520877838
1,519,[0.4 0.4 0.2 0.3 0.3 0.2 0.1 1.1],0.518172413110733
1,520,[0.4 0.4 0.2 0.3 0.3 0.2 0.1 1.1],0.5183194875717163
1,521,[0.4 0.4 0.2 0.3 0.3 0.2 0.1 1.1],0.5184611231088638
1,522,[0.4 0.4 0.2 0.3 0.3 0.2 0.1 1.1],0.5186107009649277
1,523,[0.9 0.8 0.4 1.1 0.5 0.3 0.3 1. ],0.5190872550010681
1,524,[0.9 0.8 0.4 1.1 0.5 0.3 0.3 1. ],0.5194128751754761
1,525,[0.9 0.8 0.4 1.1 0.5 0.3 0.3 1. ],0.5195527970790863
1,526,[0.9 0.8 0.4 1.1 0.5 0.3 0.3 1. ],0.519666314125061
1,527,[0.1 0.  1.  0.9 0.4 0.2 1.2 1.3],0.5205448567867279
1,528,[0.1 0.  1.  0.9 0.4 0.2 1.2 1.3],0.5206232666969299
1,529,[0.1 0.  1.  0.9 0.4 0.2 1.2 1.3],0.5206377506256104
1,530,[0.1 0.  1.  0.9 0.4 0.2 1.2 1.3],0.5206573158502579
1,531,[0.1 0.  1.  0.9 0.4 0.2 1.2 1.3],0.5207452774047852
1,532,[1.2 1.2 0.2 1.1 0.5 0.3 0.9 0.3],0.5215410888195038
1,533,[0.9 0.9 0.9 0.9 0.3 0.  0.7 1. ],0.5217062085866928
1,534,[0.9 0.9 0.9 0.9 0.3 0.  0.7 1. ],0.5217864215373993
1,535,[1.2 1.2 0.2 1.1 0.5 0.3 0.9 0.3],0.5218568295240402
1,536,[1.1 0.4 0.8 0.4 0.2 0.5 1.3 0.6],0.5258119702339172
1,537,[1.1 0.4 0.8 0.4 0.2 0.5 1.3 0.6],0.5258576720952988
1,538,[1.1 0.4 0.8 0.4 0.2 0.5 1.3 0.6],0.5258877277374268
1,539,[1.1 0.4 0.8 0.4 0.2 0.5 1.3 0.6],0.5260903239250183
1,540,[1.1 0.4 0.8 0.4 0.2 0.5 1.3 0.6],0.5260924696922302
1,541,[0.3 1.2 1.  1.1 0.  0.5 0.5 1. ],0.5268141776323318
1,542,[0.5 0.8 1.  0.4 0.1 0.2 0.4 0.6],0.5277489721775055
1,543,[0.2 0.7 0.7 1.2 0.4 0.3 0.  0.7],0.5280906856060028
1,544,[0.2 0.7 0.7 1.2 0.4 0.3 0.  0.7],0.5282993614673615
1,545,[0.2 0.7 0.7 1.2 0.4 0.3 0.  0.7],0.5283419489860535
1,546,[0.2 0.7 0.7 1.2 0.4 0.3 0.  0.7],0.5284028053283691
1,547,[1.  0.2 0.6 0.3 0.3 0.6 0.8 0.9],0.5287218391895294
1,548,[0.8 0.1 0.2 0.6 0.6 0.1 0.8 0.4],0.5294232070446014
1,549,[0.7 0.8 0.3 0.1 0.  0.4 0.  1. ],0.529543548822403
1,550,[0.7 0.8 0.3 0.1 0.  0.4 0.  1. ],0.5295594036579132
1,551,[1.3 1.3 0.6 1.3 0.4 0.3 1.2 0.6],0.5295626521110535
1,552,[1.3 1.3 0.6 1.3 0.4 0.3 1.2 0.6],0.5295748114585876
1,553,[1.3 1.3 0.6 1.3 0.4 0.3 1.2 0.6],0.5296193659305573
1,554,[1.3 1.3 0.6 1.3 0.4 0.3 1.2 0.6],0.5296815633773804
1,555,[1.3 1.3 0.6 1.3 0.4 0.3 1.2 0.6],0.5297147929668427
1,556,[0.7 0.8 0.3 0.1 0.  0.4 0.  1. ],0.5297647714614868
1,557,[1.3 1.3 0.6 1.3 0.4 0.3 1.2 0.6],0.5297912061214447
1,558,[0.8 0.1 0.2 0.6 0.6 0.1 0.8 0.4],0.5298961997032166
1,559,[0.2 0.6 0.3 0.8 0.6 0.1 0.9 1.3],0.5302499234676361
1,560,[0.2 0.6 0.3 0.8 0.6 0.1 0.9 1.3],0.5304521322250366
1,561,[0.2 0.6 0.3 0.8 0.6 0.1 0.9 1.3],0.530540406703949
1,562,[0.9 1.1 0.3 1.  0.3 0.6 0.  0.2],0.5306704640388489
1,563,[0.9 1.1 0.3 1.  0.3 0.6 0.  0.2],0.5307142734527588
1,564,[0.9 1.1 0.3 1.  0.3 0.6 0.  0.2],0.5307292342185974
1,565,[0.9 1.1 0.3 1.  0.3 0.6 0.  0.2],0.5310012400150299
1,566,[0.9 1.1 0.3 1.  0.3 0.6 0.  0.2],0.5310279130935669
1,567,[0.9 0.9 1.1 0.5 0.2 0.3 0.9 0. ],0.5315867066383362
1,568,[1.2 0.5 0.5 0.8 0.4 0.5 0.  0.1],0.5316506326198578
1,569,[1.2 0.5 0.5 0.8 0.4 0.5 0.  0.1],0.5318367332220078
1,570,[0.1 1.1 0.3 1.3 0.2 0.7 0.4 0.5],0.5344583094120026
1,571,[0.1 1.1 0.3 1.3 0.2 0.7 0.4 0.5],0.534517765045166
1,572,[0.1 1.1 0.3 1.3 0.2 0.7 0.4 0.5],0.5348096787929535
1,573,[0.4 0.2 1.1 1.  0.1 0.6 0.  0.7],0.5353920459747314
1,574,[0.4 0.2 1.1 1.  0.1 0.6 0.  0.7],0.5354468822479248
1,575,[0.4 0.2 1.1 1.  0.1 0.6 0.  0.7],0.5355340838432312
1,576,[0.4 0.2 1.1 1.  0.1 0.6 0.  0.7],0.5355539321899414
1,577,[0.4 0.2 1.1 1.  0.1 0.6 0.  0.7],0.5356283783912659
1,578,[0.4 0.2 1.1 1.  0.1 0.6 0.  0.7],0.5357229113578796
1,579,[0.4 0.2 1.1 1.  0.1 0.6 0.  0.7],0.5357507169246674
1,580,[0.4 0.2 1.1 1.  0.1 0.6 0.  0.7],0.535751074552536
1,581,[0.3 0.6 0.5 0.2 0.2 0.3 0.4 0.1],0.5381986796855927
1,582,[0.3 0.6 0.5 0.2 0.2 0.3 0.4 0.1],0.5381993353366852
1,583,[0.3 0.6 0.5 0.2 0.2 0.3 0.4 0.1],0.5382254719734192
1,584,[0.3 0.6 0.5 0.2 0.2 0.3 0.4 0.1],0.5382396578788757
1,585,[0.3 0.6 0.5 0.2 0.2 0.3 0.4 0.1],0.5383182764053345
1,586,[1.2 1.1 0.3 1.  0.  0.9 0.2 0.8],0.5386517941951752
1,587,[1.2 1.1 0.3 1.  0.  0.9 0.2 0.8],0.5387223660945892
1,588,[1.2 1.1 0.3 1.  0.  0.9 0.2 0.8],0.5387910604476929
1,589,[1.2 1.1 0.3 1.  0.  0.9 0.2 0.8],0.5389455556869507
1,590,[0.6 0.9 0.3 0.7 0.1 0.8 1.  0.7],0.5478349328041077
1,591,[0.6 0.9 0.3 0.7 0.1 0.8 1.  0.7],0.5480746328830719
1,592,[1.3 0.6 0.8 1.  0.3 0.6 0.1 0.4],0.5507761538028717
1,593,[1.3 0.6 0.8 1.  0.3 0.6 0.1 0.4],0.5507918298244476
1,594,[0.2 0.  1.  1.1 0.1 0.8 0.6 0.1],0.5509568452835083
1,595,[0.2 0.  1.  1.1 0.1 0.8 0.6 0.1],0.550978422164917
1,596,[0.2 0.  1.  1.1 0.1 0.8 0.6 0.1],0.5509935915470123
1,597,[0.2 0.  1.  1.1 0.1 0.8 0.6 0.1],0.5510850548744202
1,598,[0.7 0.9 0.3 1.  0.6 0.1 0.3 0.5],0.5524601936340332
1,599,[0.7 0.9 0.3 1.  0.6 0.1 0.3 0.5],0.5527818202972412
1,600,[1.  0.7 0.7 1.3 0.  0.9 0.4 0.4],0.5578499734401703
1,601,[1.  0.1 0.4 0.9 0.3 0.8 0.7 0.4],0.5588520169258118
1,602,[1.  0.1 0.4 0.9 0.3 0.8 0.7 0.4],0.5588579177856445
1,603,[1.  0.1 0.4 0.9 0.3 0.8 0.7 0.4],0.5590706765651703
1,604,[1.  0.1 0.4 0.9 0.3 0.8 0.7 0.4],0.5592357516288757
1,605,[0.5 1.3 0.2 0.3 0.2 0.3 0.2 0. ],0.5635029077529907
1,606,[0.5 1.3 0.2 0.3 0.2 0.3 0.2 0. ],0.5636716783046722
1,607,[0.5 1.3 0.2 0.3 0.2 0.3 0.2 0. ],0.5637168288230896
1,608,[0.8 0.3 0.4 1.1 0.3 0.8 0.2 0. ],0.56807541847229
1,609,[1.2 1.2 0.7 1.2 0.2 0.7 0.4 0.9],0.5702692568302155
1,610,[1.2 1.2 0.7 1.2 0.2 0.7 0.4 0.9],0.5703871250152588
1,611,[1.2 1.2 0.7 1.2 0.2 0.7 0.4 0.9],0.5705171525478363
1,612,[0.4 0.6 0.1 0.4 0.2 0.6 0.6 0.6],0.5719271600246429
1,613,[0.4 0.6 0.1 0.4 0.2 0.6 0.6 0.6],0.5721986889839172
1,614,[0.4 0.6 0.1 0.4 0.2 0.6 0.6 0.6],0.5722064971923828
1,615,[0.4 0.6 0.1 0.4 0.2 0.6 0.6 0.6],0.57221320271492
1,616,[0.4 0.6 0.1 0.4 0.2 0.6 0.6 0.6],0.5723400115966797
1,617,[0.5 0.8 1.  0.4 0.1 0.2 0.4 0.6],0.5736219584941864
1,618,[0.5 0.8 1.  0.4 0.1 0.2 0.4 0.6],0.5736970603466034
1,619,[0.5 0.8 1.  0.4 0.1 0.2 0.4 0.6],0.5737756490707397
1,620,[0.5 0.8 1.  0.4 0.1 0.2 0.4 0.6],0.5737796127796173
1,621,[0.5 0.8 1.  0.4 0.1 0.2 0.4 0.6],0.5737981200218201
1,622,[0.5 0.8 1.  0.4 0.1 0.2 0.4 0.6],0.573869526386261
1,623,[0.5 0.8 1.  0.4 0.1 0.2 0.4 0.6],0.5739311277866364
1,624,[0.5 0.8 1.  0.4 0.1 0.2 0.4 0.6],0.5740116834640503
1,625,[0.5 0.8 1.  0.4 0.1 0.2 0.4 0.6],0.5740367770195007
1,626,[0.5 0.8 1.  0.4 0.1 0.2 0.4 0.6],0.5743931233882904
1,627,[0.  0.7 0.9 0.9 0.3 0.5 0.3 0.6],0.5756591856479645
1,628,[1.1 0.5 0.3 0.9 0.6 0.4 1.1 1. ],0.5776803493499756
1,629,[1.3 1.  1.  0.4 0.  0.5 0.8 1.2],0.5808752775192261
1,630,[1.3 1.  1.  0.4 0.  0.5 0.8 1.2],0.5813786685466766
1,631,[0.4 1.2 1.  0.4 0.  0.1 0.4 0.4],0.5835502743721008
1,632,[0.4 0.2 1.3 0.9 0.1 0.3 0.5 0.6],0.5840000510215759
1,633,[1.2 0.4 0.2 0.4 0.2 0.4 0.9 0.2],0.589013397693634
1,634,[0.4 0.4 0.6 0.2 0.3 0.2 0.2 0.7],0.5901363492012024
1,635,[0.4 0.4 0.6 0.2 0.3 0.2 0.2 0.7],0.5902040302753448
1,636,[0.4 1.3 0.4 1.1 0.2 0.8 0.7 0.6],0.592122882604599
1,637,[0.1 0.7 0.1 0.4 0.  0.2 0.4 0.8],0.5923202633857727
1,638,[0.4 0.  0.5 1.  0.7 0.3 0.8 0.5],0.5925754010677338
1,639,[0.4 0.  0.5 1.  0.7 0.3 0.8 0.5],0.5926500856876373
1,640,[0.4 0.  0.5 1.  0.7 0.3 0.8 0.5],0.5927814543247223
1,641,[0.4 0.  0.5 1.  0.7 0.3 0.8 0.5],0.592858761548996
1,642,[0.5 0.  1.1 0.7 0.  0.9 0.8 0.9],0.5970096290111542
1,643,[0.5 0.  1.1 0.7 0.  0.9 0.8 0.9],0.5971089601516724
1,644,[0.5 0.  1.1 0.7 0.  0.9 0.8 0.9],0.597245067358017
1,645,[0.5 0.  1.1 0.7 0.  0.9 0.8 0.9],0.5972815155982971
1,646,[0.5 0.  1.1 0.7 0.  0.9 0.8 0.9],0.5974704027175903
1,647,[0.3 0.1 1.  0.6 0.3 0.6 1.2 0.1],0.600826621055603
1,648,[0.3 0.1 1.  0.6 0.3 0.6 1.2 0.1],0.6008530557155609
1,649,[0.3 0.1 1.  0.6 0.3 0.6 1.2 0.1],0.6008995175361633
1,650,[0.1 1.2 0.9 0.3 0.1 0.  0.9 1.1],0.602950394153595
1,651,[1.  0.6 0.6 0.3 0.4 0.3 1.  0. ],0.6066232323646545
1,652,[1.  0.6 0.6 0.3 0.4 0.3 1.  0. ],0.6069142818450928
1,653,[1.  0.6 0.6 0.3 0.4 0.3 1.  0. ],0.6070472896099091
1,654,[1.  0.2 0.6 0.3 0.3 0.6 0.8 0.9],0.6087172627449036
1,655,[0.9 0.1 0.9 1.  0.2 0.9 0.1 1. ],0.6142608523368835
1,656,[1.  1.2 0.6 0.2 0.2 0.1 0.2 0.4],0.6143503487110138
1,657,[1.  1.2 0.6 0.2 0.2 0.1 0.2 0.4],0.6144140660762787
1,658,[0.9 0.3 0.8 0.7 0.5 0.4 0.4 0.6],0.6157783567905426
1,659,[1.2 0.2 0.5 0.4 0.1 0.9 1.2 0.6],0.6170049607753754
1,660,[0.1 0.1 0.1 1.2 0.3 0.8 1.  0.7],0.6170343458652496
1,661,[0.1 0.1 0.1 1.2 0.3 0.8 1.  0.7],0.6171503067016602
1,662,[0.1 0.1 0.1 1.2 0.3 0.8 1.  0.7],0.6177608370780945
1,663,[0.9 0.1 0.5 1.2 0.4 0.8 0.8 0.8],0.6189965009689331
1,664,[0.5 0.3 0.6 0.3 0.2 0.7 0.2 0.4],0.6209766566753387
1,665,[0.5 0.3 0.6 0.3 0.2 0.7 0.2 0.4],0.6209980845451355
1,666,[0.5 0.3 0.6 0.3 0.2 0.7 0.2 0.4],0.6213735342025757
1,667,[0.1 0.2 0.7 0.3 0.4 0.7 1.1 0. ],0.6240251064300537
1,668,[0.1 0.1 0.6 0.6 0.1 1.  0.  1.2],0.6278930306434631
1,669,[0.2 0.6 0.  0.5 0.5 0.3 0.5 1.3],0.6279129683971405
1,670,[0.1 0.1 0.6 0.6 0.1 1.  0.  1.2],0.6281688511371613
1,671,[0.  0.6 0.  0.1 0.2 0.4 0.8 0.7],0.6296913027763367
1,672,[0.  0.6 0.  0.1 0.2 0.4 0.8 0.7],0.6297219693660736
1,673,[0.6 0.  1.3 0.5 0.3 0.6 0.  0.9],0.6307028234004974
1,674,[1.2 1.3 0.3 0.7 0.6 0.1 0.5 0. ],0.6319383978843689
1,675,[1.2 1.3 0.3 0.7 0.6 0.1 0.5 0. ],0.6321896314620972
1,676,[1.2 1.3 0.3 0.7 0.6 0.1 0.5 0. ],0.6322416067123413
1,677,[1.2 1.3 0.3 0.7 0.6 0.1 0.5 0. ],0.63237664103508
1,678,[1.2 1.3 0.3 0.7 0.6 0.1 0.5 0. ],0.6324013769626617
1,679,[1.2 1.3 0.3 0.7 0.6 0.1 0.5 0. ],0.6324797570705414
1,680,[1.2 1.3 0.3 0.7 0.6 0.1 0.5 0. ],0.6326372921466827
1,681,[1.  0.2 1.  0.2 0.4 0.1 0.9 0.6],0.6345584392547607
1,682,[0.3 0.8 0.4 0.8 0.2 0.9 1.1 0.3],0.6361202299594879
1,683,[1.3 1.3 0.  0.4 0.3 0.4 0.  0.3],0.6388061344623566
1,684,[1.  1.  0.2 1.2 0.7 0.3 1.1 0.6],0.6393124759197235
1,685,[0.6 0.8 0.9 0.9 0.3 0.7 0.9 0.9],0.6401576697826385
1,686,[0.6 0.8 0.9 0.9 0.3 0.7 0.9 0.9],0.6401679515838623
1,687,[0.6 0.8 0.9 0.9 0.3 0.7 0.9 0.9],0.6403140723705292
1,688,[0.  1.1 0.2 0.3 0.3 0.4 0.2 0. ],0.642009973526001
1,689,[0.8 1.1 1.  0.9 0.3 0.4 0.2 0.3],0.6420349776744843
1,690,[0.  1.1 0.2 0.3 0.3 0.4 0.2 0. ],0.6420579254627228
1,691,[0.5 1.  0.9 0.5 0.3 0.2 0.3 0.8],0.6430061757564545
1,692,[0.6 0.  0.8 0.  0.3 0.  0.7 0.8],0.6442879736423492
1,693,[0.  0.1 0.1 1.3 0.8 0.2 1.1 0.8],0.6444844901561737
1,694,[0.1 1.1 1.2 0.8 0.1 0.  0.7 0.2],0.645131379365921
1,695,[0.1 1.1 1.2 0.8 0.1 0.  0.7 0.2],0.6452364921569824
1,696,[0.9 0.9 1.1 0.5 0.2 0.3 0.9 0. ],0.6457354128360748
1,697,[0.9 0.9 1.1 0.5 0.2 0.3 0.9 0. ],0.6458732783794403
1,698,[1.1 0.8 0.2 0.1 0.2 0.5 1.  0.3],0.6482073962688446
1,699,[1.1 0.5 0.8 0.7 0.5 0.4 0.1 0.3],0.6496530473232269
1,700,[0.1 0.5 0.8 1.2 0.1 1.  0.6 0.4],0.6516074240207672
1,701,[0.1 0.5 0.8 1.2 0.1 1.  0.6 0.4],0.6518809199333191
1,702,[0.4 0.1 0.8 0.9 0.4 0.8 0.4 1. ],0.6542274951934814
1,703,[0.3 0.5 1.3 1.  0.2 0.1 0.8 0.2],0.6548294126987457
1,704,[0.4 1.3 1.  1.3 0.  0.8 0.4 1.2],0.6568497717380524
1,705,[0.4 1.3 1.  1.3 0.  0.8 0.4 1.2],0.656866729259491
1,706,[0.4 1.3 1.  1.3 0.  0.8 0.4 1.2],0.6569834351539612
1,707,[0.4 0.5 0.  0.9 0.6 0.5 1.3 0.8],0.6613750159740448
1,708,[0.4 0.5 0.  0.9 0.6 0.5 1.3 0.8],0.6616648733615875
1,709,[1.  0.5 1.2 0.5 0.2 0.3 0.5 1.1],0.6621160805225372
1,710,[1.  0.5 1.2 0.5 0.2 0.3 0.5 1.1],0.6628657579421997
1,711,[0.7 1.  0.3 0.2 0.1 0.7 0.9 1.3],0.6633088886737823
1,712,[0.7 1.  0.3 0.2 0.1 0.7 0.9 1.3],0.6633181571960449
1,713,[0.7 1.  0.3 0.2 0.1 0.7 0.9 1.3],0.6633477210998535
1,714,[1.  0.2 0.5 0.3 0.4 0.6 0.9 0.7],0.6634376645088196
1,715,[0.5 0.9 1.2 1.3 0.2 0.  1.2 0.7],0.6635456085205078
1,716,[0.5 0.9 1.2 1.3 0.2 0.  1.2 0.7],0.6636668145656586
1,717,[0.3 1.3 0.7 0.2 0.2 0.5 0.2 0.8],0.6697510778903961
1,718,[0.1 1.3 0.4 0.6 0.1 0.9 0.6 1.3],0.6702811419963837
1,719,[0.1 1.3 0.4 0.6 0.1 0.9 0.6 1.3],0.670579344034195
1,720,[0.1 1.2 0.5 0.1 0.2 0.4 1.1 0.1],0.6746241748332977
1,721,[0.  0.3 0.7 1.  0.6 0.6 1.3 0.3],0.6746983230113983
1,722,[0.7 0.1 1.  1.2 0.1 1.  1.2 0.3],0.6881977319717407
1,723,[0.7 0.1 1.  1.2 0.1 1.  1.2 0.3],0.6882607936859131
1,724,[0.7 0.1 1.  1.2 0.1 1.  1.2 0.3],0.6882761716842651
1,725,[0.7 0.1 1.  1.2 0.1 1.  1.2 0.3],0.6884178817272186
1,726,[0.7 0.1 1.  1.2 0.1 1.  1.2 0.3],0.6884194612503052
1,727,[0.7 0.1 1.  1.2 0.1 1.  1.2 0.3],0.6884221434593201
1,728,[0.7 0.1 1.  1.2 0.1 1.  1.2 0.3],0.688482403755188
1,729,[0.7 0.1 1.  1.2 0.1 1.  1.2 0.3],0.688676655292511
1,730,[1.2 1.2 0.3 1.1 0.4 0.8 0.2 0.9],0.6925209760665894
1,731,[0.2 0.8 0.2 1.3 0.6 0.6 1.1 0.6],0.6955205798149109
1,732,[1.1 0.7 0.3 1.  0.1 1.1 0.  0.7],0.6962092220783234
1,733,[0.4 0.9 0.6 1.3 0.3 0.9 1.  0.9],0.7007475197315216
1,734,[0.8 0.6 0.3 1.  0.9 0.  1.2 0.7],0.7010666728019714
1,735,[0.  0.1 0.7 0.8 0.4 0.9 0.8 1.3],0.7031003534793854
1,736,[0.  0.1 0.7 0.8 0.4 0.9 0.8 1.3],0.7032749354839325
1,737,[0.2 0.5 0.8 0.4 0.4 0.6 1.3 0.5],0.7033343613147736
1,738,[1.  0.  0.9 0.2 0.5 0.1 1.  1.1],0.7080929279327393
1,739,[1.  0.  0.9 0.2 0.5 0.1 1.  1.1],0.7081293761730194
1,740,[1.  0.  0.9 0.2 0.5 0.1 1.  1.1],0.7081816494464874
1,741,[1.  0.  0.9 0.2 0.5 0.1 1.  1.1],0.7082549929618835
1,742,[1.  0.  0.9 0.2 0.5 0.1 1.  1.1],0.7083599865436554
1,743,[1.  0.  0.9 0.2 0.5 0.1 1.  1.1],0.7083670496940613
1,744,[1.2 1.  0.4 1.3 0.2 1.  0.8 0.8],0.7085844874382019
1,745,[1.2 1.  0.4 1.3 0.2 1.  0.8 0.8],0.7088110446929932
1,746,[1.2 1.  0.4 1.3 0.2 1.  0.8 0.8],0.7088994681835175
1,747,[1.2 1.  0.6 0.  0.  0.7 1.3 0.6],0.709890604019165
1,748,[1.  0.2 1.  0.2 0.4 0.1 0.9 0.6],0.7115419507026672
1,749,[1.2 0.  0.4 0.7 0.3 1.  0.1 1.1],0.711589127779007
1,750,[1.2 0.  0.4 0.7 0.3 1.  0.1 1.1],0.7117856442928314
1,751,[0.6 0.2 0.8 0.5 0.4 0.8 1.2 1. ],0.7290536463260651
1,752,[0.4 1.2 0.6 1.2 0.7 0.3 0.5 0.7],0.7297963798046112
1,753,[0.7 0.6 0.3 0.4 0.1 1.  0.1 0. ],0.73357954621315
1,754,[0.4 1.1 0.2 0.  0.1 0.6 1.  0.8],0.7371473610401154
1,755,[1.  0.1 0.1 0.1 0.5 0.3 0.4 0.2],0.7372354865074158
1,756,[1.1 0.1 0.8 0.1 0.4 0.2 0.  1.1],0.7376284599304199
1,757,[0.8 0.  0.7 0.1 0.3 0.7 0.8 0.9],0.73801189661026
1,758,[1.  0.7 0.9 0.5 0.2 0.9 0.7 0.9],0.7408324778079987
1,759,[0.6 1.1 1.1 0.2 0.1 0.3 0.9 1.1],0.7419420182704926
1,760,[0.3 1.3 0.7 0.2 0.2 0.5 0.2 0.8],0.7429972887039185
1,761,[0.3 1.3 0.7 0.2 0.2 0.5 0.2 0.8],0.743052065372467
1,762,[0.8 0.8 0.5 0.8 0.4 0.9 0.3 0. ],0.7451830804347992
1,763,[0.5 0.6 0.4 0.4 0.  1.1 0.9 0. ],0.7522824108600616
1,764,[1.1 0.  0.9 1.3 0.6 0.7 1.2 0.8],0.7542205154895782
1,765,[0.5 0.8 0.  1.3 0.2 1.  0.1 0.3],0.754808098077774
1,766,[0.8 1.1 0.2 0.  0.4 0.1 0.6 1. ],0.7600376904010773
1,767,[0.  1.2 0.8 0.8 0.5 0.6 1.  1.3],0.7611843347549438
1,768,[0.1 0.4 1.1 0.2 0.2 0.6 0.8 1.3],0.7638034224510193
1,769,[0.9 0.9 0.2 1.3 0.2 1.1 0.6 0.2],0.7969936430454254
1,770,[0.6 0.7 1.  0.7 0.6 0.4 0.8 1.1],0.799775093793869
1,771,[0.6 0.1 0.2 0.9 0.8 0.6 0.9 0.5],0.8082786202430725
1,772,[0.2 0.2 0.2 1.  0.3 1.1 0.9 1.2],0.8106378614902496
1,773,[0.2 0.8 0.4 0.5 0.7 0.3 0.  0.7],0.8183853626251221
1,774,[0.3 0.9 0.7 1.  0.6 0.8 0.9 0. ],0.8291495442390442
1,775,[0.3 0.9 0.7 1.  0.6 0.8 0.9 0. ],0.8292124569416046
1,776,[0.3 0.9 0.7 1.  0.6 0.8 0.9 0. ],0.8292805552482605
1,777,[0.3 0.9 0.7 1.  0.6 0.8 0.9 0. ],0.8292821943759918
1,778,[0.3 0.9 0.7 1.  0.6 0.8 0.9 0. ],0.8293431401252747
1,779,[0.3 0.9 0.7 1.  0.6 0.8 0.9 0. ],0.8293769061565399
1,780,[0.3 0.9 0.7 1.  0.6 0.8 0.9 0. ],0.8295387625694275
1,781,[0.3 0.9 0.7 1.  0.6 0.8 0.9 0. ],0.829552412033081
1,782,[0.3 0.9 0.7 1.  0.6 0.8 0.9 0. ],0.8299447298049927
1,783,[1.2 0.  0.1 1.3 0.3 1.1 0.  0.7],0.8332878649234772
1,784,[1.1 0.9 0.  0.4 0.  1.1 0.6 0.8],0.8512086272239685
1,785,[0.2 0.9 1.  1.  0.7 0.2 0.2 0.6],0.8607344925403595
1,786,[0.8 0.4 0.7 1.  1.  0.2 1.3 0. ],0.8647402822971344
1,787,[1.2 0.4 0.9 0.5 0.5 0.8 0.  1.1],0.868563175201416
1,788,[1.2 0.4 0.9 0.5 0.5 0.8 0.  1.1],0.8689169883728027
1,789,[1.2 0.4 0.9 0.5 0.5 0.8 0.  1.1],0.8689581453800201
1,790,[1.2 0.4 0.9 0.5 0.5 0.8 0.  1.1],0.869030237197876
1,791,[1.2 0.4 0.9 0.5 0.5 0.8 0.  1.1],0.8690328896045685
1,792,[0.  0.4 0.  1.  0.6 0.9 1.1 0.1],0.9062232971191406
1,793,[1.  1.3 1.3 0.6 0.  1.  1.  0.4],0.9181413054466248
1,794,[0.1 0.2 0.7 0.8 0.7 0.9 0.6 0. ],0.9215142726898193
1,795,[0.1 0.2 0.7 0.8 0.7 0.9 0.6 0. ],0.9216496646404266
1,796,[0.8 0.9 0.1 0.4 1.  0.3 0.4 0.5],1.1279890537261963
1,797,[0.8 0.9 0.1 0.4 1.  0.3 0.4 0.5],1.1283358335494995
1,798,[0.8 0.9 0.1 0.4 1.  0.3 0.4 0.5],1.128443717956543
1,799,[0.1 1.2 0.2 0.  1.3 0.4 0.3 0.2],1.7945446372032166
2,0,[1.1 0.1 0.  1.  0.  0.  0.7 1.3],0.06304706074297428
2,1,[1.1 0.1 0.  1.  0.  0.  0.7 1.3],0.06304706074297428
2,2,[1.1 0.1 0.  1.  0.  0.  0.7 1.3],0.06304706074297428
2,3,[1.1 0.1 0.  1.  0.  0.  0.7 1.3],0.06315240263938904
2,4,[1.1 0.1 0.  1.  0.  0.  0.7 1.3],0.06315240263938904
2,5,[1.1 0.1 0.  1.  0.  0.  0.7 1.3],0.06315240263938904
2,6,[0.5 0.3 0.4 1.3 0.2 0.1 0.9 0.7],0.07416005060076714
2,7,[0.5 0.3 0.4 1.3 0.2 0.1 0.9 0.7],0.07416005060076714
2,8,[0.  0.1 0.  1.  0.  0.  0.2 1.3],0.11014982685446739
2,9,[1.1 0.1 0.  1.  0.  0.  0.7 1.3],0.11020678654313087
2,10,[1.1 0.1 0.  1.  0.  0.  0.7 1.3],0.11025398969650269
2,11,[0.  0.1 1.  0.4 0.  0.3 1.1 1.3],0.12377924472093582
2,12,[0.  0.1 0.5 1.2 0.  0.3 1.1 1.3],0.12388662248849869
2,13,[0.  0.1 0.5 1.2 0.  0.3 1.1 1.3],0.12388676404953003
2,14,[0.3 0.9 0.4 1.2 0.3 0.  1.  0.8],0.13682550936937332
2,15,[0.3 0.7 1.2 0.8 0.  0.  0.3 0.9],0.13794171810150146
2,16,[0.3 0.7 1.2 0.8 0.  0.  0.3 0.9],0.13794171810150146
2,17,[0.5 0.3 0.4 1.3 0.2 0.1 0.9 0.7],0.14845309406518936
2,18,[1.1 0.1 0.1 1.  0.  0.  0.7 0.2],0.14954832196235657
2,19,[1.1 0.1 0.1 1.  0.  0.  0.7 0.2],0.1495826244354248
2,20,[1.1 0.1 0.1 1.  0.  0.  0.7 0.2],0.14960481226444244
2,21,[1.1 0.1 0.1 1.  0.  0.  0.7 0.2],0.14971508085727692
2,22,[1.1 0.1 0.1 1.  0.  0.  0.7 0.2],0.1497369334101677
2,23,[1.1 0.1 0.1 1.  0.  0.  0.7 0.2],0.14974814653396606
2,24,[1.1 0.1 0.1 1.  0.  0.  0.7 0.2],0.14975620061159134
2,25,[1.1 0.1 0.1 1.  0.  0.  0.7 0.2],0.14977110922336578
2,26,[1.1 0.1 0.1 1.  0.  0.  0.7 0.2],0.14980071783065796
2,27,[1.1 0.1 0.1 1.  0.  0.  0.7 0.2],0.14980130642652512
2,28,[1.1 0.1 0.1 1.  0.  0.  0.7 0.2],0.14985638856887817
2,29,[1.1 0.1 0.1 1.  0.  0.  0.7 0.2],0.15222780406475067
2,30,[0.  0.7 0.2 1.2 0.  0.3 0.2 0.2],0.15650583803653717
2,31,[0.  0.7 0.2 1.2 0.  0.3 0.2 0.2],0.15653464198112488
2,32,[0.  0.7 0.2 1.2 0.  0.3 0.2 0.2],0.15656889230012894
2,33,[0.  0.7 0.2 1.2 0.2 0.3 1.2 0.2],0.15690679848194122
2,34,[1.1 0.1 0.  1.  0.  0.  0.7 1.3],0.16150430589914322
2,35,[1.1 0.1 0.  1.  0.  0.  0.7 1.3],0.16157224029302597
2,36,[1.1 0.1 0.  1.  0.  0.  0.7 1.3],0.16162388026714325
2,37,[1.1 0.1 0.  1.  0.  0.  0.7 1.3],0.16163574904203415
2,38,[1.1 0.1 0.  1.  0.  0.  0.7 1.3],0.16165729612112045
2,39,[1.1 0.1 0.  1.  0.  0.  0.7 1.3],0.16166190803050995
2,40,[1.1 0.1 0.  1.  0.  0.  0.7 1.3],0.16166960448026657
2,41,[1.1 0.1 0.  1.  0.  0.  0.7 1.3],0.16168029606342316
2,42,[1.1 0.1 0.  1.  0.  0.  0.7 1.3],0.16168523579835892
2,43,[1.1 0.1 0.  1.  0.  0.  0.7 1.3],0.1617005690932274
2,44,[1.1 0.1 0.  1.  0.  0.  0.7 1.3],0.16171642392873764
2,45,[1.1 0.1 0.  1.  0.  0.  0.7 1.3],0.1617167964577675
2,46,[1.1 0.1 0.  1.  0.  0.  0.7 1.3],0.16171754896640778
2,47,[1.1 0.1 0.  1.  0.  0.  0.7 1.3],0.16172166168689728
2,48,[1.1 0.1 0.  1.  0.  0.  0.7 1.3],0.16172883659601212
2,49,[1.1 0.1 0.  1.  0.  0.  0.7 1.3],0.16174576431512833
2,50,[1.1 0.1 0.  1.  0.  0.  0.7 1.3],0.16174676269292831
2,51,[1.1 0.1 0.  1.  0.  0.  0.7 1.3],0.16175160557031631
2,52,[1.1 0.1 0.  1.  0.  0.  0.7 1.3],0.1617521196603775
2,53,[1.1 0.1 0.  1.  0.  0.  0.7 1.3],0.1617763340473175
2,54,[1.1 0.1 0.  1.  0.  0.  0.7 1.3],0.16178052127361298
2,55,[1.1 0.1 0.  1.  0.  0.  0.7 1.3],0.16179203242063522
2,56,[1.1 0.1 0.  1.  0.  0.  0.7 1.3],0.16179949790239334
2,57,[1.1 0.1 0.  1.  0.  0.  0.7 1.3],0.16180849075317383
2,58,[1.1 0.1 0.  1.  0.  0.  0.7 1.3],0.16181010007858276
2,59,[1.1 0.1 0.  1.  0.  0.  0.7 1.3],0.16181642562150955
2,60,[1.1 0.1 0.  1.  0.  0.  0.7 1.3],0.16182388365268707
2,61,[1.1 0.1 0.  1.  0.  0.  0.7 1.3],0.1618283912539482
2,62,[1.1 0.1 0.  1.  0.  0.  0.7 1.3],0.16183672845363617
2,63,[1.1 0.1 0.  1.  0.  0.  0.7 1.3],0.16183962672948837
2,64,[1.1 0.1 0.  1.  0.  0.  0.7 1.3],0.16184569150209427
2,65,[1.1 0.1 0.  1.  0.  0.  0.7 1.3],0.16184858977794647
2,66,[1.1 0.1 0.  1.  0.  0.  0.7 1.3],0.16185563057661057
2,67,[1.1 0.1 0.  1.  0.  0.  0.7 1.3],0.16187117993831635
2,68,[1.1 0.1 0.  1.  0.  0.  0.7 1.3],0.16187342256307602
2,69,[1.1 0.1 0.  1.  0.  0.  0.7 1.3],0.16187670081853867
2,70,[1.1 0.1 0.  1.  0.  0.  0.7 1.3],0.16188791394233704
2,71,[1.1 0.1 0.  1.  0.  0.  0.7 1.3],0.16190075129270554
2,72,[1.1 0.1 0.  1.  0.  0.  0.7 1.3],0.16190823912620544
2,73,[1.1 0.1 0.  1.  0.  0.  0.7 1.3],0.16191325336694717
2,74,[1.1 0.1 0.  1.  0.  0.  0.7 1.3],0.1619141548871994
2,75,[1.1 0.1 0.  1.  0.  0.  0.7 1.3],0.16191503405570984
2,76,[1.1 0.1 0.  1.  0.  0.  0.7 1.3],0.16191628575325012
2,77,[1.1 0.1 0.  1.  0.  0.  0.7 1.3],0.16192802786827087
2,78,[1.1 0.1 0.  1.  0.  0.  0.7 1.3],0.16196747869253159
2,79,[1.1 0.1 0.  1.  0.  0.  0.7 1.3],0.1619698628783226
2,80,[1.1 0.1 0.  1.  0.  0.  0.7 1.3],0.16197753697633743
2,81,[1.1 0.1 0.  1.  0.  0.  0.7 1.3],0.1619844064116478
2,82,[1.1 0.1 0.  1.  0.  0.  0.7 1.3],0.16199102252721786
2,83,[1.1 0.1 0.  1.  0.  0.  0.7 1.3],0.1620020717382431
2,84,[1.1 0.1 0.  1.  0.  0.  0.7 1.3],0.1620047613978386
2,85,[1.1 0.1 0.  1.  0.  0.  0.7 1.3],0.1620153710246086
2,86,[1.1 0.1 0.  1.  0.  0.  0.7 1.3],0.16204553842544556
2,87,[0.3 0.7 0.3 0.8 0.  0.  0.3 0.1],0.16342250257730484
2,88,[0.3 0.7 0.3 0.8 0.  0.  0.3 0.1],0.16344119608402252
2,89,[0.3 0.7 0.3 0.8 0.  0.  0.3 0.1],0.16346251964569092
2,90,[0.3 0.7 0.3 0.8 0.  0.  0.3 0.1],0.163547545671463
2,91,[0.3 0.7 0.3 0.8 0.  0.  0.3 0.1],0.16359496861696243
2,92,[1.1 0.3 0.  0.9 0.  0.  0.7 1.3],0.16707609593868256
2,93,[1.1 0.3 0.  0.9 0.  0.  0.7 1.3],0.16708119213581085
2,94,[1.1 0.3 0.  0.9 0.  0.  0.7 1.3],0.16708971560001373
2,95,[1.1 0.3 0.  0.9 0.  0.  0.7 1.3],0.16711484640836716
2,96,[1.1 0.3 0.  0.9 0.  0.  0.7 1.3],0.1671191155910492
2,97,[1.1 0.3 0.  0.9 0.  0.  0.7 1.3],0.16713915020227432
2,98,[1.1 0.3 0.  0.9 0.  0.  0.7 1.3],0.16714103519916534
2,99,[1.1 0.3 0.  0.9 0.  0.  0.7 1.3],0.16717584431171417
2,100,[1.1 0.3 0.  0.9 0.  0.  0.7 1.3],0.16718822717666626
2,101,[1.1 0.3 0.  0.9 0.  0.  0.7 1.3],0.1671985536813736
2,102,[1.1 0.3 0.  0.9 0.  0.  0.7 1.3],0.16720088571310043
2,103,[1.1 0.3 0.  0.9 0.  0.  0.7 1.3],0.16722994297742844
2,104,[1.1 0.3 0.  0.9 0.  0.  0.7 1.3],0.16724052280187607
2,105,[1.1 0.3 0.  0.9 0.  0.  0.7 1.3],0.16724134981632233
2,106,[1.1 0.3 0.  0.9 0.  0.  0.7 1.3],0.1672474816441536
2,107,[1.1 0.3 0.  0.9 0.  0.  0.7 1.3],0.1672641709446907
2,108,[1.1 0.3 0.  0.9 0.  0.  0.7 1.3],0.16726519167423248
2,109,[1.1 0.3 0.  0.9 0.  0.  0.7 1.3],0.1672656312584877
2,110,[1.1 0.3 0.  0.9 0.  0.  0.7 1.3],0.1673000156879425
2,111,[1.1 0.3 0.  0.9 0.  0.  0.7 1.3],0.16735077649354935
2,112,[1.1 0.3 0.  0.9 0.  0.  0.7 1.3],0.16737297922372818
2,113,[0.6 0.6 0.1 0.8 0.1 0.1 1.  0.3],0.17740743607282639
2,114,[0.6 0.6 0.1 0.8 0.4 0.1 1.3 0.3],0.1774325594305992
2,115,[0.  0.1 0.  1.  0.  0.  0.2 1.3],0.17884216457605362
2,116,[0.  0.1 0.  1.  0.  0.  0.2 1.3],0.1788683757185936
2,117,[0.  0.1 0.  1.  0.  0.  0.2 1.3],0.1788792908191681
2,118,[0.  0.1 0.  1.  0.  0.  0.2 1.3],0.17891378700733185
2,119,[0.  0.1 0.  1.  0.  0.  0.2 1.3],0.17892830073833466
2,120,[0.  0.1 0.  1.  0.  0.  0.2 1.3],0.1789548471570015
2,121,[0.  0.1 0.  1.  0.  0.  0.2 1.3],0.1789567545056343
2,122,[0.  0.1 0.  1.  0.  0.  0.2 1.3],0.1789582595229149
2,123,[0.  0.1 0.  1.  0.  0.  0.2 1.3],0.17897158861160278
2,124,[0.  0.1 0.  1.  0.  0.  0.2 1.3],0.17902497202157974
2,125,[0.  0.1 0.  1.  0.  0.  0.2 1.3],0.17907878756523132
2,126,[0.  0.1 0.  1.  0.  0.  0.2 1.3],0.17913251370191574
2,127,[1.2 0.8 0.4 1.2 0.1 0.4 1.  0.3],0.18687787652015686
2,128,[1.2 0.8 0.4 1.2 0.1 0.4 1.  0.3],0.18706614524126053
2,129,[0.3 0.5 0.3 0.8 0.  0.  0.3 1.3],0.1965804249048233
2,130,[0.3 0.5 0.3 0.8 0.  0.  0.3 1.3],0.19663583487272263
2,131,[0.3 0.5 0.3 0.8 0.  0.  0.3 1.3],0.19663862138986588
2,132,[0.3 0.5 0.3 0.8 0.  0.  0.3 1.3],0.19666117429733276
2,133,[0.3 0.5 0.3 0.8 0.  0.  0.3 1.3],0.19667277485132217
2,134,[0.3 0.5 0.3 0.8 0.  0.  0.3 1.3],0.19668878614902496
2,135,[0.3 0.5 0.3 0.8 0.  0.  0.3 1.3],0.19671878218650818
2,136,[0.3 0.5 0.3 0.8 0.  0.  0.3 1.3],0.19672787934541702
2,137,[0.3 0.5 0.3 0.8 0.  0.  0.3 1.3],0.19673238694667816
2,138,[0.3 0.5 0.3 0.8 0.  0.  0.3 1.3],0.1967538371682167
2,139,[0.3 0.5 0.3 0.8 0.  0.  0.3 1.3],0.1967562660574913
2,140,[0.3 0.5 0.3 0.8 0.  0.  0.3 1.3],0.19676341861486435
2,141,[0.3 0.5 0.3 0.8 0.  0.  0.3 1.3],0.19683052599430084
2,142,[0.3 0.5 0.3 0.8 0.  0.  0.3 1.3],0.19684135913848877
2,143,[0.5 0.5 0.3 1.2 0.3 0.1 0.5 1. ],0.19905810058116913
2,144,[0.3 0.7 0.3 0.8 0.  0.  0.3 0.1],0.20706991106271744
2,145,[0.3 0.7 0.3 0.8 0.  0.  0.3 0.1],0.20708148926496506
2,146,[0.3 0.7 0.3 0.8 0.  0.  0.3 0.1],0.20710822939872742
2,147,[0.3 0.7 0.3 0.8 0.  0.  0.3 0.1],0.20710944384336472
2,148,[0.3 0.7 0.3 0.8 0.  0.  0.3 0.1],0.2071158066391945
2,149,[0.3 0.7 0.3 0.8 0.  0.  0.3 0.1],0.20712590217590332
2,150,[0.3 0.7 0.3 0.8 0.  0.  0.3 0.1],0.20713414996862411
2,151,[0.3 0.7 0.3 0.8 0.  0.  0.3 0.1],0.20713602751493454
2,152,[0.3 0.7 0.3 0.8 0.  0.  0.3 0.1],0.2071405053138733
2,153,[0.3 0.7 0.3 0.8 0.  0.  0.3 0.1],0.20714522153139114
2,154,[0.3 0.7 0.3 0.8 0.  0.  0.3 0.1],0.20715169608592987
2,155,[0.3 0.7 0.3 0.8 0.  0.  0.3 0.1],0.20715871453285217
2,156,[0.3 0.7 0.3 0.8 0.  0.  0.3 0.1],0.20715965330600739
2,157,[0.3 0.7 0.3 0.8 0.  0.  0.3 0.1],0.2071678414940834
2,158,[0.3 0.7 0.3 0.8 0.  0.  0.3 0.1],0.20718184858560562
2,159,[0.3 0.7 0.3 0.8 0.  0.  0.3 0.1],0.20718518644571304
2,160,[0.3 0.7 0.3 0.8 0.  0.  0.3 0.1],0.20718636363744736
2,161,[0.3 0.7 0.3 0.8 0.  0.  0.3 0.1],0.2071881666779518
2,162,[0.3 0.7 0.3 0.8 0.  0.  0.3 0.1],0.20718912780284882
2,163,[0.3 0.7 0.3 0.8 0.  0.  0.3 0.1],0.20719437301158905
2,164,[0.3 0.7 0.3 0.8 0.  0.  0.3 0.1],0.20720379799604416
2,165,[0.3 0.7 0.3 0.8 0.  0.  0.3 0.1],0.20720787346363068
2,166,[0.3 0.7 0.3 0.8 0.  0.  0.3 0.1],0.20722045004367828
2,167,[0.3 0.7 0.3 0.8 0.  0.  0.3 0.1],0.20722068846225739
2,168,[0.3 0.7 0.3 0.8 0.  0.  0.3 0.1],0.20722371339797974
2,169,[0.3 0.7 0.3 0.8 0.  0.  0.3 0.1],0.20722416043281555
2,170,[0.3 0.7 0.3 0.8 0.  0.  0.3 0.1],0.2072281464934349
2,171,[0.3 0.7 0.3 0.8 0.  0.  0.3 0.1],0.20722898840904236
2,172,[0.3 0.7 0.3 0.8 0.  0.  0.3 0.1],0.20723307132720947
2,173,[0.3 0.7 0.3 0.8 0.  0.  0.3 0.1],0.20723407715559006
2,174,[0.3 0.7 0.3 0.8 0.  0.  0.3 0.1],0.20723561942577362
2,175,[0.3 0.7 0.3 0.8 0.  0.  0.3 0.1],0.20723657310009003
2,176,[0.3 0.7 0.3 0.8 0.  0.  0.3 0.1],0.20723678171634674
2,177,[0.3 0.7 0.3 0.8 0.  0.  0.3 0.1],0.2072376385331154
2,178,[0.3 0.7 0.3 0.8 0.  0.  0.3 0.1],0.20723772048950195
2,179,[0.3 0.7 0.3 0.8 0.  0.  0.3 0.1],0.20723998546600342
2,180,[0.3 0.7 0.3 0.8 0.  0.  0.3 0.1],0.20724032819271088
2,181,[0.3 0.7 0.3 0.8 0.  0.  0.3 0.1],0.2072436362504959
2,182,[0.3 0.7 0.3 0.8 0.  0.  0.3 0.1],0.20724637061357498
2,183,[0.3 0.7 0.3 0.8 0.  0.  0.3 0.1],0.20724670588970184
2,184,[0.3 0.7 0.3 0.8 0.  0.  0.3 0.1],0.2072494924068451
2,185,[0.3 0.7 0.3 0.8 0.  0.  0.3 0.1],0.207251138985157
2,186,[0.3 0.7 0.3 0.8 0.  0.  0.3 0.1],0.20725665241479874
2,187,[0.3 0.7 0.3 0.8 0.  0.  0.3 0.1],0.20725718885660172
2,188,[0.3 0.7 0.3 0.8 0.  0.  0.3 0.1],0.20726364105939865
2,189,[0.3 0.7 0.3 0.8 0.  0.  0.3 0.1],0.20726486295461655
2,190,[0.3 0.7 0.3 0.8 0.  0.  0.3 0.1],0.20726647228002548
2,191,[0.3 0.7 0.3 0.8 0.  0.  0.3 0.1],0.2072673812508583
2,192,[0.3 0.7 0.3 0.8 0.  0.  0.3 0.1],0.20726924389600754
2,193,[0.3 0.7 0.3 0.8 0.  0.  0.3 0.1],0.20727060735225677
2,194,[0.3 0.7 0.3 0.8 0.  0.  0.3 0.1],0.207274429500103
2,195,[0.3 0.7 0.3 0.8 0.  0.  0.3 0.1],0.20727691054344177
2,196,[0.3 0.7 0.3 0.8 0.  0.  0.3 0.1],0.20728778094053268
2,197,[0.3 0.7 0.3 0.8 0.  0.  0.3 0.1],0.20729053765535355
2,198,[0.3 0.7 0.3 0.8 0.  0.  0.3 0.1],0.2072918936610222
2,199,[0.3 0.7 0.3 0.8 0.  0.  0.3 0.1],0.207293339073658
2,200,[0.3 0.7 0.3 0.8 0.  0.  0.3 0.1],0.20730675756931305
2,201,[0.3 0.7 0.3 0.8 0.  0.  0.3 0.1],0.20730679482221603
2,202,[0.3 0.7 0.3 0.8 0.  0.  0.3 0.1],0.20731338113546371
2,203,[0.3 0.7 0.3 0.8 0.  0.  0.3 0.1],0.20731686800718307
2,204,[0.3 0.7 0.3 0.8 0.  0.  0.3 0.1],0.207319937646389
2,205,[0.3 0.7 0.3 0.8 0.  0.  0.3 0.1],0.20732251554727554
2,206,[0.3 0.7 0.3 0.8 0.  0.  0.3 0.1],0.20732789486646652
2,207,[0.3 0.7 0.3 0.8 0.  0.  0.3 0.1],0.2073298841714859
2,208,[0.3 0.7 0.3 0.8 0.  0.  0.3 0.1],0.20733442157506943
2,209,[0.3 0.7 0.3 0.8 0.  0.  0.3 0.1],0.20734025537967682
2,210,[0.3 0.7 0.3 0.8 0.  0.  0.3 0.1],0.20734268426895142
2,211,[0.3 0.7 0.3 0.8 0.  0.  0.3 0.1],0.207353413105011
2,212,[0.3 0.7 0.3 0.8 0.  0.  0.3 0.1],0.20736661553382874
2,213,[0.3 0.7 0.3 0.8 0.  0.  0.3 0.1],0.20736851543188095
2,214,[0.3 0.7 0.3 0.8 0.  0.  0.3 0.1],0.20737126469612122
2,215,[0.3 0.7 0.3 0.8 0.  0.  0.3 0.1],0.20738069713115692
2,216,[0.3 0.7 0.3 0.8 0.  0.  0.3 0.1],0.20738118141889572
2,217,[0.3 0.7 0.3 0.8 0.  0.  0.3 0.1],0.20738431811332703
2,218,[0.3 0.7 0.3 0.8 0.  0.  0.3 0.1],0.20739566534757614
2,219,[0.3 0.7 0.3 0.8 0.  0.  0.3 0.1],0.2073962241411209
2,220,[0.3 0.7 0.3 0.8 0.  0.  0.3 0.1],0.20740540325641632
2,221,[0.3 0.7 0.3 0.8 0.  0.  0.3 0.1],0.20741651952266693
2,222,[0.3 0.7 0.3 0.8 0.  0.  0.3 0.1],0.20741865038871765
2,223,[0.3 0.7 0.3 0.8 0.  0.  0.3 0.1],0.2074350193142891
2,224,[0.3 0.7 0.3 0.8 0.  0.  0.3 0.1],0.20744364708662033
2,225,[0.3 0.7 0.3 0.8 0.  0.  0.3 0.1],0.20745062828063965
2,226,[0.3 0.7 0.3 0.8 0.  0.  0.3 0.1],0.20746832340955734
2,227,[0.3 0.7 0.3 0.8 0.  0.  0.3 0.1],0.20747287571430206
2,228,[0.3 0.7 0.3 0.8 0.  0.  0.3 0.1],0.20753028988838196
2,229,[0.3 0.7 0.3 0.8 0.  0.  0.3 0.1],0.2075449451804161
2,230,[0.3 0.9 0.4 1.2 0.3 0.  1.  0.8],0.20933767408132553
2,231,[1.3 0.  0.8 0.9 0.1 0.2 0.3 0.5],0.21144860982894897
2,232,[1.3 0.  0.8 0.9 0.1 0.2 0.3 0.5],0.21148370206356049
2,233,[1.1 0.  0.5 0.8 0.1 0.1 1.  1.3],0.21286390721797943
2,234,[1.1 0.  0.5 0.8 0.1 0.1 1.  1.3],0.2128928005695343
2,235,[1.1 0.  0.5 0.8 0.1 0.1 1.  1.3],0.21294906735420227
2,236,[1.1 0.  0.5 0.8 0.1 0.1 1.  1.3],0.21295615285634995
2,237,[1.1 0.  0.5 0.8 0.1 0.1 1.  1.3],0.21299844980239868
2,238,[1.1 0.  0.5 0.8 0.1 0.1 1.  1.3],0.21300256997346878
2,239,[1.1 0.  0.5 0.8 0.1 0.1 1.  1.3],0.21300380676984787
2,240,[1.1 0.  0.5 0.8 0.1 0.1 1.  1.3],0.21301426738500595
2,241,[1.1 0.  0.5 0.8 0.1 0.1 1.  1.3],0.21302404254674911
2,242,[1.1 0.  0.5 0.8 0.1 0.1 1.  1.3],0.213043212890625
2,243,[1.1 0.  0.5 0.8 0.1 0.1 1.  1.3],0.21308089047670364
2,244,[1.1 0.7 0.  1.2 0.5 0.  0.9 0.7],0.21737167984247208
2,245,[1.3 0.5 0.1 1.1 0.1 0.1 0.8 0.9],0.22325128316879272
2,246,[1.3 0.5 0.1 1.1 0.1 0.1 0.8 0.9],0.22360669076442719
2,247,[0.3 0.7 0.3 0.8 0.  0.  0.  0.9],0.2241034284234047
2,248,[0.3 0.7 0.3 0.8 0.  0.  0.  0.9],0.2241097018122673
2,249,[0.3 0.7 0.3 0.8 0.  0.  0.  0.9],0.22411160916090012
2,250,[0.3 0.7 0.3 0.8 0.  0.  0.  0.9],0.22413134574890137
2,251,[0.3 0.7 0.3 0.8 0.  0.  0.  0.9],0.2241489514708519
2,252,[0.3 0.7 0.3 0.8 0.  0.  0.  0.9],0.22417177259922028
2,253,[0.3 0.7 0.3 0.8 0.  0.  0.  0.9],0.2242119312286377
2,254,[0.  0.4 0.5 1.2 0.  0.1 1.1 1.3],0.22426865249872208
2,255,[0.  0.4 0.5 1.2 0.  0.1 1.1 1.3],0.22428376227617264
2,256,[0.3 0.7 0.3 0.8 0.  0.  0.  0.9],0.22429340332746506
2,257,[0.  0.4 0.5 1.2 0.  0.1 1.1 1.3],0.2243206724524498
2,258,[0.  0.4 0.5 1.2 0.  0.1 1.1 1.3],0.22435551136732101
2,259,[0.  0.4 0.5 1.2 0.  0.1 1.1 1.3],0.22438167035579681
2,260,[0.3 0.7 0.3 0.8 0.  0.  0.  0.9],0.2244173139333725
2,261,[0.  0.4 0.5 1.2 0.  0.1 1.1 1.3],0.22447366267442703
2,262,[0.3 0.1 0.5 1.  0.  0.3 0.3 1.3],0.23062041401863098
2,263,[0.3 0.1 0.5 1.  0.  0.3 0.3 1.3],0.23069126158952713
2,264,[0.3 0.1 0.5 1.  0.  0.3 0.3 1.3],0.23071419447660446
2,265,[0.3 0.1 0.5 1.  0.  0.3 0.3 1.3],0.23080989718437195
2,266,[0.6 0.6 0.1 0.8 0.1 0.1 1.  0.3],0.2325136959552765
2,267,[0.6 0.6 0.1 0.8 0.1 0.1 1.  0.3],0.2325626015663147
2,268,[0.6 0.6 0.1 0.8 0.1 0.1 1.  0.3],0.23257624357938766
2,269,[0.6 0.6 0.1 0.8 0.1 0.1 1.  0.3],0.23262497782707214
2,270,[0.6 0.6 0.1 0.8 0.1 0.1 1.  0.3],0.23263626545667648
2,271,[0.6 0.6 0.1 0.8 0.1 0.1 1.  0.3],0.23265743255615234
2,272,[0.6 0.6 0.1 0.8 0.1 0.1 1.  0.3],0.232676200568676
2,273,[0.6 0.6 0.1 0.8 0.1 0.1 1.  0.3],0.2326885610818863
2,274,[0.6 0.6 0.1 0.8 0.1 0.1 1.  0.3],0.2327035516500473
2,275,[0.6 0.6 0.1 0.8 0.1 0.1 1.  0.3],0.23279482871294022
2,276,[0.6 0.6 0.1 0.8 0.1 0.1 1.  0.3],0.23282677680253983
2,277,[0.6 0.6 0.1 0.8 0.1 0.1 1.  0.3],0.23284874856472015
2,278,[0.6 0.6 0.1 0.8 0.1 0.1 1.  0.3],0.23284951597452164
2,279,[0.9 0.9 1.2 0.4 0.  0.  0.5 0.9],0.2394903153181076
2,280,[0.1 0.3 0.4 0.4 0.  0.  0.5 0.9],0.24152196943759918
2,281,[0.  0.1 0.5 1.2 0.  0.3 1.1 1.3],0.24633332341909409
2,282,[0.  0.1 0.5 1.2 0.  0.3 1.1 1.3],0.24644551426172256
2,283,[0.  0.1 0.5 1.2 0.  0.3 1.1 1.3],0.24649351835250854
2,284,[0.  0.1 0.5 1.2 0.  0.3 1.1 1.3],0.24652289599180222
2,285,[0.  0.1 0.5 1.2 0.  0.3 1.1 1.3],0.24654918909072876
2,286,[0.  0.1 0.5 1.2 0.  0.3 1.1 1.3],0.2465517297387123
2,287,[0.  0.1 0.5 1.2 0.  0.3 1.1 1.3],0.24655333906412125
2,288,[0.  0.1 0.5 1.2 0.  0.3 1.1 1.3],0.24655988067388535
2,289,[0.  0.1 0.5 1.2 0.  0.3 1.1 1.3],0.24656636267900467
2,290,[0.  0.1 0.5 1.2 0.  0.3 1.1 1.3],0.24659232795238495
2,291,[0.  0.1 0.5 1.2 0.  0.3 1.1 1.3],0.24660106003284454
2,292,[0.  0.1 0.5 1.2 0.  0.3 1.1 1.3],0.24660781025886536
2,293,[0.  0.1 0.5 1.2 0.  0.3 1.1 1.3],0.24662096798419952
2,294,[0.  0.1 0.5 1.2 0.  0.3 1.1 1.3],0.24663478136062622
2,295,[0.  0.1 0.5 1.2 0.  0.3 1.1 1.3],0.24663665890693665
2,296,[0.  0.1 0.5 1.2 0.  0.3 1.1 1.3],0.24664098024368286
2,297,[0.  0.1 0.5 1.2 0.  0.3 1.1 1.3],0.2466484010219574
2,298,[0.  0.1 0.5 1.2 0.  0.3 1.1 1.3],0.2466648817062378
2,299,[0.  0.1 0.5 1.2 0.  0.3 1.1 1.3],0.24666795879602432
2,300,[0.  0.1 0.5 1.2 0.  0.3 1.1 1.3],0.24667371064424515
2,301,[0.  0.1 0.5 1.2 0.  0.3 1.1 1.3],0.24668873101472855
2,302,[0.  0.1 0.5 1.2 0.  0.3 1.1 1.3],0.2466980218887329
2,303,[0.  0.1 0.5 1.2 0.  0.3 1.1 1.3],0.24671797454357147
2,304,[0.  0.1 0.5 1.2 0.  0.3 1.1 1.3],0.24671950191259384
2,305,[0.  0.1 0.5 1.2 0.  0.3 1.1 1.3],0.24674226343631744
2,306,[0.3 0.1 0.5 1.  0.  0.3 0.3 1.3],0.2473127618432045
2,307,[0.6 0.6 0.  0.8 0.1 0.4 0.6 1.1],0.2503732517361641
2,308,[0.  0.7 0.2 1.2 0.  0.3 0.2 0.2],0.2604980915784836
2,309,[0.  0.7 0.2 1.2 0.  0.3 0.2 0.2],0.26056571304798126
2,310,[0.  0.7 0.2 1.2 0.  0.3 0.2 0.2],0.2605969235301018
2,311,[0.  0.7 0.2 1.2 0.  0.3 0.2 0.2],0.26060549914836884
2,312,[0.  0.7 0.2 1.2 0.  0.3 0.2 0.2],0.2606602907180786
2,313,[0.  0.7 0.2 1.2 0.  0.3 0.2 0.2],0.26066285371780396
2,314,[0.  0.7 0.2 1.2 0.  0.3 0.2 0.2],0.2606859654188156
2,315,[0.  0.7 0.2 1.2 0.  0.3 0.2 0.2],0.26068978011608124
2,316,[0.  0.7 0.2 1.2 0.  0.3 0.2 0.2],0.26069648563861847
2,317,[0.  0.7 0.2 1.2 0.  0.3 0.2 0.2],0.26070430129766464
2,318,[0.  0.7 0.2 1.2 0.  0.3 0.2 0.2],0.26070481538772583
2,319,[0.  0.7 0.2 1.2 0.  0.3 0.2 0.2],0.260705828666687
2,320,[0.  0.7 0.2 1.2 0.  0.3 0.2 0.2],0.26071007549762726
2,321,[0.  0.7 0.2 1.2 0.  0.3 0.2 0.2],0.26071101427078247
2,322,[0.  0.7 0.2 1.2 0.  0.3 0.2 0.2],0.26071426272392273
2,323,[0.  0.7 0.2 1.2 0.  0.3 0.2 0.2],0.2607377916574478
2,324,[0.  0.7 0.2 1.2 0.  0.3 0.2 0.2],0.26074059307575226
2,325,[0.  0.7 0.2 1.2 0.  0.3 0.2 0.2],0.2607485353946686
2,326,[0.  0.7 0.2 1.2 0.  0.3 0.2 0.2],0.2607508450746536
2,327,[0.  0.7 0.2 1.2 0.  0.3 0.2 0.2],0.26075229048728943
2,328,[0.  0.7 0.2 1.2 0.  0.3 0.2 0.2],0.2607542723417282
2,329,[0.  0.7 0.2 1.2 0.  0.3 0.2 0.2],0.26075728237628937
2,330,[0.  0.7 0.2 1.2 0.  0.3 0.2 0.2],0.26075753569602966
2,331,[0.  0.7 0.2 1.2 0.  0.3 0.2 0.2],0.2607589215040207
2,332,[0.  0.7 0.2 1.2 0.  0.3 0.2 0.2],0.26076582074165344
2,333,[0.  0.7 0.2 1.2 0.  0.3 0.2 0.2],0.26076583564281464
2,334,[0.  0.7 0.2 1.2 0.  0.3 0.2 0.2],0.26077204942703247
2,335,[0.  0.7 0.2 1.2 0.  0.3 0.2 0.2],0.26077769696712494
2,336,[0.  0.7 0.2 1.2 0.  0.3 0.2 0.2],0.2607858031988144
2,337,[0.  0.7 0.2 1.2 0.  0.3 0.2 0.2],0.26079145073890686
2,338,[0.  0.7 0.2 1.2 0.  0.3 0.2 0.2],0.26079699397087097
2,339,[0.  0.7 0.2 1.2 0.  0.3 0.2 0.2],0.2608129382133484
2,340,[0.  0.7 0.2 1.2 0.  0.3 0.2 0.2],0.2608133554458618
2,341,[0.  0.7 0.2 1.2 0.  0.3 0.2 0.2],0.26082202792167664
2,342,[0.  0.7 0.2 1.2 0.  0.3 0.2 0.2],0.26084524393081665
2,343,[0.  0.7 0.2 1.2 0.  0.3 0.2 0.2],0.2608565241098404
2,344,[0.  0.7 0.2 1.2 0.  0.3 0.2 0.2],0.26085779815912247
2,345,[0.  0.7 0.2 1.2 0.  0.3 0.2 0.2],0.26086631417274475
2,346,[0.  0.7 0.2 1.2 0.  0.3 0.2 0.2],0.2608804851770401
2,347,[0.  0.7 0.2 1.2 0.  0.3 0.2 0.2],0.26088449358940125
2,348,[0.  0.7 0.2 1.2 0.  0.3 0.2 0.2],0.2609037309885025
2,349,[0.  0.7 0.2 1.2 0.  0.3 0.2 0.2],0.26091107726097107
2,350,[0.  0.7 0.2 1.2 0.  0.3 0.2 0.2],0.2609282284975052
2,351,[0.  0.7 0.2 1.2 0.  0.3 0.2 0.2],0.26092998683452606
2,352,[0.  0.7 0.2 1.2 0.  0.3 0.2 0.2],0.26093633472919464
2,353,[0.  0.7 0.2 1.2 0.  0.3 0.2 0.2],0.26093989610671997
2,354,[0.  0.7 0.2 1.2 0.  0.3 0.2 0.2],0.2609455808997154
2,355,[0.  0.7 0.2 1.2 0.  0.3 0.2 0.2],0.26108846068382263
2,356,[0.  0.7 0.2 1.2 0.  0.3 0.2 0.2],0.2610934227705002
2,357,[0.  0.7 0.2 1.2 0.  0.3 0.2 0.2],0.2612576484680176
2,358,[0.1 0.3 0.4 0.4 0.  0.  0.5 0.9],0.26311875879764557
2,359,[0.1 0.3 0.4 0.4 0.  0.  0.5 0.9],0.2631482481956482
2,360,[0.1 0.3 0.4 0.4 0.  0.  0.5 0.9],0.2631901204586029
2,361,[0.1 0.3 0.4 0.4 0.  0.  0.5 0.9],0.26319217681884766
2,362,[0.1 0.3 0.4 0.4 0.  0.  0.5 0.9],0.2631927877664566
2,363,[0.1 0.3 0.4 0.4 0.  0.  0.5 0.9],0.26320064067840576
2,364,[0.1 0.3 0.4 0.4 0.  0.  0.5 0.9],0.26323527097702026
2,365,[0.1 0.3 0.4 0.4 0.  0.  0.5 0.9],0.2632450759410858
2,366,[0.1 0.3 0.4 0.4 0.  0.  0.5 0.9],0.2632524371147156
2,367,[0.1 0.3 0.4 0.4 0.  0.  0.5 0.9],0.26326577365398407
2,368,[0.1 0.3 0.4 0.4 0.  0.  0.5 0.9],0.2632701098918915
2,369,[0.1 0.3 0.4 0.4 0.  0.  0.5 0.9],0.2632731944322586
2,370,[0.1 0.3 0.4 0.4 0.  0.  0.5 0.9],0.2632734775543213
2,371,[0.1 0.3 0.4 0.4 0.  0.  0.5 0.9],0.26327721774578094
2,372,[0.1 0.3 0.4 0.4 0.  0.  0.5 0.9],0.2633032500743866
2,373,[0.1 0.3 0.4 0.4 0.  0.  0.5 0.9],0.2633150964975357
2,374,[0.1 0.3 0.4 0.4 0.  0.  0.5 0.9],0.2633235976099968
2,375,[0.1 0.3 0.4 0.4 0.  0.  0.5 0.9],0.26332782208919525
2,376,[0.1 0.3 0.4 0.4 0.  0.  0.5 0.9],0.26333706080913544
2,377,[0.1 0.3 0.4 0.4 0.  0.  0.5 0.9],0.26334039866924286
2,378,[0.1 0.3 0.4 0.4 0.  0.  0.5 0.9],0.2633619010448456
2,379,[0.1 0.3 0.4 0.4 0.  0.  0.5 0.9],0.2633868455886841
2,380,[0.1 0.3 0.4 0.4 0.  0.  0.5 0.9],0.26339274644851685
2,381,[0.1 0.3 0.4 0.4 0.  0.  0.5 0.9],0.26340024173259735
2,382,[0.1 0.3 0.4 0.4 0.  0.  0.5 0.9],0.263419508934021
2,383,[0.1 0.3 0.4 0.4 0.  0.  0.5 0.9],0.26344072818756104
2,384,[0.1 0.3 0.4 0.4 0.  0.  0.5 0.9],0.2634618878364563
2,385,[0.1 0.3 0.4 0.4 0.  0.  0.5 0.9],0.2634636163711548
2,386,[0.1 0.3 0.4 0.4 0.  0.  0.5 0.9],0.2634975463151932
2,387,[0.1 0.3 0.4 0.4 0.  0.  0.5 0.9],0.2634982764720917
2,388,[0.1 0.3 0.4 0.4 0.  0.  0.5 0.9],0.26353292167186737
2,389,[0.1 0.3 0.4 0.4 0.  0.  0.5 0.9],0.263547882437706
2,390,[0.1 0.3 0.4 0.4 0.  0.  0.5 0.9],0.2636123076081276
2,391,[0.1 0.3 0.4 0.4 0.  0.  0.5 0.9],0.2636321783065796
2,392,[0.1 0.3 0.4 0.4 0.  0.  0.5 0.9],0.2636686712503433
2,393,[0.6 0.6 0.4 0.6 0.1 0.1 1.  0.3],0.2729576677083969
2,394,[0.6 0.6 0.4 0.6 0.1 0.1 1.  0.3],0.27296727895736694
2,395,[0.6 0.6 0.4 0.6 0.1 0.1 1.  0.3],0.272970512509346
2,396,[0.6 0.6 0.4 0.6 0.1 0.1 1.  0.3],0.27299247682094574
2,397,[0.6 0.6 0.4 0.6 0.1 0.1 1.  0.3],0.27300700545310974
2,398,[0.6 0.6 0.4 0.6 0.1 0.1 1.  0.3],0.2730403393507004
2,399,[0.6 0.6 0.4 0.6 0.1 0.1 1.  0.3],0.27304230630397797
2,400,[0.6 0.6 0.4 0.6 0.1 0.1 1.  0.3],0.2730606347322464
2,401,[0.6 0.6 0.4 0.6 0.1 0.1 1.  0.3],0.2730809301137924
2,402,[0.6 0.6 0.4 0.6 0.1 0.1 1.  0.3],0.27315159142017365
2,403,[0.5 0.5 0.3 0.4 0.1 0.  0.9 1.1],0.27622129023075104
2,404,[0.1 0.6 0.1 0.4 0.  0.2 0.4 0.6],0.28650282323360443
2,405,[0.5 0.3 0.4 1.3 0.2 0.1 0.9 0.7],0.2902636229991913
2,406,[0.5 0.3 0.4 1.3 0.2 0.1 0.9 0.7],0.29027849435806274
2,407,[0.5 0.3 0.4 1.3 0.2 0.1 0.9 0.7],0.29028309881687164
2,408,[0.5 0.3 0.4 1.3 0.2 0.1 0.9 0.7],0.2903147041797638
2,409,[0.5 0.3 0.4 1.3 0.2 0.1 0.9 0.7],0.2904066741466522
2,410,[0.5 0.3 0.4 1.3 0.2 0.1 0.9 0.7],0.29042090475559235
2,411,[0.5 0.3 0.4 1.3 0.2 0.1 0.9 0.7],0.29045823216438293
2,412,[0.5 0.3 0.4 1.3 0.2 0.1 0.9 0.7],0.2904675751924515
2,413,[0.5 0.3 0.4 1.3 0.2 0.1 0.9 0.7],0.2904864549636841
2,414,[0.5 0.3 0.4 1.3 0.2 0.1 0.9 0.7],0.29051096737384796
2,415,[0.5 0.3 0.4 1.3 0.2 0.1 0.9 0.7],0.29051607847213745
2,416,[0.5 0.3 0.4 1.3 0.2 0.1 0.9 0.7],0.2905180901288986
2,417,[0.5 0.3 0.4 1.3 0.2 0.1 0.9 0.7],0.2905387729406357
2,418,[0.5 0.3 0.4 1.3 0.2 0.1 0.9 0.7],0.29054519534111023
2,419,[0.5 0.3 0.4 1.3 0.2 0.1 0.9 0.7],0.2905671298503876
2,420,[0.5 0.3 0.4 1.3 0.2 0.1 0.9 0.7],0.2906186282634735
2,421,[0.5 0.3 0.4 1.3 0.2 0.1 0.9 0.7],0.2906199097633362
2,422,[0.5 0.3 0.4 1.3 0.2 0.1 0.9 0.7],0.29063446819782257
2,423,[0.5 0.3 0.4 1.3 0.2 0.1 0.9 0.7],0.2906447947025299
2,424,[0.5 0.3 0.4 1.3 0.2 0.1 0.9 0.7],0.29064740240573883
2,425,[0.5 0.3 0.4 1.3 0.2 0.1 0.9 0.7],0.29068423807621
2,426,[0.5 0.3 0.4 1.3 0.2 0.1 0.9 0.7],0.2907795310020447
2,427,[0.5 0.3 0.4 1.3 0.2 0.1 0.9 0.7],0.29081007838249207
2,428,[0.5 0.3 0.4 1.3 0.2 0.1 0.9 0.7],0.2908744663000107
2,429,[0.5 0.5 0.3 0.4 0.1 0.  0.9 1.1],0.3007277250289917
2,430,[0.5 0.5 0.3 0.4 0.1 0.  0.9 1.1],0.30073051154613495
2,431,[0.5 0.5 0.3 0.4 0.1 0.  0.9 1.1],0.3007439970970154
2,432,[0.5 0.5 0.3 0.4 0.1 0.  0.9 1.1],0.30075645446777344
2,433,[0.5 0.5 0.3 0.4 0.1 0.  0.9 1.1],0.3007678687572479
2,434,[0.5 0.5 0.3 0.4 0.1 0.  0.9 1.1],0.3007741868495941
2,435,[0.5 0.5 0.3 0.4 0.1 0.  0.9 1.1],0.3007762134075165
2,436,[0.5 0.5 0.3 0.4 0.1 0.  0.9 1.1],0.30078503489494324
2,437,[0.5 0.5 0.3 0.4 0.1 0.  0.9 1.1],0.3007875680923462
2,438,[0.5 0.5 0.3 0.4 0.1 0.  0.9 1.1],0.3007887750864029
2,439,[0.5 0.5 0.3 0.4 0.1 0.  0.9 1.1],0.3007913827896118
2,440,[0.5 0.5 0.3 0.4 0.1 0.  0.9 1.1],0.3007948398590088
2,441,[0.5 0.5 0.3 0.4 0.1 0.  0.9 1.1],0.3008035868406296
2,442,[0.5 0.5 0.3 0.4 0.1 0.  0.9 1.1],0.30080701410770416
2,443,[0.5 0.5 0.3 0.4 0.1 0.  0.9 1.1],0.3008107990026474
2,444,[0.5 0.5 0.3 0.4 0.1 0.  0.9 1.1],0.3008253127336502
2,445,[0.5 0.5 0.3 0.4 0.1 0.  0.9 1.1],0.3008338063955307
2,446,[0.5 0.5 0.3 0.4 0.1 0.  0.9 1.1],0.3008352816104889
2,447,[0.5 0.5 0.3 0.4 0.1 0.  0.9 1.1],0.30084025859832764
2,448,[0.5 0.5 0.3 0.4 0.1 0.  0.9 1.1],0.3008446991443634
2,449,[0.5 0.5 0.3 0.4 0.1 0.  0.9 1.1],0.3008566349744797
2,450,[0.5 0.5 0.3 0.4 0.1 0.  0.9 1.1],0.30086636543273926
2,451,[0.5 0.5 0.3 0.4 0.1 0.  0.9 1.1],0.3008689731359482
2,452,[0.5 0.5 0.3 0.4 0.1 0.  0.9 1.1],0.30087174475193024
2,453,[0.5 0.5 0.3 0.4 0.1 0.  0.9 1.1],0.3008730560541153
2,454,[0.5 0.5 0.3 0.4 0.1 0.  0.9 1.1],0.3008742034435272
2,455,[0.5 0.5 0.3 0.4 0.1 0.  0.9 1.1],0.30087487399578094
2,456,[0.5 0.5 0.3 0.4 0.1 0.  0.9 1.1],0.3008752465248108
2,457,[0.5 0.5 0.3 0.4 0.1 0.  0.9 1.1],0.3008831739425659
2,458,[0.5 0.5 0.3 0.4 0.1 0.  0.9 1.1],0.30088403820991516
2,459,[0.5 0.5 0.3 0.4 0.1 0.  0.9 1.1],0.30089370906352997
2,460,[0.5 0.5 0.3 0.4 0.1 0.  0.9 1.1],0.3009003847837448
2,461,[0.5 0.5 0.3 0.4 0.1 0.  0.9 1.1],0.3009389191865921
2,462,[0.5 0.5 0.3 0.4 0.1 0.  0.9 1.1],0.3009531497955322
2,463,[0.5 0.5 0.3 0.4 0.1 0.  0.9 1.1],0.30097781121730804
2,464,[0.5 0.5 0.3 0.4 0.1 0.  0.9 1.1],0.30101577937602997
2,465,[0.5 0.5 0.3 0.4 0.1 0.  0.9 1.1],0.3010583072900772
2,466,[0.5 0.5 0.3 0.4 0.1 0.  0.9 1.1],0.3010699898004532
2,467,[0.5 0.5 0.3 0.4 0.1 0.  0.9 1.1],0.30107882618904114
2,468,[1.3 0.  0.8 0.9 0.1 0.2 0.3 0.5],0.31034862995147705
2,469,[1.3 0.  0.8 0.9 0.1 0.2 0.3 0.5],0.31035639345645905
2,470,[1.3 0.  0.8 0.9 0.1 0.2 0.3 0.5],0.3103581368923187
2,471,[1.3 0.  0.8 0.9 0.1 0.2 0.3 0.5],0.3103705048561096
2,472,[1.3 0.  0.8 0.9 0.1 0.2 0.3 0.5],0.3103996515274048
2,473,[1.3 0.  0.8 0.9 0.1 0.2 0.3 0.5],0.31040383875370026
2,474,[1.3 0.  0.8 0.9 0.1 0.2 0.3 0.5],0.31042493879795074
2,475,[1.3 0.  0.8 0.9 0.1 0.2 0.3 0.5],0.3104356974363327
2,476,[1.3 0.  0.8 0.9 0.1 0.2 0.3 0.5],0.310442715883255
2,477,[1.3 0.  0.8 0.9 0.1 0.2 0.3 0.5],0.31045328080654144
2,478,[1.3 0.  0.8 0.9 0.1 0.2 0.3 0.5],0.3104591369628906
2,479,[1.3 0.  0.8 0.9 0.1 0.2 0.3 0.5],0.31047262251377106
2,480,[1.3 0.  0.8 0.9 0.1 0.2 0.3 0.5],0.3104758858680725
2,481,[1.3 0.  0.8 0.9 0.1 0.2 0.3 0.5],0.3104832023382187
2,482,[1.3 0.  0.8 0.9 0.1 0.2 0.3 0.5],0.3104868233203888
2,483,[1.3 0.  0.8 0.9 0.1 0.2 0.3 0.5],0.31049104034900665
2,484,[0.1 0.6 0.1 0.4 0.  0.2 0.4 0.6],0.3104976713657379
2,485,[1.3 0.  0.8 0.9 0.1 0.2 0.3 0.5],0.31049828231334686
2,486,[1.3 0.  0.8 0.9 0.1 0.2 0.3 0.5],0.310501366853714
2,487,[1.3 0.  0.8 0.9 0.1 0.2 0.3 0.5],0.310503214597702
2,488,[1.3 0.  0.8 0.9 0.1 0.2 0.3 0.5],0.3105165660381317
2,489,[1.3 0.  0.8 0.9 0.1 0.2 0.3 0.5],0.3105199635028839
2,490,[1.3 0.  0.8 0.9 0.1 0.2 0.3 0.5],0.31052206456661224
2,491,[1.3 0.  0.8 0.9 0.1 0.2 0.3 0.5],0.31052252650260925
2,492,[1.3 0.  0.8 0.9 0.1 0.2 0.3 0.5],0.310539647936821
2,493,[1.3 0.  0.8 0.9 0.1 0.2 0.3 0.5],0.31055739521980286
2,494,[0.1 0.6 0.1 0.4 0.  0.2 0.4 0.6],0.3106053024530411
2,495,[1.3 0.  0.8 0.9 0.1 0.2 0.3 0.5],0.31060971319675446
2,496,[1.3 0.  0.8 0.9 0.1 0.2 0.3 0.5],0.3106142580509186
2,497,[1.3 0.  0.8 0.9 0.1 0.2 0.3 0.5],0.31062254309654236
2,498,[1.3 0.  0.8 0.9 0.1 0.2 0.3 0.5],0.3106673061847687
2,499,[1.3 0.  0.8 0.9 0.1 0.2 0.3 0.5],0.31079572439193726
2,500,[0.1 0.7 0.1 0.4 0.  0.2 0.4 0.8],0.3196408748626709
2,501,[0.1 0.7 0.1 0.4 0.  0.2 0.4 0.8],0.31966209411621094
2,502,[0.1 0.7 0.1 0.4 0.  0.2 0.4 0.8],0.3196873068809509
2,503,[0.1 0.7 0.1 0.4 0.  0.2 0.4 0.8],0.31970301270484924
2,504,[0.1 0.7 0.1 0.4 0.  0.2 0.4 0.8],0.3197038620710373
2,505,[0.1 0.7 0.1 0.4 0.  0.2 0.4 0.8],0.3197181075811386
2,506,[0.1 0.7 0.1 0.4 0.  0.2 0.4 0.8],0.31972263753414154
2,507,[0.1 0.7 0.1 0.4 0.  0.2 0.4 0.8],0.31972290575504303
2,508,[0.1 0.7 0.1 0.4 0.  0.2 0.4 0.8],0.31973156332969666
2,509,[0.1 0.7 0.1 0.4 0.  0.2 0.4 0.8],0.31973758339881897
2,510,[0.1 0.7 0.1 0.4 0.  0.2 0.4 0.8],0.3197602182626724
2,511,[0.1 0.7 0.1 0.4 0.  0.2 0.4 0.8],0.3197656273841858
2,512,[0.1 0.7 0.1 0.4 0.  0.2 0.4 0.8],0.3197733461856842
2,513,[0.1 0.7 0.1 0.4 0.  0.2 0.4 0.8],0.3197833001613617
2,514,[0.1 0.7 0.1 0.4 0.  0.2 0.4 0.8],0.31985898315906525
2,515,[0.1 0.7 0.1 0.4 0.  0.2 0.4 0.8],0.319875106215477
2,516,[0.1 0.7 0.1 0.4 0.  0.2 0.4 0.8],0.31988997757434845
2,517,[0.1 0.7 0.1 0.4 0.  0.2 0.4 0.8],0.3198937028646469
2,518,[0.1 0.7 0.1 0.4 0.  0.2 0.4 0.8],0.3199452906847
2,519,[0.6 0.3 0.1 0.3 0.1 0.1 1.  0.3],0.3284066170454025
2,520,[0.6 0.3 0.1 0.3 0.1 0.1 1.  0.3],0.32841210067272186
2,521,[0.6 0.3 0.1 0.3 0.1 0.1 1.  0.3],0.3284251093864441
2,522,[0.6 0.3 0.1 0.3 0.1 0.1 1.  0.3],0.3284408748149872
2,523,[0.6 0.3 0.1 0.3 0.1 0.1 1.  0.3],0.32850368320941925
2,524,[0.6 0.3 0.1 0.3 0.1 0.1 1.  0.3],0.32855984568595886
2,525,[0.6 0.3 0.1 0.3 0.1 0.1 1.  0.3],0.3285900503396988
2,526,[1.2 0.8 0.4 1.2 0.1 0.4 1.  0.3],0.33183902502059937
2,527,[1.2 0.8 0.4 1.2 0.1 0.4 1.  0.3],0.33190375566482544
2,528,[1.2 0.8 0.4 1.2 0.1 0.4 1.  0.3],0.3319091200828552
2,529,[1.2 0.8 0.4 1.2 0.1 0.4 1.  0.3],0.33196812868118286
2,530,[1.2 0.8 0.4 1.2 0.1 0.4 1.  0.3],0.33199919760227203
2,531,[1.2 0.8 0.4 1.2 0.1 0.4 1.  0.3],0.33203187584877014
2,532,[1.2 0.8 0.4 1.2 0.1 0.4 1.  0.3],0.33203640580177307
2,533,[1.2 0.8 0.4 1.2 0.1 0.4 1.  0.3],0.33204485476017
2,534,[1.2 0.8 0.4 1.2 0.1 0.4 1.  0.3],0.33204543590545654
2,535,[1.2 0.8 0.4 1.2 0.1 0.4 1.  0.3],0.33205482363700867
2,536,[1.2 0.8 0.4 1.2 0.1 0.4 1.  0.3],0.33211061358451843
2,537,[1.2 0.8 0.4 1.2 0.1 0.4 1.  0.3],0.3322100341320038
2,538,[0.5 0.5 0.3 1.2 0.3 0.1 0.5 1. ],0.3326011002063751
2,539,[0.5 0.5 0.3 1.2 0.3 0.1 0.5 1. ],0.3326104134321213
2,540,[0.5 0.5 0.3 1.2 0.3 0.1 0.5 1. ],0.33265167474746704
2,541,[0.5 0.5 0.3 1.2 0.3 0.1 0.5 1. ],0.3327307105064392
2,542,[0.5 0.5 0.3 1.2 0.3 0.1 0.5 1. ],0.33280031383037567
2,543,[0.5 0.5 0.3 1.2 0.3 0.1 0.5 1. ],0.33286501467227936
2,544,[0.5 0.5 0.3 1.2 0.3 0.1 0.5 1. ],0.33299244940280914
2,545,[0.4 0.5 0.1 0.3 0.1 0.1 0.8 0.9],0.33342762291431427
2,546,[0.  0.7 0.2 1.2 0.2 0.3 1.2 0.2],0.33513641357421875
2,547,[0.  0.7 0.2 1.2 0.2 0.3 1.2 0.2],0.3352174460887909
2,548,[0.  0.7 0.2 1.2 0.2 0.3 1.2 0.2],0.335296094417572
2,549,[0.  0.7 0.2 1.2 0.2 0.3 1.2 0.2],0.3354382961988449
2,550,[0.  0.7 0.2 1.2 0.2 0.3 1.2 0.2],0.335456058382988
2,551,[0.  0.7 0.2 1.2 0.2 0.3 1.2 0.2],0.3354776054620743
2,552,[0.  0.7 0.2 1.2 0.2 0.3 1.2 0.2],0.3354935795068741
2,553,[0.  0.7 0.2 1.2 0.2 0.3 1.2 0.2],0.33549752831459045
2,554,[1.  0.4 0.4 0.4 0.1 0.2 0.6 1.1],0.3378278315067291
2,555,[1.  0.4 0.4 0.4 0.1 0.2 0.6 1.1],0.33798134326934814
2,556,[1.  0.4 0.4 0.4 0.1 0.2 0.6 1.1],0.338075190782547
2,557,[1.  0.4 0.4 0.4 0.1 0.2 0.6 1.1],0.33807937800884247
2,558,[1.  0.4 0.4 0.4 0.1 0.2 0.6 1.1],0.33808182179927826
2,559,[1.  0.4 0.4 0.4 0.1 0.2 0.6 1.1],0.3380919098854065
2,560,[1.3 1.2 0.4 1.3 0.2 0.1 0.9 0.7],0.34566202759742737
2,561,[1.3 1.2 0.4 1.3 0.2 0.1 0.9 0.7],0.3457896560430527
2,562,[1.3 1.2 0.4 1.3 0.2 0.1 0.9 0.7],0.3458268791437149
2,563,[1.3 1.2 0.4 1.3 0.2 0.1 0.9 0.7],0.34589484333992004
2,564,[0.6 0.6 0.  0.8 0.1 0.4 0.6 1.1],0.3466687351465225
2,565,[0.6 0.6 0.  0.8 0.1 0.4 0.6 1.1],0.34670406579971313
2,566,[0.6 0.6 0.  0.8 0.1 0.4 0.6 1.1],0.3467099517583847
2,567,[0.6 0.6 0.  0.8 0.1 0.4 0.6 1.1],0.34683726727962494
2,568,[0.6 0.6 0.  0.8 0.1 0.4 0.6 1.1],0.3468745946884155
2,569,[0.6 0.6 0.  0.8 0.1 0.4 0.6 1.1],0.3469587713479996
2,570,[0.6 0.6 0.  0.8 0.1 0.4 0.6 1.1],0.3469969928264618
2,571,[0.6 0.7 0.2 0.8 0.2 0.3 0.4 0.4],0.3470972925424576
2,572,[0.6 0.7 0.2 0.8 0.2 0.3 0.4 0.4],0.34712210297584534
2,573,[0.6 0.7 0.2 0.8 0.2 0.3 0.4 0.4],0.34718452394008636
2,574,[0.6 0.7 0.2 0.8 0.2 0.3 0.4 0.4],0.34720930457115173
2,575,[0.6 0.7 0.2 0.8 0.2 0.3 0.4 0.4],0.34722693264484406
2,576,[0.6 0.7 0.2 0.8 0.2 0.3 0.4 0.4],0.3472321182489395
2,577,[0.6 0.7 0.2 0.8 0.2 0.3 0.4 0.4],0.3472444862127304
2,578,[0.6 0.7 0.2 0.8 0.2 0.3 0.4 0.4],0.3472912162542343
2,579,[0.6 0.7 0.2 0.8 0.2 0.3 0.4 0.4],0.3473386615514755
2,580,[0.6 0.7 0.2 0.8 0.2 0.3 0.4 0.4],0.3477155417203903
2,581,[0.3 0.9 0.4 1.2 0.3 0.  1.  0.8],0.348890095949173
2,582,[0.3 0.9 0.4 1.2 0.3 0.  1.  0.8],0.3489471971988678
2,583,[0.3 0.9 0.4 1.2 0.3 0.  1.  0.8],0.3490076810121536
2,584,[0.3 0.9 0.4 1.2 0.3 0.  1.  0.8],0.3490084856748581
2,585,[0.3 0.9 0.4 1.2 0.3 0.  1.  0.8],0.3490274250507355
2,586,[0.3 0.9 0.4 1.2 0.3 0.  1.  0.8],0.34905317425727844
2,587,[0.3 0.9 0.4 1.2 0.3 0.  1.  0.8],0.3491249084472656
2,588,[0.3 0.9 0.4 1.2 0.3 0.  1.  0.8],0.34921061992645264
2,589,[0.3 0.9 0.4 1.2 0.3 0.  1.  0.8],0.3492192476987839
2,590,[0.3 0.9 0.4 1.2 0.3 0.  1.  0.8],0.3492262363433838
2,591,[0.3 0.9 0.4 1.2 0.3 0.  1.  0.8],0.3492314964532852
2,592,[0.3 0.9 0.4 1.2 0.3 0.  1.  0.8],0.3492577522993088
2,593,[0.3 0.9 0.4 1.2 0.3 0.  1.  0.8],0.3492586016654968
2,594,[0.3 0.9 0.4 1.2 0.3 0.  1.  0.8],0.3492719382047653
2,595,[0.3 0.9 0.4 1.2 0.3 0.  1.  0.8],0.34929974377155304
2,596,[0.3 0.9 0.4 1.2 0.3 0.  1.  0.8],0.3493008464574814
2,597,[0.3 0.9 0.4 1.2 0.3 0.  1.  0.8],0.3494206368923187
2,598,[0.3 0.9 0.4 1.2 0.3 0.  1.  0.8],0.34946733713150024
2,599,[0.3 0.9 0.4 1.2 0.3 0.  1.  0.8],0.34948593378067017
2,600,[0.3 0.9 0.4 1.2 0.3 0.  1.  0.8],0.3495193123817444
2,601,[0.  0.6 0.3 0.4 0.  0.3 0.1 0.9],0.3508659154176712
2,602,[0.  0.6 0.3 0.4 0.  0.3 0.1 0.9],0.35088565945625305
2,603,[0.  0.6 0.3 0.4 0.  0.3 0.1 0.9],0.35090307891368866
2,604,[0.  0.6 0.3 0.4 0.  0.3 0.1 0.9],0.35095712542533875
2,605,[0.  0.6 0.3 0.4 0.  0.3 0.1 0.9],0.3510696440935135
2,606,[0.  0.6 0.3 0.4 0.  0.3 0.1 0.9],0.35108131170272827
2,607,[0.4 0.5 0.1 0.3 0.1 0.1 0.8 0.9],0.3548460602760315
2,608,[0.4 0.5 0.1 0.3 0.1 0.1 0.8 0.9],0.35491372644901276
2,609,[0.4 0.5 0.1 0.3 0.1 0.1 0.8 0.9],0.35500580072402954
2,610,[0.4 0.5 0.1 0.3 0.1 0.1 0.8 0.9],0.3550559729337692
2,611,[0.4 0.5 0.1 0.3 0.1 0.1 0.8 0.9],0.35506729781627655
2,612,[0.4 0.5 0.1 0.3 0.1 0.1 0.8 0.9],0.3550708293914795
2,613,[0.4 0.5 0.1 0.3 0.1 0.1 0.8 0.9],0.3551758676767349
2,614,[0.4 0.5 0.1 0.3 0.1 0.1 0.8 0.9],0.3552694171667099
2,615,[1.1 0.  0.5 0.8 0.4 0.1 1.  1.3],0.36232446134090424
2,616,[1.1 0.  0.5 0.8 0.4 0.1 1.  1.3],0.3624320775270462
2,617,[0.6 0.6 0.1 0.8 0.4 0.1 1.3 0.3],0.3815957307815552
2,618,[0.6 0.6 0.1 0.8 0.4 0.1 1.3 0.3],0.3816715031862259
2,619,[0.6 0.6 0.1 0.8 0.4 0.1 1.3 0.3],0.3816719949245453
2,620,[0.6 0.6 0.1 0.8 0.4 0.1 1.3 0.3],0.38173338770866394
2,621,[0.6 0.6 0.1 0.8 0.4 0.1 1.3 0.3],0.3817416727542877
2,622,[0.6 0.6 0.1 0.8 0.4 0.1 1.3 0.3],0.3817479610443115
2,623,[0.6 0.6 0.1 0.8 0.4 0.1 1.3 0.3],0.38179223239421844
2,624,[1.3 0.2 0.6 1.1 0.1 0.6 0.2 1.3],0.3825668692588806
2,625,[1.3 0.2 0.6 1.1 0.1 0.6 0.2 1.3],0.3829214721918106
2,626,[1.3 0.2 0.6 1.1 0.1 0.6 0.2 1.3],0.38295307755470276
2,627,[0.6 0.1 0.6 0.7 0.  0.7 0.3 0.8],0.39059872925281525
2,628,[0.6 0.1 0.6 0.7 0.  0.7 0.3 0.8],0.39060424268245697
2,629,[0.6 0.1 0.6 0.7 0.  0.7 0.3 0.8],0.39067547023296356
2,630,[0.7 0.3 0.5 0.4 0.2 0.  0.1 1.1],0.4025728404521942
2,631,[0.8 1.2 0.  0.9 0.4 0.  1.1 0.9],0.407068133354187
2,632,[0.8 1.2 0.  0.9 0.4 0.  1.1 0.9],0.4072452634572983
2,633,[0.  0.3 0.5 1.2 0.  0.7 1.1 1.3],0.40880779922008514
2,634,[0.  0.3 0.5 1.2 0.  0.7 1.1 1.3],0.4088246375322342
2,635,[0.  0.3 0.5 1.2 0.  0.7 1.1 1.3],0.40893790125846863
2,636,[0.  0.3 0.5 1.2 0.  0.7 1.1 1.3],0.4091549515724182
2,637,[0.  0.8 0.9 1.2 0.  0.3 1.1 1.3],0.409538134932518
2,638,[0.  0.8 0.9 1.2 0.  0.3 1.1 1.3],0.40953928232192993
2,639,[0.  0.8 0.9 1.2 0.  0.3 1.1 1.3],0.40954598784446716
2,640,[0.  0.8 0.9 1.2 0.  0.3 1.1 1.3],0.4095779061317444
2,641,[0.  0.8 0.9 1.2 0.  0.3 1.1 1.3],0.40957868099212646
2,642,[0.  0.8 0.9 1.2 0.  0.3 1.1 1.3],0.4095843583345413
2,643,[0.  0.8 0.9 1.2 0.  0.3 1.1 1.3],0.40958645939826965
2,644,[0.  0.8 0.9 1.2 0.  0.3 1.1 1.3],0.40960994362831116
2,645,[0.  0.8 0.9 1.2 0.  0.3 1.1 1.3],0.40962204337120056
2,646,[0.  0.8 0.9 1.2 0.  0.3 1.1 1.3],0.4096551686525345
2,647,[0.  0.8 0.9 1.2 0.  0.3 1.1 1.3],0.40967631340026855
2,648,[0.  0.8 0.9 1.2 0.  0.3 1.1 1.3],0.40967658162117004
2,649,[0.  0.8 0.9 1.2 0.  0.3 1.1 1.3],0.4096910357475281
2,650,[0.  0.8 0.9 1.2 0.  0.3 1.1 1.3],0.4097134470939636
2,651,[0.  0.8 0.9 1.2 0.  0.3 1.1 1.3],0.40973202884197235
2,652,[0.  0.8 0.9 1.2 0.  0.3 1.1 1.3],0.4097379744052887
2,653,[0.  0.8 0.9 1.2 0.  0.3 1.1 1.3],0.4097534865140915
2,654,[0.  0.8 0.9 1.2 0.  0.3 1.1 1.3],0.40977151691913605
2,655,[0.  0.8 0.9 1.2 0.  0.3 1.1 1.3],0.40977543592453003
2,656,[0.  0.8 0.9 1.2 0.  0.3 1.1 1.3],0.40977828204631805
2,657,[0.6 0.2 0.1 1.3 0.2 0.5 0.8 0.2],0.41334621608257294
2,658,[0.6 0.2 0.1 1.3 0.2 0.5 0.8 0.2],0.4134667068719864
2,659,[0.6 0.2 0.1 1.3 0.2 0.5 0.8 0.2],0.41348332166671753
2,660,[0.6 0.2 0.1 1.3 0.2 0.5 0.8 0.2],0.4136868864297867
2,661,[0.6 0.2 0.1 1.3 0.2 0.5 0.8 0.2],0.4137126952409744
2,662,[0.5 0.5 0.6 0.9 0.3 0.3 0.3 1.3],0.41780492663383484
2,663,[0.5 0.5 0.6 0.9 0.3 0.3 0.3 1.3],0.4181579500436783
2,664,[0.5 0.2 0.6 0.3 0.1 0.4 0.9 0.3],0.4211628884077072
2,665,[0.5 0.2 0.6 0.3 0.1 0.4 0.9 0.3],0.42119206488132477
2,666,[0.5 0.2 0.6 0.3 0.1 0.4 0.9 0.3],0.42120809853076935
2,667,[0.5 0.2 0.6 0.3 0.1 0.4 0.9 0.3],0.42127762734889984
2,668,[0.5 0.2 0.6 0.3 0.1 0.4 0.9 0.3],0.42128007113933563
2,669,[0.5 0.2 0.6 0.3 0.1 0.4 0.9 0.3],0.4213145077228546
2,670,[0.5 0.2 0.6 0.3 0.1 0.4 0.9 0.3],0.42135511338710785
2,671,[0.5 0.2 0.6 0.3 0.1 0.4 0.9 0.3],0.42139750719070435
2,672,[0.5 0.2 0.6 0.3 0.1 0.4 0.9 0.3],0.42143553495407104
2,673,[0.5 0.2 0.6 0.3 0.1 0.4 0.9 0.3],0.42145340144634247
2,674,[1.1 0.7 0.  1.2 0.5 0.  0.9 0.7],0.42640621960163116
2,675,[1.1 0.7 0.  1.2 0.5 0.  0.9 0.7],0.4265061914920807
2,676,[1.1 0.7 0.  1.2 0.5 0.  0.9 0.7],0.42665211856365204
2,677,[1.1 0.7 0.  1.2 0.5 0.  0.9 0.7],0.42665626108646393
2,678,[1.1 0.7 0.  1.2 0.5 0.  0.9 0.7],0.4267473369836807
2,679,[1.1 0.7 0.  1.2 0.5 0.  0.9 0.7],0.426861435174942
2,680,[1.1 0.7 0.  1.2 0.5 0.  0.9 0.7],0.4268888980150223
2,681,[1.1 0.7 0.  1.2 0.5 0.  0.9 0.7],0.42709118127822876
2,682,[0.  0.1 1.  0.4 0.  0.3 1.1 1.3],0.4307388365268707
2,683,[0.  0.1 1.  0.4 0.  0.3 1.1 1.3],0.430868461728096
2,684,[0.  0.1 1.  0.4 0.  0.3 1.1 1.3],0.43092967569828033
2,685,[0.1 0.6 0.1 0.1 0.1 0.1 1.  0.3],0.44983652234077454
2,686,[0.1 0.6 0.1 0.1 0.1 0.1 1.  0.3],0.44984813034534454
2,687,[0.1 0.6 0.1 0.1 0.1 0.1 1.  0.3],0.44989944994449615
2,688,[0.1 0.6 0.1 0.1 0.1 0.1 1.  0.3],0.4499054551124573
2,689,[0.1 0.6 0.1 0.1 0.1 0.1 1.  0.3],0.44995057582855225
2,690,[0.1 0.6 0.1 0.1 0.1 0.1 1.  0.3],0.45012201368808746
2,691,[1.2 1.1 0.5 1.  0.3 0.4 1.3 0.6],0.45064854621887207
2,692,[1.3 0.9 0.8 0.9 0.2 0.3 0.3 0.7],0.45438212156295776
2,693,[0.4 1.2 0.1 1.1 0.1 0.7 1.3 0.8],0.511810302734375
2,694,[0.3 1.2 1.  1.1 0.  0.5 0.5 1. ],0.526955634355545
2,695,[1.2 1.1 0.3 1.  0.  0.9 0.2 0.8],0.5386072993278503
2,696,[1.2 1.1 0.3 1.  0.  0.9 0.2 0.8],0.5387358367443085
2,697,[1.2 1.1 0.3 1.  0.  0.9 0.2 0.8],0.5390576124191284
2,698,[1.2 1.1 0.3 1.  0.  0.9 0.2 0.8],0.5390626788139343
2,699,[1.2 1.1 0.3 1.  0.  0.9 0.2 0.8],0.5391128808259964
2,700,[0.2 0.  1.  1.1 0.1 0.8 0.6 0.1],0.5509993135929108
2,701,[0.2 0.  1.  1.1 0.1 0.8 0.6 0.1],0.5512447953224182
2,702,[0.3 0.7 1.2 0.8 0.  0.  0.3 0.9],0.5640876293182373
2,703,[0.3 0.7 1.2 0.8 0.  0.  0.3 0.9],0.5641219317913055
2,704,[0.3 0.7 1.2 0.8 0.  0.  0.3 0.9],0.5641451478004456
2,705,[0.3 0.7 1.2 0.8 0.  0.  0.3 0.9],0.5642568171024323
2,706,[0.3 0.7 1.2 0.8 0.  0.  0.3 0.9],0.5642684996128082
2,707,[0.3 0.7 1.2 0.8 0.  0.  0.3 0.9],0.5642934739589691
2,708,[0.3 0.7 1.2 0.8 0.  0.  0.3 0.9],0.5643162727355957
2,709,[0.3 0.7 1.2 0.8 0.  0.  0.3 0.9],0.5643189549446106
2,710,[0.3 0.7 1.2 0.8 0.  0.  0.3 0.9],0.5643342137336731
2,711,[0.3 0.7 1.2 0.8 0.  0.  0.3 0.9],0.5643482208251953
2,712,[0.3 0.7 1.2 0.8 0.  0.  0.3 0.9],0.564357191324234
2,713,[0.3 0.7 1.2 0.8 0.  0.  0.3 0.9],0.5643996894359589
2,714,[0.3 0.7 1.2 0.8 0.  0.  0.3 0.9],0.5644235610961914
2,715,[0.3 0.7 1.2 0.8 0.  0.  0.3 0.9],0.5644591748714447
2,716,[0.3 0.7 1.2 0.8 0.  0.  0.3 0.9],0.5644602179527283
2,717,[0.3 0.7 1.2 0.8 0.  0.  0.3 0.9],0.5644815862178802
2,718,[0.3 0.7 1.2 0.8 0.  0.  0.3 0.9],0.5645033121109009
2,719,[0.5 0.8 1.  0.4 0.1 0.2 0.4 0.6],0.5736571550369263
2,720,[0.5 0.8 1.  0.4 0.1 0.2 0.4 0.6],0.5738453269004822
2,721,[0.  0.7 0.9 0.9 0.3 0.5 0.3 0.6],0.5753415822982788
2,722,[0.3 0.7 0.3 0.8 0.7 0.  1.1 0.1],0.5834228098392487
2,723,[0.3 0.7 0.3 0.8 0.7 0.  1.1 0.1],0.5835322141647339
2,724,[0.3 0.7 0.3 0.8 0.7 0.  1.1 0.1],0.5837444067001343
2,725,[0.3 0.7 0.3 0.8 0.7 0.  1.1 0.1],0.58379727602005
2,726,[0.3 0.7 0.3 0.8 0.7 0.  1.1 0.1],0.5838942229747772
2,727,[0.3 0.7 0.3 0.8 0.7 0.  1.1 0.1],0.5839461088180542
2,728,[0.3 0.7 0.3 0.8 0.7 0.  1.1 0.1],0.5840392410755157
2,729,[1.2 1.3 0.3 0.7 0.6 0.1 0.5 0. ],0.6319368481636047
2,730,[1.2 1.3 0.3 0.7 0.6 0.1 0.5 0. ],0.6323136389255524
2,731,[1.2 1.3 0.3 0.7 0.6 0.1 0.5 0. ],0.63233682513237
2,732,[1.2 1.3 0.3 0.7 0.6 0.1 0.5 0. ],0.632476419210434
2,733,[1.2 1.3 0.3 0.7 0.6 0.1 0.5 0. ],0.6326630115509033
2,734,[0.1 0.3 0.4 0.4 0.6 0.  0.5 0.9],0.6346569657325745
2,735,[0.1 0.3 0.4 0.4 0.6 0.  0.5 0.9],0.6346893310546875
2,736,[0.1 0.3 0.4 0.4 0.6 0.  0.5 0.9],0.6348355412483215
2,737,[0.1 0.3 0.4 0.4 0.6 0.  0.5 0.9],0.6348564624786377
2,738,[0.1 0.3 0.4 0.4 0.6 0.  0.5 0.9],0.6349351108074188
2,739,[0.1 0.3 0.4 0.4 0.6 0.  0.5 0.9],0.634935736656189
2,740,[0.1 0.3 0.4 0.4 0.6 0.  0.5 0.9],0.6349732875823975
2,741,[0.1 0.3 0.4 0.4 0.6 0.  0.5 0.9],0.6356105208396912
2,742,[0.3 0.6 1.2 0.8 0.3 0.3 1.2 0.3],0.6560123562812805
2,743,[0.9 0.9 1.2 0.4 0.  0.  0.5 0.9],0.6568371951580048
2,744,[0.9 0.9 1.2 0.4 0.  0.  0.5 0.9],0.6570571064949036
2,745,[0.9 0.9 1.2 0.4 0.  0.  0.5 0.9],0.6570790112018585
2,746,[0.9 0.9 1.2 0.4 0.  0.  0.5 0.9],0.6571250259876251
2,747,[0.9 0.9 1.2 0.4 0.  0.  0.5 0.9],0.6572124660015106
2,748,[0.9 0.9 1.2 0.4 0.  0.  0.5 0.9],0.6572542786598206
2,749,[0.9 0.9 1.2 0.4 0.  0.  0.5 0.9],0.6572770774364471
2,750,[0.9 0.9 1.2 0.4 0.  0.  0.5 0.9],0.6572820842266083
2,751,[0.9 0.9 1.2 0.4 0.  0.  0.5 0.9],0.6573052704334259
2,752,[0.5 0.6 0.7 0.6 0.  1.1 1.2 0.9],0.701869010925293
2,753,[0.5 0.6 0.7 0.6 0.  1.1 1.2 0.9],0.7072986662387848
2,754,[0.5 0.6 0.7 0.6 0.  1.1 1.2 0.9],0.7077268660068512
2,755,[0.5 0.6 0.7 0.6 0.  1.1 1.2 0.9],0.7077491283416748
2,756,[0.5 0.6 0.7 0.6 0.  1.1 1.2 0.9],0.7078424394130707
2,757,[1.2 1.1 0.5 1.  0.8 0.4 1.3 0. ],0.7794314324855804
2,758,[1.2 1.1 0.5 1.  0.8 0.4 1.3 0. ],0.7797759473323822
2,759,[1.2 1.1 0.5 1.  0.8 0.4 1.3 0. ],0.7799006402492523
2,760,[1.2 1.1 0.5 1.  0.8 0.4 1.3 0. ],0.7799133062362671
2,761,[1.2 1.1 0.5 1.  0.8 0.4 1.3 0. ],0.7799363434314728
2,762,[1.2 1.1 0.5 1.  0.8 0.4 1.3 0. ],0.7799893915653229
2,763,[1.2 1.1 0.5 1.  0.8 0.4 1.3 0. ],0.7802740633487701
2,764,[0.1 0.3 0.4 0.4 1.  0.2 0.5 0.9],1.0254054069519043
2,765,[0.1 0.3 0.4 0.4 1.  0.2 0.5 0.9],1.0261871814727783
2,766,[0.1 0.3 0.4 0.4 1.  0.2 0.5 0.9],1.026322454214096
2,767,[0.1 0.3 0.4 0.4 1.  0.2 0.5 0.9],1.0264777541160583
2,768,[0.1 0.3 0.4 0.4 1.  0.2 0.5 0.9],1.026797741651535
2,769,[0.1 0.3 0.4 0.4 1.  0.2 0.5 0.9],1.0274187922477722
2,770,[1.3 0.2 0.6 1.1 1.1 0.6 1.3 1.3],1.0424491167068481
2,771,[1.3 0.2 0.6 1.1 1.1 0.6 1.3 1.3],1.0433114171028137
2,772,[1.2 0.8 0.4 1.2 1.2 0.4 1.  0.2],1.0929319858551025
2,773,[1.2 0.8 0.4 1.2 1.2 0.4 1.  0.2],1.0929723381996155
2,774,[1.2 0.8 0.4 1.2 1.2 0.4 1.  0.2],1.0930659174919128
2,775,[0.9 0.6 0.6 0.9 1.2 0.8 0.6 1.1],1.3372082114219666
2,776,[0.9 0.6 0.6 0.9 1.2 0.8 0.6 1.1],1.3373342752456665
2,777,[0.9 0.6 0.6 0.9 1.2 0.8 0.6 1.1],1.3373644948005676
2,778,[0.9 0.6 0.6 0.9 1.2 0.8 0.6 1.1],1.3375979661941528
2,779,[0.9 0.6 0.6 0.9 1.2 0.8 0.6 1.1],1.3376317024230957
2,780,[0.9 0.6 0.6 0.9 1.2 0.8 0.6 1.1],1.3378975987434387
2,781,[0.9 0.6 0.6 0.9 1.2 0.8 0.6 1.1],1.3379051089286804
2,782,[0.9 0.6 0.6 0.9 1.2 0.8 0.6 1.1],1.337980568408966
2,783,[0.9 0.6 0.6 0.9 1.2 0.8 0.6 1.1],1.3380643129348755
2,784,[0.9 0.6 0.6 0.9 1.2 0.8 0.6 1.1],1.3381009101867676
2,785,[0.9 0.6 0.6 0.9 1.2 0.8 0.6 1.1],1.3381097912788391
2,786,[0.9 0.6 0.6 0.9 1.2 0.8 0.6 1.1],1.3383340239524841
2,787,[0.9 0.6 0.6 0.9 1.2 0.8 0.6 1.1],1.338353455066681
2,788,[0.9 0.6 0.6 0.9 1.2 0.8 0.6 1.1],1.3385078310966492
2,789,[0.9 0.6 0.6 0.9 1.2 0.8 0.6 1.1],1.3553678393363953
2,790,[0.8 0.7 0.1 0.4 1.3 0.2 0.4 0.8],1.4120883345603943
2,791,[0.1 0.7 0.3 0.4 1.3 0.2 0.4 0.8],1.4124001264572144
2,792,[0.1 0.7 0.3 0.4 1.3 0.2 0.4 0.8],1.412437379360199
2,793,[0.1 0.7 0.3 0.4 1.3 0.2 0.4 0.8],1.412635326385498
2,794,[0.1 0.7 0.3 0.4 1.3 0.2 0.4 0.8],1.4127715229988098
2,795,[0.1 0.7 0.3 0.4 1.3 0.2 0.4 0.8],1.4128440022468567
2,796,[0.1 0.7 0.3 0.4 1.3 0.2 0.4 0.8],1.4128755927085876
2,797,[0.1 0.7 0.3 0.4 1.3 0.2 0.4 0.8],1.4129058122634888
2,798,[0.1 0.7 0.3 0.4 1.3 0.2 0.4 0.8],1.413076102733612
2,799,[0.8 0.7 0.1 0.4 1.3 0.2 0.4 0.8],1.4133796691894531
3,0,[1.1 0.  0.  1.  0.  1.2 0.7 0.7],0.045719148591160774
3,1,[1.1 0.  0.  1.  0.  1.2 0.7 0.7],0.045719148591160774
3,2,[1.1 0.  0.  1.  0.  1.2 0.7 0.7],0.045719148591160774
3,3,[0.  0.1 0.5 1.2 0.  0.3 1.1 1.3],0.050321539863944054
3,4,[1.1 0.1 0.1 1.  0.  0.  0.7 0.2],0.05372166261076927
3,5,[1.1 0.1 0.1 1.  0.  0.  0.7 0.2],0.05372166261076927
3,6,[1.1 0.1 0.1 1.  0.  0.  0.7 0.2],0.05372166261076927
3,7,[0.3 1.  1.3 1.  0.  1.2 0.7 0.9],0.055884744971990585
3,8,[0.5 0.3 0.4 1.3 0.2 0.1 0.9 0.7],0.05854203552007675
3,9,[0.5 0.3 0.4 1.3 0.2 0.1 0.9 0.7],0.05860704742372036
3,10,[0.5 0.3 0.4 1.3 0.2 0.1 0.9 0.7],0.05860704742372036
3,11,[1.1 0.1 0.  1.  0.  0.  0.7 1.3],0.06305993348360062
3,12,[1.1 0.1 0.  1.  0.  0.  0.7 1.3],0.06305993348360062
3,13,[1.1 0.1 0.  1.  0.  0.  0.7 1.3],0.06305993348360062
3,14,[1.1 0.1 0.  1.  0.  0.  0.7 1.3],0.07899338379502296
3,15,[1.1 0.1 0.  1.  0.  0.  0.7 1.3],0.07899338379502296
3,16,[1.1 0.3 0.  0.9 0.  0.  0.7 1.3],0.0898287370800972
3,17,[1.1 0.3 0.  0.9 0.  0.  0.7 1.3],0.0898287370800972
3,18,[1.1 0.1 0.1 1.  0.  0.  0.7 0.2],0.09568376839160919
3,19,[1.1 0.1 0.1 1.  0.  0.  0.7 0.2],0.09569966420531273
3,20,[1.1 0.9 0.8 0.5 0.  0.  1.3 0.2],0.09579725563526154
3,21,[0.  0.7 0.2 1.2 0.  0.9 0.5 0.2],0.09814269840717316
3,22,[1.1 0.1 0.1 1.  0.  0.  0.7 0.2],0.09850216656923294
3,23,[1.1 0.1 0.  1.  0.  0.  0.7 1.3],0.11008965596556664
3,24,[1.1 0.1 0.  1.  0.  0.  0.7 1.3],0.11009932681918144
3,25,[1.1 0.1 0.2 1.  0.  0.  0.7 1.3],0.11011853441596031
3,26,[1.1 0.1 0.  1.  0.  0.  0.7 1.3],0.11012452840805054
3,27,[1.1 0.1 0.  1.  0.  0.  0.7 1.3],0.11013088747859001
3,28,[1.1 0.1 0.  1.  0.  0.  0.7 1.3],0.11016010865569115
3,29,[0.1 0.1 0.  1.  0.  0.  0.2 0.4],0.11017868295311928
3,30,[1.1 0.5 0.  1.  0.3 0.  0.7 1.3],0.11018241569399834
3,31,[1.1 0.1 0.  1.  0.7 0.  0.7 0.5],0.11022515967488289
3,32,[1.1 0.1 0.  1.  0.  0.  0.7 1.3],0.11028242483735085
3,33,[1.1 0.1 0.  1.  0.  0.  0.7 1.3],0.11029644310474396
3,34,[1.1 0.1 0.  1.  0.  0.  0.7 1.3],0.1103878952562809
3,35,[1.1 0.3 0.  0.9 0.  0.  0.7 1.3],0.12063559889793396
3,36,[1.1 0.3 0.  0.9 0.  0.  0.7 1.3],0.12067567557096481
3,37,[0.3 0.7 1.2 0.8 0.  0.  0.3 0.9],0.12507722899317741
3,38,[0.3 0.7 0.3 0.8 0.  0.  0.3 0.1],0.13822784274816513
3,39,[1.1 0.1 0.2 1.  0.  0.  0.7 1.3],0.1488133892416954
3,40,[1.2 0.1 0.2 0.3 1.2 0.1 0.7 1.3],0.14887624233961105
3,41,[1.1 0.1 0.2 1.  0.  0.  0.7 1.3],0.148935005068779
3,42,[1.1 0.1 0.2 1.  0.  0.  0.7 1.3],0.1489778235554695
3,43,[1.3 0.1 0.1 1.  0.  0.  0.7 0.2],0.14900581538677216
3,44,[1.3 0.1 0.1 1.  0.  0.  0.7 0.2],0.14901559799909592
3,45,[1.3 0.1 0.1 1.  0.  0.  0.7 0.2],0.14902152121067047
3,46,[1.3 0.1 0.1 1.  0.  0.  0.7 0.2],0.14903676509857178
3,47,[1.3 0.1 0.1 1.  0.  0.  0.7 0.2],0.14907552301883698
3,48,[1.3 0.1 0.1 1.  0.  0.  0.7 0.2],0.14910080283880234
3,49,[1.3 0.1 0.1 1.  0.  0.  0.7 0.2],0.14917485415935516
3,50,[1.3 0.1 0.1 1.  0.  0.  0.7 0.2],0.14918402582406998
3,51,[1.3 0.1 0.1 1.  0.  0.  0.7 0.2],0.14919867366552353
3,52,[1.3 0.1 0.1 1.  0.  0.  0.7 0.2],0.14921633154153824
3,53,[1.3 0.1 0.1 1.  0.  0.  0.7 0.2],0.14922955632209778
3,54,[1.3 0.1 0.1 1.  0.  0.  0.7 0.2],0.1493053361773491
3,55,[1.1 0.1 0.1 1.  0.  0.  0.7 0.2],0.14949507266283035
3,56,[1.1 0.1 0.1 1.  0.  0.  0.7 0.2],0.14950647205114365
3,57,[1.1 0.1 0.1 1.  0.  0.  0.7 0.2],0.14952537417411804
3,58,[1.1 0.1 0.1 1.  0.  0.  0.7 0.2],0.14954513311386108
3,59,[1.1 0.1 0.1 1.  0.  0.  0.7 0.2],0.1495770961046219
3,60,[1.1 0.1 0.1 1.  0.  0.  0.7 0.2],0.14958129823207855
3,61,[1.1 0.1 0.1 1.  0.  0.  0.7 0.2],0.14958152920007706
3,62,[1.1 0.1 0.1 1.  0.  0.  0.7 0.2],0.1495894491672516
3,63,[1.1 0.1 0.1 1.  0.  0.  0.7 0.2],0.1495976820588112
3,64,[1.1 0.1 0.1 1.  0.  0.  0.7 0.2],0.14961504191160202
3,65,[1.1 0.1 0.1 1.  0.  0.  0.7 0.2],0.14961888641119003
3,66,[1.1 0.1 0.1 1.  0.  0.  0.7 0.2],0.1496320739388466
3,67,[1.1 0.1 0.1 1.  0.  0.  0.7 0.2],0.1496342197060585
3,68,[1.1 0.1 0.1 1.  0.  0.  0.7 0.2],0.14963432401418686
3,69,[1.1 0.1 0.1 1.  0.  0.  0.7 0.2],0.14963488280773163
3,70,[1.1 0.1 0.1 1.  0.  0.  0.7 0.2],0.149639293551445
3,71,[1.1 0.1 0.1 1.  0.  0.  0.7 0.2],0.14964735507965088
3,72,[1.1 0.1 0.1 1.  0.  0.  0.7 0.2],0.14964821189641953
3,73,[1.1 0.1 0.1 1.  0.  0.  0.7 0.2],0.14965248107910156
3,74,[1.1 0.1 0.1 1.  0.  0.  0.7 0.2],0.14965271949768066
3,75,[1.1 0.1 0.1 1.  0.  0.  0.7 0.2],0.1496528536081314
3,76,[1.1 0.1 0.1 1.  0.  0.  0.7 0.2],0.14965315163135529
3,77,[1.1 0.1 0.1 1.  0.  0.  0.7 0.2],0.1496579349040985
3,78,[1.1 0.1 0.1 1.  0.  0.  0.7 0.2],0.1496611163020134
3,79,[1.1 0.1 0.1 1.  0.  0.  0.7 0.2],0.1496632993221283
3,80,[1.1 0.1 0.1 1.  0.  0.  0.7 0.2],0.149665966629982
3,81,[1.1 0.1 0.1 1.  0.  0.  0.7 0.2],0.14966845512390137
3,82,[1.1 0.1 0.1 1.  0.  0.  0.7 0.2],0.14967654645442963
3,83,[1.1 0.1 0.1 1.  0.  0.  0.7 0.2],0.14967699348926544
3,84,[1.1 0.1 0.1 1.  0.  0.  0.7 0.2],0.14967934787273407
3,85,[1.1 0.1 0.1 1.  0.  0.  0.7 0.2],0.14968318492174149
3,86,[1.1 0.1 0.1 1.  0.  0.  0.7 0.2],0.14968805760145187
3,87,[1.1 0.1 0.1 1.  0.  0.  0.7 0.2],0.14968854933977127
3,88,[1.1 0.1 0.1 1.  0.  0.  0.7 0.2],0.14968957751989365
3,89,[1.1 0.1 0.1 1.  0.  0.  0.7 0.2],0.14968962222337723
3,90,[1.1 0.1 0.1 1.  0.  0.  0.7 0.2],0.1496920883655548
3,91,[1.1 0.1 0.1 1.  0.  0.  0.7 0.2],0.14969365298748016
3,92,[1.1 0.1 0.1 1.  0.  0.  0.7 0.2],0.14969437569379807
3,93,[1.1 0.1 0.1 1.  0.  0.  0.7 0.2],0.1496974229812622
3,94,[1.1 0.1 0.1 1.  0.  0.  0.7 0.2],0.14970152080059052
3,95,[1.1 0.1 0.1 1.  0.  0.  0.7 0.2],0.1497059166431427
3,96,[1.1 0.1 0.1 1.  0.  0.  0.7 0.2],0.149709552526474
3,97,[1.1 0.1 0.1 1.  0.  0.  0.7 0.2],0.14971085637807846
3,98,[1.1 0.1 0.1 1.  0.  0.  0.7 0.2],0.14972350001335144
3,99,[1.1 0.1 0.1 1.  0.  0.  0.7 0.2],0.1497262418270111
3,100,[1.1 0.1 0.1 1.  0.  0.  0.7 0.2],0.14972905814647675
3,101,[1.1 0.1 0.1 1.  0.  0.  0.7 0.2],0.14973022043704987
3,102,[1.1 0.1 0.1 1.  0.  0.  0.7 0.2],0.14973095804452896
3,103,[1.1 0.1 0.1 1.  0.  0.  0.7 0.2],0.14973865449428558
3,104,[1.1 0.1 0.1 1.  0.  0.  0.7 0.2],0.1497451290488243
3,105,[1.1 0.1 0.1 1.  0.  0.  0.7 0.2],0.1497536301612854
3,106,[1.1 0.1 0.1 1.  0.  0.  0.7 0.2],0.14976069331169128
3,107,[1.1 0.1 0.1 1.  0.  0.  0.7 0.2],0.14976433664560318
3,108,[1.1 0.1 0.1 1.  0.  0.  0.7 0.2],0.14976698905229568
3,109,[1.1 0.1 0.1 1.  0.  0.  0.7 0.2],0.14976808428764343
3,110,[1.1 0.1 0.1 1.  0.  0.  0.7 0.2],0.14976909756660461
3,111,[1.1 0.1 0.1 1.  0.  0.  0.7 0.2],0.14976947754621506
3,112,[1.1 0.1 0.1 1.  0.  0.  0.7 0.2],0.14977110922336578
3,113,[1.1 0.1 0.1 1.  0.  0.  0.7 0.2],0.14977683126926422
3,114,[1.1 0.1 0.1 1.  0.  0.  0.7 0.2],0.14977875351905823
3,115,[1.1 0.1 0.1 1.  0.  0.  0.7 0.2],0.1497802808880806
3,116,[1.1 0.1 0.1 1.  0.  0.  0.7 0.2],0.1497826650738716
3,117,[1.1 0.1 0.1 1.  0.  0.  0.7 0.2],0.14978596568107605
3,118,[1.1 0.1 0.1 1.  0.  0.  0.7 0.2],0.1497889906167984
3,119,[1.1 0.1 0.1 1.  0.  0.  0.7 0.2],0.14980214834213257
3,120,[1.1 0.1 0.1 1.  0.  0.  0.7 0.2],0.14980613440275192
3,121,[1.1 0.1 0.1 1.  0.  0.  0.7 0.2],0.1498068943619728
3,122,[1.1 0.1 0.1 1.  0.  0.  0.7 0.2],0.1498081460595131
3,123,[1.1 0.1 0.1 1.  0.  0.  0.7 0.2],0.14983301609754562
3,124,[1.1 0.1 0.1 1.  0.  0.  0.7 0.2],0.14983831346035004
3,125,[1.1 0.1 0.1 1.  0.  0.  0.7 0.2],0.14986542612314224
3,126,[1.1 0.1 0.1 1.  0.  0.  0.7 0.2],0.14986559003591537
3,127,[1.1 0.1 0.1 1.  0.  0.  0.7 0.2],0.14987653493881226
3,128,[1.1 0.1 0.1 1.  0.  0.  0.7 0.2],0.14991948008537292
3,129,[1.1 0.1 0.1 1.  0.  0.  0.7 0.2],0.14996840059757233
3,130,[1.1 0.  0.  1.  0.  0.  0.7 0.3],0.1572350189089775
3,131,[1.1 0.  0.  1.  0.  0.  0.7 0.3],0.15732765942811966
3,132,[1.1 0.  0.  1.  0.  0.  0.7 0.3],0.1573970764875412
3,133,[1.1 0.  0.  1.  0.  0.  0.7 0.3],0.15743304789066315
3,134,[1.1 0.  0.  1.  0.  1.2 0.7 0.7],0.15949856489896774
3,135,[1.1 0.1 0.  1.  0.  0.  0.7 1.3],0.16142047196626663
3,136,[1.1 0.1 0.  1.  0.  0.  0.7 1.3],0.16150430589914322
3,137,[1.1 0.1 0.  1.  0.  0.  0.7 1.2],0.16150828450918198
3,138,[1.1 0.1 0.  1.  0.  0.  0.7 1.3],0.1615292951464653
3,139,[1.1 0.1 0.  1.  0.  0.  0.7 1.3],0.16155417263507843
3,140,[1.1 0.1 0.  1.  0.  0.  0.7 1.3],0.16156528145074844
3,141,[1.1 0.1 0.  1.  0.  0.  0.7 1.2],0.1615731343626976
3,142,[1.1 0.1 0.  1.  0.  0.  0.7 1.3],0.16157760471105576
3,143,[1.1 0.1 0.  1.  0.  0.  0.7 1.3],0.16158659011125565
3,144,[1.1 0.1 0.  1.  0.  0.  0.7 1.3],0.1616033911705017
3,145,[1.1 0.1 0.  1.  0.  0.  0.7 1.3],0.16162388026714325
3,146,[1.1 0.1 0.  1.  0.  0.  0.7 1.3],0.16162599623203278
3,147,[1.1 0.1 0.  1.  0.  0.  0.7 1.3],0.1616268828511238
3,148,[1.1 0.1 0.  1.  0.  0.  0.7 1.3],0.16162820905447006
3,149,[1.1 0.1 0.  1.  0.  0.  0.7 1.3],0.16163089871406555
3,150,[1.1 0.1 0.  1.  0.  0.  0.7 1.3],0.1616322621703148
3,151,[1.1 0.1 0.  1.  0.  0.  0.7 1.3],0.16163558512926102
3,152,[1.1 0.1 0.  1.  0.  0.  0.7 1.3],0.16163574904203415
3,153,[1.1 0.1 0.  1.  0.  0.  0.7 1.3],0.16163888573646545
3,154,[1.1 0.1 0.  1.  0.  0.  0.7 1.3],0.16166473925113678
3,155,[1.1 0.1 0.  1.  0.  0.  0.7 1.3],0.16166847944259644
3,156,[1.1 0.1 0.  1.  0.  0.  0.7 1.3],0.1616688072681427
3,157,[1.1 0.1 0.  1.  0.  0.  0.7 1.3],0.16166960448026657
3,158,[1.1 0.1 0.  1.  0.  0.  0.7 1.3],0.16167040914297104
3,159,[1.1 0.1 0.  1.  0.  0.  0.7 1.3],0.1616710051894188
3,160,[1.1 0.1 0.  1.  0.  0.  0.7 1.3],0.1616751179099083
3,161,[1.1 0.1 0.  1.  0.  0.  0.7 1.3],0.16168029606342316
3,162,[1.1 0.1 0.  1.  0.  0.  0.7 1.3],0.16168099641799927
3,163,[1.1 0.1 0.  1.  0.  0.  0.7 1.3],0.16168398410081863
3,164,[1.1 0.1 0.  1.  0.  0.  0.7 1.3],0.1616852805018425
3,165,[1.1 0.1 0.  1.  0.  0.  0.7 1.3],0.16168618202209473
3,166,[1.1 0.1 0.  1.  0.  0.  0.7 1.3],0.1616886407136917
3,167,[1.1 0.1 0.  1.  0.  0.  0.7 1.3],0.16168873757123947
3,168,[1.1 0.1 0.  1.  0.  0.  0.7 1.3],0.16168981045484543
3,169,[1.1 0.1 0.  1.  0.  0.  0.7 1.3],0.161691352725029
3,170,[1.1 0.1 0.  1.  0.  0.  0.7 1.3],0.16169223934412003
3,171,[1.1 0.1 0.  1.  0.  0.  0.7 1.3],0.16169357299804688
3,172,[1.1 0.1 0.  1.  0.  0.  0.7 1.2],0.16169803589582443
3,173,[1.1 0.1 0.  1.  0.  0.  0.7 1.3],0.1616983488202095
3,174,[1.1 0.1 0.  1.  0.  0.  0.7 1.3],0.16169922053813934
3,175,[1.1 0.1 0.  1.  0.  0.  0.7 1.3],0.1617005690932274
3,176,[1.1 0.1 0.  1.  0.  0.  0.7 1.3],0.16170473396778107
3,177,[1.1 0.1 0.  1.  0.  0.  0.7 1.3],0.16170621663331985
3,178,[1.1 0.1 0.  1.  0.  0.  0.7 1.3],0.16171258687973022
3,179,[1.1 0.1 0.  1.  0.  0.  0.7 1.3],0.16171861439943314
3,180,[1.1 0.1 0.  1.  0.  0.  0.7 1.3],0.16171930730342865
3,181,[1.1 0.1 0.  1.  0.  0.  0.7 1.3],0.16171974688768387
3,182,[1.1 0.1 0.  1.  0.  0.  0.7 1.3],0.16172178089618683
3,183,[1.1 0.1 0.  1.  0.  0.  0.7 1.3],0.16172372549772263
3,184,[1.1 0.1 0.  1.  0.  0.  0.7 1.3],0.16172423213720322
3,185,[1.1 0.1 0.  1.  0.  0.  0.7 1.3],0.16172565519809723
3,186,[1.1 0.1 0.  1.  0.  0.  0.7 1.3],0.1617262065410614
3,187,[1.1 0.1 0.  1.  0.  0.  0.7 1.3],0.1617271453142166
3,188,[1.1 0.1 0.  1.  0.  0.  0.7 1.3],0.16172752529382706
3,189,[1.1 0.1 0.  1.  0.  0.  0.7 1.3],0.16173189133405685
3,190,[1.1 0.1 0.  1.  0.  0.  0.7 1.3],0.16173244267702103
3,191,[1.1 0.1 0.  1.  0.  0.  0.7 1.3],0.16173288971185684
3,192,[1.1 0.1 0.  1.  0.  0.  0.7 1.3],0.16173435747623444
3,193,[1.1 0.1 0.  1.  0.  0.  0.7 1.3],0.1617349088191986
3,194,[1.1 0.1 0.  1.  0.  0.  0.7 1.3],0.16173647344112396
3,195,[1.1 0.1 0.  1.  0.  0.  0.7 1.3],0.16173693537712097
3,196,[1.1 0.1 0.  1.  0.  0.  0.7 1.3],0.16173729300498962
3,197,[1.1 0.1 0.  1.  0.  0.  0.7 1.3],0.16173842549324036
3,198,[1.1 0.1 0.  1.  0.  0.  0.7 1.3],0.16174419224262238
3,199,[1.1 0.1 0.  1.  0.  0.  0.7 1.3],0.16175001114606857
3,200,[1.1 0.1 0.  1.  0.  0.  0.7 1.3],0.16175079345703125
3,201,[1.1 0.1 0.  1.  0.  0.  0.7 1.3],0.1617521196603775
3,202,[1.1 0.1 0.  1.  0.  0.  0.7 1.3],0.1617547795176506
3,203,[1.1 0.1 0.  1.  0.  0.  0.7 1.3],0.16176103800535202
3,204,[1.1 0.1 0.  1.  0.  0.  0.7 1.3],0.1617620810866356
3,205,[1.1 0.1 0.  1.  0.  0.  0.7 1.3],0.16176234930753708
3,206,[1.1 0.1 0.  1.  0.  0.  0.7 1.3],0.16176243871450424
3,207,[1.1 0.1 0.  1.  0.  0.  0.7 1.3],0.16176296025514603
3,208,[1.1 0.1 0.  1.  0.  0.  0.7 1.3],0.1617664098739624
3,209,[1.1 0.1 0.  1.  0.  0.  0.7 1.3],0.1617695540189743
3,210,[1.1 0.1 0.  1.  0.  0.  0.7 1.3],0.16176997870206833
3,211,[1.1 0.1 0.  1.  0.  0.  0.7 1.3],0.16177155077457428
3,212,[1.1 0.1 0.  1.  0.  0.  0.7 1.3],0.16177436709403992
3,213,[1.1 0.1 0.  1.  0.  0.  0.7 1.3],0.16177595406770706
3,214,[1.1 0.1 0.  1.  0.  0.  0.7 1.3],0.1617788001894951
3,215,[1.1 0.1 0.  1.  0.  0.  0.7 1.3],0.16177929937839508
3,216,[1.1 0.1 0.  1.  0.  0.  0.7 1.3],0.16177945584058762
3,217,[1.1 0.1 0.  1.  0.  0.  0.7 1.3],0.16178052127361298
3,218,[1.1 0.1 0.  1.  0.  0.  0.7 1.3],0.1617807075381279
3,219,[1.1 0.1 0.  1.  0.  0.  0.7 1.3],0.16178078204393387
3,220,[1.1 0.1 0.  1.  0.  0.  0.7 1.3],0.16178126633167267
3,221,[1.1 0.1 0.  1.  0.  0.  0.7 1.3],0.16178376227617264
3,222,[1.1 0.1 0.  1.  0.  0.  0.7 1.3],0.16178621351718903
3,223,[1.1 0.1 0.  1.  0.  0.  0.7 1.3],0.16178640723228455
3,224,[1.1 0.1 0.  1.  0.  0.  0.7 1.3],0.16178692132234573
3,225,[1.1 0.1 0.  1.  0.  0.  0.7 1.3],0.16178826242685318
3,226,[1.1 0.1 0.  1.  0.  0.  0.7 1.3],0.16178856045007706
3,227,[1.1 0.1 0.  1.  0.  0.  0.7 1.3],0.16178957372903824
3,228,[1.1 0.1 0.  1.  0.  0.  0.7 1.3],0.16178972274065018
3,229,[1.1 0.1 0.  1.  0.  0.  0.7 1.3],0.16178979724645615
3,230,[1.1 0.1 0.  1.  0.  0.  0.7 1.3],0.16178996115922928
3,231,[1.1 0.1 0.  1.  0.  0.  0.7 1.3],0.161790169775486
3,232,[1.1 0.1 0.  1.  0.  0.  0.7 1.3],0.16179023683071136
3,233,[1.1 0.1 0.  1.  0.  0.  0.7 1.3],0.1617911458015442
3,234,[1.1 0.1 0.  1.  0.  0.  0.7 1.3],0.1617942601442337
3,235,[1.1 0.1 0.  1.  0.  0.  0.7 1.3],0.1617947444319725
3,236,[1.1 0.1 0.  1.  0.  0.  0.7 1.3],0.16179480403661728
3,237,[1.1 0.1 0.  1.  0.  0.  0.7 1.3],0.16179531812667847
3,238,[1.1 0.1 0.  1.  0.  0.  0.7 1.3],0.16179609298706055
3,239,[1.1 0.1 0.  1.  0.  0.  0.7 1.3],0.16179721057415009
3,240,[1.1 0.1 0.  1.  0.  0.  0.7 1.3],0.16179805994033813
3,241,[1.1 0.1 0.  1.  0.  0.  0.7 1.3],0.16179852187633514
3,242,[1.1 0.1 0.  1.  0.  0.  0.7 1.3],0.16179902106523514
3,243,[1.1 0.1 0.  1.  0.  0.  0.7 1.3],0.1618015542626381
3,244,[1.1 0.1 0.  1.  0.  0.  0.7 1.3],0.16180355846881866
3,245,[1.1 0.1 0.  1.  0.  0.  0.7 1.3],0.1618054360151291
3,246,[1.1 0.1 0.  1.  0.  0.  0.7 1.3],0.16180750727653503
3,247,[1.1 0.1 0.  1.  0.  0.  0.7 1.3],0.16180823743343353
3,248,[1.1 0.1 0.  1.  0.  0.  0.7 1.3],0.16180827468633652
3,249,[1.1 0.1 0.  1.  0.  0.  0.7 1.3],0.1618087738752365
3,250,[1.1 0.1 0.  1.  0.  0.  0.7 1.3],0.16181162744760513
3,251,[1.1 0.1 0.  1.  0.  0.  0.7 1.3],0.16181177645921707
3,252,[1.1 0.1 0.  1.  0.  0.  0.7 1.3],0.16181210428476334
3,253,[1.1 0.1 0.  1.  0.  0.  0.7 1.3],0.16181427240371704
3,254,[1.1 0.1 0.  1.  0.  0.  0.7 1.3],0.16181441396474838
3,255,[1.1 0.1 0.  1.  0.  0.  0.7 1.3],0.16181490570306778
3,256,[1.1 0.1 0.  1.  0.  0.  0.7 1.3],0.1618155762553215
3,257,[1.1 0.1 0.  1.  0.  0.  0.7 1.3],0.16182057559490204
3,258,[1.1 0.1 0.  1.  0.  0.  0.7 1.3],0.16182070970535278
3,259,[1.1 0.1 0.  1.  0.  0.  0.7 1.3],0.1618221402168274
3,260,[1.1 0.1 0.  1.  0.  0.  0.7 1.3],0.16182295978069305
3,261,[1.1 0.1 0.  1.  0.  0.  0.7 1.3],0.16182388365268707
3,262,[1.1 0.1 0.  1.  0.  0.  0.7 1.3],0.1618259996175766
3,263,[1.1 0.1 0.  1.  0.  0.  0.7 1.3],0.16182760894298553
3,264,[1.1 0.1 0.  1.  0.  0.  0.7 1.3],0.16182791441679
3,265,[1.1 0.1 0.  1.  0.  0.  0.7 1.3],0.1618281453847885
3,266,[1.1 0.1 0.  1.  0.  0.  0.7 1.3],0.1618283912539482
3,267,[1.1 0.1 0.  1.  0.  0.  0.7 1.3],0.16182999312877655
3,268,[1.1 0.1 0.  1.  0.  0.  0.7 1.3],0.16183017939329147
3,269,[1.1 0.1 0.  1.  0.  0.  0.7 1.3],0.16183145344257355
3,270,[1.1 0.1 0.  1.  0.  0.  0.7 1.3],0.16183243691921234
3,271,[1.1 0.1 0.  1.  0.  0.  0.7 1.3],0.16183345019817352
3,272,[1.1 0.1 0.  1.  0.  0.  0.7 1.3],0.16183682531118393
3,273,[1.1 0.1 0.  1.  0.  0.  0.7 1.3],0.1618373617529869
3,274,[1.1 0.1 0.  1.  0.  0.  0.7 1.3],0.16183782368898392
3,275,[1.1 0.1 0.  1.  0.  0.  0.7 1.3],0.1618390679359436
3,276,[1.1 0.1 0.  1.  0.  0.  0.7 1.3],0.1618392914533615
3,277,[1.1 0.1 0.  1.  0.  0.  0.7 1.3],0.16183962672948837
3,278,[1.1 0.1 0.  1.  0.  0.  0.7 1.3],0.16183963418006897
3,279,[1.1 0.1 0.  1.  0.  0.  0.7 1.3],0.1618429571390152
3,280,[1.1 0.1 0.  1.  0.  0.  0.7 1.3],0.16184569150209427
3,281,[0.1 0.1 0.  1.  0.  0.  0.2 0.4],0.16184695065021515
3,282,[1.1 0.1 0.  1.  0.  0.  0.7 1.3],0.16184807568788528
3,283,[1.1 0.1 0.  1.  0.  0.  0.7 1.3],0.16184988617897034
3,284,[1.1 0.1 0.  1.  0.  0.  0.7 1.3],0.1618512123823166
3,285,[1.1 0.1 0.  1.  0.  0.  0.7 1.3],0.16185206919908524
3,286,[1.1 0.1 0.  1.  0.  0.  0.7 1.3],0.1618521884083748
3,287,[1.1 0.1 0.  1.  0.  0.  0.7 1.3],0.1618531420826912
3,288,[1.1 0.1 0.  1.  0.  0.  0.7 1.3],0.16185645014047623
3,289,[1.1 0.1 0.  1.  0.  0.  0.7 1.3],0.1618567630648613
3,290,[1.1 0.1 0.  1.  0.  0.  0.7 1.3],0.1618570163846016
3,291,[1.1 0.1 0.  1.  0.  0.  0.7 1.3],0.1618574559688568
3,292,[1.1 0.1 0.  1.  0.  0.  0.7 1.3],0.1618577018380165
3,293,[1.1 0.1 0.  1.  0.  0.  0.7 1.3],0.16185853630304337
3,294,[1.1 0.1 0.  1.  0.  0.  0.7 1.3],0.16186051070690155
3,295,[1.1 0.1 0.  1.  0.  0.  0.7 1.3],0.16186106950044632
3,296,[1.1 0.1 0.  1.  0.  0.  0.7 1.3],0.16186372935771942
3,297,[1.1 0.1 0.  1.  0.  0.  0.7 1.3],0.16186486184597015
3,298,[1.1 0.1 0.  1.  0.  0.  0.7 1.3],0.16186560690402985
3,299,[1.1 0.1 0.  1.  0.  0.  0.7 1.3],0.16186602413654327
3,300,[1.1 0.1 0.  1.  0.  0.  0.7 1.3],0.16186698526144028
3,301,[1.1 0.1 0.  1.  0.  0.  0.7 1.3],0.16186882555484772
3,302,[1.1 0.1 0.  1.  0.  0.  0.7 1.3],0.16187141835689545
3,303,[1.1 0.1 0.  1.  0.  0.  0.7 1.3],0.16187342256307602
3,304,[1.1 0.1 0.  1.  0.  0.  0.7 1.3],0.16187413036823273
3,305,[1.1 0.1 0.  1.  0.  0.  0.7 1.3],0.1618763580918312
3,306,[1.1 0.1 0.  1.  0.  0.  0.7 1.3],0.1618810072541237
3,307,[1.1 0.1 0.  1.  0.  0.  0.7 1.3],0.16188158839941025
3,308,[1.1 0.1 0.  1.  0.  0.  0.7 1.3],0.16188491880893707
3,309,[1.1 0.1 0.  1.  0.  0.  0.7 1.3],0.1618863046169281
3,310,[1.1 0.1 0.  1.  0.  0.  0.7 1.3],0.16188719868659973
3,311,[1.1 0.1 0.  1.  0.  0.  0.7 1.3],0.16188791394233704
3,312,[1.1 0.1 0.  1.  0.  0.  0.7 1.3],0.16188878566026688
3,313,[1.1 0.1 0.  1.  0.  0.  0.7 1.3],0.16188883036375046
3,314,[1.1 0.1 0.  1.  0.  0.  0.7 1.3],0.16189249604940414
3,315,[1.1 0.1 0.  1.  0.  0.  0.7 1.3],0.16189397126436234
3,316,[1.1 0.1 0.  1.  0.  0.  0.7 1.3],0.1618943214416504
3,317,[1.1 0.1 0.  1.  0.  0.  0.7 1.3],0.16189848631620407
3,318,[1.1 0.1 0.  1.  0.  0.  0.7 1.3],0.16190016269683838
3,319,[1.1 0.1 0.  1.  0.  0.  0.7 1.3],0.16190270334482193
3,320,[1.1 0.1 0.  1.  0.  0.  0.7 1.3],0.1619044542312622
3,321,[1.1 0.1 0.  1.  0.  0.  0.7 1.3],0.16191118955612183
3,322,[1.1 0.1 0.  1.  0.  0.  0.7 1.3],0.16191325336694717
3,323,[1.1 0.1 0.  1.  0.  0.  0.7 1.3],0.1619141548871994
3,324,[1.1 0.1 0.  1.  0.  0.  0.7 1.3],0.16191419959068298
3,325,[1.1 0.1 0.  1.  0.  0.  0.7 1.3],0.16191434115171432
3,326,[1.1 0.1 0.  1.  0.  0.  0.7 1.3],0.16191503405570984
3,327,[1.1 0.1 0.  1.  0.  0.  0.7 1.3],0.16191750019788742
3,328,[1.1 0.1 0.  1.  0.  0.  0.7 1.3],0.16192029416561127
3,329,[1.1 0.1 0.  1.  0.  0.  0.7 1.3],0.16192235052585602
3,330,[1.1 0.1 0.  1.  0.  0.  0.7 1.3],0.16192274540662766
3,331,[1.1 0.1 0.  1.  0.  0.  0.7 1.3],0.16192427277565002
3,332,[1.1 0.1 0.  1.  0.  0.  0.7 1.3],0.16192802786827087
3,333,[1.1 0.1 0.  1.  0.  0.  0.7 1.3],0.16192832589149475
3,334,[1.1 0.1 0.  1.  0.  0.  0.7 1.3],0.16193457692861557
3,335,[1.1 0.1 0.  1.  0.  0.  0.7 1.3],0.16193558275699615
3,336,[1.1 0.1 0.  1.  0.  0.  0.7 1.3],0.16194357722997665
3,337,[1.1 0.1 0.  1.  0.  0.  0.7 1.3],0.1619461104273796
3,338,[1.1 0.1 0.  1.  0.  0.  0.7 1.3],0.16195037961006165
3,339,[1.1 0.1 0.  1.  0.  0.  0.7 1.3],0.16195165365934372
3,340,[1.1 0.1 0.  1.  0.  0.  0.7 1.3],0.16195354610681534
3,341,[1.1 0.1 0.  1.  0.  0.  0.7 1.3],0.16195514053106308
3,342,[1.1 0.1 0.  1.  0.  0.  0.7 1.3],0.16196458041667938
3,343,[1.1 0.1 0.  1.  0.  0.  0.7 1.3],0.16196688264608383
3,344,[1.1 0.1 0.  1.  0.  0.  0.7 1.3],0.16196747869253159
3,345,[1.1 0.1 0.  1.  0.  0.  0.7 1.3],0.1619676575064659
3,346,[1.1 0.1 0.  1.  0.  0.  0.7 1.3],0.1619812622666359
3,347,[1.1 0.1 0.  1.  0.  0.  0.7 1.3],0.16199567914009094
3,348,[1.1 0.1 0.  1.  0.  0.  0.7 1.3],0.16200003027915955
3,349,[1.1 0.1 0.  1.  0.  0.  0.7 1.3],0.1620020717382431
3,350,[1.1 0.1 0.  1.  0.  0.  0.7 1.3],0.16200761497020721
3,351,[1.1 0.1 0.  1.  0.  0.  0.7 1.3],0.16203688085079193
3,352,[1.1 0.1 0.  1.  0.  0.  0.7 1.3],0.16203885525465012
3,353,[1.1 0.1 0.  1.  0.  0.  0.7 1.3],0.16206257045269012
3,354,[1.1 0.1 0.  1.  0.  0.  0.7 1.3],0.16207464784383774
3,355,[1.1 0.1 0.  1.  0.  0.  0.7 1.3],0.1620885655283928
3,356,[0.3 0.7 0.3 0.8 0.  0.  0.3 0.1],0.16335538029670715
3,357,[0.3 1.  1.3 1.  0.  1.2 0.7 0.9],0.16494225710630417
3,358,[1.1 0.3 0.  0.9 0.  0.  0.7 1.3],0.16702492535114288
3,359,[1.1 0.3 0.  0.9 0.  0.  0.7 1.3],0.1670573279261589
3,360,[1.1 0.3 0.  0.9 0.  0.  0.7 1.3],0.16707873344421387
3,361,[1.1 0.3 0.  0.9 0.  0.  0.7 1.3],0.16708119213581085
3,362,[1.1 0.3 0.  0.9 0.  0.  0.7 1.3],0.16708379238843918
3,363,[1.1 0.3 0.  0.9 0.  0.  0.7 1.3],0.1671001836657524
3,364,[1.1 0.3 0.  0.9 0.  0.  0.7 1.3],0.16712599992752075
3,365,[1.1 0.3 0.  0.9 0.  0.  0.7 1.3],0.16712623089551926
3,366,[1.1 0.3 0.  0.9 0.  0.  0.7 1.3],0.1671275645494461
3,367,[1.1 0.3 0.  0.9 0.  0.  0.7 1.3],0.16712814569473267
3,368,[1.1 0.3 0.  0.9 0.  0.  0.7 1.3],0.16713019460439682
3,369,[1.1 0.3 0.  0.9 0.  0.  0.7 1.3],0.16714103519916534
3,370,[1.1 0.3 0.  0.9 0.  0.  0.7 1.3],0.1671455204486847
3,371,[1.1 0.3 0.  0.9 0.  0.  0.7 1.3],0.16715605556964874
3,372,[1.1 0.3 0.  0.9 0.  0.  0.7 1.3],0.16715814918279648
3,373,[1.1 0.3 0.  0.9 0.  0.  0.7 1.3],0.16715829819440842
3,374,[1.1 0.3 0.  0.9 0.  0.  0.7 1.3],0.16716548055410385
3,375,[1.1 0.3 0.  0.9 0.  0.  0.7 1.3],0.16717582941055298
3,376,[1.1 0.3 0.  0.9 0.  0.  0.7 1.3],0.16718243062496185
3,377,[1.1 0.3 0.  0.9 0.  0.  0.7 1.3],0.1671864241361618
3,378,[1.1 0.3 0.  0.9 0.  0.  0.7 1.3],0.16718845069408417
3,379,[1.1 0.3 0.  0.9 0.  0.  0.7 1.3],0.16719085723161697
3,380,[1.1 0.3 0.  0.9 0.  0.  0.7 1.3],0.16719282418489456
3,381,[1.1 0.3 0.  0.9 0.  0.  0.7 1.3],0.16719608753919601
3,382,[1.1 0.3 0.  0.9 0.  0.  0.7 1.3],0.16720861941576004
3,383,[1.1 0.3 0.  0.9 0.  0.  0.7 1.3],0.16720879077911377
3,384,[1.1 0.3 0.  0.9 0.  0.  0.7 1.3],0.16721075028181076
3,385,[1.1 0.3 0.  0.9 0.  0.  0.7 1.3],0.16721882671117783
3,386,[1.1 0.3 0.  0.9 0.  0.  0.7 1.3],0.16722159087657928
3,387,[1.1 0.3 0.  0.9 0.  0.  0.7 1.3],0.1672222912311554
3,388,[1.1 0.3 0.  0.9 0.  0.  0.7 1.3],0.16723357141017914
3,389,[1.1 0.3 0.  0.9 0.  0.  0.7 1.3],0.1672365367412567
3,390,[1.1 0.3 0.  0.9 0.  0.  0.7 1.3],0.16724804788827896
3,391,[1.1 0.3 0.  0.9 0.  0.  0.7 1.3],0.1672491952776909
3,392,[1.1 0.3 0.  0.9 0.  0.  0.7 1.3],0.16725485026836395
3,393,[1.1 0.3 0.  0.9 0.  0.  0.7 1.3],0.16726093739271164
3,394,[1.1 0.3 0.  0.9 0.  0.  0.7 1.3],0.16726180911064148
3,395,[1.1 0.3 0.  0.9 0.  0.  0.7 1.3],0.167277529835701
3,396,[1.1 0.3 0.  0.9 0.  0.  0.7 1.3],0.16727999597787857
3,397,[1.1 0.3 0.  0.9 0.  0.  0.7 1.3],0.1673068329691887
3,398,[1.1 0.3 0.  0.9 0.  0.  0.7 1.3],0.16731422394514084
3,399,[1.1 0.3 0.  0.9 0.  0.  0.7 1.3],0.16731922328472137
3,400,[1.1 0.3 0.  0.9 0.  0.  0.7 1.3],0.16735179722309113
3,401,[1.1 0.3 0.  0.9 0.  0.  0.7 1.3],0.16735391318798065
3,402,[1.1 0.3 0.  0.9 0.  0.  0.7 1.3],0.16737297922372818
3,403,[1.1 0.3 0.  0.9 0.  0.  0.7 1.3],0.1673796996474266
3,404,[1.1 0.3 0.  0.9 0.  0.  0.7 1.3],0.16740184277296066
3,405,[1.1 0.3 0.  0.9 0.  0.  0.7 1.3],0.16740623116493225
3,406,[1.1 0.3 0.  0.9 0.  0.  0.7 1.3],0.16741077601909637
3,407,[0.1 0.1 0.  1.  0.  0.  0.2 0.4],0.17537999898195267
3,408,[0.1 0.1 0.  1.  0.  0.  0.2 0.4],0.17545317858457565
3,409,[0.1 0.1 0.  1.  0.  0.  0.2 0.4],0.17547865211963654
3,410,[0.1 0.1 0.  1.  0.  0.  0.2 0.4],0.17560330778360367
3,411,[0.1 0.1 0.  1.  0.  0.  0.2 0.4],0.17564328014850616
3,412,[0.1 0.1 0.  1.  0.  0.  0.2 0.4],0.1757310852408409
3,413,[0.1 0.1 0.  1.  0.  0.  0.2 0.4],0.17574908584356308
3,414,[0.  0.1 0.  1.  0.  0.  0.2 1.3],0.1786872148513794
3,415,[0.  0.1 0.  1.  0.  0.  0.2 1.3],0.17870230227708817
3,416,[0.  0.1 0.  1.  0.  0.  0.2 1.3],0.1787114143371582
3,417,[0.  0.1 0.  1.  0.  0.  0.2 1.3],0.17875651270151138
3,418,[0.  0.1 0.  1.  0.  0.  0.2 1.3],0.17876949906349182
3,419,[0.  0.1 0.  1.  0.  0.  0.2 1.3],0.17880261689424515
3,420,[0.  0.1 0.  1.  0.  0.  0.2 1.3],0.17881574481725693
3,421,[0.  0.1 0.  1.  0.  0.  0.2 1.3],0.17882290482521057
3,422,[0.  0.1 0.  1.  0.  0.  0.2 1.3],0.17883655428886414
3,423,[0.  0.1 0.  1.  0.  0.  0.2 1.3],0.1788369044661522
3,424,[0.  0.1 0.  1.  0.  0.  0.2 1.3],0.1788448691368103
3,425,[0.  0.1 0.  1.  0.  0.  0.2 1.3],0.17885013669729233
3,426,[0.  0.1 0.  1.  0.  0.  0.2 1.3],0.17885030806064606
3,427,[0.  0.1 0.  1.  0.  0.  0.2 1.3],0.17886631190776825
3,428,[0.  0.1 0.  1.  0.  0.  0.2 1.3],0.17889107763767242
3,429,[0.  0.1 0.  1.  0.  0.  0.2 1.3],0.17890308052301407
3,430,[0.  0.1 0.  1.  0.  0.  0.2 1.3],0.1789032518863678
3,431,[0.  0.1 0.  1.  0.  0.  0.2 1.3],0.17890918254852295
3,432,[0.  0.1 0.  1.  0.  0.  0.2 1.3],0.1789255291223526
3,433,[0.  0.1 0.  1.  0.  0.  0.2 1.3],0.17892806231975555
3,434,[0.  0.1 0.  1.  0.  0.  0.2 1.3],0.17896880954504013
3,435,[0.  0.1 0.  1.  0.  0.  0.2 1.3],0.178974449634552
3,436,[0.  0.1 0.  1.  0.  0.  0.2 1.3],0.17898056656122208
3,437,[0.  0.1 0.  1.  0.  0.  0.2 1.3],0.17898514866828918
3,438,[0.  0.1 0.  1.  0.  0.  0.2 1.3],0.17900069057941437
3,439,[0.  0.1 0.  1.  0.  0.  0.2 1.3],0.1790039762854576
3,440,[0.  0.1 0.  1.  0.  0.  0.2 1.3],0.17900510132312775
3,441,[0.  0.1 0.  1.  0.  0.  0.2 1.3],0.17901357263326645
3,442,[0.  0.1 0.  1.  0.  0.  0.2 1.3],0.17901775985956192
3,443,[0.  0.1 0.  1.  0.  0.  0.2 1.3],0.17905265092849731
3,444,[0.  0.1 0.  1.  0.  0.  0.2 1.3],0.17905892431735992
3,445,[0.  0.1 0.  1.  0.  0.  0.2 1.3],0.1790594756603241
3,446,[0.  0.1 0.  1.  0.  0.  0.2 1.3],0.17907492071390152
3,447,[0.  0.1 0.  1.  0.  0.  0.2 1.3],0.17909159511327744
3,448,[0.  0.1 0.  1.  0.  0.  0.2 1.3],0.1791018843650818
3,449,[0.  0.1 0.  1.  0.  0.  0.2 1.3],0.17910876125097275
3,450,[0.  0.1 0.  1.  0.  0.  0.2 1.3],0.17913251370191574
3,451,[0.  0.1 0.  1.  0.  0.  0.2 1.3],0.1791732981801033
3,452,[0.  0.1 0.  1.  0.  0.  0.2 1.3],0.17926549166440964
3,453,[0.  0.1 0.  1.  0.  0.  0.2 1.3],0.17929304391145706
3,454,[0.3 0.5 0.3 0.8 0.  0.  0.3 1.3],0.19660133123397827
3,455,[0.3 0.5 0.3 0.8 0.  0.  0.3 1.3],0.19662977755069733
3,456,[0.3 0.5 0.3 0.8 0.  0.  0.3 1.3],0.19665998220443726
3,457,[0.3 0.5 0.3 0.8 0.  0.  0.3 1.3],0.1966734156012535
3,458,[0.3 0.5 0.3 0.8 0.  0.  0.3 1.3],0.1966737136244774
3,459,[0.3 0.5 0.3 0.8 0.  0.  0.3 1.3],0.19669849425554276
3,460,[0.3 0.5 0.3 0.8 0.  0.  0.3 1.3],0.1967039704322815
3,461,[0.3 0.5 0.3 0.8 0.  0.  0.3 1.3],0.1967083066701889
3,462,[0.3 0.5 0.3 0.8 0.  0.  0.3 1.3],0.19671733677387238
3,463,[0.3 0.5 0.3 0.8 0.  0.  0.3 1.3],0.19673284888267517
3,464,[0.3 0.5 0.3 0.8 0.  0.  0.3 1.3],0.19673969596624374
3,465,[0.3 0.5 0.3 0.8 0.  0.  0.3 1.3],0.19675754755735397
3,466,[0.3 0.5 0.3 0.8 0.  0.  0.3 1.3],0.1967708170413971
3,467,[0.3 0.5 0.3 0.8 0.  0.  0.3 1.3],0.1967887431383133
3,468,[0.3 0.5 0.3 0.8 0.  0.  0.3 1.3],0.19679870456457138
3,469,[0.3 0.5 0.3 0.8 0.  0.  0.3 1.3],0.19689951092004776
3,470,[0.3 0.5 0.3 0.8 0.  0.  0.3 1.3],0.19690687209367752
3,471,[0.3 0.7 0.3 0.8 0.  0.  0.3 0.1],0.2071109563112259
3,472,[0.3 0.7 0.3 0.8 0.  0.  0.3 0.1],0.2071158066391945
3,473,[0.3 0.7 0.3 0.8 0.  0.  0.3 0.1],0.20712365210056305
3,474,[0.3 0.7 0.3 0.8 0.  0.  0.3 0.1],0.20712605863809586
3,475,[0.3 0.7 0.3 0.8 0.  0.  0.3 0.1],0.20712910592556
3,476,[0.3 0.7 0.3 0.8 0.  0.  0.3 0.1],0.20714149624109268
3,477,[0.3 0.7 0.3 0.8 0.  0.  0.3 0.1],0.20715169608592987
3,478,[0.3 0.7 0.3 0.8 0.  0.  0.3 0.1],0.20716381818056107
3,479,[0.3 0.7 0.3 0.8 0.  0.  0.3 0.1],0.20716854184865952
3,480,[0.3 0.7 0.3 0.8 0.  0.  0.3 0.1],0.20716866105794907
3,481,[0.3 0.7 0.3 0.8 0.  0.  0.3 0.1],0.20717130601406097
3,482,[0.3 0.7 0.3 0.8 0.  0.  0.3 0.1],0.20718532800674438
3,483,[0.3 0.7 0.3 0.8 0.  0.  0.3 0.1],0.20718611031770706
3,484,[0.3 0.7 0.3 0.8 0.  0.  0.3 0.1],0.20719510316848755
3,485,[0.3 0.7 0.3 0.8 0.  0.  0.3 0.1],0.2072025090456009
3,486,[0.3 0.7 0.3 0.8 0.  0.  0.3 0.1],0.20720379799604416
3,487,[0.3 0.7 0.3 0.8 0.  0.  0.3 0.1],0.20720568299293518
3,488,[0.3 0.7 0.3 0.8 0.  0.  0.3 0.1],0.20720665901899338
3,489,[0.3 0.7 0.3 0.8 0.  0.  0.3 0.1],0.2072078213095665
3,490,[0.3 0.7 0.3 0.8 0.  0.  0.3 0.1],0.20721451938152313
3,491,[0.3 0.7 0.3 0.8 0.  0.  0.3 0.1],0.20721661299467087
3,492,[0.3 0.7 0.3 0.8 0.  0.  0.3 0.1],0.20721808075904846
3,493,[0.3 0.7 0.3 0.8 0.  0.  0.3 0.1],0.20722242444753647
3,494,[0.3 0.7 0.3 0.8 0.  0.  0.3 0.1],0.20722564309835434
3,495,[0.3 0.7 0.3 0.8 0.  0.  0.3 0.1],0.20723247528076172
3,496,[0.3 0.7 0.3 0.8 0.  0.  0.3 0.1],0.20723652094602585
3,497,[0.3 0.7 0.3 0.8 0.  0.  0.3 0.1],0.20724035054445267
3,498,[0.3 0.7 0.3 0.8 0.  0.  0.3 0.1],0.20724455267190933
3,499,[0.3 0.7 0.3 0.8 0.  0.  0.3 0.1],0.2072465717792511
3,500,[0.3 0.7 0.3 0.8 0.  0.  0.3 0.1],0.20724712312221527
3,501,[0.3 0.7 0.3 0.8 0.  0.  0.3 0.1],0.207251138985157
3,502,[0.3 0.7 0.3 0.8 0.  0.  0.3 0.1],0.2072533518075943
3,503,[0.3 0.7 0.3 0.8 0.  0.  0.3 0.1],0.20725354552268982
3,504,[0.3 0.7 0.3 0.8 0.  0.  0.3 0.1],0.20725983381271362
3,505,[0.3 0.7 0.3 0.8 0.  0.  0.3 0.1],0.20726094394922256
3,506,[0.3 0.7 0.3 0.8 0.  0.  0.3 0.1],0.2072620466351509
3,507,[0.3 0.7 0.3 0.8 0.  0.  0.3 0.1],0.2072673812508583
3,508,[0.3 0.7 0.3 0.8 0.  0.  0.3 0.1],0.20726924389600754
3,509,[0.3 0.7 0.3 0.8 0.  0.  0.3 0.1],0.20727099478244781
3,510,[0.3 0.7 0.3 0.8 0.  0.  0.3 0.1],0.20727691054344177
3,511,[0.3 0.7 0.3 0.8 0.  0.  0.3 0.1],0.20728269964456558
3,512,[0.3 0.7 0.3 0.8 0.  0.  0.3 0.1],0.20728439837694168
3,513,[0.3 0.7 0.3 0.8 0.  0.  0.3 0.1],0.2072869837284088
3,514,[0.3 0.7 0.3 0.8 0.  0.  0.3 0.1],0.20728955417871475
3,515,[0.3 0.7 0.3 0.8 0.  0.  0.3 0.1],0.20728962868452072
3,516,[0.3 0.7 0.3 0.8 0.  0.  0.3 0.1],0.20729053765535355
3,517,[0.3 0.7 0.3 0.8 0.  0.  0.3 0.1],0.2072911337018013
3,518,[0.3 0.7 0.3 0.8 0.  0.  0.3 0.1],0.2072925940155983
3,519,[0.3 0.7 0.3 0.8 0.  0.  0.3 0.1],0.20730053633451462
3,520,[0.3 0.7 0.3 0.8 0.  0.  0.3 0.1],0.20730510354042053
3,521,[0.3 0.7 0.3 0.8 0.  0.  0.3 0.1],0.20730897784233093
3,522,[0.3 0.7 0.3 0.8 0.  0.  0.3 0.1],0.20730935037136078
3,523,[0.3 0.7 0.3 0.8 0.  0.  0.3 0.1],0.2073107734322548
3,524,[0.3 0.7 0.3 0.8 0.  0.  0.3 0.1],0.20731623470783234
3,525,[0.3 0.7 0.3 0.8 0.  0.  0.3 0.1],0.20732251554727554
3,526,[0.3 0.7 0.3 0.8 0.  0.  0.3 0.1],0.20733284205198288
3,527,[0.3 0.7 0.3 0.8 0.  0.  0.3 0.1],0.20734576880931854
3,528,[0.3 0.7 0.3 0.8 0.  0.  0.3 0.1],0.20734727382659912
3,529,[0.3 0.7 0.3 0.8 0.  0.  0.3 0.1],0.20735358446836472
3,530,[0.3 0.7 0.3 0.8 0.  0.  0.3 0.1],0.2073558047413826
3,531,[0.3 0.7 0.3 0.8 0.  0.  0.3 0.1],0.20735664665699005
3,532,[0.3 0.7 0.3 0.8 0.  0.  0.3 0.1],0.20737126469612122
3,533,[0.3 0.7 0.3 0.8 0.  0.  0.3 0.1],0.20738069713115692
3,534,[0.3 0.7 0.3 0.8 0.  0.  0.3 0.1],0.2073850929737091
3,535,[0.3 0.7 0.3 0.8 0.  0.  0.3 0.1],0.20739566534757614
3,536,[0.3 0.7 0.3 0.8 0.  0.  0.3 0.1],0.20740017294883728
3,537,[0.3 0.7 0.3 0.8 0.  0.  0.3 0.1],0.2074117511510849
3,538,[0.3 0.7 0.3 0.8 0.  0.  0.3 0.1],0.20743635296821594
3,539,[0.3 0.7 0.3 0.8 0.  0.  0.3 0.1],0.20746394991874695
3,540,[0.3 0.7 0.3 0.8 0.  0.  0.3 0.1],0.20754878222942352
3,541,[0.2 1.1 0.  1.  0.  0.  0.7 1.3],0.21198270469903946
3,542,[0.2 1.1 0.  1.  0.  0.  0.7 1.3],0.21209146082401276
3,543,[0.3 0.7 0.3 0.8 0.  0.  0.  0.9],0.22398975491523743
3,544,[0.3 0.1 0.5 1.  0.  0.3 0.3 1.3],0.23077843338251114
3,545,[0.6 0.6 0.1 0.8 0.1 0.1 1.  0.3],0.23261656612157822
3,546,[0.6 0.6 0.1 0.8 0.1 0.1 1.  0.3],0.23267456889152527
3,547,[0.6 0.6 0.1 0.8 0.1 0.1 1.  0.3],0.23271376639604568
3,548,[0.6 0.6 0.1 0.8 0.1 0.1 1.  0.3],0.2328125685453415
3,549,[0.6 0.6 0.1 0.8 0.1 0.1 1.  0.3],0.2328447923064232
3,550,[0.6 0.6 0.1 0.8 0.1 0.1 1.  0.3],0.23285678029060364
3,551,[0.  0.1 0.  1.  0.2 0.  0.7 1.3],0.24569879472255707
3,552,[0.  0.1 0.  1.  0.2 0.  0.7 1.3],0.24576134234666824
3,553,[0.  0.1 0.  1.  0.2 0.  0.7 1.3],0.2457858994603157
3,554,[0.  0.1 0.  1.  0.2 0.  0.7 1.3],0.2457868680357933
3,555,[0.  0.1 0.  1.  0.2 0.  0.7 1.3],0.24581366777420044
3,556,[0.  0.1 0.  1.  0.2 0.  0.7 1.3],0.24581559002399445
3,557,[0.  0.1 0.  1.  0.2 0.  0.7 1.3],0.24582399427890778
3,558,[0.  0.1 0.  1.  0.2 0.  0.7 1.3],0.24601122736930847
3,559,[0.  0.1 0.  1.  0.2 0.  0.7 1.3],0.24602831900119781
3,560,[0.  0.1 0.  1.  0.2 0.  0.7 1.3],0.24608254432678223
3,561,[0.  0.1 0.5 1.2 0.  0.3 1.1 1.3],0.24657223373651505
3,562,[0.  0.1 0.5 1.2 0.  0.3 1.1 1.3],0.24657760560512543
3,563,[0.  0.1 0.5 1.2 0.  0.3 1.1 1.3],0.24659999459981918
3,564,[0.  0.1 0.5 1.2 0.  0.3 1.1 1.3],0.24660414457321167
3,565,[0.  0.1 0.5 1.2 0.  0.3 1.1 1.3],0.2466253638267517
3,566,[0.  0.1 0.5 1.2 0.  0.3 1.1 1.3],0.2466631755232811
3,567,[0.  0.1 0.5 1.2 0.  0.3 1.1 1.3],0.2467041313648224
3,568,[0.  0.1 0.5 1.2 0.  0.3 1.1 1.3],0.24672111868858337
3,569,[0.  0.1 0.5 1.2 0.  0.3 1.1 1.3],0.24674226343631744
3,570,[0.  0.1 0.5 1.2 0.  0.3 1.1 1.3],0.246761254966259
3,571,[0.  0.1 0.5 1.2 0.  0.3 1.1 1.3],0.24677561968564987
3,572,[1.1 0.9 0.8 0.5 0.  0.  1.3 0.2],0.25374141335487366
3,573,[0.3 0.7 0.1 0.5 0.  0.8 0.3 0.1],0.2558833211660385
3,574,[0.  0.7 0.2 1.2 0.  0.3 0.2 0.2],0.26065191626548767
3,575,[0.  0.7 0.2 1.2 0.  0.3 0.2 0.2],0.26065921783447266
3,576,[0.  0.7 0.2 1.2 0.  0.3 0.2 0.2],0.2606721818447113
3,577,[0.  0.7 0.2 1.2 0.  0.3 0.2 0.2],0.26068978011608124
3,578,[0.  0.7 0.2 1.2 0.  0.3 0.2 0.2],0.26072271168231964
3,579,[0.  0.7 0.2 1.2 0.  0.3 0.2 0.2],0.26073576509952545
3,580,[0.  0.7 0.2 1.2 0.  0.3 0.2 0.2],0.26074059307575226
3,581,[0.  0.7 0.2 1.2 0.  0.3 0.2 0.2],0.26076608896255493
3,582,[0.  0.7 0.2 1.2 0.  0.3 0.2 0.2],0.26077714562416077
3,583,[0.  0.7 0.2 1.2 0.  0.3 0.2 0.2],0.26080629229545593
3,584,[0.  0.7 0.2 1.2 0.  0.3 0.2 0.2],0.2609127163887024
3,585,[0.  0.7 0.2 1.2 0.  0.3 0.2 0.2],0.26092328131198883
3,586,[0.  0.7 0.2 1.2 0.  0.3 0.2 0.2],0.260928213596344
3,587,[0.  0.7 0.2 1.2 0.  0.3 0.2 0.2],0.2609380930662155
3,588,[0.  0.7 0.2 1.2 0.  0.3 0.2 0.2],0.2609407752752304
3,589,[0.  0.7 0.2 1.2 0.  0.3 0.2 0.2],0.26094410568475723
3,590,[0.  0.7 0.2 1.2 0.  0.3 0.2 0.2],0.2609519138932228
3,591,[0.  0.7 0.2 1.2 0.  0.3 0.2 0.2],0.2609723433852196
3,592,[0.  0.7 0.2 1.2 0.  0.3 0.2 0.2],0.26115620136260986
3,593,[1.1 0.1 0.8 1.  0.  0.  0.7 0.5],0.2634536772966385
3,594,[1.1 0.1 0.8 1.  0.  0.  0.7 0.5],0.2634556293487549
3,595,[0.1 0.3 0.4 0.4 0.  0.  0.5 0.9],0.26347893476486206
3,596,[1.1 0.1 0.8 1.  0.  0.  0.7 0.5],0.26356709748506546
3,597,[1.1 0.1 0.8 1.  0.  0.  0.7 0.5],0.26359593123197556
3,598,[0.5 0.3 0.4 1.3 0.2 0.1 0.9 0.7],0.2903238385915756
3,599,[0.5 0.3 0.4 1.3 0.2 0.1 0.9 0.7],0.29032860696315765
3,600,[0.5 0.3 0.4 1.3 0.2 0.1 0.9 0.7],0.29034537076950073
3,601,[0.5 0.3 0.4 1.3 0.2 0.1 0.9 0.7],0.2903652638196945
3,602,[0.5 0.3 0.4 1.3 0.2 0.1 0.9 0.7],0.2903788238763809
3,603,[0.5 0.3 0.4 1.3 0.2 0.1 0.9 0.7],0.2903973162174225
3,604,[0.5 0.3 0.4 1.3 0.2 0.1 0.9 0.7],0.29041072726249695
3,605,[0.5 0.3 0.4 1.3 0.2 0.1 0.9 0.7],0.29042409360408783
3,606,[0.5 0.3 0.4 1.3 0.2 0.1 0.9 0.7],0.29047752916812897
3,607,[0.5 0.3 0.4 1.3 0.2 0.1 0.9 0.7],0.2904883623123169
3,608,[0.5 0.3 0.4 1.3 0.2 0.1 0.9 0.7],0.29051312804222107
3,609,[0.5 0.3 0.4 1.3 0.2 0.1 0.9 0.7],0.2905236780643463
3,610,[0.5 0.3 0.4 1.3 0.2 0.1 0.9 0.7],0.2905299961566925
3,611,[0.5 0.3 0.4 1.3 0.2 0.1 0.9 0.7],0.2905718982219696
3,612,[0.5 0.3 0.4 1.3 0.2 0.1 0.9 0.7],0.29060259461402893
3,613,[0.5 0.3 0.4 1.3 0.2 0.1 0.9 0.7],0.2906343787908554
3,614,[0.5 0.3 0.4 1.3 0.2 0.1 0.9 0.7],0.2906871885061264
3,615,[0.5 0.3 0.4 1.3 0.2 0.1 0.9 0.7],0.2906952202320099
3,616,[0.5 0.3 0.4 1.3 0.2 0.1 0.9 0.7],0.2907809764146805
3,617,[0.  0.1 0.9 0.5 0.  0.3 1.1 1.3],0.2938101291656494
3,618,[0.  1.  0.5 1.2 0.  0.3 1.1 0.5],0.30293379724025726
3,619,[1.1 0.5 0.  1.  0.3 0.  0.7 1.3],0.3077183961868286
3,620,[1.1 0.5 0.  1.  0.3 0.  0.7 1.3],0.3078309893608093
3,621,[1.1 0.5 0.  1.  0.3 0.  0.7 1.3],0.3079652935266495
3,622,[1.1 0.5 0.  1.  0.3 0.  0.7 1.3],0.3079689294099808
3,623,[1.1 0.5 0.  1.  0.3 0.  0.7 1.3],0.30805283784866333
3,624,[1.3 0.  0.8 0.9 0.1 0.2 0.3 0.5],0.31040503084659576
3,625,[0.  0.1 0.5 1.2 0.  0.3 1.1 1.3],0.3110972046852112
3,626,[0.5 0.5 0.3 1.2 0.3 0.1 0.5 1. ],0.3327530026435852
3,627,[0.5 0.5 0.3 1.2 0.3 0.1 0.5 1. ],0.33279144763946533
3,628,[0.5 0.5 0.3 1.2 0.3 0.1 0.5 1. ],0.3329055458307266
3,629,[0.  0.7 0.2 1.2 0.2 0.3 1.2 0.2],0.3350687474012375
3,630,[0.  0.7 0.2 1.2 0.2 0.3 1.2 0.2],0.33533091843128204
3,631,[0.  0.7 0.2 1.2 0.2 0.3 1.2 0.2],0.33540213108062744
3,632,[0.  0.7 0.2 1.2 0.2 0.3 1.2 0.2],0.33541759848594666
3,633,[0.4 0.7 0.8 0.8 0.  0.  0.3 0.1],0.3385978043079376
3,634,[0.3 0.9 0.4 1.2 0.3 0.  1.  0.8],0.34931203722953796
3,635,[0.  0.1 0.9 0.5 0.  0.3 1.1 1.3],0.3654245138168335
3,636,[0.  0.1 0.9 0.5 0.  0.3 1.1 1.3],0.3654334992170334
3,637,[0.  0.1 0.9 0.5 0.  0.3 1.1 1.3],0.3654503971338272
3,638,[0.  0.1 0.9 0.5 0.  0.3 1.1 1.3],0.36550483107566833
3,639,[0.  0.1 0.9 0.5 0.  0.3 1.1 1.3],0.3655126839876175
3,640,[0.  0.1 0.9 0.5 0.  0.3 1.1 1.3],0.3655325472354889
3,641,[0.  0.1 0.9 0.5 0.  0.3 1.1 1.3],0.3655468225479126
3,642,[0.  0.1 0.9 0.5 0.  0.3 1.1 1.3],0.3657056838274002
3,643,[1.1 0.9 0.8 0.5 0.  0.  1.3 0.2],0.37481436133384705
3,644,[1.1 0.9 0.8 0.5 0.  0.  1.3 0.2],0.37484534084796906
3,645,[1.1 0.9 0.8 0.5 0.  0.  1.3 0.2],0.37487706542015076
3,646,[1.1 0.9 0.8 0.5 0.  0.  1.3 0.2],0.3749518543481827
3,647,[1.1 0.9 0.8 0.5 0.  0.  1.3 0.2],0.3750378340482712
3,648,[1.1 0.9 0.8 0.5 0.  0.  1.3 0.2],0.37504151463508606
3,649,[0.3 0.7 0.3 0.3 0.  0.3 0.3 0.1],0.38357068598270416
3,650,[0.1 0.1 0.  0.  0.  0.  0.7 1.3],0.4123973846435547
3,651,[0.1 0.1 0.  0.  0.  0.  0.7 1.3],0.41241832077503204
3,652,[0.1 0.1 0.  0.  0.  0.  0.7 1.3],0.4124460965394974
3,653,[0.1 0.1 0.  0.  0.  0.  0.7 1.3],0.412460058927536
3,654,[0.1 0.1 0.  0.  0.  0.  0.7 1.3],0.41249440610408783
3,655,[0.1 0.1 0.  0.  0.  0.  0.7 1.3],0.41253380477428436
3,656,[1.1 0.7 0.  1.2 0.5 0.  0.9 0.7],0.4272742122411728
3,657,[0.  0.1 1.  0.4 0.  0.3 1.1 1.3],0.4306540787220001
3,658,[0.  0.1 1.  0.4 0.  0.3 1.1 1.3],0.43071790039539337
3,659,[0.  0.1 1.  0.4 0.  0.3 1.1 1.3],0.4309491366147995
3,660,[0.  0.1 1.  0.4 0.  0.3 1.1 1.3],0.43112897872924805
3,661,[1.1 0.1 0.  1.  0.7 0.  0.7 0.2],0.5364464521408081
3,662,[1.1 0.1 0.  1.  0.7 0.  0.7 0.2],0.536787286400795
3,663,[1.1 0.1 0.  1.  0.7 0.  0.7 0.2],0.5368773639202118
3,664,[1.1 0.1 0.  1.  0.7 0.  0.7 0.2],0.5369524359703064
3,665,[1.1 0.1 0.  1.  0.7 0.  0.7 0.2],0.5370883345603943
3,666,[1.1 0.1 0.  1.  0.7 0.  0.7 0.2],0.5371853858232498
3,667,[1.1 0.1 0.  1.  0.7 0.  0.7 0.2],0.5372272729873657
3,668,[1.1 0.1 0.  1.  0.7 0.  0.7 0.5],0.5381795465946198
3,669,[1.1 0.1 0.  1.  0.7 0.  0.7 0.5],0.5385023653507233
3,670,[1.1 0.1 0.  1.  0.7 0.  0.7 0.5],0.5385312736034393
3,671,[0.  0.7 0.2 1.2 0.  0.9 0.1 0.2],0.538641482591629
3,672,[0.  0.7 0.2 1.2 0.  0.9 0.1 0.2],0.5386649370193481
3,673,[0.  0.7 0.2 1.2 0.  0.9 0.1 0.2],0.5387197732925415
3,674,[0.  0.7 0.2 1.2 0.  0.9 0.1 0.2],0.5387461483478546
3,675,[0.  0.7 0.2 1.2 0.  0.9 0.1 0.2],0.5387679040431976
3,676,[0.  0.7 0.2 1.2 0.  0.9 0.1 0.2],0.5388069152832031
3,677,[1.1 0.1 0.  1.  0.7 0.  0.7 0.5],0.5389242768287659
3,678,[0.  0.7 0.2 1.2 0.  0.9 0.1 0.2],0.5389498174190521
3,679,[0.  0.7 0.2 1.2 0.  0.9 0.1 0.2],0.5389729887247086
3,680,[1.1 0.1 0.  1.  0.7 0.  0.7 0.5],0.5390531718730927
3,681,[0.  0.7 0.2 1.2 0.  0.9 0.1 0.2],0.5390751361846924
3,682,[0.  0.7 0.2 1.2 0.  0.9 0.1 0.2],0.5393000841140747
3,683,[0.  0.7 0.2 1.2 0.  0.9 0.5 0.2],0.5452257096767426
3,684,[0.  0.7 0.2 1.2 0.  0.9 0.5 0.2],0.545247346162796
3,685,[0.  0.7 0.2 1.2 0.  0.9 0.5 0.2],0.5454931855201721
3,686,[0.  0.7 0.2 1.2 0.  0.9 0.5 0.2],0.5457490682601929
3,687,[0.3 0.7 0.1 0.5 0.  0.8 0.3 0.1],0.5566534996032715
3,688,[0.3 0.7 0.1 0.5 0.  0.8 0.3 0.1],0.5569903552532196
3,689,[0.3 0.7 0.1 0.5 0.  0.8 0.3 0.1],0.5570582151412964
3,690,[0.3 0.7 0.1 0.5 0.  0.8 0.3 0.1],0.5570738911628723
3,691,[0.3 0.7 1.2 0.8 0.  0.  0.3 0.9],0.5638236999511719
3,692,[0.3 0.7 1.2 0.8 0.  0.  0.3 0.9],0.5640844702720642
3,693,[0.3 0.7 1.2 0.8 0.  0.  0.3 0.9],0.5641165375709534
3,694,[0.3 0.7 1.2 0.8 0.  0.  0.3 0.9],0.564125657081604
3,695,[0.3 0.7 1.2 0.8 0.  0.  0.3 0.9],0.5641975104808807
3,696,[0.3 0.7 1.2 0.8 0.  0.  0.3 0.9],0.5642018616199493
3,697,[0.3 0.7 1.2 0.8 0.  0.  0.3 0.9],0.5642148554325104
3,698,[0.3 0.7 1.2 0.8 0.  0.  0.3 0.9],0.564316987991333
3,699,[0.3 0.7 1.2 0.8 0.  0.  0.3 0.9],0.5643612444400787
3,700,[0.3 0.7 1.2 0.8 0.  0.  0.3 0.9],0.5644041448831558
3,701,[0.3 0.7 1.2 0.8 0.  0.  0.3 0.9],0.564428985118866
3,702,[0.3 0.7 1.2 0.8 0.  0.  0.3 0.9],0.5644340813159943
3,703,[0.3 0.7 1.2 0.8 0.  0.  0.3 0.9],0.564485639333725
3,704,[0.3 0.7 1.2 0.8 0.  0.  0.3 0.9],0.5645898282527924
3,705,[0.3 0.7 1.2 0.8 0.  0.  0.3 0.9],0.5646078288555145
3,706,[0.3 0.7 1.2 0.8 0.  0.  0.3 0.9],0.5646612644195557
3,707,[0.3 0.7 1.2 0.8 0.  0.  0.3 0.9],0.564702108502388
3,708,[0.3 0.7 1.2 0.8 0.  0.  0.3 0.9],0.5647485554218292
3,709,[1.2 0.6 1.2 1.2 0.1 0.4 1.  0.3],0.5841814875602722
3,710,[1.2 0.6 1.2 1.2 0.1 0.4 1.  0.3],0.5842037796974182
3,711,[1.2 0.6 1.2 1.2 0.1 0.4 1.  0.3],0.5842115879058838
3,712,[1.1 0.  0.5 0.8 0.7 0.1 0.2 1.3],0.6096401810646057
3,713,[0.3 1.  1.3 1.  0.  1.2 0.7 0.9],0.6573752164840698
3,714,[0.3 0.9 0.4 1.2 0.8 0.  1.  0.8],0.6642636060714722
3,715,[0.3 0.9 0.4 1.2 0.8 0.  1.  0.8],0.6642909049987793
3,716,[0.3 0.9 0.4 1.2 0.8 0.  1.  0.8],0.6644210815429688
3,717,[0.3 0.9 0.4 1.2 0.8 0.  1.  0.8],0.664480447769165
3,718,[0.3 0.9 0.4 1.2 0.8 0.  1.  0.8],0.6644821763038635
3,719,[0.3 0.9 0.4 1.2 0.8 0.  1.  0.8],0.6647526621818542
3,720,[0.3 0.9 0.4 1.2 0.8 0.  1.  0.8],0.6648478209972382
3,721,[0.3 0.9 0.4 1.2 0.8 0.  1.  0.8],0.6649636030197144
3,722,[0.3 0.9 0.4 1.2 0.8 0.  1.  0.8],0.6649715006351471
3,723,[0.3 0.9 0.4 1.2 0.8 0.  1.  0.8],0.6650146245956421
3,724,[0.3 0.9 0.4 1.2 0.8 0.  1.  0.8],0.6653277575969696
3,725,[0.3 0.9 0.4 1.2 0.8 0.  1.  0.8],0.6653465032577515
3,726,[1.1 0.  0.  1.  0.  1.2 0.7 0.7],0.8104838132858276
3,727,[1.1 0.  0.  1.  0.  1.2 0.7 0.7],0.8106197714805603
3,728,[1.1 0.  0.  1.  0.  1.2 0.7 0.7],0.8106475174427032
3,729,[1.1 0.  0.  1.  0.  1.2 0.7 0.7],0.8106562495231628
3,730,[1.1 0.  0.  1.  0.  1.2 0.7 0.7],0.810669869184494
3,731,[1.1 0.  0.  1.  0.  1.2 0.7 0.7],0.8107189834117889
3,732,[1.1 0.  0.  1.  0.  1.2 0.7 0.7],0.8107286393642426
3,733,[1.1 0.  0.  1.  0.  1.2 0.7 0.7],0.8107290267944336
3,734,[1.1 0.  0.  1.  0.  1.2 0.7 0.7],0.8107789158821106
3,735,[1.1 0.  0.  1.  0.  1.2 0.7 0.7],0.8108108341693878
3,736,[1.1 0.  0.  1.  0.  1.2 0.7 0.7],0.8108590841293335
3,737,[1.1 0.  0.  1.  0.  1.2 0.7 0.7],0.8108668029308319
3,738,[1.1 0.  0.  1.  0.  1.2 0.7 0.7],0.8109096586704254
3,739,[1.1 0.  0.  1.  0.  1.2 0.7 0.7],0.8109344840049744
3,740,[1.1 0.  0.  1.  0.  1.2 0.7 0.7],0.8109492659568787
3,741,[1.1 0.  0.  1.  0.  1.2 0.7 0.7],0.8109987378120422
3,742,[1.1 0.  0.  1.  0.  1.2 0.7 0.7],0.8110276460647583
3,743,[1.1 0.  0.  1.  0.  1.2 0.7 0.7],0.8110500574111938
3,744,[1.1 0.  0.  1.  0.  1.2 0.7 0.7],0.811055064201355
3,745,[1.1 0.  0.  1.  0.  1.2 0.7 0.7],0.8111388683319092
3,746,[1.1 0.  0.  1.  0.  1.2 0.7 0.7],0.8112453818321228
3,747,[1.1 0.  0.  1.  0.  1.2 0.7 0.7],0.8112732470035553
3,748,[1.1 0.  0.  1.  0.  1.2 0.7 0.7],0.8113451600074768
3,749,[1.1 0.  0.  1.  0.  1.2 0.7 0.7],0.8113552331924438
3,750,[1.1 0.  0.  1.  0.  1.2 0.7 0.7],0.811356395483017
3,751,[1.1 0.  0.  1.  0.  1.2 0.7 0.7],0.8114018440246582
3,752,[1.1 0.  0.  1.  0.  1.2 0.7 0.7],0.811404287815094
3,753,[1.1 0.  0.  1.  0.  1.2 0.7 0.7],0.8115836977958679
3,754,[1.1 0.  0.  1.  0.  1.2 0.7 0.7],0.8119151592254639
3,755,[0.3 0.7 1.2 0.8 0.5 0.  0.3 0.1],0.8280423581600189
3,756,[0.3 0.7 1.2 0.8 0.5 0.  0.3 0.1],0.8280692994594574
3,757,[0.3 1.  1.3 1.  0.  1.2 0.7 0.9],0.9491460025310516
3,758,[0.3 1.  1.3 1.  0.  1.2 0.7 0.9],0.9491868913173676
3,759,[0.3 1.  1.3 1.  0.  1.2 0.7 0.9],0.9491897225379944
3,760,[0.3 1.  1.3 1.  0.  1.2 0.7 0.9],0.9492209851741791
3,761,[0.3 1.  1.3 1.  0.  1.2 0.7 0.9],0.9492672085762024
3,762,[0.3 1.  1.3 1.  0.  1.2 0.7 0.9],0.9492822289466858
3,763,[0.3 1.  1.3 1.  0.  1.2 0.7 0.9],0.9492827355861664
3,764,[0.3 1.  1.3 1.  0.  1.2 0.7 0.9],0.9492942988872528
3,765,[0.3 1.  1.3 1.  0.  1.2 0.7 0.9],0.9493087828159332
3,766,[0.3 1.  1.3 1.  0.  1.2 0.7 0.9],0.9493222534656525
3,767,[0.3 1.  1.3 1.  0.  1.2 0.7 0.9],0.9493391513824463
3,768,[0.3 1.  1.3 1.  0.  1.2 0.7 0.9],0.9493454396724701
3,769,[0.3 1.  1.3 1.  0.  1.2 0.7 0.9],0.9493913352489471
3,770,[0.3 1.  1.3 1.  0.  1.2 0.7 0.9],0.9494205713272095
3,771,[0.3 1.  1.3 1.  0.  1.2 0.7 0.9],0.949422299861908
3,772,[0.3 1.  1.3 1.  0.  1.2 0.7 0.9],0.9494516849517822
3,773,[0.3 1.  1.3 1.  0.  1.2 0.7 0.9],0.9494706690311432
3,774,[0.3 1.  1.3 1.  0.  1.2 0.7 0.9],0.9494830071926117
3,775,[0.3 1.  1.3 1.  0.  1.2 0.7 0.9],0.9495129287242889
3,776,[0.3 1.  1.3 1.  0.  1.2 0.7 0.9],0.9495373368263245
3,777,[0.3 1.  1.3 1.  0.  1.2 0.7 0.9],0.9495386183261871
3,778,[0.3 1.  1.3 1.  0.  1.2 0.7 0.9],0.9495440423488617
3,779,[0.3 1.  1.3 1.  0.  1.2 0.7 0.9],0.9495629966259003
3,780,[0.3 1.  1.3 1.  0.  1.2 0.7 0.9],0.9495966136455536
3,781,[0.3 1.  1.3 1.  0.  1.2 0.7 0.9],0.9496241509914398
3,782,[0.3 1.  1.3 1.  0.  1.2 0.7 0.9],0.9496455192565918
3,783,[0.3 1.  1.3 1.  0.  1.2 0.7 0.9],0.9496671855449677
3,784,[0.3 1.  1.3 1.  0.  1.2 0.7 0.9],0.9496878385543823
3,785,[0.3 1.  1.3 1.  0.  1.2 0.7 0.9],0.9497369825839996
3,786,[0.3 1.  1.3 1.  0.  1.2 0.7 0.9],0.9497775435447693
3,787,[0.3 1.  1.3 1.  0.  1.2 0.7 0.9],0.9498165845870972
3,788,[0.3 1.  1.3 1.  0.  1.2 0.7 0.9],0.9498815834522247
3,789,[0.3 1.  1.3 1.  0.  1.2 0.7 0.9],0.9499519467353821
3,790,[1.2 0.1 0.2 0.3 1.2 0.1 0.7 1.3],0.9672640562057495
3,791,[1.1 0.1 0.  0.1 1.  0.  0.7 1.3],1.1006760001182556
3,792,[1.1 0.1 0.  0.1 1.  0.  0.7 1.3],1.1009753346443176
3,793,[1.1 0.1 0.  0.1 1.  0.  0.7 1.3],1.101033329963684
3,794,[1.1 0.1 0.  0.1 1.  0.  0.7 1.3],1.1018741726875305
3,795,[1.2 0.1 0.2 0.3 1.2 0.1 0.7 1.3],1.2209548950195312
3,796,[1.2 0.1 0.2 0.3 1.2 0.1 0.7 1.3],1.2213362455368042
3,797,[1.2 0.1 0.2 0.3 1.2 0.1 0.7 1.3],1.2216284275054932
3,798,[1.2 0.1 0.2 0.3 1.2 0.1 0.7 1.3],1.221832513809204
3,799,[1.2 0.1 0.2 0.3 1.2 0.1 0.7 1.3],1.2218679785728455
4,0,[1.1 1.1 0.  1.  0.  0.9 0.7 0.5],0.034232933074235916
4,1,[1.1 1.1 0.  1.  0.  0.9 0.7 0.5],0.034232933074235916
4,2,[1.1 1.1 0.  1.  0.  0.9 0.7 0.5],0.034232933074235916
4,3,[0.5 0.1 0.5 1.  0.  0.  0.7 0.2],0.048942930996418
4,4,[1.1 0.9 0.8 0.5 0.  0.  1.3 0.2],0.05386686325073242
4,5,[1.1 0.9 0.8 0.5 0.  0.  1.3 0.2],0.05386686325073242
4,6,[1.1 0.5 0.  1.  0.3 0.  0.7 1.3],0.06308483146131039
4,7,[1.1 0.5 0.  1.  0.3 0.  0.7 1.3],0.06308483146131039
4,8,[1.1 0.1 0.  1.  0.  0.  0.7 1.3],0.06324937380850315
4,9,[1.1 0.1 0.  1.  0.  0.  0.7 1.3],0.06324937380850315
4,10,[1.1 0.1 0.1 1.  0.  0.  0.7 0.2],0.06668773293495178
4,11,[1.1 0.1 0.1 1.  0.  0.  0.7 0.2],0.06668773293495178
4,12,[1.1 0.1 0.1 1.  0.  0.  0.7 0.2],0.06676989048719406
4,13,[1.1 0.1 0.1 1.  0.  0.  0.7 0.2],0.06684943661093712
4,14,[1.1 0.1 0.1 1.  0.  0.  0.7 0.2],0.06688735634088516
4,15,[1.1 0.1 0.1 1.  0.  0.  0.7 0.2],0.06688735634088516
4,16,[1.3 0.9 1.3 1.2 0.  1.  0.5 0.2],0.06765873357653618
4,17,[1.1 0.1 0.  1.  0.  0.  0.4 1.1],0.0789823830127716
4,18,[1.1 0.1 0.  1.  0.  0.  0.4 1.3],0.07915167883038521
4,19,[0.1 0.1 0.  1.  0.  0.  0.2 0.4],0.0794399119913578
4,20,[1.1 0.3 0.9 0.2 0.  0.  0.7 1.3],0.08974316343665123
4,21,[0.9 0.1 0.2 1.  0.  0.  0.4 1.3],0.09236127138137817
4,22,[1.1 0.1 0.2 1.  0.  0.  0.7 1.3],0.09236753359436989
4,23,[1.1 0.1 0.3 0.9 1.1 0.7 0.7 1.3],0.09240130707621574
4,24,[1.2 0.1 0.7 1.1 1.2 0.1 0.7 1.3],0.09251857176423073
4,25,[1.1 0.1 0.1 1.  0.  0.  0.7 0.2],0.09569618105888367
4,26,[1.1 0.1 0.1 0.3 0.  1.1 0.7 0.2],0.09569894149899483
4,27,[1.1 0.1 0.1 1.  0.  0.  0.7 0.2],0.09571066871285439
4,28,[1.1 0.1 0.1 1.  0.  0.  0.7 0.2],0.09571877121925354
4,29,[1.1 0.1 0.1 1.  0.  0.  0.7 0.2],0.0957271195948124
4,30,[1.1 0.1 0.1 1.  0.  0.  0.7 0.2],0.09575742483139038
4,31,[1.1 0.1 0.1 1.  0.  0.  0.7 0.2],0.09576251730322838
4,32,[1.1 0.1 0.1 1.  0.  0.  0.7 0.2],0.0957723930478096
4,33,[1.1 0.  0.1 1.  0.  0.  0.9 0.2],0.09578138589859009
4,34,[1.1 0.  0.  1.  0.  0.  0.7 0.3],0.10570942237973213
4,35,[1.1 0.1 0.  1.  0.  0.  0.7 1.3],0.11007888242602348
4,36,[1.1 0.1 0.  1.  0.  0.  0.7 1.3],0.11009915545582771
4,37,[1.1 0.1 0.  1.  0.  0.  0.7 1.3],0.11011448875069618
4,38,[0.3 0.7 1.2 0.8 0.  0.  0.3 0.9],0.11803783848881721
4,39,[0.3 0.7 0.3 0.8 0.  0.  0.3 0.1],0.12477315962314606
4,40,[1.1 0.  0.1 1.  0.  0.  0.9 0.2],0.14361944049596786
4,41,[1.1 0.  0.1 1.  0.  0.  0.9 0.2],0.1436292976140976
4,42,[1.1 0.  0.1 1.  0.  0.  0.9 0.2],0.1436615064740181
4,43,[1.1 0.  0.1 1.  0.  0.  0.9 0.2],0.14366556704044342
4,44,[1.1 0.  0.1 1.  0.  0.  0.9 0.2],0.14373371750116348
4,45,[1.1 0.  0.1 1.  0.  0.  0.9 0.2],0.1437428966164589
4,46,[1.1 0.  0.1 1.  0.  0.  0.9 0.2],0.14376557618379593
4,47,[1.1 0.  0.1 1.  0.  0.  0.9 0.2],0.14380472898483276
4,48,[1.1 0.  0.1 1.  0.  0.  0.9 0.2],0.14381925016641617
4,49,[1.1 0.  0.1 1.  0.  0.  0.9 0.2],0.1439622864127159
4,50,[1.1 0.1 0.1 1.  0.  0.  1.2 0.2],0.14441806823015213
4,51,[1.1 0.1 0.1 1.  0.  0.  1.2 0.2],0.14448928833007812
4,52,[1.1 0.1 0.1 1.  0.  0.  1.2 0.2],0.14451760053634644
4,53,[1.1 0.1 0.1 1.  0.  0.  1.2 0.2],0.1445360705256462
4,54,[1.1 0.1 0.1 1.  0.  0.  1.2 0.2],0.14458956569433212
4,55,[1.1 0.1 0.1 1.  0.  0.  0.9 0.6],0.14732255786657333
4,56,[1.1 0.1 0.1 1.  0.  0.  0.9 0.6],0.14732780307531357
4,57,[1.1 0.1 0.1 1.  0.  0.  0.9 0.6],0.1473482921719551
4,58,[1.1 0.1 0.1 1.  0.  0.  0.9 0.6],0.14735691249370575
4,59,[1.1 0.1 0.1 1.  0.  0.  0.9 0.6],0.14736945182085037
4,60,[1.1 0.1 0.2 1.  0.  0.  0.7 1.3],0.14885685592889786
4,61,[1.1 0.1 0.2 1.  0.  0.  0.7 1.3],0.14889481663703918
4,62,[1.1 0.1 0.2 1.  0.  0.  0.7 1.3],0.1489182710647583
4,63,[1.3 0.1 0.1 1.  0.  0.  0.7 0.2],0.14895374327898026
4,64,[1.3 0.1 0.1 1.  0.  0.  0.7 0.2],0.14897212386131287
4,65,[1.3 0.1 0.1 1.  0.  0.  0.7 0.2],0.14900443702936172
4,66,[1.3 0.1 0.1 1.  0.  0.  0.7 0.2],0.14901313930749893
4,67,[1.1 0.1 0.2 1.  0.  0.  0.7 1.3],0.14902913570404053
4,68,[1.3 0.1 0.1 1.  0.  0.  0.7 0.2],0.14906203746795654
4,69,[1.3 0.1 0.1 1.  0.  0.  0.7 0.2],0.1490742564201355
4,70,[1.3 0.1 0.1 1.  0.  0.  0.7 0.2],0.14908364415168762
4,71,[1.3 0.1 0.1 1.  0.  0.  0.7 0.2],0.14909322559833527
4,72,[1.3 0.1 0.1 1.  0.  0.  0.7 0.2],0.14910919219255447
4,73,[1.3 0.1 0.1 1.  0.  0.  0.7 0.2],0.14911797642707825
4,74,[1.3 0.1 0.1 1.  0.  0.  0.7 0.2],0.14911841601133347
4,75,[1.3 0.1 0.1 1.  0.  0.  0.7 0.2],0.149143286049366
4,76,[1.3 0.1 0.1 1.  0.  0.  0.7 0.2],0.14914721250534058
4,77,[1.3 0.1 0.1 1.  0.  0.  0.7 0.2],0.14915213733911514
4,78,[1.3 0.1 0.1 1.  0.  0.  0.7 0.2],0.14916101843118668
4,79,[1.3 0.1 0.1 1.  0.  0.  0.7 0.2],0.14916309714317322
4,80,[1.3 0.1 0.1 1.  0.  0.  0.7 0.2],0.1491718739271164
4,81,[1.3 0.1 0.1 1.  0.  0.  0.7 0.2],0.1491759717464447
4,82,[1.3 0.1 0.1 1.  0.  0.  0.7 0.2],0.14919517189264297
4,83,[1.3 0.1 0.1 1.  0.  0.  0.7 0.2],0.14920511096715927
4,84,[1.3 0.1 0.1 1.  0.  0.  0.7 0.2],0.14921293407678604
4,85,[1.3 0.1 0.1 1.  0.  0.  0.7 0.2],0.1492181122303009
4,86,[1.3 0.1 0.1 1.  0.  0.  0.7 0.2],0.14922955632209778
4,87,[1.3 0.1 0.1 1.  0.  0.  0.7 0.2],0.14924895763397217
4,88,[1.3 0.1 0.1 1.  0.  0.  0.7 0.2],0.14925678819417953
4,89,[1.3 0.1 0.1 1.  0.  0.  0.7 0.2],0.14925844967365265
4,90,[1.1 0.1 0.1 1.  0.  0.  0.7 0.2],0.14932669699192047
4,91,[1.3 0.1 0.1 1.  0.  0.  0.7 0.2],0.14935672283172607
4,92,[1.3 0.1 0.1 1.  0.  0.  0.7 0.2],0.14937885850667953
4,93,[1.1 0.1 0.1 1.  0.  0.  0.7 0.2],0.1494763195514679
4,94,[1.1 0.1 0.1 1.  0.  0.  0.7 0.2],0.14949507266283035
4,95,[1.1 0.1 0.1 1.  0.  0.  0.7 0.2],0.14950647205114365
4,96,[1.1 0.1 0.1 1.  0.  0.  0.7 0.2],0.1495186761021614
4,97,[1.1 0.1 0.1 1.  0.  0.  0.7 0.2],0.14952535927295685
4,98,[1.1 0.1 0.1 1.  0.  0.  0.7 0.2],0.14952537417411804
4,99,[1.1 0.1 0.1 1.  0.  0.  0.7 0.2],0.14952967315912247
4,100,[1.1 0.1 0.1 1.  0.  0.  0.7 0.2],0.14953447133302689
4,101,[1.1 0.1 0.1 1.  0.  0.  0.7 0.2],0.14954699575901031
4,102,[1.1 0.1 0.1 1.  0.  0.  0.7 0.2],0.14954832196235657
4,103,[1.1 0.1 0.1 1.  0.  0.  0.7 0.2],0.14955661445856094
4,104,[1.1 0.1 0.1 1.  0.  0.  0.7 0.2],0.14955904334783554
4,105,[1.1 0.1 0.1 1.  0.  0.  0.7 0.2],0.1495649516582489
4,106,[1.1 0.1 0.1 1.  0.  0.  0.7 0.2],0.14956646412611008
4,107,[1.1 0.1 0.1 1.  0.  0.  0.7 0.2],0.1495693325996399
4,108,[1.1 0.1 0.1 1.  0.  0.  0.7 0.2],0.14957065880298615
4,109,[1.1 0.1 0.1 1.  0.  0.  0.7 0.2],0.1495729237794876
4,110,[1.1 0.1 0.1 1.  0.  0.  0.7 0.2],0.14957581460475922
4,111,[1.1 0.1 0.1 1.  0.  0.  0.7 0.2],0.14957613497972488
4,112,[1.1 0.1 0.1 1.  0.  0.  0.7 0.2],0.1495770364999771
4,113,[1.1 0.1 0.1 1.  0.  0.  0.7 0.2],0.1495770364999771
4,114,[1.1 0.1 0.1 1.  0.  0.  0.7 0.2],0.1495831087231636
4,115,[1.1 0.1 0.1 1.  0.  0.  0.7 0.2],0.14958393573760986
4,116,[1.1 0.1 0.1 1.  0.  0.  0.7 0.2],0.1495850756764412
4,117,[1.1 0.1 0.1 1.  0.  0.  0.7 0.2],0.14958535879850388
4,118,[1.1 0.1 0.1 1.  0.  0.  0.7 0.2],0.14958620071411133
4,119,[1.1 0.1 0.1 1.  0.  0.  0.7 0.2],0.1495894491672516
4,120,[1.1 0.1 0.1 1.  0.  0.  0.7 0.2],0.1495896428823471
4,121,[1.1 0.1 0.1 1.  0.  0.  0.7 0.2],0.14959260076284409
4,122,[1.1 0.1 0.1 1.  0.  0.  0.7 0.2],0.14959758520126343
4,123,[1.1 0.1 0.1 1.  0.  0.  0.7 0.2],0.1495976820588112
4,124,[1.1 0.1 0.1 1.  0.  0.  0.7 0.2],0.14960181713104248
4,125,[1.1 0.1 0.1 1.  0.  0.  0.7 0.2],0.14960847049951553
4,126,[1.1 0.1 0.1 1.  0.  0.  0.7 0.2],0.14960864931344986
4,127,[1.1 0.1 0.1 1.  0.  0.  0.7 0.2],0.14961013197898865
4,128,[1.1 0.1 0.1 1.  0.  0.  0.7 0.2],0.14961019903421402
4,129,[1.1 0.1 0.1 1.  0.  0.  0.7 0.2],0.14961086958646774
4,130,[1.1 0.1 0.1 1.  0.  0.  0.7 0.2],0.1496111825108528
4,131,[1.1 0.1 0.1 1.  0.  0.  0.7 0.2],0.14961270987987518
4,132,[1.1 0.1 0.1 1.  0.  0.  0.7 0.2],0.1496143713593483
4,133,[1.1 0.1 0.1 1.  0.  0.  0.7 0.2],0.14961888641119003
4,134,[1.1 0.1 0.1 1.  0.  0.  0.7 0.2],0.1496197208762169
4,135,[1.1 0.1 0.1 1.  0.  0.  0.7 0.2],0.14961979538202286
4,136,[1.1 0.1 0.1 1.  0.  0.  0.7 0.2],0.14962083846330643
4,137,[1.1 0.1 0.1 1.  0.  0.  0.7 0.2],0.1496242880821228
4,138,[1.1 0.1 0.1 1.  0.  0.  0.7 0.2],0.14962532371282578
4,139,[1.1 0.1 0.1 1.  0.  0.  0.7 0.2],0.14962594956159592
4,140,[1.1 0.1 0.1 1.  0.  0.  0.7 0.2],0.14962652325630188
4,141,[1.1 0.1 0.1 1.  0.  0.  0.7 0.2],0.14962813258171082
4,142,[1.1 0.1 0.1 1.  0.  0.  0.7 0.2],0.14963123947381973
4,143,[1.1 0.1 0.1 1.  0.  0.  0.7 0.2],0.14963387697935104
4,144,[1.1 0.1 0.1 1.  0.  0.  0.7 0.2],0.14963488280773163
4,145,[1.1 0.1 0.1 1.  0.  0.  0.7 0.2],0.1496359407901764
4,146,[1.1 0.1 0.1 1.  0.  0.  0.7 0.2],0.14963652938604355
4,147,[1.1 0.1 0.1 1.  0.  0.  0.7 0.2],0.14963797479867935
4,148,[1.1 0.1 0.1 1.  0.  0.  0.7 0.2],0.149639293551445
4,149,[1.1 0.1 0.1 1.  0.  0.  0.7 0.2],0.14963948726654053
4,150,[1.1 0.1 0.1 1.  0.  0.  0.7 0.2],0.1496417447924614
4,151,[1.1 0.1 0.1 1.  0.  0.  0.7 0.2],0.14964718371629715
4,152,[1.1 0.1 0.1 1.  0.  0.  0.7 0.2],0.14964823424816132
4,153,[1.1 0.1 0.1 1.  0.  0.  0.7 0.2],0.14965055882930756
4,154,[1.1 0.1 0.1 1.  0.  0.  0.7 0.2],0.149652861058712
4,155,[1.1 0.1 0.1 1.  0.  0.  0.7 0.2],0.14965356141328812
4,156,[1.1 0.1 0.1 1.  0.  0.  0.7 0.2],0.1496535688638687
4,157,[1.1 0.1 0.1 1.  0.  0.  0.7 0.2],0.1496572047472
4,158,[1.1 0.1 0.1 1.  0.  0.  0.7 0.2],0.1496579349040985
4,159,[1.1 0.1 0.1 1.  0.  0.  0.7 0.2],0.14965969324111938
4,160,[1.1 0.1 0.1 1.  0.  0.  0.7 0.2],0.14966097474098206
4,161,[1.1 0.1 0.1 1.  0.  0.  0.7 0.2],0.1496625915169716
4,162,[1.1 0.1 0.1 1.  0.  0.  0.7 0.2],0.14966274797916412
4,163,[1.1 0.1 0.1 1.  0.  0.  0.7 0.2],0.14966312795877457
4,164,[1.1 0.1 0.1 1.  0.  0.  0.7 0.2],0.14966416358947754
4,165,[1.1 0.1 0.1 1.  0.  0.  0.7 0.2],0.14966483414173126
4,166,[1.1 0.1 0.1 1.  0.  0.  0.7 0.2],0.149665467441082
4,167,[1.1 0.1 0.1 1.  0.  0.  0.7 0.2],0.14966896176338196
4,168,[1.1 0.1 0.1 1.  0.  0.  0.7 0.2],0.14967016130685806
4,169,[1.1 0.1 0.1 1.  0.  0.  0.7 0.2],0.14967699348926544
4,170,[1.1 0.1 0.1 1.  0.  0.  0.7 0.2],0.1496771275997162
4,171,[1.1 0.1 0.1 1.  0.  0.  0.7 0.2],0.1496778056025505
4,172,[1.1 0.1 0.1 1.  0.  0.  0.7 0.2],0.14967934787273407
4,173,[1.1 0.1 0.1 1.  0.  0.  0.7 0.2],0.14967987686395645
4,174,[1.1 0.1 0.1 1.  0.  0.  0.7 0.2],0.14968100935220718
4,175,[1.1 0.1 0.1 1.  0.  0.  0.7 0.2],0.1496817246079445
4,176,[1.1 0.1 0.1 1.  0.  0.  0.7 0.2],0.14968182891607285
4,177,[1.1 0.1 0.1 1.  0.  0.  0.7 0.2],0.14968235045671463
4,178,[1.1 0.1 0.1 1.  0.  0.  0.7 0.2],0.14968238770961761
4,179,[1.1 0.1 0.1 1.  0.  0.  0.7 0.2],0.14968318492174149
4,180,[1.1 0.1 0.1 1.  0.  0.  0.7 0.2],0.1496836319565773
4,181,[1.1 0.1 0.1 1.  0.  0.  0.7 0.2],0.14968537539243698
4,182,[1.1 0.1 0.1 1.  0.  0.  0.7 0.2],0.14968623220920563
4,183,[1.1 0.1 0.1 1.  0.  0.  0.7 0.2],0.14968805760145187
4,184,[1.1 0.1 0.1 1.  0.  0.  0.7 0.2],0.1496894583106041
4,185,[1.1 0.1 0.1 1.  0.  0.  0.7 0.2],0.14969072490930557
4,186,[1.1 0.1 0.1 1.  0.  0.  0.7 0.2],0.14969365298748016
4,187,[1.1 0.1 0.1 1.  0.  0.  0.7 0.2],0.14969392865896225
4,188,[1.1 0.1 0.1 1.  0.  0.  0.7 0.2],0.1496952474117279
4,189,[1.1 0.1 0.1 1.  0.  0.  0.7 0.2],0.14969954639673233
4,190,[1.1 0.1 0.1 1.  0.  0.  0.7 0.2],0.14970169216394424
4,191,[1.1 0.1 0.1 1.  0.  0.  0.7 0.2],0.14970189332962036
4,192,[1.1 0.1 0.1 1.  0.  0.  0.7 0.2],0.1497034654021263
4,193,[1.1 0.1 0.1 1.  0.  0.  0.7 0.2],0.14970512688159943
4,194,[1.1 0.1 0.1 1.  0.  0.  0.7 0.2],0.14970576763153076
4,195,[1.1 0.1 0.1 1.  0.  0.  0.7 0.2],0.14970634877681732
4,196,[1.1 0.1 0.1 1.  0.  0.  0.7 0.2],0.14970670640468597
4,197,[1.1 0.1 0.1 1.  0.  0.  0.7 0.2],0.14970750361680984
4,198,[1.1 0.1 0.1 1.  0.  0.  0.7 0.2],0.14970886707305908
4,199,[1.1 0.1 0.1 1.  0.  0.  0.7 0.2],0.14970887452363968
4,200,[1.1 0.1 0.1 1.  0.  0.  0.7 0.2],0.1497107744216919
4,201,[1.1 0.1 0.1 1.  0.  0.  0.7 0.2],0.14971085637807846
4,202,[1.1 0.1 0.1 1.  0.  0.  0.7 0.2],0.14971217513084412
4,203,[1.1 0.1 0.1 1.  0.  0.  0.7 0.2],0.1497121900320053
4,204,[1.1 0.1 0.1 1.  0.  0.  0.7 0.2],0.14971351623535156
4,205,[1.1 0.1 0.1 1.  0.  0.  0.7 0.2],0.14971472322940826
4,206,[1.1 0.1 0.1 1.  0.  0.  0.7 0.2],0.14971508085727692
4,207,[1.1 0.1 0.1 1.  0.  0.  0.7 0.2],0.14971525967121124
4,208,[1.1 0.1 0.1 1.  0.  0.  0.7 0.2],0.14971548318862915
4,209,[1.1 0.1 0.1 1.  0.  0.  0.7 0.2],0.14971790462732315
4,210,[1.1 0.1 0.1 1.  0.  0.  0.7 0.2],0.14971794188022614
4,211,[1.1 0.1 0.1 1.  0.  0.  0.7 0.2],0.14971835166215897
4,212,[1.1 0.1 0.1 1.  0.  0.  0.7 0.2],0.14971854537725449
4,213,[1.1 0.1 0.1 1.  0.  0.  0.7 0.2],0.1497199758887291
4,214,[1.1 0.1 0.1 1.  0.  0.  0.7 0.2],0.14972016960382462
4,215,[1.1 0.1 0.1 1.  0.  0.  0.7 0.2],0.14972024410963058
4,216,[1.1 0.1 0.1 1.  0.  0.  0.7 0.2],0.1497221291065216
4,217,[1.1 0.1 0.1 1.  0.  0.  0.7 0.2],0.14972302317619324
4,218,[1.1 0.1 0.1 1.  0.  0.  0.7 0.2],0.1497236266732216
4,219,[1.1 0.1 0.1 1.  0.  0.  0.7 0.2],0.1497238725423813
4,220,[1.1 0.1 0.1 1.  0.  0.  0.7 0.2],0.14972468465566635
4,221,[1.1 0.1 0.1 1.  0.  0.  0.7 0.2],0.1497262418270111
4,222,[1.1 0.1 0.1 1.  0.  0.  0.7 0.2],0.14972789585590363
4,223,[1.1 0.1 0.1 1.  0.  0.  0.7 0.2],0.14972905814647675
4,224,[1.1 0.1 0.1 1.  0.  0.  0.7 0.2],0.14973022043704987
4,225,[1.1 0.1 0.1 1.  0.  0.  0.7 0.2],0.14973095804452896
4,226,[1.1 0.1 0.1 1.  0.  0.  0.7 0.2],0.14973347634077072
4,227,[1.1 0.1 0.1 1.  0.  0.  0.7 0.2],0.14973416179418564
4,228,[1.1 0.1 0.1 1.  0.  0.  0.7 0.2],0.14973465353250504
4,229,[1.1 0.1 0.1 1.  0.  0.  0.7 0.2],0.14973701536655426
4,230,[1.1 0.1 0.1 1.  0.  0.  0.7 0.2],0.1497381329536438
4,231,[1.1 0.1 0.1 1.  0.  0.  0.7 0.2],0.14973817020654678
4,232,[1.1 0.1 0.1 1.  0.  0.  0.7 0.2],0.14973880350589752
4,233,[1.1 0.1 0.1 1.  0.  0.  0.7 0.2],0.14973949640989304
4,234,[1.1 0.1 0.1 1.  0.  0.  0.7 0.2],0.14973962306976318
4,235,[1.1 0.1 0.1 1.  0.  0.  0.7 0.2],0.14974012225866318
4,236,[1.1 0.1 0.1 1.  0.  0.  0.7 0.2],0.1497415229678154
4,237,[1.1 0.1 0.1 1.  0.  0.  0.7 0.2],0.1497431918978691
4,238,[1.1 0.1 0.1 1.  0.  0.  0.7 0.2],0.14974384754896164
4,239,[1.1 0.1 0.1 1.  0.  0.  0.7 0.2],0.14974534511566162
4,240,[1.1 0.1 0.1 1.  0.  0.  0.7 0.2],0.14974761754274368
4,241,[1.1 0.1 0.1 1.  0.  0.  0.7 0.2],0.14974761754274368
4,242,[1.1 0.1 0.1 1.  0.  0.  0.7 0.2],0.14974790811538696
4,243,[1.1 0.1 0.1 1.  0.  0.  0.7 0.2],0.1497488096356392
4,244,[1.1 0.1 0.1 1.  0.  0.  0.7 0.2],0.14974891394376755
4,245,[1.1 0.1 0.1 1.  0.  0.  0.7 0.2],0.14974989742040634
4,246,[1.1 0.1 0.1 1.  0.  0.  0.7 0.2],0.14975019544363022
4,247,[1.1 0.1 0.1 1.  0.  0.  0.7 0.2],0.149750255048275
4,248,[1.1 0.1 0.1 1.  0.  0.  0.7 0.2],0.14975138008594513
4,249,[1.1 0.1 0.1 1.  0.  0.  0.7 0.2],0.1497519537806511
4,250,[1.1 0.1 0.1 1.  0.  0.  0.7 0.2],0.14975237846374512
4,251,[1.1 0.1 0.1 1.  0.  0.  0.7 0.2],0.14975262433290482
4,252,[1.1 0.1 0.1 1.  0.  0.  0.7 0.2],0.14975322782993317
4,253,[1.1 0.1 0.1 1.  0.  0.  0.7 0.2],0.1497548520565033
4,254,[1.1 0.1 0.1 1.  0.  0.  0.7 0.2],0.14975543320178986
4,255,[1.1 0.1 0.1 1.  0.  0.  0.7 0.2],0.14975571632385254
4,256,[1.1 0.1 0.1 1.  0.  0.  0.7 0.2],0.14975620061159134
4,257,[1.1 0.1 0.1 1.  0.  0.  0.7 0.2],0.14975984394550323
4,258,[1.1 0.1 0.1 1.  0.  0.  0.7 0.2],0.14976069331169128
4,259,[1.1 0.1 0.1 1.  0.  0.  0.7 0.2],0.149761863052845
4,260,[1.1 0.1 0.1 1.  0.  0.  0.7 0.2],0.14976219832897186
4,261,[1.1 0.1 0.1 1.  0.  0.  0.7 0.2],0.1497640684247017
4,262,[1.1 0.1 0.1 1.  0.  0.  0.7 0.2],0.14976586401462555
4,263,[1.1 0.1 0.1 1.  0.  0.  0.7 0.2],0.14976808428764343
4,264,[1.1 0.1 0.1 1.  0.  0.  0.7 0.2],0.14976849406957626
4,265,[1.1 0.1 0.1 1.  0.  0.  0.7 0.2],0.14976906776428223
4,266,[1.1 0.1 0.1 1.  0.  0.  0.7 0.2],0.14976909756660461
4,267,[1.1 0.1 0.1 1.  0.  0.  0.7 0.2],0.14976979792118073
4,268,[1.1 0.1 0.1 1.  0.  0.  0.7 0.2],0.1497703641653061
4,269,[1.1 0.1 0.1 1.  0.  0.  0.7 0.2],0.14977329969406128
4,270,[1.1 0.1 0.1 1.  0.  0.  0.7 0.2],0.14977477490901947
4,271,[1.1 0.1 0.1 1.  0.  0.  0.7 0.2],0.14977632462978363
4,272,[1.1 0.1 0.1 1.  0.  0.  0.7 0.2],0.14977963268756866
4,273,[1.1 0.1 0.1 1.  0.  0.  0.7 0.2],0.14977992326021194
4,274,[1.1 0.1 0.1 1.  0.  0.  0.7 0.2],0.1497802808880806
4,275,[1.1 0.1 0.1 1.  0.  0.  0.7 0.2],0.14978335797786713
4,276,[1.1 0.1 0.1 1.  0.  0.  0.7 0.2],0.14978457242250443
4,277,[1.1 0.1 0.1 1.  0.  0.  0.7 0.2],0.1497850939631462
4,278,[1.1 0.1 0.1 1.  0.  0.  0.7 0.2],0.14978697150945663
4,279,[1.1 0.1 0.1 1.  0.  0.  0.7 0.2],0.14979280531406403
4,280,[1.1 0.1 0.1 1.  0.  0.  0.7 0.2],0.14979414641857147
4,281,[1.1 0.1 0.1 1.  0.  0.  0.7 0.2],0.1498001515865326
4,282,[1.1 0.1 0.1 1.  0.  0.  0.7 0.2],0.14980295300483704
4,283,[1.1 0.1 0.1 1.  0.  0.  0.7 0.2],0.1498035043478012
4,284,[1.1 0.1 0.1 1.  0.  0.  0.7 0.2],0.14980457723140717
4,285,[1.1 0.1 0.1 1.  0.  0.  0.7 0.2],0.1498069167137146
4,286,[1.1 0.1 0.1 1.  0.  0.  0.7 0.2],0.1498081460595131
4,287,[1.1 0.1 0.1 1.  0.  0.  0.7 0.2],0.14980890601873398
4,288,[1.1 0.1 0.1 1.  0.  0.  0.7 0.2],0.1498144492506981
4,289,[1.1 0.1 0.1 1.  0.  0.  0.7 0.2],0.14981454610824585
4,290,[1.1 0.1 0.1 1.  0.  0.  0.7 0.2],0.14981619268655777
4,291,[1.1 0.1 0.1 1.  0.  0.  0.7 0.2],0.14981717616319656
4,292,[1.1 0.1 0.1 1.  0.  0.  0.7 0.2],0.14982004463672638
4,293,[1.1 0.1 0.1 1.  0.  0.  0.7 0.2],0.14982106536626816
4,294,[1.1 0.1 0.1 1.  0.  0.  0.7 0.2],0.14982262253761292
4,295,[1.1 0.1 0.1 1.  0.  0.  0.7 0.2],0.14982541650533676
4,296,[1.1 0.1 0.1 1.  0.  0.  0.7 0.2],0.1498262584209442
4,297,[1.1 0.1 0.1 1.  0.  0.  0.7 0.2],0.14983002841472626
4,298,[1.1 0.1 0.1 1.  0.  0.  0.7 0.2],0.14983301609754562
4,299,[1.1 0.1 0.1 1.  0.  0.  0.7 0.2],0.14984078705310822
4,300,[1.1 0.1 0.1 1.  0.  0.  0.7 0.2],0.14985238015651703
4,301,[1.1 0.1 0.1 1.  0.  0.  0.7 0.2],0.14985830336809158
4,302,[1.1 0.1 0.1 1.  0.  0.  0.7 0.2],0.14986559003591537
4,303,[1.1 0.1 0.1 1.  0.  0.  0.7 0.2],0.14986730366945267
4,304,[1.1 0.1 0.1 1.  0.  0.  0.7 0.2],0.14987405389547348
4,305,[1.1 0.1 0.1 1.  0.  0.  0.7 0.2],0.14987439662218094
4,306,[1.1 0.1 0.1 1.  0.  0.  0.7 0.2],0.14988555014133453
4,307,[1.1 0.1 0.1 1.  0.  0.  0.7 0.2],0.149907648563385
4,308,[1.1 0.1 0.1 1.  0.  0.  0.7 0.2],0.14996840059757233
4,309,[1.1 0.1 0.1 1.  0.  0.  0.7 0.2],0.1500013917684555
4,310,[1.1 0.1 0.3 0.9 1.1 0.7 0.7 1.3],0.1500239148736
4,311,[1.3 0.1 0.1 1.  0.  0.  0.7 1.2],0.15137889236211777
4,312,[1.3 0.1 0.1 1.  0.  0.  0.7 1.2],0.15141435712575912
4,313,[1.3 0.1 0.1 1.  0.  0.  0.7 1.2],0.15143943578004837
4,314,[1.3 0.1 0.1 1.  0.  0.  0.7 1.2],0.1515592709183693
4,315,[1.1 0.1 0.  1.  0.  0.  1.3 0. ],0.15454596281051636
4,316,[1.1 0.  0.  1.  0.  0.  0.7 0.3],0.15710525959730148
4,317,[1.1 0.  0.  1.  0.  0.  0.7 0.3],0.1571839675307274
4,318,[1.1 0.  0.  1.  0.  0.  0.7 0.3],0.15719404816627502
4,319,[1.1 0.  0.  1.  0.  0.  0.7 0.3],0.1572474166750908
4,320,[1.1 0.  0.  1.  0.  0.  0.7 0.3],0.15727067738771439
4,321,[1.1 0.  0.  1.  0.  0.  0.7 0.3],0.1572844609618187
4,322,[0.9 0.1 0.2 1.  0.  0.  0.4 1.3],0.15734757483005524
4,323,[0.9 0.1 0.2 1.  0.  0.  0.4 1.3],0.1575157716870308
4,324,[0.9 0.1 0.2 1.  0.  0.  0.4 1.3],0.1575605273246765
4,325,[0.9 0.1 0.2 1.  0.  0.  0.4 1.3],0.1576089784502983
4,326,[0.9 0.1 0.2 1.  0.  0.  0.4 1.3],0.1576266810297966
4,327,[0.9 0.1 0.2 1.  0.  0.  0.4 1.3],0.15765796601772308
4,328,[0.9 0.1 0.2 1.  0.  0.  0.4 1.3],0.15766745805740356
4,329,[0.9 0.1 0.2 1.  0.  0.  0.4 1.3],0.15768422931432724
4,330,[1.1 0.1 0.1 1.1 0.  0.  0.7 0.7],0.15815355628728867
4,331,[1.1 0.1 0.1 1.1 0.  0.  0.7 0.7],0.15824054926633835
4,332,[1.1 0.1 0.1 1.1 0.  0.  0.7 0.7],0.1582539826631546
4,333,[1.1 0.1 0.1 1.1 0.  0.  0.7 0.7],0.15835460275411606
4,334,[1.1 0.1 0.1 1.1 0.  0.  0.7 0.7],0.15835481882095337
4,335,[1.1 0.1 0.1 1.1 0.  0.  0.7 0.7],0.15835725516080856
4,336,[1.1 0.1 0.1 1.1 0.  0.  0.7 0.7],0.15839845687150955
4,337,[1.1 0.1 0.  1.  0.  0.  0.7 0.8],0.16080747544765472
4,338,[1.1 0.1 0.  1.  0.  0.  0.7 1.2],0.16153445839881897
4,339,[1.1 0.1 0.  1.  0.  0.  0.7 1.3],0.16157224029302597
4,340,[1.1 0.1 0.  1.  0.  0.  0.7 1.3],0.16163747757673264
4,341,[1.1 0.1 0.  1.  0.  0.  0.7 1.3],0.16165729612112045
4,342,[1.1 0.1 0.  1.  0.  0.  0.7 1.3],0.16165970265865326
4,343,[1.1 0.1 0.  1.  0.  0.  0.7 1.3],0.16166473925113678
4,344,[1.1 0.1 0.  1.  0.  0.  0.7 1.3],0.1616688072681427
4,345,[1.1 0.1 0.  1.  0.  0.  0.7 1.3],0.16167040914297104
4,346,[1.1 0.1 0.  1.  0.  0.  0.7 1.3],0.16167058050632477
4,347,[1.1 0.1 0.  1.  0.  0.  0.7 1.3],0.16168071329593658
4,348,[1.1 0.1 0.  1.  0.  0.  0.7 1.3],0.16168555617332458
4,349,[1.1 0.1 0.  1.  0.  0.  0.7 1.3],0.16168618202209473
4,350,[1.1 0.1 0.  1.  0.  0.  0.7 1.3],0.1616886854171753
4,351,[1.1 0.1 0.  1.  0.  0.  0.7 1.3],0.16169357299804688
4,352,[1.1 0.1 0.  1.  0.  0.  0.7 1.3],0.1617051139473915
4,353,[1.1 0.1 0.  1.  0.  0.  0.7 1.3],0.16171258687973022
4,354,[1.1 0.1 0.  1.  0.  0.  0.7 1.3],0.16171307116746902
4,355,[1.1 0.1 0.  1.  0.  0.  0.7 1.3],0.16171593219041824
4,356,[1.1 0.1 0.  1.  0.  0.  0.7 1.3],0.16171642392873764
4,357,[1.1 0.1 0.  1.  0.  0.  0.7 1.3],0.1617167964577675
4,358,[1.1 0.1 0.  1.  0.  0.  0.7 1.3],0.16171855479478836
4,359,[1.1 0.1 0.  1.  0.  0.  0.7 1.3],0.16172372549772263
4,360,[1.1 0.1 0.  1.  0.  0.  0.7 1.3],0.161723755300045
4,361,[1.1 0.1 0.  1.  0.  0.  0.7 1.3],0.16172555834054947
4,362,[1.1 0.1 0.  1.  0.  0.  0.7 1.3],0.16172929108142853
4,363,[1.1 0.1 0.  1.  0.  0.  0.7 1.3],0.16173237562179565
4,364,[1.1 0.1 0.  1.  0.  0.  0.7 1.3],0.16173288971185684
4,365,[1.1 0.1 0.  1.  0.  0.  0.7 1.3],0.1617349088191986
4,366,[1.1 0.1 0.  1.  0.  0.  0.7 1.3],0.16173873841762543
4,367,[1.1 0.1 0.  1.  0.  0.  0.7 1.3],0.16174065321683884
4,368,[1.1 0.1 0.  1.  0.  0.  0.7 1.3],0.1617419645190239
4,369,[1.1 0.1 0.  1.  0.  0.  0.7 1.3],0.16174576431512833
4,370,[1.1 0.1 0.  1.  0.  0.  0.7 1.3],0.16175023466348648
4,371,[1.1 0.1 0.  1.  0.  0.  0.7 1.3],0.16175079345703125
4,372,[1.1 0.1 0.  1.  0.  0.  0.7 1.3],0.16175160557031631
4,373,[1.1 0.1 0.  1.  0.  0.  0.7 1.3],0.161756731569767
4,374,[1.1 0.1 0.  1.  0.  0.  0.7 1.3],0.16175859421491623
4,375,[1.1 0.1 0.  1.  0.  0.  0.7 1.3],0.16176000982522964
4,376,[1.1 0.1 0.  1.  0.  0.  0.7 1.3],0.1617608517408371
4,377,[1.1 0.1 0.  1.  0.  0.  0.7 1.3],0.16176089644432068
4,378,[1.1 0.1 0.  1.  0.  0.  0.7 1.3],0.16176212579011917
4,379,[1.1 0.1 0.  1.  0.  0.  0.7 1.3],0.1617647409439087
4,380,[1.1 0.1 0.  1.  0.  0.  0.7 1.3],0.1617695540189743
4,381,[1.1 0.1 0.  1.  0.  0.  0.7 1.3],0.1617788001894951
4,382,[1.1 0.1 0.  1.  0.  0.  0.7 1.3],0.16177945584058762
4,383,[1.1 0.1 0.  1.  0.  0.  0.7 1.3],0.16178052127361298
4,384,[1.1 0.1 0.  1.  0.  0.  0.7 1.3],0.1617807075381279
4,385,[1.1 0.1 0.  1.  0.  0.  0.7 1.3],0.1617852747440338
4,386,[1.1 0.1 0.  1.  0.  0.  0.7 1.2],0.16178782284259796
4,387,[1.1 0.1 0.  1.  0.  0.  0.7 1.3],0.16178996115922928
4,388,[1.1 0.1 0.  1.  0.  0.  0.7 1.3],0.1617911458015442
4,389,[1.1 0.1 0.  1.  0.  0.  0.7 1.3],0.16179247200489044
4,390,[1.1 0.1 0.  1.  0.  0.  0.7 1.3],0.16179340332746506
4,391,[1.1 0.1 0.  1.  0.  0.  0.7 1.3],0.1617942601442337
4,392,[1.1 0.1 0.  1.  0.  0.  0.7 1.3],0.16179479658603668
4,393,[1.1 0.1 0.  1.  0.  0.  0.7 1.3],0.16179949790239334
4,394,[1.1 0.1 0.  1.  0.  0.  0.7 1.3],0.16180456429719925
4,395,[1.1 0.1 0.  1.  0.  0.  0.7 1.3],0.16180550307035446
4,396,[1.1 0.1 0.  1.  0.  0.  0.7 1.3],0.16180632263422012
4,397,[1.1 0.1 0.  1.  0.  0.  0.7 1.3],0.16180778294801712
4,398,[1.1 0.1 0.  1.  0.  0.  0.7 1.3],0.16180849075317383
4,399,[1.1 0.1 0.  1.  0.  0.  0.7 1.3],0.1618114709854126
4,400,[1.1 0.1 0.  1.  0.  0.  0.7 1.3],0.16181177645921707
4,401,[1.1 0.1 0.  1.  0.  0.  0.7 1.3],0.16181404143571854
4,402,[1.1 0.1 0.  1.  0.  0.  0.7 1.3],0.16181648522615433
4,403,[1.1 0.1 0.  1.  0.  0.  0.7 1.3],0.1618204042315483
4,404,[1.1 0.1 0.  1.  0.  0.  0.7 1.3],0.16182423382997513
4,405,[1.1 0.1 0.  1.  0.  0.  0.7 1.3],0.1618281453847885
4,406,[1.1 0.1 0.  1.  0.  0.  0.7 1.3],0.16182999312877655
4,407,[1.1 0.1 0.  1.  0.  0.  0.7 1.3],0.1618373617529869
4,408,[1.1 0.1 0.  1.  0.  0.  0.7 1.3],0.16183853894472122
4,409,[1.1 0.1 0.  1.  0.  0.  0.7 1.3],0.16183962672948837
4,410,[1.1 0.1 0.  1.  0.  0.  0.7 1.3],0.16184065490961075
4,411,[1.1 0.1 0.  1.  0.  0.  0.7 1.3],0.16184105724096298
4,412,[1.1 0.1 0.  1.  0.  0.  0.7 1.3],0.16184590011835098
4,413,[1.1 0.1 0.  1.  0.  0.  0.7 1.3],0.161848284304142
4,414,[1.1 0.1 0.  1.  0.  0.  0.7 1.3],0.16185151040554047
4,415,[1.1 0.1 0.  1.  0.  0.  0.7 1.3],0.1618543416261673
4,416,[1.1 0.1 0.  1.  0.  0.  0.7 1.3],0.16185853630304337
4,417,[1.1 0.1 0.  1.  0.  0.  0.7 1.3],0.1618608981370926
4,418,[1.1 0.1 0.  1.  0.  0.  0.7 1.3],0.1618647277355194
4,419,[1.1 0.1 0.  1.  0.  0.  0.7 1.3],0.16186698526144028
4,420,[1.1 0.1 0.  1.  0.  0.  0.7 1.3],0.16186802089214325
4,421,[1.1 0.1 0.  1.  0.  0.  0.7 1.3],0.1618688777089119
4,422,[1.1 0.1 0.  1.  0.  0.  0.7 1.3],0.1618703454732895
4,423,[1.1 0.1 0.  1.  0.  0.  0.7 1.3],0.16187342256307602
4,424,[1.1 0.1 0.  1.  0.  0.  0.7 1.3],0.16187475621700287
4,425,[1.1 0.1 0.  1.  0.  0.  0.7 1.3],0.1618763580918312
4,426,[1.1 0.1 0.  1.  0.  0.  0.7 1.3],0.1618771180510521
4,427,[1.1 0.1 0.  1.  0.  0.  0.7 1.3],0.1618785336613655
4,428,[1.1 0.1 0.  1.  0.  0.  0.7 1.3],0.16188158839941025
4,429,[1.1 0.1 0.  1.  0.  0.  0.7 1.3],0.16188282519578934
4,430,[1.1 0.1 0.  1.  0.  0.  0.7 1.3],0.1618838608264923
4,431,[1.1 0.1 0.  1.  0.  0.  0.7 1.3],0.16188883036375046
4,432,[1.1 0.1 0.  1.  0.  0.  0.7 1.3],0.16189179569482803
4,433,[1.1 0.1 0.  1.  0.  0.  0.7 1.3],0.1618943214416504
4,434,[1.1 0.1 0.  1.  0.  0.  0.7 1.3],0.1618981957435608
4,435,[1.1 0.1 0.  1.  0.  0.  0.7 1.3],0.16189848631620407
4,436,[1.1 0.1 0.  1.  0.  0.  0.7 1.3],0.16190075129270554
4,437,[1.1 0.1 0.  1.  0.  0.  0.7 1.3],0.16190236806869507
4,438,[1.1 0.1 0.  1.  0.  0.  0.7 1.3],0.16190475225448608
4,439,[1.1 0.1 0.  1.  0.  0.  0.7 1.3],0.16190823912620544
4,440,[1.1 0.1 0.  1.  0.  0.  0.7 1.3],0.16191289573907852
4,441,[1.1 0.1 0.  1.  0.  0.  0.7 1.3],0.16191378980875015
4,442,[1.1 0.1 0.  1.  0.  0.  0.7 1.3],0.16192219406366348
4,443,[1.1 0.1 0.  1.  0.  0.  0.7 1.3],0.16192391514778137
4,444,[1.1 0.1 0.  1.  0.  0.  0.7 1.3],0.16192644089460373
4,445,[1.1 0.1 0.  1.  0.  0.  0.7 1.3],0.16192692518234253
4,446,[1.1 0.1 0.  1.  0.  0.  0.7 1.3],0.16193077713251114
4,447,[1.1 0.1 0.  1.  0.  0.  0.7 1.3],0.161931574344635
4,448,[1.1 0.1 0.  1.  0.  0.  0.7 1.3],0.16193880885839462
4,449,[1.1 0.1 0.  1.  0.  0.  0.7 1.3],0.16193898767232895
4,450,[1.1 0.1 0.  1.  0.  0.  0.7 1.3],0.16194263845682144
4,451,[1.1 0.1 0.  1.  0.  0.  0.7 1.3],0.16196458041667938
4,452,[1.1 0.1 0.  1.  0.  0.  0.7 1.3],0.16196513921022415
4,453,[1.1 0.1 0.  1.  0.  0.  0.7 1.3],0.16196688264608383
4,454,[1.1 0.1 0.  1.  0.  0.  0.7 1.3],0.1619676575064659
4,455,[1.1 0.1 0.  1.  0.  0.  0.7 1.3],0.1619679182767868
4,456,[1.1 0.1 0.  1.  0.  0.  0.7 1.3],0.16198590397834778
4,457,[1.1 0.1 0.  1.  0.  0.  0.7 1.3],0.16199824959039688
4,458,[1.1 0.1 0.  1.  0.  0.  0.7 1.3],0.16200003027915955
4,459,[1.1 0.1 0.  1.  0.  0.  0.7 1.3],0.1620047613978386
4,460,[1.1 0.1 0.  1.  0.  0.  0.7 1.3],0.16200850158929825
4,461,[1.1 0.1 0.  1.  0.  0.  0.7 1.3],0.16205287724733353
4,462,[1.1 0.1 0.  1.  0.  0.  0.7 1.3],0.16206257045269012
4,463,[1.1 0.1 0.  1.  0.  0.  0.7 1.3],0.16206998378038406
4,464,[1.1 0.1 0.  1.  0.  0.  0.7 1.3],0.16215228289365768
4,465,[1.1 0.3 0.  0.9 0.  0.  0.7 1.3],0.167030431330204
4,466,[1.1 0.3 0.  0.9 0.  0.  0.7 1.3],0.1670611947774887
4,467,[1.1 0.3 0.  0.9 0.  0.  0.7 1.3],0.16707348823547363
4,468,[1.1 0.3 0.  0.9 0.  0.  0.7 1.3],0.16711317002773285
4,469,[1.1 0.3 0.  0.9 0.  0.  0.7 1.3],0.16714639216661453
4,470,[1.1 0.3 0.  0.9 0.  0.  0.7 1.3],0.16714860498905182
4,471,[1.1 0.3 0.  0.9 0.  0.  0.7 1.3],0.1671673133969307
4,472,[1.1 0.3 0.  0.9 0.  0.  0.7 1.3],0.1671685054898262
4,473,[1.1 0.3 0.  0.9 0.  0.  0.7 1.3],0.16716963797807693
4,474,[1.1 0.3 0.  0.9 0.  0.  0.7 1.3],0.16717791557312012
4,475,[1.1 0.3 0.  0.9 0.  0.  0.7 1.3],0.1671803593635559
4,476,[1.1 0.3 0.  0.9 0.  0.  0.7 1.3],0.1671820431947708
4,477,[1.1 0.3 0.  0.9 0.  0.  0.7 1.3],0.16718459874391556
4,478,[1.1 0.3 0.  0.9 0.  0.  0.7 1.3],0.16719579696655273
4,479,[1.1 0.3 0.  0.9 0.  0.  0.7 1.3],0.16720054298639297
4,480,[1.1 0.3 0.  0.9 0.  0.  0.7 1.3],0.16720066964626312
4,481,[1.1 0.3 0.  0.9 0.  0.  0.7 1.3],0.16721443086862564
4,482,[1.1 0.3 0.  0.9 0.  0.  0.7 1.3],0.16721975058317184
4,483,[1.1 0.3 0.  0.9 0.  0.  0.7 1.3],0.16722238063812256
4,484,[1.1 0.3 0.  0.9 0.  0.  0.7 1.3],0.16723445802927017
4,485,[1.1 0.3 0.  0.9 0.  0.  0.7 1.3],0.16724134981632233
4,486,[1.1 0.3 0.  0.9 0.  0.  0.7 1.3],0.1672501564025879
4,487,[1.1 0.3 0.  0.9 0.  0.  0.7 1.3],0.16725970804691315
4,488,[1.1 0.3 0.  0.9 0.  0.  0.7 1.3],0.1673358753323555
4,489,[1.1 0.3 0.  0.9 0.  0.  0.7 1.3],0.1674252226948738
4,490,[1.1 0.1 0.  1.  0.  0.  0.4 1.1],0.16847986727952957
4,491,[1.1 0.1 0.  1.  0.  0.  0.4 1.1],0.1685556396842003
4,492,[1.1 0.1 0.  1.  0.  0.  0.4 1.1],0.16857898235321045
4,493,[1.1 0.1 0.  1.  0.  0.  0.4 1.1],0.16866197437047958
4,494,[1.1 0.1 0.  1.  0.  0.  0.4 1.1],0.1686643287539482
4,495,[1.1 0.1 0.  1.  0.  0.  0.4 1.1],0.16873732954263687
4,496,[1.1 0.1 0.  1.  0.  0.  0.4 1.1],0.16878079622983932
4,497,[1.1 0.1 0.  1.  0.  0.  0.4 1.1],0.1688043773174286
4,498,[1.1 0.1 0.  1.  0.  0.  0.4 1.1],0.16883262991905212
4,499,[1.1 0.1 0.  1.  0.  0.  0.4 1.1],0.1688511148095131
4,500,[1.1 0.1 0.  1.  0.  0.  0.4 1.1],0.16889844089746475
4,501,[1.1 0.1 0.  1.  0.  0.  0.4 1.1],0.16892417520284653
4,502,[1.1 0.1 0.  1.  0.  0.  0.4 1.1],0.16894450038671494
4,503,[1.1 0.1 0.  1.  0.  0.  0.4 1.3],0.16923654079437256
4,504,[1.1 0.1 0.  1.  0.  0.  0.4 1.3],0.16930127888917923
4,505,[1.1 0.1 0.  1.  0.  0.  0.4 1.3],0.16934267431497574
4,506,[1.1 0.1 0.  1.  0.  0.  0.4 1.3],0.16936451941728592
4,507,[1.1 0.1 0.  1.  0.  0.  0.4 1.3],0.16936548054218292
4,508,[1.1 0.1 0.  1.  0.  0.  0.4 1.3],0.16940122097730637
4,509,[1.1 0.1 0.  1.  0.  0.  0.4 1.3],0.16942039132118225
4,510,[1.1 0.1 0.  1.  0.  0.  0.4 1.3],0.16953276842832565
4,511,[1.1 0.1 0.  1.  0.  0.  0.4 1.3],0.16958054155111313
4,512,[1.3 0.2 0.1 1.2 0.  0.  0.7 0.2],0.17260153591632843
4,513,[1.3 0.2 0.1 1.2 0.  0.  0.7 0.2],0.17264515161514282
4,514,[1.3 0.2 0.1 1.2 0.  0.  0.7 0.2],0.17268215864896774
4,515,[1.3 0.2 0.1 1.2 0.  0.  0.7 0.2],0.17268813401460648
4,516,[1.3 0.2 0.1 1.2 0.  0.  0.7 0.2],0.17268997430801392
4,517,[1.3 0.2 0.1 1.2 0.  0.  0.7 0.2],0.17274153977632523
4,518,[1.3 0.2 0.1 1.2 0.  0.  0.7 0.2],0.17281216382980347
4,519,[1.3 0.2 0.1 1.2 0.  0.  0.7 0.2],0.17288827896118164
4,520,[1.3 0.1 0.5 1.  0.  0.  0.7 0.2],0.1746024340391159
4,521,[1.3 0.1 0.5 1.  0.  0.  0.7 0.2],0.17460384219884872
4,522,[1.3 0.1 0.5 1.  0.  0.  0.7 0.2],0.17468112707138062
4,523,[1.3 0.1 0.5 1.  0.  0.  0.7 0.2],0.17470509558916092
4,524,[1.3 0.1 0.5 1.  0.  0.  0.7 0.2],0.174711212515831
4,525,[1.1 0.1 0.  1.  0.  0.  0.2 1. ],0.1748960018157959
4,526,[1.1 0.1 0.  1.  0.  0.  0.2 1. ],0.1750105395913124
4,527,[1.1 0.1 0.  1.  0.  0.  0.2 1. ],0.1750599816441536
4,528,[0.1 0.1 0.  1.  0.  0.  0.2 0.4],0.17539795488119125
4,529,[0.1 0.1 0.  1.  0.  0.  0.2 0.4],0.17541072517633438
4,530,[0.1 0.1 0.  1.  0.  0.  0.2 0.4],0.17551612108945847
4,531,[0.1 0.1 0.  1.  0.  0.  0.2 0.4],0.17553472518920898
4,532,[0.1 0.1 0.  1.  0.  0.  0.2 0.4],0.17555363476276398
4,533,[0.1 0.1 0.  1.  0.  0.  0.2 0.4],0.17555487155914307
4,534,[0.1 0.1 0.  1.  0.  0.  0.2 0.4],0.17557506263256073
4,535,[0.1 0.1 0.  1.  0.  0.  0.2 0.4],0.17558280378580093
4,536,[0.1 0.1 0.  1.  0.  0.  0.2 0.4],0.17559371143579483
4,537,[0.1 0.1 0.  1.  0.  0.  0.2 0.4],0.1755998581647873
4,538,[0.1 0.1 0.  1.  0.  0.  0.2 0.4],0.17567961663007736
4,539,[0.1 0.1 0.  1.  0.  0.  0.2 0.4],0.17569135129451752
4,540,[0.1 0.1 0.  1.  0.  0.  0.2 0.4],0.17572832852602005
4,541,[0.1 0.1 0.  1.  0.  0.  0.2 0.4],0.1757298856973648
4,542,[0.8 0.7 0.1 1.  0.  0.  0.7 0.2],0.17674528062343597
4,543,[0.8 0.7 0.1 1.  0.  0.  0.7 0.2],0.17682518810033798
4,544,[0.8 0.7 0.1 1.  0.  0.  0.7 0.2],0.17697223275899887
4,545,[0.8 0.7 0.1 1.  0.  0.  0.7 0.2],0.1769777461886406
4,546,[0.8 0.7 0.1 1.  0.  0.  0.7 0.2],0.17709572613239288
4,547,[0.5 0.1 0.5 1.  0.  0.  0.7 0.2],0.17786213010549545
4,548,[0.5 0.1 0.5 1.  0.  0.  0.7 0.2],0.17786244302988052
4,549,[0.5 0.1 0.5 1.  0.  0.  0.7 0.2],0.17787298560142517
4,550,[0.5 0.1 0.5 1.  0.  0.  0.7 0.2],0.1778748482465744
4,551,[0.5 0.1 0.5 1.  0.  0.  0.7 0.2],0.17789968848228455
4,552,[0.5 0.1 0.5 1.  0.  0.  0.7 0.2],0.17791952192783356
4,553,[0.5 0.1 0.5 1.  0.  0.  0.7 0.2],0.17792320996522903
4,554,[0.5 0.1 0.5 1.  0.  0.  0.7 0.2],0.17792557924985886
4,555,[0.5 0.1 0.5 1.  0.  0.  0.7 0.2],0.17792558670043945
4,556,[0.5 0.1 0.5 1.  0.  0.  0.7 0.2],0.17793431133031845
4,557,[0.5 0.1 0.5 1.  0.  0.  0.7 0.2],0.17793627828359604
4,558,[0.5 0.1 0.5 1.  0.  0.  0.7 0.2],0.17794819921255112
4,559,[0.5 0.1 0.5 1.  0.  0.  0.7 0.2],0.17796147614717484
4,560,[0.5 0.1 0.5 1.  0.  0.  0.7 0.2],0.1779666692018509
4,561,[0.5 0.1 0.5 1.  0.  0.  0.7 0.2],0.17797041684389114
4,562,[0.5 0.1 0.5 1.  0.  0.  0.7 0.2],0.17797274142503738
4,563,[0.5 0.1 0.5 1.  0.  0.  0.7 0.2],0.17797376960515976
4,564,[0.5 0.1 0.5 1.  0.  0.  0.7 0.2],0.17799285799264908
4,565,[0.5 0.1 0.5 1.  0.  0.  0.7 0.2],0.17799709737300873
4,566,[0.5 0.1 0.5 1.  0.  0.  0.7 0.2],0.17799869179725647
4,567,[0.5 0.1 0.5 1.  0.  0.  0.7 0.2],0.17800042778253555
4,568,[0.5 0.1 0.5 1.  0.  0.  0.7 0.2],0.17800932377576828
4,569,[0.5 0.1 0.5 1.  0.  0.  0.7 0.2],0.17801228165626526
4,570,[0.5 0.1 0.5 1.  0.  0.  0.7 0.2],0.17802880704402924
4,571,[0.5 0.1 0.5 1.  0.  0.  0.7 0.2],0.1780308559536934
4,572,[0.5 0.1 0.5 1.  0.  0.  0.7 0.2],0.1780407503247261
4,573,[0.5 0.1 0.5 1.  0.  0.  0.7 0.2],0.1780417636036873
4,574,[0.5 0.1 0.5 1.  0.  0.  0.7 0.2],0.17805197834968567
4,575,[0.5 0.1 0.5 1.  0.  0.  0.7 0.2],0.17806416749954224
4,576,[0.5 0.1 0.5 1.  0.  0.  0.7 0.2],0.17806719988584518
4,577,[0.5 0.1 0.5 1.  0.  0.  0.7 0.2],0.17806750535964966
4,578,[0.5 0.1 0.5 1.  0.  0.  0.7 0.2],0.17806965857744217
4,579,[0.5 0.1 0.5 1.  0.  0.  0.7 0.2],0.17807422578334808
4,580,[0.5 0.1 0.5 1.  0.  0.  0.7 0.2],0.17811743915081024
4,581,[0.5 0.1 0.5 1.  0.  0.  0.7 0.2],0.1781376302242279
4,582,[1.3 0.9 0.1 1.  0.  0.  0.7 0.9],0.18766015022993088
4,583,[1.3 0.9 0.1 1.  0.  0.  0.7 0.9],0.1879277601838112
4,584,[1.3 0.9 0.1 1.  0.  0.  0.7 0.9],0.18797950446605682
4,585,[1.3 0.9 0.1 1.  0.  0.  0.7 0.9],0.18799471855163574
4,586,[1.3 0.9 0.1 1.  0.  0.  0.7 0.9],0.18805737793445587
4,587,[1.3 0.9 0.1 1.  0.  0.  0.7 0.9],0.18812769651412964
4,588,[0.3 0.7 0.3 0.8 0.  0.  0.3 0.1],0.2071780264377594
4,589,[0.3 0.7 0.3 0.8 0.  0.  0.3 0.1],0.20721649378538132
4,590,[0.3 0.7 0.3 0.8 0.  0.  0.3 0.1],0.20724257081747055
4,591,[0.3 0.7 0.3 0.8 0.  0.  0.3 0.1],0.2072579339146614
4,592,[0.3 0.7 0.3 0.8 0.  0.  0.3 0.1],0.20726752281188965
4,593,[0.3 0.7 0.3 0.8 0.  0.  0.3 0.1],0.2074713557958603
4,594,[0.  0.3 0.5 1.2 0.  0.3 1.1 1.1],0.25622207671403885
4,595,[0.  0.3 0.5 1.2 0.  0.3 1.1 1.1],0.2562616243958473
4,596,[0.  0.3 0.5 1.2 0.  0.3 1.1 1.1],0.2563125714659691
4,597,[0.  0.3 0.5 1.2 0.  0.3 1.1 1.1],0.2563188970088959
4,598,[0.  0.3 0.5 1.2 0.  0.3 1.1 1.1],0.25634580850601196
4,599,[0.  0.3 0.5 1.2 0.  0.3 1.1 1.1],0.25636593997478485
4,600,[0.  0.3 0.5 1.2 0.  0.3 1.1 1.1],0.2564283236861229
4,601,[0.  0.3 0.5 1.2 0.  0.3 1.1 1.1],0.2564368173480034
4,602,[0.  0.3 0.5 1.2 0.  0.3 1.1 1.1],0.25646547973155975
4,603,[0.  0.3 0.5 1.2 0.  0.3 1.1 1.1],0.2564803287386894
4,604,[0.  0.3 0.5 1.2 0.  0.3 1.1 1.1],0.25648246705532074
4,605,[0.  0.3 0.5 1.2 0.  0.3 1.1 1.1],0.2565339505672455
4,606,[0.  0.3 0.5 1.2 0.  0.3 1.1 1.1],0.25664662569761276
4,607,[1.1 0.1 0.1 0.2 0.  0.  0.7 0.9],0.2882288098335266
4,608,[1.1 0.1 0.1 0.2 0.  0.  0.7 0.9],0.28831006586551666
4,609,[1.1 0.1 0.1 0.2 0.  0.  0.7 0.9],0.28845083713531494
4,610,[0.5 0.3 0.4 1.3 0.2 0.1 0.9 0.7],0.2902505695819855
4,611,[0.5 0.3 0.4 1.3 0.2 0.1 0.9 0.7],0.2903081029653549
4,612,[0.5 0.3 0.4 1.3 0.2 0.1 0.9 0.7],0.2903139889240265
4,613,[0.5 0.3 0.4 1.3 0.2 0.1 0.9 0.7],0.2903204411268234
4,614,[0.5 0.3 0.4 1.3 0.2 0.1 0.9 0.7],0.2903278172016144
4,615,[0.5 0.3 0.4 1.3 0.2 0.1 0.9 0.7],0.2903487831354141
4,616,[0.5 0.3 0.4 1.3 0.2 0.1 0.9 0.7],0.29035884141921997
4,617,[0.5 0.3 0.4 1.3 0.2 0.1 0.9 0.7],0.2903652638196945
4,618,[0.5 0.3 0.4 1.3 0.2 0.1 0.9 0.7],0.29042841494083405
4,619,[0.5 0.3 0.4 1.3 0.2 0.1 0.9 0.7],0.29045823216438293
4,620,[0.5 0.3 0.4 1.3 0.2 0.1 0.9 0.7],0.29047341644763947
4,621,[0.5 0.3 0.4 1.3 0.2 0.1 0.9 0.7],0.2904748171567917
4,622,[0.5 0.3 0.4 1.3 0.2 0.1 0.9 0.7],0.2904798984527588
4,623,[0.5 0.3 0.4 1.3 0.2 0.1 0.9 0.7],0.29048432409763336
4,624,[0.5 0.3 0.4 1.3 0.2 0.1 0.9 0.7],0.29048697650432587
4,625,[0.5 0.3 0.4 1.3 0.2 0.1 0.9 0.7],0.2905135303735733
4,626,[0.5 0.3 0.4 1.3 0.2 0.1 0.9 0.7],0.29051482677459717
4,627,[0.5 0.3 0.4 1.3 0.2 0.1 0.9 0.7],0.29051607847213745
4,628,[0.5 0.3 0.4 1.3 0.2 0.1 0.9 0.7],0.290527805685997
4,629,[0.5 0.3 0.4 1.3 0.2 0.1 0.9 0.7],0.2905454635620117
4,630,[0.5 0.3 0.4 1.3 0.2 0.1 0.9 0.7],0.2905489057302475
4,631,[0.5 0.3 0.4 1.3 0.2 0.1 0.9 0.7],0.2905584126710892
4,632,[0.5 0.3 0.4 1.3 0.2 0.1 0.9 0.7],0.2905736267566681
4,633,[0.5 0.3 0.4 1.3 0.2 0.1 0.9 0.7],0.2905951887369156
4,634,[0.5 0.3 0.4 1.3 0.2 0.1 0.9 0.7],0.29061277210712433
4,635,[0.5 0.3 0.4 1.3 0.2 0.1 0.9 0.7],0.290616974234581
4,636,[0.5 0.3 0.4 1.3 0.2 0.1 0.9 0.7],0.2906421720981598
4,637,[0.5 0.3 0.4 1.3 0.2 0.1 0.9 0.7],0.29075081646442413
4,638,[0.5 0.3 0.4 1.3 0.2 0.1 0.9 0.7],0.29078197479248047
4,639,[1.1 0.5 0.  1.  0.3 0.  0.7 1.3],0.30771009624004364
4,640,[1.1 0.5 0.  1.  0.3 0.  0.7 1.3],0.30808408558368683
4,641,[1.1 0.5 0.  1.  0.3 0.  0.7 1.3],0.3081817626953125
4,642,[1.1 0.5 0.  1.  0.3 0.  0.7 1.3],0.30828577280044556
4,643,[1.1 0.5 0.  1.  0.3 0.  0.7 1.3],0.30841146409511566
4,644,[1.1 0.5 0.1 1.  0.  0.5 0.7 0.2],0.3119971305131912
4,645,[1.1 0.5 0.1 1.  0.  0.5 0.7 0.2],0.31230996549129486
4,646,[1.1 0.9 0.8 0.5 0.  0.  1.3 0.2],0.37471631169319153
4,647,[1.1 0.9 0.8 0.5 0.  0.  1.3 0.2],0.374839648604393
4,648,[1.1 0.9 0.8 0.5 0.  0.  1.3 0.2],0.37494096159935
4,649,[1.1 0.9 0.8 0.5 0.  0.  1.3 0.2],0.3749759942293167
4,650,[1.1 0.9 0.8 0.5 0.  0.  1.3 0.2],0.37498779594898224
4,651,[1.1 0.9 0.8 0.5 0.  0.  1.3 0.2],0.3750843107700348
4,652,[1.1 0.9 0.8 0.5 0.  0.  1.3 0.2],0.3751794099807739
4,653,[1.1 0.1 1.1 0.9 0.  0.  0.7 1.3],0.4071120470762253
4,654,[1.  0.1 1.1 1.  0.  0.  0.7 0.2],0.40893329679965973
4,655,[1.  0.1 1.1 1.  0.  0.  0.7 0.2],0.40909138321876526
4,656,[1.1 0.3 0.9 0.2 0.  0.  0.7 1.3],0.4635190814733505
4,657,[1.1 0.3 0.9 0.2 0.  0.  0.7 1.3],0.46374547481536865
4,658,[1.1 0.3 0.9 0.2 0.  0.  0.7 1.3],0.46376386284828186
4,659,[1.1 0.3 0.9 0.2 0.  0.  0.7 1.3],0.46386556327342987
4,660,[1.1 0.3 0.9 0.2 0.  0.  0.7 1.3],0.4639147073030472
4,661,[1.1 0.3 0.9 0.2 0.  0.  0.7 1.3],0.46403326094150543
4,662,[1.1 0.1 0.  1.  0.7 0.  0.7 0.5],0.5381215512752533
4,663,[1.1 0.1 0.  1.  0.7 0.  0.7 0.5],0.5381564795970917
4,664,[1.1 0.1 0.  1.  0.7 0.  0.7 0.5],0.5381852984428406
4,665,[1.1 0.1 0.  1.  0.7 0.  0.7 0.5],0.5381947755813599
4,666,[1.1 0.1 0.  1.  0.7 0.  0.7 0.5],0.5382497608661652
4,667,[1.1 0.1 0.  1.  0.7 0.  0.7 0.5],0.5385052859783173
4,668,[1.1 0.1 0.  1.  0.7 0.  0.7 0.5],0.5385061502456665
4,669,[1.1 0.1 0.  1.  0.7 0.  0.7 0.5],0.5385118126869202
4,670,[1.1 0.1 0.  1.  0.7 0.  0.7 0.5],0.5386426448822021
4,671,[1.1 0.1 0.  1.  0.7 0.  0.7 0.5],0.5389946103096008
4,672,[1.1 0.1 0.  1.  0.7 0.  0.7 0.5],0.5392943471670151
4,673,[1.3 0.9 1.3 1.2 0.  1.  0.5 0.2],0.5489808917045593
4,674,[1.1 1.1 0.  1.  0.  0.9 0.7 0.5],0.5613937079906464
4,675,[0.3 0.7 1.2 0.8 0.  0.  0.3 0.9],0.5642310380935669
4,676,[0.3 0.7 1.2 0.8 0.  0.  0.3 0.9],0.5642355680465698
4,677,[0.3 0.7 1.2 0.8 0.  0.  0.3 0.9],0.5643730163574219
4,678,[0.3 0.7 1.2 0.8 0.  0.  0.3 0.9],0.5644066333770752
4,679,[1.1 0.1 0.1 1.  0.7 0.  0.  0.2],0.5678101480007172
4,680,[1.1 0.1 0.1 1.  0.7 0.  0.  0.2],0.5681315958499908
4,681,[1.1 0.1 0.1 1.  0.7 0.  0.  0.2],0.5681751668453217
4,682,[1.1 0.1 0.1 1.  0.7 0.  0.  0.2],0.5686948001384735
4,683,[1.1 1.1 0.  1.  0.  0.9 0.7 0.5],0.597191721200943
4,684,[1.1 1.1 0.  1.  0.  0.9 0.7 0.5],0.5973055064678192
4,685,[1.1 1.1 0.  1.  0.  0.9 0.7 0.5],0.59731724858284
4,686,[1.1 1.1 0.  1.  0.  0.9 0.7 0.5],0.5973216891288757
4,687,[1.1 1.1 0.  1.  0.  0.9 0.7 0.5],0.5973470509052277
4,688,[1.1 1.1 0.  1.  0.  0.9 0.7 0.5],0.5973896980285645
4,689,[1.1 1.1 0.  1.  0.  0.9 0.7 0.5],0.5973961651325226
4,690,[1.1 1.1 0.  1.  0.  0.9 0.7 0.5],0.5974236130714417
4,691,[1.1 1.1 0.  1.  0.  0.9 0.7 0.5],0.5975519418716431
4,692,[1.1 1.1 0.  1.  0.  0.9 0.7 0.5],0.5975548326969147
4,693,[1.1 1.1 0.  1.  0.  0.9 0.7 0.5],0.5975756347179413
4,694,[1.1 1.1 0.  1.  0.  0.9 0.7 0.5],0.5975780487060547
4,695,[1.1 1.1 0.  1.  0.  0.9 0.7 0.5],0.597591370344162
4,696,[1.1 1.1 0.  1.  0.  0.9 0.7 0.5],0.5976338684558868
4,697,[1.1 1.1 0.  1.  0.  0.9 0.7 0.5],0.5976365804672241
4,698,[1.1 1.1 0.  1.  0.  0.9 0.7 0.5],0.5976594388484955
4,699,[1.1 1.1 0.  1.  0.  0.9 0.7 0.5],0.5976721048355103
4,700,[1.1 1.1 0.  1.  0.  0.9 0.7 0.5],0.5977298021316528
4,701,[1.1 1.1 0.  1.  0.  0.9 0.7 0.5],0.5977398455142975
4,702,[1.1 1.1 0.  1.  0.  0.9 0.7 0.5],0.5977590382099152
4,703,[1.1 1.1 0.  1.  0.  0.9 0.7 0.5],0.5978977382183075
4,704,[1.1 1.1 0.  1.  0.  0.9 0.7 0.5],0.597978800535202
4,705,[1.1 1.1 0.  1.  0.  0.9 0.7 0.5],0.5980927348136902
4,706,[0.3 1.  1.3 1.  0.  0.2 0.7 0. ],0.6390042006969452
4,707,[0.3 1.  1.3 1.  0.  0.2 0.7 0. ],0.6390103697776794
4,708,[0.3 1.  1.3 1.  0.  0.2 0.7 0. ],0.6391583383083344
4,709,[0.3 1.  1.3 1.  0.  0.2 0.7 0. ],0.6392785608768463
4,710,[0.3 1.  1.3 1.  0.  0.2 0.7 0. ],0.6393000185489655
4,711,[0.3 1.  1.3 1.  0.  0.2 0.7 0. ],0.6393274366855621
4,712,[0.3 1.  1.3 1.  0.  0.2 0.7 0. ],0.6393784284591675
4,713,[0.3 1.  1.3 1.  0.  0.2 0.7 0. ],0.6393846273422241
4,714,[0.3 1.  1.3 1.  0.  0.2 0.7 0. ],0.6394546627998352
4,715,[0.3 1.  1.3 1.  0.  0.2 0.7 0. ],0.6394846141338348
4,716,[0.3 1.  1.3 1.  0.  0.2 0.7 0. ],0.6394901871681213
4,717,[0.3 1.  1.3 1.  0.  0.2 0.7 0. ],0.6395376622676849
4,718,[0.3 1.  1.3 1.  0.  0.2 0.7 0. ],0.6396423876285553
4,719,[0.3 1.  1.3 1.  0.  0.2 0.7 0. ],0.6396438777446747
4,720,[0.3 1.  1.3 1.  0.  0.2 0.7 0. ],0.6396694779396057
4,721,[1.3 0.1 0.1 1.  0.9 0.  0.9 0.2],0.6725437939167023
4,722,[1.3 0.1 0.1 1.  0.9 0.  0.9 0.2],0.6725861430168152
4,723,[1.3 0.1 0.1 1.  0.9 0.  0.9 0.2],0.6726687848567963
4,724,[1.3 0.1 0.1 1.  0.9 0.  0.9 0.2],0.673035204410553
4,725,[1.3 0.1 0.1 1.  0.9 0.  0.9 0.2],0.6732228398323059
4,726,[1.3 0.1 0.1 1.  0.9 0.  0.9 0.2],0.6733543276786804
4,727,[1.1 0.1 0.1 0.3 0.  1.1 0.7 0.2],0.8059766888618469
4,728,[1.3 0.9 1.3 1.2 0.  1.  0.5 0.2],0.8270473182201385
4,729,[1.3 0.9 1.3 1.2 0.  1.  0.5 0.2],0.8271247446537018
4,730,[1.3 0.9 1.3 1.2 0.  1.  0.5 0.2],0.8273167908191681
4,731,[1.3 0.9 1.3 1.2 0.  1.  0.5 0.2],0.8273603618144989
4,732,[1.3 0.9 1.3 1.2 0.  1.  0.5 0.2],0.8274165391921997
4,733,[1.3 0.9 1.3 1.2 0.  1.  0.5 0.2],0.8274786174297333
4,734,[1.3 0.9 1.3 1.2 0.  1.  0.5 0.2],0.827518492937088
4,735,[1.3 0.9 1.3 1.2 0.  1.  0.5 0.2],0.8277515769004822
4,736,[1.1 0.1 0.1 1.  1.1 0.  0.7 0.2],0.8650916516780853
4,737,[1.1 0.1 0.1 1.  1.1 0.  0.7 0.2],0.8655571341514587
4,738,[1.1 0.1 0.1 1.  1.1 0.  0.7 0.2],0.8655807971954346
4,739,[1.1 0.1 0.1 1.  1.1 0.  0.7 0.2],0.8658784925937653
4,740,[1.1 0.1 0.1 1.  1.1 0.  0.7 0.2],0.8663537800312042
4,741,[1.1 0.1 0.  1.  0.  1.3 0.3 1.3],0.8910605311393738
4,742,[1.1 0.1 0.  1.  0.  1.3 0.3 1.3],0.8911713659763336
4,743,[1.1 0.1 0.  1.  0.  1.3 0.3 1.3],0.8911738991737366
4,744,[1.1 0.1 0.  1.  0.  1.3 0.3 1.3],0.8912758529186249
4,745,[1.1 0.1 0.  1.  0.  1.3 0.3 1.3],0.8913632929325104
4,746,[1.1 0.1 0.  1.  0.  1.3 0.3 1.3],0.8913635015487671
4,747,[1.1 0.1 0.  1.  0.  1.3 0.3 1.3],0.8913749158382416
4,748,[1.1 0.1 0.  1.  0.  1.3 0.3 1.3],0.8914182484149933
4,749,[1.1 0.1 0.  1.  0.  1.3 0.3 1.3],0.8915143013000488
4,750,[1.1 0.1 0.  1.  0.  1.3 0.3 1.3],0.8915210068225861
4,751,[1.1 0.1 0.  1.  0.  1.3 0.3 1.3],0.8915218412876129
4,752,[1.1 0.1 0.  1.  0.  1.3 0.3 1.3],0.8915774524211884
4,753,[1.1 0.1 0.  1.  0.  1.3 0.3 1.3],0.8915825188159943
4,754,[1.1 0.1 0.  1.  0.  1.3 0.3 1.3],0.8916208446025848
4,755,[1.1 0.1 0.  1.  0.  1.3 0.3 1.3],0.8916336297988892
4,756,[1.1 0.1 0.  1.  0.  1.3 0.3 1.3],0.8916344344615936
4,757,[1.1 0.1 0.  1.  0.  1.3 0.3 1.3],0.8916683793067932
4,758,[1.1 0.1 0.  1.  0.  1.3 0.3 1.3],0.8916963338851929
4,759,[1.1 0.1 0.  1.  0.  1.3 0.3 1.3],0.891700029373169
4,760,[1.1 0.1 0.  1.  0.  1.3 0.3 1.3],0.8917431831359863
4,761,[1.1 0.1 0.  1.  0.  1.3 0.3 1.3],0.8917590081691742
4,762,[1.1 0.1 0.  1.  0.  1.3 0.3 1.3],0.8918080925941467
4,763,[1.1 0.1 0.  1.  0.  1.3 0.3 1.3],0.8918204009532928
4,764,[1.1 0.1 0.  1.  0.  1.3 0.3 1.3],0.8918247818946838
4,765,[1.1 0.1 0.  1.  0.  1.3 0.3 1.3],0.8918470740318298
4,766,[1.1 0.1 0.  1.  0.  1.3 0.3 1.3],0.8918571770191193
4,767,[1.1 0.1 0.  1.  0.  1.3 0.3 1.3],0.8919179141521454
4,768,[1.1 0.1 0.  1.  0.  1.3 0.3 1.3],0.8919896185398102
4,769,[1.1 0.1 0.  1.  0.  1.3 0.3 1.3],0.892063319683075
4,770,[1.1 0.1 0.  1.  0.  1.3 0.3 1.3],0.8923651874065399
4,771,[1.1 0.1 0.  1.  0.  1.3 0.3 1.3],0.8926472067832947
4,772,[1.1 0.1 0.  1.  0.  1.3 0.3 1.3],0.892747312784195
4,773,[0.3 1.  1.3 1.  0.  0.2 0.7 0. ],0.9497468173503876
4,774,[1.2 0.1 0.7 1.1 1.2 0.1 0.7 1.3],1.0361666679382324
4,775,[1.2 0.1 0.7 1.1 1.2 0.1 0.7 1.3],1.0361724495887756
4,776,[1.2 0.1 0.7 1.1 1.2 0.1 0.7 1.3],1.0362504720687866
4,777,[1.2 0.1 0.7 1.1 1.2 0.1 0.7 1.3],1.0364617109298706
4,778,[1.2 0.1 0.7 1.1 1.2 0.1 0.7 1.3],1.0364795327186584
4,779,[1.2 0.1 0.7 1.1 1.2 0.1 0.7 1.3],1.0369595289230347
4,780,[1.1 0.1 0.1 1.2 1.3 0.  0.7 0.2],1.0495322346687317
4,781,[1.1 0.1 0.1 1.2 1.3 0.  0.7 0.2],1.0497020483016968
4,782,[1.1 0.1 0.1 1.2 1.3 0.  0.7 0.2],1.0497612357139587
4,783,[1.1 0.1 0.1 1.2 1.3 0.  0.7 0.2],1.0498079061508179
4,784,[1.1 0.1 0.1 1.2 1.3 0.  0.7 0.2],1.0498126149177551
4,785,[1.1 0.1 0.  1.  1.3 0.  0.7 0.2],1.080611765384674
4,786,[1.1 0.6 0.1 1.  1.3 0.  0.7 0.2],1.1074647009372711
4,787,[1.1 0.6 0.1 1.  1.3 0.  0.7 0.2],1.1089247465133667
4,788,[1.1 0.6 0.1 1.  1.3 0.  0.7 0.2],1.1091703176498413
4,789,[1.1 0.1 0.3 0.9 1.1 0.7 0.7 1.3],1.1280049681663513
4,790,[1.1 0.1 0.3 0.9 1.1 0.7 0.7 1.3],1.1288591623306274
4,791,[1.1 0.1 0.3 0.9 1.1 0.7 0.7 1.3],1.128869891166687
4,792,[1.1 0.1 0.3 0.9 1.1 0.7 0.7 1.3],1.1292970180511475
4,793,[1.3 0.1 0.1 0.5 1.3 0.  0.7 0.2],1.2138035893440247
4,794,[1.3 0.1 0.1 0.5 1.3 0.  0.7 0.2],1.2139419317245483
4,795,[1.3 0.1 0.1 0.5 1.3 0.  0.7 0.2],1.2142475247383118
4,796,[1.3 0.1 0.1 0.5 1.3 0.  0.7 0.2],1.214426338672638
4,797,[1.3 0.1 0.1 0.5 1.3 0.  0.7 0.2],1.2144740223884583
4,798,[1.3 0.1 0.1 0.5 1.3 0.  0.7 0.2],1.2146009802818298
4,799,[1.3 0.1 0.1 0.5 1.3 0.  0.7 0.2],1.2153478860855103
5,0,[1.1 1.1 0.  1.  0.  0.1 0.5 0.5],0.028421730734407902
5,1,[1.1 1.1 0.  1.  0.  0.1 0.5 0.5],0.028421730734407902
5,2,[1.1 0.9 0.8 0.5 0.3 0.  1.2 0.2],0.04488282464444637
5,3,[1.1 0.9 0.8 0.5 0.3 0.  1.2 0.2],0.04488282464444637
5,4,[1.1 0.  0.1 1.  0.  0.  0.9 0.2],0.04619178734719753
5,5,[1.1 0.  0.1 1.  0.  0.  0.9 0.2],0.04619178734719753
5,6,[1.1 0.  0.1 1.  0.  0.  0.9 0.2],0.04619178734719753
5,7,[1.3 0.9 1.3 1.2 0.  1.  0.5 0.2],0.049709634855389595
5,8,[1.3 0.9 1.3 1.2 0.  1.  0.5 0.2],0.049709634855389595
5,9,[0.5 0.1 0.  1.  0.  0.  0.3 1.3],0.050695186480879784
5,10,[0.5 0.1 0.  1.  0.  0.  0.3 1.3],0.050695186480879784
5,11,[1.1 0.1 0.9 1.  1.3 0.  0.7 0.2],0.05382333882153034
5,12,[1.1 0.1 0.1 1.  0.  0.  0.7 0.2],0.053895022720098495
5,13,[0.2 0.1 0.6 1.  1.  0.5 0.7 1.3],0.05578751862049103
5,14,[1.1 0.  0.  1.  0.  0.  0.7 0.3],0.05878345109522343
5,15,[1.1 0.  0.  1.  0.  0.  0.7 0.3],0.05878345109522343
5,16,[1.1 0.1 0.  1.  0.  0.  0.7 1.3],0.06308223307132721
5,17,[1.1 0.1 0.  1.  0.  0.  0.7 1.3],0.06308223307132721
5,18,[0.9 0.1 0.2 1.  0.  0.  0.4 1.3],0.06482049822807312
5,19,[1.1 0.1 0.1 1.  0.  0.  0.7 0.2],0.06674765422940254
5,20,[1.1 0.1 0.1 1.  0.  0.  0.7 0.2],0.06674765422940254
5,21,[1.1 0.1 0.2 1.  0.  0.  0.4 0.2],0.06677597388625145
5,22,[1.1 0.1 0.1 0.3 0.  1.1 0.7 0.2],0.06689471378922462
5,23,[0.9 0.1 0.  1.  0.  0.  0.7 1.2],0.07909422367811203
5,24,[1.1 0.1 0.1 1.  0.  0.  1.2 0.2],0.08733480796217918
5,25,[1.1 0.  0.1 1.  0.  0.  0.9 0.2],0.08905872330069542
5,26,[1.1 0.  0.1 1.  0.  0.  0.9 0.2],0.08906789124011993
5,27,[1.1 0.1 0.1 1.  0.  0.  0.9 0.6],0.09221775457262993
5,28,[1.1 0.1 0.1 1.  0.  0.  0.9 0.6],0.09225774183869362
5,29,[1.1 0.1 0.2 1.  0.  0.  0.7 1.3],0.0924641564488411
5,30,[1.3 0.1 0.1 1.  0.  0.  0.7 0.2],0.09525048732757568
5,31,[1.1 0.1 0.1 1.  0.  0.  0.7 0.2],0.09559990838170052
5,32,[1.1 0.1 0.1 1.  0.  0.  0.7 0.2],0.09562832117080688
5,33,[1.1 0.1 0.1 1.  0.  0.  0.7 0.2],0.09566909074783325
5,34,[1.1 0.1 0.1 1.  0.  0.  0.7 0.2],0.09567344188690186
5,35,[1.1 0.1 0.1 1.  0.  0.  0.7 0.2],0.09574957937002182
5,36,[1.1 0.1 0.1 1.  0.  0.  0.7 0.2],0.09577925130724907
5,37,[1.1 0.1 0.1 1.  0.  0.  0.7 0.2],0.09581740945577621
5,38,[0.3 0.7 1.2 0.8 0.  0.  0.3 0.9],0.1120898574590683
5,39,[0.3 0.7 0.3 0.8 0.  0.  0.3 0.1],0.11815787851810455
5,40,[1.3 0.1 0.1 0.8 0.  0.  1.3 0.2],0.14206257462501526
5,41,[1.3 0.1 0.1 0.8 0.  0.  1.3 0.2],0.1421263962984085
5,42,[1.3 0.1 0.1 0.8 0.  0.  1.3 0.2],0.14223714172840118
5,43,[1.3 0.1 0.1 0.8 0.  0.  1.3 0.2],0.14232566207647324
5,44,[1.3 0.1 0.1 0.8 0.  0.  1.3 0.2],0.14237423241138458
5,45,[1.1 0.  0.1 1.  0.  0.  0.9 0.2],0.14339099824428558
5,46,[1.1 0.  0.1 1.  0.  0.  0.9 0.2],0.14353401958942413
5,47,[1.1 0.  0.1 1.  0.  0.  0.9 0.2],0.14353769272565842
5,48,[1.1 0.  0.1 1.  0.  0.  0.9 0.2],0.14357058703899384
5,49,[1.1 0.  0.1 1.  0.  0.  0.9 0.2],0.1435927078127861
5,50,[1.1 0.  0.1 1.  0.  0.  0.9 0.2],0.14359918236732483
5,51,[1.1 0.  0.1 1.  0.  0.  0.9 0.2],0.14361383765935898
5,52,[1.1 0.  0.1 1.  0.  0.  0.9 0.2],0.14361580461263657
5,53,[1.1 0.  0.1 1.  0.  0.  0.9 0.2],0.14363516867160797
5,54,[1.1 0.  0.1 1.  0.  0.  0.9 0.2],0.14363709092140198
5,55,[1.1 0.  0.1 1.  0.  0.  0.9 0.2],0.14364925771951675
5,56,[1.1 0.  0.1 1.  0.  0.  0.9 0.2],0.1436643749475479
5,57,[1.1 0.  0.1 1.  0.  0.  0.9 0.2],0.14368245005607605
5,58,[1.1 0.  0.1 1.  0.  0.  0.9 0.2],0.1437016949057579
5,59,[1.1 0.  0.1 1.  0.  0.  0.9 0.2],0.1437065601348877
5,60,[1.1 0.  0.1 1.  0.  0.  0.9 0.2],0.1437072977423668
5,61,[1.1 0.  0.1 1.  0.  0.  0.9 0.2],0.14370791614055634
5,62,[1.1 0.  0.1 1.  0.  0.  0.9 0.2],0.14370854943990707
5,63,[1.1 0.  0.1 1.  0.  0.  0.9 0.2],0.14371231198310852
5,64,[1.1 0.  0.1 1.  0.  0.  0.9 0.2],0.14372168481349945
5,65,[1.1 0.  0.1 1.  0.  0.  0.9 0.2],0.1437222957611084
5,66,[1.1 0.  0.1 1.  0.  0.  0.9 0.2],0.14372771233320236
5,67,[1.1 0.  0.1 1.  0.  0.  0.9 0.2],0.1437380611896515
5,68,[1.1 0.  0.1 1.  0.  0.  0.9 0.2],0.14373945444822311
5,69,[1.1 0.  0.1 1.  0.  0.  0.9 0.2],0.14374013990163803
5,70,[1.1 0.  0.1 1.  0.  0.  0.9 0.2],0.14374548941850662
5,71,[1.1 0.  0.1 1.  0.  0.  0.9 0.2],0.14374566823244095
5,72,[1.1 0.  0.1 1.  0.  0.  0.9 0.2],0.1437574252486229
5,73,[1.1 0.  0.1 1.  0.  0.  0.9 0.2],0.14375803619623184
5,74,[1.1 0.  0.1 1.  0.  0.  0.9 0.2],0.14375804364681244
5,75,[1.1 0.  0.1 1.  0.  0.  0.9 0.2],0.1437603384256363
5,76,[1.1 0.  0.1 1.  0.  0.  0.9 0.2],0.14376289397478104
5,77,[1.1 0.  0.1 1.  0.  0.  0.9 0.2],0.14376498758792877
5,78,[1.1 0.  0.1 1.  0.  0.  0.9 0.2],0.14377223700284958
5,79,[1.1 0.  0.1 1.  0.  0.  0.9 0.2],0.14377637207508087
5,80,[1.1 0.  0.1 1.  0.  0.  0.9 0.2],0.1437816396355629
5,81,[1.1 0.  0.1 1.  0.  0.  0.9 0.2],0.1437833160161972
5,82,[1.1 0.  0.1 1.  0.  0.  0.9 0.2],0.14378450065851212
5,83,[1.1 0.  0.1 1.  0.  0.  0.9 0.2],0.14379259943962097
5,84,[1.1 0.  0.1 1.  0.  0.  0.9 0.2],0.14379488676786423
5,85,[1.1 0.  0.1 1.  0.  0.  0.9 0.2],0.14379733055830002
5,86,[1.1 0.  0.1 1.  0.  0.  0.9 0.2],0.1437997967004776
5,87,[1.1 0.  0.1 1.  0.  0.  0.9 0.2],0.14380136132240295
5,88,[1.1 0.  0.1 1.  0.  0.  0.9 0.2],0.14380452781915665
5,89,[1.1 0.  0.1 1.  0.  0.  0.9 0.2],0.14380472898483276
5,90,[1.1 0.  0.1 1.  0.  0.  0.9 0.2],0.14380668103694916
5,91,[1.1 0.  0.1 1.  0.  0.  0.9 0.2],0.1438084989786148
5,92,[1.1 0.  0.1 1.  0.  0.  0.9 0.2],0.14380872249603271
5,93,[1.1 0.  0.1 1.  0.  0.  0.9 0.2],0.1438232660293579
5,94,[1.1 0.  0.1 1.  0.  0.  0.9 0.2],0.14383284002542496
5,95,[1.1 0.  0.1 1.  0.  0.  0.9 0.2],0.14383363723754883
5,96,[1.1 0.  0.1 1.  0.  0.  0.9 0.2],0.1438613012433052
5,97,[1.1 0.  0.1 1.  0.  0.  0.9 0.2],0.14386460185050964
5,98,[1.1 0.  0.1 1.  0.  0.  0.9 0.2],0.1438683494925499
5,99,[1.1 0.  0.1 1.  0.  0.  0.9 0.2],0.14386967569589615
5,100,[1.1 0.  0.1 1.  0.  0.  0.9 0.2],0.1438736990094185
5,101,[1.1 0.  0.1 1.  0.  0.  0.9 0.2],0.14388800412416458
5,102,[1.1 0.  0.1 1.  0.  0.  0.9 0.2],0.14389975368976593
5,103,[1.1 0.  0.1 1.  0.  0.  0.9 0.2],0.1438998207449913
5,104,[1.1 0.  0.1 1.  0.  0.  0.9 0.2],0.1439032033085823
5,105,[1.1 0.  0.1 1.  0.  0.  0.9 0.2],0.14393487572669983
5,106,[1.1 0.  0.1 1.  0.  0.  0.9 0.2],0.1439436823129654
5,107,[1.1 0.  0.1 1.  0.  0.  0.9 0.2],0.1439540535211563
5,108,[1.1 0.  0.1 1.  0.  0.  0.9 0.2],0.1439746394753456
5,109,[1.1 0.  0.1 1.  0.  0.  0.9 0.2],0.14397809654474258
5,110,[1.1 0.1 0.1 1.  0.  0.  1.2 0.2],0.144330233335495
5,111,[1.1 0.1 0.1 1.  0.  0.  1.2 0.2],0.14438781142234802
5,112,[1.1 0.1 0.1 1.  0.  0.  1.2 0.2],0.14438814669847488
5,113,[1.1 0.1 0.1 1.  0.  0.  1.2 0.2],0.14439182728528976
5,114,[1.1 0.1 0.1 1.  0.  0.  1.2 0.2],0.14439669251441956
5,115,[1.1 0.1 0.1 1.  0.  0.  1.2 0.2],0.14440827816724777
5,116,[1.1 0.1 0.1 1.  0.  0.  1.2 0.2],0.14443539828062057
5,117,[1.1 0.1 0.1 1.  0.  0.  1.2 0.2],0.14444667100906372
5,118,[1.1 0.1 0.1 1.  0.  0.  1.2 0.2],0.14448008686304092
5,119,[1.1 0.1 0.1 1.  0.  0.  1.2 0.2],0.14448213577270508
5,120,[1.1 0.1 0.1 1.  0.  0.  1.2 0.2],0.14448657631874084
5,121,[1.1 0.1 0.1 1.  0.  0.  1.2 0.2],0.1444874033331871
5,122,[1.1 0.1 0.1 1.  0.  0.  1.2 0.2],0.1444922760128975
5,123,[1.1 0.1 0.1 1.  0.  0.  1.2 0.2],0.1444995254278183
5,124,[1.1 0.1 0.1 1.  0.  0.  1.2 0.2],0.144506074488163
5,125,[1.1 0.1 0.1 1.  0.  0.  1.2 0.2],0.14450688660144806
5,126,[1.1 0.1 0.1 1.  0.  0.  1.2 0.2],0.14453904330730438
5,127,[1.1 0.1 0.1 1.  0.  0.  1.2 0.2],0.1445426493883133
5,128,[1.1 0.1 0.1 1.  0.  0.  1.2 0.2],0.14454684406518936
5,129,[1.1 0.1 0.1 1.  0.  0.  1.2 0.2],0.14455527067184448
5,130,[1.1 0.1 0.1 1.  0.  0.  1.2 0.2],0.14455588161945343
5,131,[1.1 0.1 0.1 1.  0.  0.  1.3 0.5],0.14455848187208176
5,132,[1.1 0.1 0.1 1.  0.  0.  1.3 0.5],0.14456062763929367
5,133,[1.1 0.1 0.1 1.  0.  0.  1.2 0.2],0.14460621029138565
5,134,[1.1 0.1 0.1 1.  0.  0.  1.2 0.2],0.1446126252412796
5,135,[1.1 0.1 0.1 1.  0.  0.  1.2 0.2],0.1446128711104393
5,136,[1.1 0.1 0.1 1.  0.  0.  1.2 0.2],0.14461591839790344
5,137,[1.1 0.1 0.1 1.  0.  0.  1.3 0.5],0.14462484419345856
5,138,[1.1 0.1 0.1 1.  0.  0.  1.3 0.5],0.14463544636964798
5,139,[1.1 0.1 0.1 1.  0.  0.  1.2 0.2],0.14466876536607742
5,140,[1.1 0.1 0.1 1.  0.  0.  1.3 0.5],0.14467661082744598
5,141,[1.1 0.1 0.1 1.  0.  0.  1.3 0.5],0.14468464255332947
5,142,[1.1 0.1 0.1 1.  0.  0.  1.3 0.5],0.14468715339899063
5,143,[1.1 0.1 0.1 1.  0.  0.  1.3 0.5],0.14469452947378159
5,144,[1.1 0.1 0.1 1.  0.  0.  1.3 0.5],0.1447114273905754
5,145,[1.1 0.1 0.1 1.  0.  0.  1.3 0.5],0.14475712925195694
5,146,[1.1 0.1 0.1 1.  0.  0.  0.9 0.6],0.14717649668455124
5,147,[1.1 0.1 0.1 1.  0.  0.  0.9 0.6],0.14717909693717957
5,148,[1.1 0.1 0.1 1.  0.  0.  0.9 0.6],0.14719294756650925
5,149,[1.1 0.1 0.1 1.  0.  0.  0.9 0.6],0.14719673246145248
5,150,[1.1 0.1 0.1 1.  0.  0.  0.9 0.6],0.147211454808712
5,151,[1.1 0.1 0.1 1.  0.  0.  0.9 0.6],0.1472449153661728
5,152,[1.1 0.1 0.1 1.  0.  0.  0.9 0.6],0.14724690467119217
5,153,[1.1 0.1 0.1 1.  0.  0.  0.9 0.6],0.1472613662481308
5,154,[1.1 0.1 0.1 1.  0.  0.  0.9 0.6],0.14727099984884262
5,155,[1.1 0.1 0.1 1.  0.  0.  0.9 0.6],0.14727535098791122
5,156,[1.1 0.1 0.1 1.  0.  0.  0.9 0.6],0.14728274941444397
5,157,[1.1 0.1 0.1 1.  0.  0.  0.9 0.6],0.1473081409931183
5,158,[1.1 0.1 0.1 1.  0.  0.  0.9 0.6],0.1473330482840538
5,159,[1.1 0.1 0.1 1.  0.  0.  0.9 0.6],0.14733638614416122
5,160,[1.1 0.1 0.1 1.  0.  0.  0.9 0.6],0.1473848670721054
5,161,[1.1 0.1 0.1 1.  0.  0.  0.9 0.6],0.1474085971713066
5,162,[1.1 0.1 0.1 1.  0.  0.  0.9 0.6],0.14750979095697403
5,163,[1.1 0.1 0.2 1.  0.  0.  0.7 1.3],0.1487492322921753
5,164,[1.1 0.1 0.2 1.  0.  0.  0.7 1.3],0.14876717329025269
5,165,[1.1 0.1 0.2 1.  0.  0.  0.7 1.3],0.14880318939685822
5,166,[1.1 0.1 0.2 1.  0.  0.  0.7 1.3],0.14882484078407288
5,167,[1.1 0.1 0.2 1.  0.  0.  0.7 1.3],0.14887160062789917
5,168,[1.1 0.1 0.2 1.  0.  0.  0.7 1.3],0.1488722413778305
5,169,[1.1 0.1 0.2 1.  0.  0.  0.7 1.3],0.14887244254350662
5,170,[1.1 0.1 0.2 1.  0.  0.  0.7 1.3],0.1488855928182602
5,171,[1.1 0.1 0.2 1.  0.  0.  0.7 1.3],0.14891144633293152
5,172,[1.1 0.1 0.2 1.  0.  0.  0.7 1.3],0.14891532808542252
5,173,[1.3 0.1 0.1 1.  0.  0.  0.7 0.2],0.14892563968896866
5,174,[1.1 0.1 0.2 1.  0.  0.  0.7 1.3],0.14894534647464752
5,175,[1.1 0.1 0.2 1.  0.  0.  0.7 1.3],0.14894898980855942
5,176,[1.1 0.1 0.2 1.  0.  0.  0.7 1.3],0.1489526927471161
5,177,[1.1 0.1 0.2 1.  0.  0.  0.7 1.3],0.14896059781312943
5,178,[1.1 0.1 0.2 1.  0.  0.  0.7 1.3],0.14896409213542938
5,179,[1.1 0.1 0.2 1.  0.  0.  0.7 1.3],0.14897098392248154
5,180,[1.3 0.1 0.1 1.  0.  0.  0.7 0.2],0.14897508919239044
5,181,[1.1 0.1 0.2 1.  0.  0.  0.7 1.3],0.14899508655071259
5,182,[1.3 0.1 0.1 1.  0.  0.  0.7 0.2],0.1490323841571808
5,183,[1.3 0.1 0.1 1.  0.  0.  0.7 0.2],0.14904199540615082
5,184,[1.3 0.1 0.1 1.  0.  0.  0.7 0.2],0.14904200285673141
5,185,[1.3 0.1 0.1 1.  0.  0.  0.7 0.2],0.14904604852199554
5,186,[1.3 0.1 0.1 1.  0.  0.  0.7 0.2],0.14905110746622086
5,187,[1.3 0.1 0.1 1.  0.  0.  0.7 0.2],0.14905280619859695
5,188,[1.3 0.1 0.1 1.  0.  0.  0.7 0.2],0.14905491471290588
5,189,[1.3 0.1 0.1 1.  0.  0.  0.7 0.2],0.1490550860762596
5,190,[1.1 0.1 0.2 1.  0.  0.  0.7 1.3],0.14906468242406845
5,191,[1.3 0.1 0.1 1.  0.  0.  0.7 0.2],0.14906953275203705
5,192,[1.3 0.1 0.1 1.  0.  0.  0.7 0.2],0.14907149970531464
5,193,[1.3 0.1 0.1 1.  0.  0.  0.7 0.2],0.1490742564201355
5,194,[1.3 0.1 0.1 1.  0.  0.  0.7 0.2],0.14907964318990707
5,195,[1.3 0.1 0.1 1.  0.  0.  0.7 0.2],0.14907973259687424
5,196,[1.3 0.1 0.1 1.  0.  0.  0.7 0.2],0.14908044785261154
5,197,[1.3 0.1 0.1 1.  0.  0.  0.7 0.2],0.14908450841903687
5,198,[1.3 0.1 0.1 1.  0.  0.  0.7 0.2],0.1490909829735756
5,199,[1.3 0.1 0.1 1.  0.  0.  0.7 0.2],0.14909576624631882
5,200,[1.3 0.1 0.1 1.  0.  0.  0.7 0.2],0.14909673482179642
5,201,[1.3 0.1 0.1 1.  0.  0.  0.7 0.2],0.14910170435905457
5,202,[1.3 0.1 0.1 1.  0.  0.  0.7 0.2],0.1491025760769844
5,203,[1.3 0.1 0.1 1.  0.  0.  0.7 0.2],0.14910553395748138
5,204,[1.3 0.1 0.1 1.  0.  0.  0.7 0.2],0.14910874515771866
5,205,[1.3 0.1 0.1 1.  0.  0.  0.7 0.2],0.14910919219255447
5,206,[1.3 0.1 0.1 1.  0.  0.  0.7 0.2],0.14911437779664993
5,207,[1.3 0.1 0.1 1.  0.  0.  0.7 0.2],0.14912151545286179
5,208,[1.3 0.1 0.1 1.  0.  0.  0.7 0.2],0.14912880212068558
5,209,[1.3 0.1 0.1 1.  0.  0.  0.7 0.2],0.1491314023733139
5,210,[1.3 0.1 0.1 1.  0.  0.  0.7 0.2],0.14913678169250488
5,211,[1.3 0.1 0.1 1.  0.  0.  0.7 0.2],0.14913801103830338
5,212,[1.3 0.1 0.1 1.  0.  0.  0.7 0.2],0.14914140105247498
5,213,[1.3 0.1 0.1 1.  0.  0.  0.7 0.2],0.14914263784885406
5,214,[1.3 0.1 0.1 1.  0.  0.  0.7 0.2],0.14914438128471375
5,215,[1.3 0.1 0.1 1.  0.  0.  0.7 0.2],0.14914684742689133
5,216,[1.3 0.1 0.1 1.  0.  0.  0.7 0.2],0.1491541713476181
5,217,[1.3 0.1 0.1 1.  0.  0.  0.7 0.2],0.1491549164056778
5,218,[1.3 0.1 0.1 1.  0.  0.  0.7 0.2],0.14915817230939865
5,219,[1.3 0.1 0.1 1.  0.  0.  0.7 0.2],0.1491617038846016
5,220,[1.3 0.1 0.1 1.  0.  0.  0.7 0.2],0.14916309714317322
5,221,[1.3 0.1 0.1 1.  0.  0.  0.7 0.2],0.149165078997612
5,222,[1.3 0.1 0.1 1.  0.  0.  0.7 0.2],0.14916690438985825
5,223,[1.3 0.1 0.1 1.  0.  0.  0.7 0.2],0.14916758239269257
5,224,[1.3 0.1 0.1 1.  0.  0.  0.7 0.2],0.1491747573018074
5,225,[1.3 0.1 0.1 1.  0.  0.  0.7 0.2],0.1491762027144432
5,226,[1.3 0.1 0.1 1.  0.  0.  0.7 0.2],0.14918868988752365
5,227,[1.3 0.1 0.1 1.  0.  0.  0.7 0.2],0.14918870478868484
5,228,[1.3 0.1 0.1 1.  0.  0.  0.7 0.2],0.14918940514326096
5,229,[1.3 0.1 0.1 1.  0.  0.  0.7 0.2],0.1491939276456833
5,230,[1.3 0.1 0.1 1.  0.  0.  0.7 0.2],0.14919718354940414
5,231,[1.3 0.1 0.1 1.  0.  0.  0.7 0.2],0.14919956028461456
5,232,[1.3 0.1 0.1 1.  0.  0.  0.7 0.2],0.149202398955822
5,233,[1.3 0.1 0.1 1.  0.  0.  0.7 0.2],0.14920347183942795
5,234,[1.3 0.1 0.1 1.  0.  0.  0.7 0.2],0.14921028912067413
5,235,[1.3 0.1 0.1 1.  0.  0.  0.7 0.2],0.14921119809150696
5,236,[1.3 0.1 0.1 1.  0.  0.  0.7 0.2],0.1492125168442726
5,237,[1.3 0.1 0.1 1.  0.  0.  0.7 0.2],0.14921334385871887
5,238,[1.3 0.1 0.1 1.  0.  0.  0.7 0.2],0.14921534061431885
5,239,[1.3 0.1 0.1 1.  0.  0.  0.7 0.2],0.14921840280294418
5,240,[1.3 0.1 0.1 1.  0.  0.  0.7 0.2],0.14921986311674118
5,241,[1.3 0.1 0.1 1.  0.  0.  0.7 0.2],0.1492292806506157
5,242,[1.3 0.1 0.1 1.  0.  0.  0.7 0.2],0.14923015981912613
5,243,[1.3 0.1 0.1 1.  0.  0.  0.7 0.2],0.14923565834760666
5,244,[1.3 0.1 0.1 1.  0.  0.  0.7 0.2],0.14925318211317062
5,245,[1.3 0.1 0.1 1.  0.  0.  0.7 0.2],0.14925576746463776
5,246,[1.3 0.1 0.1 1.  0.  0.  0.7 0.2],0.14926674962043762
5,247,[1.3 0.1 0.1 1.  0.  0.  0.7 0.2],0.14926933497190475
5,248,[1.3 0.1 0.1 1.  0.  0.  0.7 0.2],0.14927100390195847
5,249,[1.3 0.1 0.1 1.  0.  0.  0.7 0.2],0.14927136152982712
5,250,[1.3 0.1 0.1 1.  0.  0.  0.7 0.2],0.149273119866848
5,251,[1.3 0.1 0.1 1.  0.  0.  0.7 0.2],0.1492791548371315
5,252,[1.3 0.1 0.1 1.  0.  0.  0.7 0.2],0.14927951246500015
5,253,[1.3 0.1 0.1 1.  0.  0.  0.7 0.2],0.1492912545800209
5,254,[1.3 0.1 0.1 1.  0.  0.  0.7 0.2],0.14930960536003113
5,255,[1.3 0.1 0.1 1.  0.  0.  0.7 0.2],0.1493145450949669
5,256,[1.3 0.1 0.1 1.  0.  0.  0.7 0.2],0.1493239924311638
5,257,[1.3 0.1 0.1 1.  0.  0.  0.7 0.2],0.14932505786418915
5,258,[1.3 0.1 0.1 1.  0.  0.  0.7 0.2],0.14939549565315247
5,259,[1.1 0.1 0.1 1.  0.  0.  0.7 0.2],0.14949507266283035
5,260,[1.1 0.1 0.1 1.  0.  0.  0.7 0.2],0.14949997514486313
5,261,[1.1 0.1 0.1 1.  0.  0.  0.7 0.2],0.14950647205114365
5,262,[1.1 0.1 0.1 1.  0.  0.  0.7 0.2],0.14951635897159576
5,263,[1.1 0.1 0.1 1.  0.  0.  0.7 0.2],0.14952265471220016
5,264,[1.1 0.1 0.1 1.  0.  0.  0.7 0.2],0.14952309429645538
5,265,[1.1 0.1 0.1 1.  0.  0.  0.7 0.2],0.14952537417411804
5,266,[1.1 0.1 0.1 1.  0.  0.  0.7 0.2],0.14952967315912247
5,267,[1.1 0.1 0.1 1.  0.  0.  0.7 0.2],0.14953072369098663
5,268,[1.1 0.1 0.1 1.  0.  0.  0.7 0.2],0.14954958111047745
5,269,[1.1 0.1 0.1 1.  0.  0.  0.7 0.2],0.14955498278141022
5,270,[1.1 0.1 0.1 1.  0.  0.  0.7 0.2],0.1495649516582489
5,271,[1.1 0.1 0.1 1.  0.  0.  0.7 0.2],0.14956936985254288
5,272,[1.1 0.1 0.1 1.  0.  0.  0.7 0.2],0.14957279711961746
5,273,[1.1 0.1 0.1 1.  0.  0.  0.7 0.2],0.14957581460475922
5,274,[1.1 0.1 0.1 1.  0.  0.  0.7 0.2],0.14957613497972488
5,275,[1.1 0.1 0.1 1.  0.  0.  0.7 0.2],0.1495770364999771
5,276,[1.1 0.1 0.1 1.  0.  0.  0.7 0.2],0.14957767724990845
5,277,[1.1 0.1 0.1 1.  0.  0.  0.7 0.2],0.1495816558599472
5,278,[1.1 0.1 0.1 1.  0.  0.  0.7 0.2],0.14958393573760986
5,279,[1.1 0.1 0.1 1.  0.  0.  0.7 0.2],0.14958535879850388
5,280,[1.1 0.1 0.1 1.  0.  0.  0.7 0.2],0.14958572387695312
5,281,[1.1 0.1 0.1 1.  0.  0.  0.7 0.2],0.14958655089139938
5,282,[1.1 0.1 0.1 1.  0.  0.  0.7 0.2],0.14959988743066788
5,283,[1.1 0.1 0.1 1.  0.  0.  0.7 0.2],0.14960359036922455
5,284,[1.1 0.1 0.1 1.  0.  0.  0.7 0.2],0.1496095433831215
5,285,[1.1 0.1 0.1 1.  0.  0.  0.7 0.2],0.14961019903421402
5,286,[1.1 0.1 0.1 1.  0.  0.  0.7 0.2],0.14961087703704834
5,287,[1.1 0.1 0.1 1.  0.  0.  0.7 0.2],0.14961759001016617
5,288,[1.1 0.1 0.1 1.  0.  0.  0.7 0.2],0.14961888641119003
5,289,[1.1 0.1 0.1 1.  0.  0.  0.7 0.2],0.1496197208762169
5,290,[1.1 0.1 0.1 1.  0.  0.  0.7 0.2],0.14961979538202286
5,291,[1.1 0.1 0.1 1.  0.  0.  0.7 0.2],0.14962060749530792
5,292,[1.1 0.1 0.1 1.  0.  0.  0.7 0.2],0.14962242543697357
5,293,[1.1 0.1 0.1 1.  0.  0.  0.7 0.2],0.1496228650212288
5,294,[1.1 0.1 0.1 1.  0.  0.  0.7 0.2],0.1496242880821228
5,295,[1.1 0.1 0.1 1.  0.  0.  0.7 0.2],0.14962605386972427
5,296,[1.1 0.1 0.1 1.  0.  0.  0.7 0.2],0.149626724421978
5,297,[1.1 0.1 0.1 1.  0.  0.  0.7 0.2],0.1496274545788765
5,298,[1.1 0.1 0.1 1.  0.  0.  0.7 0.2],0.14962883293628693
5,299,[1.1 0.1 0.1 1.  0.  0.  0.7 0.2],0.1496320739388466
5,300,[1.1 0.1 0.1 1.  0.  0.  0.7 0.2],0.14963386207818985
5,301,[1.1 0.1 0.1 1.  0.  0.  0.7 0.2],0.14963387697935104
5,302,[1.1 0.1 0.1 1.  0.  0.  0.7 0.2],0.1496359407901764
5,303,[1.1 0.1 0.1 1.  0.  0.  0.7 0.2],0.14963644742965698
5,304,[1.1 0.1 0.1 1.  0.  0.  0.7 0.2],0.14963693916797638
5,305,[1.1 0.1 0.1 1.  0.  0.  0.7 0.2],0.14963851869106293
5,306,[1.1 0.1 0.1 1.  0.  0.  0.7 0.2],0.149639293551445
5,307,[1.1 0.1 0.1 1.  0.  0.  0.7 0.2],0.14963948726654053
5,308,[1.1 0.1 0.1 1.  0.  0.  0.7 0.2],0.14964056015014648
5,309,[1.1 0.1 0.1 1.  0.  0.  0.7 0.2],0.14964718371629715
5,310,[1.1 0.1 0.1 1.  0.  0.  0.7 0.2],0.14965055882930756
5,311,[1.1 0.1 0.1 1.  0.  0.  0.7 0.2],0.14965113252401352
5,312,[1.1 0.1 0.1 1.  0.  0.  0.7 0.2],0.14965125173330307
5,313,[1.1 0.1 0.1 1.  0.  0.  0.7 0.2],0.14965248107910156
5,314,[1.1 0.1 0.1 1.  0.  0.  0.7 0.2],0.14965251833200455
5,315,[1.1 0.1 0.1 1.  0.  0.  0.7 0.2],0.1496528536081314
5,316,[1.1 0.1 0.1 1.  0.  0.  0.7 0.2],0.1496535688638687
5,317,[1.1 0.1 0.1 1.  0.  0.  0.7 0.2],0.1496548354625702
5,318,[1.1 0.1 0.1 1.  0.  0.  0.7 0.2],0.14965690672397614
5,319,[1.1 0.1 0.1 1.  0.  0.  0.7 0.2],0.1496598795056343
5,320,[1.1 0.1 0.1 1.  0.  0.  0.7 0.2],0.14966220408678055
5,321,[1.1 0.1 0.1 1.  0.  0.  0.7 0.2],0.1496625915169716
5,322,[1.1 0.1 0.1 1.  0.  0.  0.7 0.2],0.14966274797916412
5,323,[1.1 0.1 0.1 1.  0.  0.  0.7 0.2],0.14966416358947754
5,324,[1.1 0.1 0.1 1.  0.  0.  0.7 0.2],0.14966797828674316
5,325,[1.1 0.1 0.1 1.  0.  0.  0.7 0.2],0.14966977387666702
5,326,[1.1 0.1 0.1 1.  0.  0.  0.7 0.2],0.14967136830091476
5,327,[1.1 0.1 0.1 1.  0.  0.  0.7 0.2],0.1496715173125267
5,328,[1.1 0.1 0.1 1.  0.  0.  0.7 0.2],0.1496765986084938
5,329,[1.1 0.1 0.1 1.  0.  0.  0.7 0.2],0.14967699348926544
5,330,[1.1 0.1 0.1 1.  0.  0.  0.7 0.2],0.14968182891607285
5,331,[1.1 0.1 0.1 1.  0.  0.  0.7 0.2],0.14968623220920563
5,332,[1.1 0.1 0.1 1.  0.  0.  0.7 0.2],0.14968759566545486
5,333,[1.1 0.1 0.1 1.  0.  0.  0.7 0.2],0.14968805760145187
5,334,[1.1 0.1 0.1 1.  0.  0.  0.7 0.2],0.14968814700841904
5,335,[1.1 0.1 0.1 1.  0.  0.  0.7 0.2],0.14968940615653992
5,336,[1.1 0.1 0.1 1.  0.  0.  0.7 0.2],0.14968957751989365
5,337,[1.1 0.1 0.1 1.  0.  0.  0.7 0.2],0.1496920883655548
5,338,[1.1 0.1 0.1 1.  0.  0.  0.7 0.2],0.14969228953123093
5,339,[1.1 0.1 0.1 1.  0.  0.  0.7 0.2],0.14969414472579956
5,340,[1.1 0.1 0.1 1.  0.  0.  0.7 0.2],0.14969437569379807
5,341,[1.1 0.1 0.1 1.  0.  0.  0.7 0.2],0.14970149099826813
5,342,[1.1 0.1 0.1 1.  0.  0.  0.7 0.2],0.14970152080059052
5,343,[1.1 0.1 0.1 1.  0.  0.  0.7 0.2],0.14970169216394424
5,344,[1.1 0.1 0.1 1.  0.  0.  0.7 0.2],0.14970501512289047
5,345,[1.1 0.1 0.1 1.  0.  0.  0.7 0.2],0.14970563352108002
5,346,[1.1 0.1 0.1 1.  0.  0.  0.7 0.2],0.1497059166431427
5,347,[1.1 0.1 0.1 1.  0.  0.  0.7 0.2],0.14970634877681732
5,348,[1.1 0.1 0.1 1.  0.  0.  0.7 0.2],0.14970974624156952
5,349,[1.1 0.1 0.1 1.  0.  0.  0.7 0.2],0.14971217513084412
5,350,[1.1 0.1 0.1 1.  0.  0.  0.7 0.2],0.14971351623535156
5,351,[1.1 0.1 0.1 1.  0.  0.  0.7 0.2],0.14971396327018738
5,352,[1.1 0.1 0.1 1.  0.  0.  0.7 0.2],0.14971617609262466
5,353,[1.1 0.1 0.1 1.  0.  0.  0.7 0.2],0.14971835166215897
5,354,[1.1 0.1 0.1 1.  0.  0.  0.7 0.2],0.1497199758887291
5,355,[1.1 0.1 0.1 1.  0.  0.  0.7 0.2],0.14972016960382462
5,356,[1.1 0.1 0.1 1.  0.  0.  0.7 0.2],0.14972149580717087
5,357,[1.1 0.1 0.1 1.  0.  0.  0.7 0.2],0.14972173422574997
5,358,[1.1 0.1 0.1 1.  0.  0.  0.7 0.2],0.14972379803657532
5,359,[1.1 0.1 0.1 1.  0.  0.  0.7 0.2],0.1497238725423813
5,360,[1.1 0.1 0.1 1.  0.  0.  0.7 0.2],0.14972468465566635
5,361,[1.1 0.1 0.1 1.  0.  0.  0.7 0.2],0.14972572028636932
5,362,[1.1 0.1 0.1 1.  0.  0.  0.7 0.2],0.14972574263811111
5,363,[1.1 0.1 0.1 1.  0.  0.  0.7 0.2],0.14972956478595734
5,364,[1.1 0.1 0.1 1.  0.  0.  0.7 0.2],0.1497296839952469
5,365,[1.1 0.1 0.1 1.  0.  0.  0.7 0.2],0.14973084628582
5,366,[1.1 0.1 0.1 1.  0.  0.  0.7 0.2],0.14973177760839462
5,367,[1.1 0.1 0.1 1.  0.  0.  0.7 0.2],0.14973284304141998
5,368,[1.1 0.1 0.1 1.  0.  0.  0.7 0.2],0.14973289519548416
5,369,[1.1 0.1 0.1 1.  0.  0.  0.7 0.2],0.14973347634077072
5,370,[1.1 0.1 0.1 1.  0.  0.  0.7 0.2],0.1497383713722229
5,371,[1.1 0.1 0.1 1.  0.  0.  0.7 0.2],0.14973880350589752
5,372,[1.1 0.1 0.1 1.  0.  0.  0.7 0.2],0.14973899722099304
5,373,[1.1 0.1 0.1 1.  0.  0.  0.7 0.2],0.14974109828472137
5,374,[1.1 0.1 0.1 1.  0.  0.  0.7 0.2],0.1497415229678154
5,375,[1.1 0.1 0.1 1.  0.  0.  0.7 0.2],0.14974669367074966
5,376,[1.1 0.1 0.1 1.  0.  0.  0.7 0.2],0.1497476026415825
5,377,[1.1 0.1 0.1 1.  0.  0.  0.7 0.2],0.14974761754274368
5,378,[1.1 0.1 0.1 1.  0.  0.  0.7 0.2],0.14975030720233917
5,379,[1.1 0.1 0.1 1.  0.  0.  0.7 0.2],0.1497519537806511
5,380,[1.1 0.1 0.1 1.  0.  0.  0.7 0.2],0.14975345134735107
5,381,[1.1 0.1 0.1 1.  0.  0.  0.7 0.2],0.1497548520565033
5,382,[1.1 0.1 0.1 1.  0.  0.  0.7 0.2],0.14975868165493011
5,383,[1.1 0.1 0.1 1.  0.  0.  0.7 0.2],0.14975984394550323
5,384,[1.1 0.1 0.1 1.  0.  0.  0.7 0.2],0.14976157248020172
5,385,[1.1 0.1 0.1 1.  0.  0.  0.7 0.2],0.14976169168949127
5,386,[1.1 0.1 0.1 1.  0.  0.  0.7 0.2],0.14976219832897186
5,387,[1.1 0.1 0.1 1.  0.  0.  0.7 0.2],0.14976246654987335
5,388,[1.1 0.1 0.1 1.  0.  0.  0.7 0.2],0.14976326376199722
5,389,[1.1 0.1 0.1 1.  0.  0.  0.7 0.2],0.1497635692358017
5,390,[1.1 0.1 0.1 1.  0.  0.  0.7 0.2],0.14976808428764343
5,391,[1.1 0.1 0.1 1.  0.  0.  0.7 0.2],0.1497691497206688
5,392,[1.1 0.1 0.1 1.  0.  0.  0.7 0.2],0.14977477490901947
5,393,[1.1 0.1 0.1 1.  0.  0.  0.7 0.2],0.14977481216192245
5,394,[1.1 0.1 0.1 1.  0.  0.  0.7 0.2],0.14977672696113586
5,395,[1.1 0.1 0.1 1.  0.  0.  0.7 0.2],0.14977683126926422
5,396,[1.1 0.1 0.1 1.  0.  0.  0.7 0.2],0.14978213608264923
5,397,[1.1 0.1 0.1 1.  0.  0.  0.7 0.2],0.14978335797786713
5,398,[1.1 0.1 0.1 1.  0.  0.  0.7 0.2],0.14978457242250443
5,399,[1.1 0.1 0.1 1.  0.  0.  0.7 0.2],0.14978627860546112
5,400,[1.1 0.1 0.1 1.  0.  0.  0.7 0.2],0.14978766441345215
5,401,[1.1 0.1 0.1 1.  0.  0.  0.7 0.2],0.14979257434606552
5,402,[1.1 0.1 0.1 1.  0.  0.  0.7 0.2],0.14979508519172668
5,403,[1.1 0.1 0.1 1.  0.  0.  0.7 0.2],0.1497977450489998
5,404,[1.1 0.1 0.1 1.  0.  0.  0.7 0.2],0.1497984677553177
5,405,[1.1 0.1 0.1 1.  0.  0.  0.7 0.2],0.1498003974556923
5,406,[1.1 0.1 0.1 1.  0.  0.  0.7 0.2],0.14980071783065796
5,407,[1.1 0.1 0.1 1.  0.  0.  0.7 0.2],0.14980099350214005
5,408,[1.1 0.1 0.1 1.  0.  0.  0.7 0.2],0.14980130642652512
5,409,[1.1 0.1 0.1 1.  0.  0.  0.7 0.2],0.14980890601873398
5,410,[1.1 0.1 0.1 1.  0.  0.  0.7 0.2],0.14981217682361603
5,411,[1.1 0.1 0.1 1.  0.  0.  0.7 0.2],0.14981386810541153
5,412,[1.1 0.1 0.1 1.  0.  0.  0.7 0.2],0.1498144492506981
5,413,[1.1 0.1 0.1 1.  0.  0.  0.7 0.2],0.1498158946633339
5,414,[1.1 0.1 0.1 1.  0.  0.  0.7 0.2],0.1498161107301712
5,415,[1.1 0.1 0.1 1.  0.  0.  0.7 0.2],0.14981619268655777
5,416,[1.1 0.1 0.1 1.  0.  0.  0.7 0.2],0.14984078705310822
5,417,[1.1 0.1 0.1 1.  0.  0.  0.7 0.2],0.14984089881181717
5,418,[1.1 0.1 0.1 1.  0.  0.  0.7 0.2],0.1498437449336052
5,419,[1.1 0.1 0.1 1.  0.  0.  0.7 0.2],0.1498471051454544
5,420,[1.1 0.1 0.1 1.  0.  0.  0.7 0.2],0.14985234290361404
5,421,[1.1 0.1 0.1 1.  0.  0.  0.7 0.2],0.14985238015651703
5,422,[1.1 0.1 0.1 1.  0.  0.  0.7 0.2],0.14985530823469162
5,423,[1.1 0.1 0.1 1.  0.  0.  0.7 0.2],0.149856299161911
5,424,[1.1 0.1 0.1 1.  0.  0.  0.7 0.2],0.149863101541996
5,425,[1.1 0.1 0.1 1.  0.  0.  0.7 0.2],0.14986730366945267
5,426,[1.1 0.1 0.1 1.  0.  0.  0.7 0.2],0.14986951649188995
5,427,[1.1 0.1 0.1 1.  0.  0.  0.7 0.2],0.14987896382808685
5,428,[1.1 0.1 0.1 1.  0.  0.  0.7 0.2],0.14988116174936295
5,429,[1.1 0.1 0.1 1.  0.  0.  0.7 0.2],0.14988555014133453
5,430,[1.1 0.1 0.1 1.  0.  0.  0.7 0.2],0.14988671988248825
5,431,[1.1 0.1 0.1 1.  0.  0.  0.7 0.2],0.14988800138235092
5,432,[1.1 0.1 0.1 1.  0.  0.  0.7 0.2],0.149907648563385
5,433,[1.1 0.1 0.1 1.  0.  0.  0.7 0.2],0.1499125137925148
5,434,[1.1 0.1 0.1 1.  0.  0.  0.7 0.2],0.14991355687379837
5,435,[1.1 0.1 0.1 1.  0.  0.  0.7 0.2],0.14991948008537292
5,436,[1.1 0.1 0.1 1.  0.  0.  0.7 0.2],0.1499410942196846
5,437,[1.1 0.1 0.1 1.  0.  0.  0.7 0.2],0.1499653086066246
5,438,[1.1 0.1 0.1 1.  0.  0.  0.7 0.2],0.1500013917684555
5,439,[1.1 0.1 0.2 1.  0.  0.  0.4 0.2],0.15344826132059097
5,440,[1.1 0.1 0.2 1.  0.  0.  0.4 0.2],0.1535230502486229
5,441,[1.1 0.1 0.2 1.  0.  0.  0.4 0.2],0.15359148383140564
5,442,[1.1 0.1 0.2 1.  0.  0.  0.4 0.2],0.1536165475845337
5,443,[1.1 0.1 0.2 1.  0.  0.  0.4 0.2],0.15364907681941986
5,444,[1.1 0.1 0.2 1.  0.  0.  0.4 0.2],0.1536831483244896
5,445,[1.1 0.1 0.2 1.  0.  0.  0.4 0.2],0.1537042260169983
5,446,[1.1 0.1 0.2 1.  0.  0.  0.4 0.2],0.15371054410934448
5,447,[1.1 0.1 0.2 1.  0.  0.  0.4 0.2],0.15373735129833221
5,448,[1.1 0.1 0.2 1.  0.  0.  0.4 0.2],0.15376313030719757
5,449,[1.1 0.1 0.2 1.  0.  0.  0.4 0.2],0.1537872701883316
5,450,[1.1 0.1 0.2 1.  0.  0.  0.4 0.2],0.15379352867603302
5,451,[1.1 0.1 0.2 1.  0.  0.  0.4 0.2],0.1538405939936638
5,452,[1.1 0.1 0.2 1.  0.  0.  0.4 0.2],0.15386875718832016
5,453,[1.1 0.1 0.2 1.  0.  0.  0.4 0.2],0.15394849330186844
5,454,[1.1 0.  0.  1.  0.  0.  0.7 0.3],0.1572100967168808
5,455,[1.1 0.  0.  1.  0.  0.  0.7 0.3],0.1572125479578972
5,456,[1.1 0.  0.  1.  0.  0.  0.7 0.3],0.15733452886343002
5,457,[1.1 0.  0.  1.  0.  0.  0.7 0.3],0.15736515820026398
5,458,[1.1 0.  0.  1.  0.  0.  0.7 0.3],0.15737543255090714
5,459,[0.9 0.1 0.2 1.  0.  0.  0.4 1.3],0.15744931995868683
5,460,[0.9 0.1 0.2 1.  0.  0.  0.4 1.3],0.15752750635147095
5,461,[0.9 0.1 0.2 1.  0.  0.  0.4 1.3],0.1575276181101799
5,462,[0.9 0.1 0.2 1.  0.  0.  0.4 1.3],0.15758605301380157
5,463,[0.9 0.1 0.2 1.  0.  0.  0.4 1.3],0.15759452432394028
5,464,[0.9 0.1 0.2 1.  0.  0.  0.4 1.3],0.15762197226285934
5,465,[0.9 0.1 0.2 1.  0.  0.  0.4 1.3],0.1576535925269127
5,466,[0.9 0.1 0.2 1.  0.  0.  0.4 1.3],0.1577051877975464
5,467,[0.9 0.1 0.2 1.  0.  0.  0.4 1.3],0.15774349123239517
5,468,[0.9 0.1 0.2 1.  0.  0.  0.4 1.3],0.15774665772914886
5,469,[1.3 0.4 0.1 1.  0.  0.  0.7 0.2],0.1599370464682579
5,470,[1.3 0.4 0.1 1.  0.  0.  0.7 0.2],0.16004721820354462
5,471,[1.3 0.4 0.1 1.  0.  0.  0.7 0.2],0.16009528934955597
5,472,[1.3 0.4 0.1 1.  0.  0.  0.7 0.2],0.1601194217801094
5,473,[1.3 0.4 0.1 1.  0.  0.  0.7 0.2],0.16012220084667206
5,474,[1.3 0.4 0.1 1.  0.  0.  0.7 0.2],0.1601569950580597
5,475,[1.3 0.4 0.1 1.  0.  0.  0.7 0.2],0.1601807028055191
5,476,[1.3 0.4 0.1 1.  0.  0.  0.7 0.2],0.16021014004945755
5,477,[1.1 0.1 0.  1.  0.  0.  0.7 1.2],0.16156825423240662
5,478,[1.1 0.1 0.  1.  0.  0.  0.7 1.3],0.16169223934412003
5,479,[1.1 0.1 0.  1.  0.  0.  0.7 1.3],0.16176103800535202
5,480,[1.1 0.1 0.  1.  0.  0.  0.7 1.3],0.16176997870206833
5,481,[1.1 0.1 0.  1.  0.  0.  0.7 1.3],0.1617788001894951
5,482,[1.1 0.1 0.  1.  0.  0.  0.7 1.3],0.16178126633167267
5,483,[1.1 0.1 0.  1.  0.  0.  0.7 1.3],0.1617942601442337
5,484,[1.1 0.1 0.  1.  0.  0.  0.7 1.3],0.16179540008306503
5,485,[1.1 0.1 0.  1.  0.  0.  0.7 1.3],0.16179995983839035
5,486,[1.1 0.1 0.  1.  0.  0.  0.7 1.3],0.16181758791208267
5,487,[1.1 0.1 0.  1.  0.  0.  0.7 1.3],0.1618259996175766
5,488,[1.1 0.1 0.  1.  0.  0.  0.7 1.3],0.16183704137802124
5,489,[1.1 0.1 0.  1.  0.  0.  0.7 1.3],0.16184473782777786
5,490,[1.1 0.1 0.  1.  0.  0.  0.7 1.3],0.16186698526144028
5,491,[1.1 0.1 0.  1.  0.  0.  0.7 1.3],0.16187077015638351
5,492,[0.3 0.1 0.1 1.  0.  0.  0.3 0.2],0.16189582645893097
5,493,[1.1 0.1 0.  1.  0.  0.  0.7 1.3],0.16190270334482193
5,494,[0.9 0.1 0.  1.  0.  0.  0.7 1.2],0.16190921515226364
5,495,[0.9 0.1 0.  1.  0.  0.  0.7 1.2],0.1619120016694069
5,496,[0.9 0.1 0.  1.  0.  0.  0.7 1.2],0.1619480848312378
5,497,[0.9 0.1 0.  1.  0.  0.  0.7 1.2],0.16194960474967957
5,498,[0.9 0.1 0.  1.  0.  0.  0.7 1.2],0.16195113956928253
5,499,[0.9 0.1 0.  1.  0.  0.  0.7 1.2],0.1619594246149063
5,500,[0.3 0.1 0.1 1.  0.  0.  0.3 0.2],0.16200120747089386
5,501,[0.3 0.1 0.1 1.  0.  0.  0.3 0.2],0.16200373321771622
5,502,[1.1 0.1 0.  1.  0.  0.  0.7 1.3],0.16201024502515793
5,503,[0.9 0.1 0.  1.  0.  0.  0.7 1.2],0.16202715039253235
5,504,[0.3 0.1 0.1 1.  0.  0.  0.3 0.2],0.16205770522356033
5,505,[0.9 0.1 0.  1.  0.  0.  0.7 1.2],0.16207388043403625
5,506,[0.3 0.1 0.1 1.  0.  0.  0.3 0.2],0.16208026558160782
5,507,[0.9 0.1 0.  1.  0.  0.  0.7 1.2],0.1621222421526909
5,508,[1.1 0.1 0.  1.  0.  0.  0.7 1.3],0.16212286055088043
5,509,[0.9 0.1 0.  1.  0.  0.  0.7 1.2],0.16213998198509216
5,510,[0.9 0.1 0.  1.  0.  0.  0.7 1.2],0.16214494407176971
5,511,[0.9 0.1 0.  1.  0.  0.  0.7 1.2],0.16216564923524857
5,512,[0.9 0.1 0.  1.  0.  0.  0.7 1.2],0.16227292269468307
5,513,[1.1 0.1 0.  1.  0.  0.  0.4 1.1],0.16874215006828308
5,514,[1.1 0.1 0.  1.  0.  0.  0.4 1.1],0.16882571578025818
5,515,[1.1 0.1 0.  1.  0.  0.  0.4 1.1],0.16897407919168472
5,516,[1.1 0.1 0.  1.  0.  0.  0.4 1.1],0.16908656060695648
5,517,[0.5 0.1 0.  1.  0.  0.  0.3 1.3],0.1725829467177391
5,518,[0.5 0.1 0.  1.  0.  0.  0.3 1.3],0.1738625168800354
5,519,[0.5 0.1 0.  1.  0.  0.  0.3 1.3],0.17397378385066986
5,520,[0.5 0.1 0.  1.  0.  0.  0.3 1.3],0.17399746179580688
5,521,[0.5 0.1 0.  1.  0.  0.  0.3 1.3],0.1740085631608963
5,522,[0.5 0.1 0.  1.  0.  0.  0.3 1.3],0.17402645200490952
5,523,[0.5 0.1 0.  1.  0.  0.  0.3 1.3],0.17402810603380203
5,524,[0.5 0.1 0.  1.  0.  0.  0.3 1.3],0.17404014617204666
5,525,[0.5 0.1 0.  1.  0.  0.  0.3 1.3],0.17404722422361374
5,526,[0.5 0.1 0.  1.  0.  0.  0.3 1.3],0.17404823750257492
5,527,[0.5 0.1 0.  1.  0.  0.  0.3 1.3],0.17406939715147018
5,528,[0.5 0.1 0.  1.  0.  0.  0.3 1.3],0.17410436272621155
5,529,[0.5 0.1 0.  1.  0.  0.  0.3 1.3],0.17412632703781128
5,530,[0.5 0.1 0.  1.  0.  0.  0.3 1.3],0.17417259514331818
5,531,[0.5 0.1 0.  1.  0.  0.  0.3 1.3],0.1742120161652565
5,532,[0.5 0.1 0.  1.  0.  0.  0.3 1.3],0.17421773076057434
5,533,[0.5 0.1 0.  1.  0.  0.  0.3 1.3],0.17433252185583115
5,534,[0.5 0.1 0.  1.  0.  0.  0.3 1.3],0.17439010739326477
5,535,[0.5 0.1 0.5 1.  0.  0.  0.7 0.2],0.17792313545942307
5,536,[0.5 0.1 0.5 1.  0.  0.  0.7 0.2],0.17793845385313034
5,537,[0.5 0.1 0.5 1.  0.  0.  0.7 0.2],0.1779756247997284
5,538,[0.5 0.1 0.5 1.  0.  0.  0.7 0.2],0.17797666788101196
5,539,[0.5 0.1 0.5 1.  0.  0.  0.7 0.2],0.17800209671258926
5,540,[0.5 0.1 0.5 1.  0.  0.  0.7 0.2],0.17801394313573837
5,541,[0.5 0.1 0.5 1.  0.  0.  0.7 0.2],0.17805779725313187
5,542,[0.5 0.1 0.5 1.  0.  0.  0.7 0.2],0.17820849269628525
5,543,[0.  0.6 0.5 1.  0.  0.  0.4 1.3],0.18607360869646072
5,544,[1.1 0.1 0.1 1.  0.  0.2 0.7 0.5],0.19066082686185837
5,545,[1.1 0.2 0.1 1.  0.  0.2 0.7 0.2],0.19300034642219543
5,546,[1.1 0.2 0.1 1.  0.  0.2 0.7 0.2],0.1931287795305252
5,547,[1.1 0.2 0.1 1.  0.  0.2 0.7 0.2],0.19317138195037842
5,548,[1.1 0.2 0.1 1.  0.  0.2 0.7 0.2],0.19329290091991425
5,549,[1.1 0.1 0.6 1.  0.  0.  0.7 0.8],0.19950641691684723
5,550,[1.1 0.1 0.6 1.  0.  0.  0.7 0.8],0.1995517909526825
5,551,[1.1 0.1 0.6 1.  0.  0.  0.7 0.8],0.19975398480892181
5,552,[0.3 0.7 0.3 0.8 0.  0.  0.3 0.1],0.2071158066391945
5,553,[0.3 0.7 0.3 0.8 0.  0.  0.3 0.1],0.20720572769641876
5,554,[0.3 0.7 0.3 0.8 0.  0.  0.3 0.1],0.20722045004367828
5,555,[1.1 1.1 0.1 0.8 0.  0.  0.7 0.2],0.212016299366951
5,556,[1.1 1.1 0.1 0.8 0.  0.  0.7 0.2],0.21202194690704346
5,557,[1.1 1.1 0.1 0.8 0.  0.  0.7 0.2],0.21204348653554916
5,558,[1.1 1.1 0.1 0.8 0.  0.  0.7 0.2],0.21204454451799393
5,559,[1.1 1.1 0.1 0.8 0.  0.  0.7 0.2],0.21207204461097717
5,560,[1.1 1.1 0.1 0.8 0.  0.  0.7 0.2],0.2120879963040352
5,561,[1.1 1.1 0.1 0.8 0.  0.  0.7 0.2],0.2120927795767784
5,562,[1.1 1.1 0.1 0.8 0.  0.  0.7 0.2],0.21209584921598434
5,563,[1.1 1.1 0.1 0.8 0.  0.  0.7 0.2],0.21212966740131378
5,564,[1.1 1.1 0.1 0.8 0.  0.  0.7 0.2],0.21215324848890305
5,565,[1.1 1.1 0.1 0.8 0.  0.  0.7 0.2],0.21215588599443436
5,566,[0.  0.6 0.5 1.  0.  0.  0.4 1.3],0.22608675807714462
5,567,[0.  0.6 0.5 1.  0.  0.  0.4 1.3],0.2260962575674057
5,568,[0.  0.6 0.5 1.  0.  0.  0.4 1.3],0.22611479461193085
5,569,[0.  0.6 0.5 1.  0.  0.  0.4 1.3],0.22612552344799042
5,570,[0.  0.6 0.5 1.  0.  0.  0.4 1.3],0.2261388748884201
5,571,[0.  0.6 0.5 1.  0.  0.  0.4 1.3],0.22614265978336334
5,572,[0.  0.6 0.5 1.  0.  0.  0.4 1.3],0.226162850856781
5,573,[0.  0.6 0.5 1.  0.  0.  0.4 1.3],0.226177416741848
5,574,[0.  0.6 0.5 1.  0.  0.  0.4 1.3],0.22621122747659683
5,575,[0.  0.6 0.5 1.  0.  0.  0.4 1.3],0.22624385356903076
5,576,[1.1 1.1 0.  1.  0.  0.1 0.5 0.5],0.22635994851589203
5,577,[1.1 1.1 0.  1.  0.  0.1 0.5 0.5],0.22637157887220383
5,578,[1.1 1.1 0.  1.  0.  0.1 0.5 0.5],0.22641217708587646
5,579,[1.1 1.1 0.  1.  0.  0.1 0.5 0.5],0.226413793861866
5,580,[1.1 1.1 0.  1.  0.  0.1 0.5 0.5],0.22643479704856873
5,581,[1.1 1.1 0.  1.  0.  0.1 0.5 0.5],0.2264450192451477
5,582,[1.1 1.1 0.  1.  0.  0.1 0.5 0.5],0.22644540667533875
5,583,[1.1 1.1 0.  1.  0.  0.1 0.5 0.5],0.22644931823015213
5,584,[1.1 1.1 0.  1.  0.  0.1 0.5 0.5],0.22647376358509064
5,585,[1.1 1.1 0.  1.  0.  0.1 0.5 0.5],0.2264743447303772
5,586,[1.1 1.1 0.  1.  0.  0.1 0.5 0.5],0.22648990899324417
5,587,[1.1 1.1 0.  1.  0.  0.1 0.5 0.5],0.22649019211530685
5,588,[1.1 1.1 0.  1.  0.  0.1 0.5 0.5],0.2265252098441124
5,589,[1.1 1.1 0.  1.  0.  0.1 0.5 0.5],0.22652775049209595
5,590,[1.1 1.1 0.  1.  0.  0.1 0.5 0.5],0.2265351489186287
5,591,[1.1 1.1 0.  1.  0.  0.1 0.5 0.5],0.22653940320014954
5,592,[1.1 1.1 0.  1.  0.  0.1 0.5 0.5],0.2265482246875763
5,593,[1.1 1.1 0.  1.  0.  0.1 0.5 0.5],0.22655851393938065
5,594,[1.1 1.1 0.  1.  0.  0.1 0.5 0.5],0.22656454890966415
5,595,[1.1 1.1 0.  1.  0.  0.1 0.5 0.5],0.2265685349702835
5,596,[1.1 1.1 0.  1.  0.  0.1 0.5 0.5],0.22658085078001022
5,597,[1.1 1.1 0.  1.  0.  0.1 0.5 0.5],0.2265823632478714
5,598,[1.1 1.1 0.  1.  0.  0.1 0.5 0.5],0.22659162431955338
5,599,[1.1 1.1 0.  1.  0.  0.1 0.5 0.5],0.22659479081630707
5,600,[1.1 1.1 0.  1.  0.  0.1 0.5 0.5],0.22659682482481003
5,601,[1.1 1.1 0.  1.  0.  0.1 0.5 0.5],0.2265998274087906
5,602,[1.1 1.1 0.  1.  0.  0.1 0.5 0.5],0.22660616040229797
5,603,[1.1 1.1 0.  1.  0.  0.1 0.5 0.5],0.22662529349327087
5,604,[1.1 1.1 0.  1.  0.  0.1 0.5 0.5],0.22665295749902725
5,605,[1.1 1.1 0.  1.  0.  0.1 0.5 0.5],0.22665532678365707
5,606,[1.1 1.1 0.  1.  0.  0.1 0.5 0.5],0.22665533423423767
5,607,[1.1 1.1 0.  1.  0.  0.1 0.5 0.5],0.2266589254140854
5,608,[1.1 1.1 0.  1.  0.  0.1 0.5 0.5],0.22666064649820328
5,609,[1.1 1.1 0.  1.  0.  0.1 0.5 0.5],0.2266659215092659
5,610,[1.1 1.1 0.  1.  0.  0.1 0.5 0.5],0.22667882591485977
5,611,[1.1 1.1 0.  1.  0.  0.1 0.5 0.5],0.2266959622502327
5,612,[1.1 1.1 0.  1.  0.  0.1 0.5 0.5],0.226705901324749
5,613,[1.1 1.1 0.  1.  0.  0.1 0.5 0.5],0.22677944600582123
5,614,[0.3 0.  0.1 1.  0.2 0.  0.7 0.2],0.2279522866010666
5,615,[0.3 0.  0.1 1.  0.2 0.  0.7 0.2],0.22796852886676788
5,616,[0.3 0.  0.1 1.  0.2 0.  0.7 0.2],0.22796983271837234
5,617,[0.3 0.  0.1 1.  0.2 0.  0.7 0.2],0.22799286246299744
5,618,[0.3 0.  0.1 1.  0.2 0.  0.7 0.2],0.22799666225910187
5,619,[0.3 0.  0.1 1.  0.2 0.  0.7 0.2],0.22803745418787003
5,620,[0.3 0.  0.1 1.  0.2 0.  0.7 0.2],0.2280738428235054
5,621,[0.3 0.  0.1 1.  0.2 0.  0.7 0.2],0.22808298468589783
5,622,[0.3 0.  0.1 1.  0.2 0.  0.7 0.2],0.2281068041920662
5,623,[0.3 0.  0.1 1.  0.2 0.  0.7 0.2],0.22813309729099274
5,624,[0.3 0.  0.1 1.  0.2 0.  0.7 0.2],0.2281370460987091
5,625,[0.3 0.  0.1 1.  0.2 0.  0.7 0.2],0.22814755886793137
5,626,[0.3 0.  0.1 1.  0.2 0.  0.7 0.2],0.22815074771642685
5,627,[0.3 0.  0.1 1.  0.2 0.  0.7 0.2],0.2281818687915802
5,628,[0.3 0.  0.1 1.  0.2 0.  0.7 0.2],0.2282208725810051
5,629,[0.3 0.  0.1 1.  0.2 0.  0.7 0.2],0.2282356172800064
5,630,[0.3 0.  0.1 1.  0.2 0.  0.7 0.2],0.22824236750602722
5,631,[0.3 0.  0.1 1.  0.2 0.  0.7 0.2],0.2282436564564705
5,632,[0.3 0.  0.1 1.  0.2 0.  0.7 0.2],0.22825703769922256
5,633,[0.3 0.  0.1 1.  0.2 0.  0.7 0.2],0.22828572988510132
5,634,[0.3 0.  0.1 1.  0.2 0.  0.7 0.2],0.22841067612171173
5,635,[0.3 0.  0.1 1.  0.2 0.  0.7 0.2],0.2290080189704895
5,636,[1.1 0.9 0.2 0.5 0.  0.  0.7 1.3],0.2548036202788353
5,637,[1.1 0.9 0.2 0.5 0.  0.  0.7 1.3],0.25485529005527496
5,638,[1.1 0.9 0.2 0.5 0.  0.  0.7 1.3],0.25487543642520905
5,639,[1.1 0.9 0.2 0.5 0.  0.  0.7 1.3],0.25491075962781906
5,640,[1.1 0.9 0.2 0.5 0.  0.  0.7 1.3],0.2549249082803726
5,641,[1.1 0.9 0.2 0.5 0.  0.  0.7 1.3],0.25502900779247284
5,642,[1.1 0.9 0.2 0.5 0.  0.  0.7 1.3],0.2551157772541046
5,643,[1.1 0.1 0.1 1.  0.  0.4 0.7 0.2],0.2562378942966461
5,644,[1.1 0.1 0.1 1.  0.  0.4 0.7 0.2],0.2562950551509857
5,645,[1.1 0.1 0.8 1.  0.  0.  0.7 0.2],0.26282092928886414
5,646,[1.1 0.1 0.8 1.  0.  0.  0.7 0.2],0.2628597766160965
5,647,[1.1 0.1 0.8 1.  0.  0.  0.7 0.2],0.2628905326128006
5,648,[1.1 0.1 0.8 1.  0.  0.  0.7 0.2],0.262959361076355
5,649,[1.  0.1 0.1 1.  0.3 0.  0.7 0.2],0.2777334004640579
5,650,[1.  0.1 0.1 1.  0.3 0.  0.7 0.2],0.2777445763349533
5,651,[1.1 0.1 0.8 0.2 0.  0.  0.7 0.3],0.28570593893527985
5,652,[0.1 0.1 1.  1.  0.  0.  0.2 0.1],0.3762979656457901
5,653,[0.1 0.1 1.  1.  0.  0.  0.2 0.1],0.3763030767440796
5,654,[0.1 0.1 1.  1.  0.  0.  0.2 0.1],0.37631216645240784
5,655,[0.1 0.1 1.  1.  0.  0.  0.2 0.1],0.3763342648744583
5,656,[0.1 0.1 1.  1.  0.  0.  0.2 0.1],0.3763352781534195
5,657,[0.1 0.1 1.  1.  0.  0.  0.2 0.1],0.376354843378067
5,658,[0.1 0.1 1.  1.  0.  0.  0.2 0.1],0.3763601630926132
5,659,[0.1 0.1 1.  1.  0.  0.  0.2 0.1],0.37639735639095306
5,660,[0.1 0.1 1.  1.  0.  0.  0.2 0.1],0.3766244351863861
5,661,[1.1 0.1 0.8 0.2 0.  0.  0.7 0.3],0.3947197049856186
5,662,[1.1 0.1 0.8 0.2 0.  0.  0.7 0.3],0.3948158174753189
5,663,[1.1 0.1 0.8 0.2 0.  0.  0.7 0.3],0.39481909573078156
5,664,[1.1 0.1 0.8 0.2 0.  0.  0.7 0.3],0.3948613852262497
5,665,[1.1 0.1 0.8 0.2 0.  0.  0.7 0.3],0.3948809653520584
5,666,[1.1 0.1 0.8 0.2 0.  0.  0.7 0.3],0.3951169103384018
5,667,[1.1 0.1 0.8 0.2 0.  0.  0.7 0.3],0.3951530307531357
5,668,[1.1 0.1 0.3 1.3 0.  0.7 0.7 1.3],0.4103194624185562
5,669,[1.1 0.1 0.3 1.3 0.  0.7 0.7 1.3],0.4103431701660156
5,670,[1.1 0.1 0.3 1.3 0.  0.7 0.7 1.3],0.4103635400533676
5,671,[1.1 0.1 0.3 1.3 0.  0.7 0.7 1.3],0.4104761630296707
5,672,[1.1 0.1 0.3 1.3 0.  0.7 0.7 1.3],0.4105297774076462
5,673,[1.1 0.1 0.3 1.3 0.  0.7 0.7 1.3],0.4105934798717499
5,674,[1.1 0.1 0.3 1.3 0.  0.7 0.7 1.3],0.4106491208076477
5,675,[1.1 0.1 0.3 1.3 0.  0.7 0.7 1.3],0.4108215570449829
5,676,[0.2 0.1 0.6 1.  1.  0.5 0.7 1.3],0.42589639127254486
5,677,[0.2 0.1 0.6 1.  1.  0.5 0.7 1.3],0.45390406250953674
5,678,[0.2 0.1 0.6 1.  1.  0.5 0.7 1.3],0.45729300379753113
5,679,[1.1 0.3 0.9 0.2 0.  0.  0.7 1.3],0.4635930210351944
5,680,[1.1 0.3 0.9 0.2 0.  0.  0.7 1.3],0.46363866329193115
5,681,[1.1 0.3 0.9 0.2 0.  0.  0.7 1.3],0.4636835306882858
5,682,[1.1 0.3 0.9 0.2 0.  0.  0.7 1.3],0.4637598991394043
5,683,[1.1 0.3 0.9 0.2 0.  0.  0.7 1.3],0.463778555393219
5,684,[1.1 0.3 0.9 0.2 0.  0.  0.7 1.3],0.46379511058330536
5,685,[1.1 0.3 0.9 0.2 0.  0.  0.7 1.3],0.46381548047065735
5,686,[1.1 0.3 0.9 0.2 0.  0.  0.7 1.3],0.4639102816581726
5,687,[1.1 0.1 1.2 1.2 0.  0.  0.7 0.2],0.4963528960943222
5,688,[1.1 0.1 1.2 1.2 0.  0.  0.7 0.2],0.4963607043027878
5,689,[1.1 0.1 1.2 1.2 0.  0.  0.7 0.2],0.49645431339740753
5,690,[1.1 0.9 0.8 0.5 0.3 0.  1.2 0.2],0.5249315500259399
5,691,[1.1 0.9 0.8 0.5 0.3 0.  1.2 0.2],0.5251865386962891
5,692,[1.1 0.9 0.8 0.5 0.3 0.  1.2 0.2],0.5252153277397156
5,693,[1.1 0.9 0.8 0.5 0.3 0.  1.2 0.2],0.525230199098587
5,694,[1.1 0.9 0.8 0.5 0.3 0.  1.2 0.2],0.5252544283866882
5,695,[1.1 0.9 0.8 0.5 0.3 0.  1.2 0.2],0.5252956449985504
5,696,[1.1 0.9 0.8 0.5 0.3 0.  1.2 0.2],0.5253003537654877
5,697,[1.1 0.9 0.8 0.5 0.3 0.  1.2 0.2],0.525303989648819
5,698,[1.1 0.9 0.8 0.5 0.3 0.  1.2 0.2],0.5253148376941681
5,699,[1.1 0.9 0.8 0.5 0.3 0.  1.2 0.2],0.5253172516822815
5,700,[1.1 0.9 0.8 0.5 0.3 0.  1.2 0.2],0.5253303050994873
5,701,[1.1 0.9 0.8 0.5 0.3 0.  1.2 0.2],0.5253370702266693
5,702,[1.1 0.9 0.8 0.5 0.3 0.  1.2 0.2],0.5253405272960663
5,703,[1.1 0.9 0.8 0.5 0.3 0.  1.2 0.2],0.5253436714410782
5,704,[1.1 0.9 0.8 0.5 0.3 0.  1.2 0.2],0.5253478586673737
5,705,[1.1 0.9 0.8 0.5 0.3 0.  1.2 0.2],0.5253621339797974
5,706,[1.1 0.9 0.8 0.5 0.3 0.  1.2 0.2],0.5253632515668869
5,707,[1.1 0.9 0.8 0.5 0.3 0.  1.2 0.2],0.5253714621067047
5,708,[1.1 0.9 0.8 0.5 0.3 0.  1.2 0.2],0.5253911018371582
5,709,[1.1 0.9 0.8 0.5 0.3 0.  1.2 0.2],0.5253998935222626
5,710,[1.1 0.9 0.8 0.5 0.3 0.  1.2 0.2],0.5254170596599579
5,711,[1.1 0.9 0.8 0.5 0.3 0.  1.2 0.2],0.5254629701375961
5,712,[1.1 0.9 0.8 0.5 0.3 0.  1.2 0.2],0.5254659354686737
5,713,[1.1 0.9 0.8 0.5 0.3 0.  1.2 0.2],0.5256148725748062
5,714,[1.1 0.9 0.8 0.5 0.3 0.  1.2 0.2],0.5256488025188446
5,715,[1.1 0.1 0.1 1.  0.7 0.  0.7 0.2],0.5258967876434326
5,716,[1.1 0.1 0.1 1.  0.7 0.  0.7 0.2],0.5264737606048584
5,717,[1.3 0.1 0.1 1.  0.  0.9 0.5 0.2],0.5283227562904358
5,718,[1.3 0.1 0.1 1.  0.  0.9 0.5 0.2],0.5283873230218887
5,719,[1.3 0.1 0.1 1.  0.  0.9 0.5 0.2],0.5284120142459869
5,720,[1.3 0.1 0.1 1.  0.  0.9 0.5 0.2],0.5284149646759033
5,721,[1.3 0.1 0.1 1.  0.  0.9 0.5 0.2],0.5284669697284698
5,722,[1.3 0.1 0.1 1.  0.  0.9 0.5 0.2],0.5284883677959442
5,723,[1.3 0.1 0.1 1.  0.  0.9 0.5 0.2],0.5284908711910248
5,724,[1.3 0.1 0.1 1.  0.  0.9 0.5 0.2],0.528493195772171
5,725,[1.3 0.1 0.1 1.  0.  0.9 0.5 0.2],0.528496265411377
5,726,[1.3 0.1 0.1 1.  0.  0.9 0.5 0.2],0.5285926312208176
5,727,[1.3 0.1 0.1 1.  0.  0.9 0.5 0.2],0.5286617875099182
5,728,[1.3 0.1 0.1 1.  0.  0.9 0.5 0.2],0.528692439198494
5,729,[1.3 0.1 0.1 1.  0.  0.9 0.5 0.2],0.5287330150604248
5,730,[1.3 0.1 0.1 1.  0.  0.9 0.5 0.2],0.5290491580963135
5,731,[0.3 0.7 1.2 0.8 0.  0.  0.3 0.9],0.5638408064842224
5,732,[0.3 0.7 1.2 0.8 0.  0.  0.3 0.9],0.5641529560089111
5,733,[0.3 0.7 1.2 0.8 0.  0.  0.3 0.9],0.5642408728599548
5,734,[0.3 0.7 1.2 0.8 0.  0.  0.3 0.9],0.5643656253814697
5,735,[0.3 0.7 1.2 0.8 0.  0.  0.3 0.9],0.5648851990699768
5,736,[1.3 0.1 0.1 1.  0.7 0.  0.  0.2],0.5668375492095947
5,737,[1.3 0.1 0.1 1.  0.7 0.  0.  0.2],0.56719571352005
5,738,[1.3 0.1 0.1 1.  0.7 0.  0.  0.2],0.5673020482063293
5,739,[1.3 0.1 0.1 1.  0.7 0.  0.  0.2],0.5673733949661255
5,740,[1.1 0.1 0.1 0.9 0.  1.  0.7 0.2],0.6077189147472382
5,741,[1.1 0.1 0.1 1.  0.  1.  0.7 0.2],0.608026921749115
5,742,[1.1 0.1 0.1 1.  0.  1.  0.7 0.2],0.6081927120685577
5,743,[1.  0.1 0.1 1.  0.  1.1 0.7 0.2],0.689508706331253
5,744,[1.  0.1 0.1 1.  0.  1.1 0.7 0.2],0.6895596385002136
5,745,[1.  0.1 0.1 1.  0.  1.1 0.7 0.2],0.6897757351398468
5,746,[1.  0.1 0.1 1.  0.  1.1 0.7 0.2],0.6898997724056244
5,747,[1.  0.1 0.1 1.  1.  0.  0.7 0.2],0.771955668926239
5,748,[1.  0.1 0.1 1.  1.  0.  0.7 0.2],0.7725734412670135
5,749,[1.1 0.1 0.1 0.3 0.  1.1 0.7 0.2],0.8059715628623962
5,750,[1.1 0.1 0.1 0.3 0.  1.1 0.7 0.2],0.8060500621795654
5,751,[1.1 0.1 0.1 0.3 0.  1.1 0.7 0.2],0.8060895502567291
5,752,[1.1 0.1 0.1 0.3 0.  1.1 0.7 0.2],0.8062012493610382
5,753,[1.1 0.1 0.1 0.3 0.  1.1 0.7 0.2],0.8062147200107574
5,754,[1.1 0.1 0.1 0.3 0.  1.1 0.7 0.2],0.8063019812107086
5,755,[1.1 0.1 0.1 0.3 0.  1.1 0.7 0.2],0.8063280880451202
5,756,[1.1 0.1 0.1 0.3 0.  1.1 0.7 0.2],0.8063799440860748
5,757,[1.1 0.1 0.1 0.3 0.  1.1 0.7 0.2],0.8063914477825165
5,758,[1.1 0.1 0.1 0.3 0.  1.1 0.7 0.2],0.8064408600330353
5,759,[1.3 0.9 1.3 1.2 0.  1.  0.5 0.2],0.8272298872470856
5,760,[1.3 0.9 1.3 1.2 0.  1.  0.5 0.2],0.8273700773715973
5,761,[1.3 0.9 1.3 1.2 0.  1.  0.5 0.2],0.8274965882301331
5,762,[0.2 0.1 0.6 1.  1.  0.5 0.7 1.3],0.9334078431129456
5,763,[0.2 0.1 0.6 1.  1.  0.5 0.7 1.3],0.9336025714874268
5,764,[0.2 0.1 0.6 1.  1.  0.5 0.7 1.3],0.9336955845355988
5,765,[0.2 0.1 0.6 1.  1.  0.5 0.7 1.3],0.933791995048523
5,766,[0.2 0.1 0.6 1.  1.  0.5 0.7 1.3],0.933829665184021
5,767,[0.2 0.1 0.6 1.  1.  0.5 0.7 1.3],0.933834582567215
5,768,[0.2 0.1 0.6 1.  1.  0.5 0.7 1.3],0.9338743984699249
5,769,[0.2 0.1 0.6 1.  1.  0.5 0.7 1.3],0.9339247345924377
5,770,[0.2 0.1 0.6 1.  1.  0.5 0.7 1.3],0.9340111315250397
5,771,[0.2 0.1 0.6 1.  1.  0.5 0.7 1.3],0.934024304151535
5,772,[0.2 0.1 0.6 1.  1.  0.5 0.7 1.3],0.934026449918747
5,773,[0.2 0.1 0.6 1.  1.  0.5 0.7 1.3],0.9340397715568542
5,774,[0.2 0.1 0.6 1.  1.  0.5 0.7 1.3],0.9340478181838989
5,775,[0.2 0.1 0.6 1.  1.  0.5 0.7 1.3],0.9340740740299225
5,776,[0.2 0.1 0.6 1.  1.  0.5 0.7 1.3],0.9340939521789551
5,777,[0.2 0.1 0.6 1.  1.  0.5 0.7 1.3],0.9341272711753845
5,778,[0.2 0.1 0.6 1.  1.  0.5 0.7 1.3],0.9341960847377777
5,779,[0.2 0.1 0.6 1.  1.  0.5 0.7 1.3],0.9342280328273773
5,780,[0.2 0.1 0.6 1.  1.  0.5 0.7 1.3],0.9342780113220215
5,781,[0.2 0.1 0.6 1.  1.  0.5 0.7 1.3],0.9343098700046539
5,782,[0.2 0.1 0.6 1.  1.  0.5 0.7 1.3],0.9343282282352448
5,783,[0.2 0.1 0.6 1.  1.  0.5 0.7 1.3],0.9343414902687073
5,784,[0.2 0.1 0.6 1.  1.  0.5 0.7 1.3],0.9348301291465759
5,785,[1.2 0.1 0.7 1.1 1.2 0.1 0.7 1.3],1.0360358953475952
5,786,[1.2 0.1 0.7 1.1 1.2 0.1 0.7 1.3],1.0361294746398926
5,787,[1.2 0.1 0.7 1.1 1.2 0.1 0.7 1.3],1.0363510847091675
5,788,[1.2 0.1 0.7 1.1 1.2 0.1 0.7 1.3],1.0364665389060974
5,789,[1.2 0.1 0.7 1.1 1.2 0.1 0.7 1.3],1.0364955961704254
5,790,[1.2 0.1 0.7 1.1 1.2 0.1 0.7 1.3],1.0365968644618988
5,791,[1.2 0.1 0.7 1.1 1.2 0.1 0.7 1.3],1.0366091132164001
5,792,[1.2 0.1 0.7 1.1 1.2 0.1 0.7 1.3],1.0371174216270447
5,793,[1.1 0.1 0.9 1.  1.3 0.  0.7 0.2],1.2090994119644165
5,794,[1.1 0.1 0.9 1.  1.3 0.  0.7 0.2],1.2094136476516724
5,795,[1.1 0.1 0.9 1.  1.3 0.  0.7 0.2],1.2095924615859985
5,796,[1.1 0.1 0.9 1.  1.3 0.  0.7 0.2],1.2098188400268555
5,797,[1.1 0.1 0.9 1.  1.3 0.  0.7 0.2],1.2099319100379944
5,798,[1.1 0.1 0.9 1.  1.3 0.  0.7 0.2],1.2102336883544922
5,799,[1.1 0.1 0.9 1.  1.3 0.  0.7 0.2],1.2112627625465393
6,0,[1.1 1.1 0.  0.7 1.3 0.1 0.1 1.3],0.02343253791332245
6,1,[1.1 1.1 0.  0.7 1.3 0.1 0.1 1.3],0.02343253791332245
6,2,[1.1 0.4 0.1 0.2 0.  0.  0.7 0.2],0.026116331107914448
6,3,[1.1 0.4 0.1 0.2 0.  0.  0.7 0.2],0.026116331107914448
6,4,[1.1 0.4 0.1 0.2 0.  0.  0.7 0.2],0.026116331107914448
6,5,[1.1 0.4 0.1 0.2 0.  0.  0.7 0.2],0.026116331107914448
6,6,[1.1 0.4 0.1 0.2 0.  0.  0.7 0.2],0.026116331107914448
6,7,[1.1 0.4 0.1 0.2 0.  0.  0.7 0.2],0.026116331107914448
6,8,[1.1 0.9 0.8 0.5 0.3 0.  1.2 0.2],0.04110674932599068
6,9,[1.3 0.3 1.3 1.2 1.3 1.  0.7 0.7],0.04148048907518387
6,10,[1.3 0.3 1.3 1.2 1.3 1.  0.7 0.7],0.04148048907518387
6,11,[0.2 0.1 0.1 1.  0.6 0.  0.3 1.3],0.041854750365018845
6,12,[0.2 0.1 0.1 1.  0.6 0.  0.3 1.3],0.041854750365018845
6,13,[1.1 0.1 0.9 1.  1.3 0.  0.7 0.2],0.04464816488325596
6,14,[1.1 0.1 0.9 1.  1.3 0.  0.7 0.2],0.04464816488325596
6,15,[1.1 0.  0.1 1.  0.  0.  0.9 0.2],0.046161405742168427
6,16,[1.1 0.  0.1 1.  0.  0.  0.9 0.2],0.046161405742168427
6,17,[1.1 0.1 0.1 1.  0.  0.  0.7 0.2],0.048823172226548195
6,18,[1.1 0.1 0.1 1.  0.  0.  0.7 0.2],0.048823172226548195
6,19,[1.1 0.1 0.1 1.  0.  0.  0.9 0.6],0.04896987974643707
6,20,[1.1 0.1 0.1 1.  0.  0.  0.9 0.6],0.04896987974643707
6,21,[0.2 0.1 0.6 1.  1.  0.5 0.7 1.3],0.05050417222082615
6,22,[1.1 0.1 0.1 1.  0.  0.  1.2 0.2],0.05583132989704609
6,23,[1.1 0.1 0.1 1.  0.  0.  0.7 0.2],0.06668008118867874
6,24,[1.1 0.1 0.1 1.  0.  0.  0.7 0.2],0.06673019006848335
6,25,[1.1 0.1 0.1 1.  0.  0.  0.7 0.2],0.06676247715950012
6,26,[1.1 0.1 0.1 1.  0.  0.  1.2 0.2],0.08720911666750908
6,27,[1.1 0.1 0.1 1.  0.  0.  1.2 0.2],0.08723480626940727
6,28,[1.1 0.1 0.1 1.3 1.  0.  1.2 0.2],0.08727968856692314
6,29,[1.1 0.  0.1 1.  0.  0.  0.9 0.2],0.08887079358100891
6,30,[1.1 0.  0.1 1.  0.  0.  0.9 0.2],0.08889662846922874
6,31,[1.1 0.  0.1 1.  0.  0.  0.9 0.2],0.08891590684652328
6,32,[1.1 0.  0.1 1.  0.  0.  0.9 0.2],0.08892115950584412
6,33,[1.1 0.  0.1 1.  0.  0.  0.9 0.2],0.08894332125782967
6,34,[1.1 0.  0.1 1.  0.  0.  0.9 0.2],0.08894497156143188
6,35,[1.1 0.  0.1 1.  0.  0.  0.9 0.2],0.08900528773665428
6,36,[0.9 0.  0.1 1.  0.  1.1 0.9 0.2],0.0890173427760601
6,37,[1.1 0.1 0.1 1.  0.  0.  0.9 0.6],0.09220927208662033
6,38,[1.1 0.1 0.1 1.  0.  0.  0.9 0.6],0.09231457114219666
6,39,[1.1 0.1 0.2 1.  0.  0.  0.7 1.3],0.09249483421444893
6,40,[1.3 0.1 0.1 0.8 0.  0.  1.3 0.2],0.1421407237648964
6,41,[1.3 0.1 0.1 0.8 0.  0.  1.3 0.2],0.14217909425497055
6,42,[1.3 0.1 0.1 0.8 0.  0.  1.3 0.2],0.14218144118785858
6,43,[1.3 0.1 0.1 0.8 0.  0.  1.3 0.2],0.14219211786985397
6,44,[1.3 0.1 0.1 0.8 0.  0.  1.3 0.2],0.14220814406871796
6,45,[1.3 0.1 0.1 0.8 0.  0.  1.3 0.2],0.14227627962827682
6,46,[1.3 0.1 0.1 0.8 0.  0.  1.3 0.2],0.1422804743051529
6,47,[1.3 0.1 0.1 0.8 0.  0.  1.3 0.2],0.14228974282741547
6,48,[1.3 0.1 0.1 0.8 0.  0.  1.3 0.2],0.1423226222395897
6,49,[1.3 0.1 0.1 0.8 0.  0.  1.3 0.2],0.1423288732767105
6,50,[1.1 0.  0.1 1.  0.  0.  0.9 0.2],0.14355315268039703
6,51,[1.1 0.  0.1 1.  0.  0.  0.9 0.2],0.14355460554361343
6,52,[1.1 0.  0.1 1.  0.  0.  0.9 0.2],0.1435563936829567
6,53,[1.1 0.  0.1 1.  0.  0.  0.9 0.2],0.14356909692287445
6,54,[1.1 0.  0.1 1.  0.  0.  0.9 0.2],0.14357033371925354
6,55,[1.1 0.  0.1 1.  0.  0.  0.9 0.2],0.14357517659664154
6,56,[1.1 0.  0.1 1.  0.  0.  0.9 0.2],0.14358779042959213
6,57,[1.1 0.  0.1 1.  0.  0.  0.9 0.2],0.1435905396938324
6,58,[1.1 0.  0.1 1.  0.  0.  0.9 0.2],0.14359736442565918
6,59,[1.1 0.  0.1 1.  0.  0.  0.9 0.2],0.14359918236732483
6,60,[1.1 0.  0.1 1.  0.  0.  0.9 0.2],0.1436111405491829
6,61,[1.1 0.  0.1 1.  0.  0.  0.9 0.2],0.14361412078142166
6,62,[1.1 0.  0.1 1.  0.  0.  0.9 0.2],0.14361978322267532
6,63,[1.1 0.  0.1 1.  0.  0.  0.9 0.2],0.14362714439630508
6,64,[1.1 0.  0.1 1.  0.  0.  0.9 0.2],0.14363229274749756
6,65,[1.1 0.  0.1 1.  0.  0.  0.9 0.2],0.14363282918930054
6,66,[1.1 0.  0.1 1.  0.  0.  0.9 0.2],0.1436365321278572
6,67,[1.1 0.  0.1 1.  0.  0.  0.9 0.2],0.14363709092140198
6,68,[1.1 0.  0.1 1.  0.  0.  0.9 0.2],0.14364299923181534
6,69,[1.1 0.  0.1 1.  0.  0.  0.9 0.2],0.14364425092935562
6,70,[1.1 0.  0.1 1.  0.  0.  0.9 0.2],0.14364634454250336
6,71,[1.1 0.  0.1 1.  0.  0.  0.9 0.2],0.14364659041166306
6,72,[1.1 0.  0.1 1.  0.  0.  0.9 0.2],0.1436518132686615
6,73,[1.1 0.  0.1 1.  0.  0.  0.9 0.2],0.1436520293354988
6,74,[1.1 0.  0.1 1.  0.  0.  0.9 0.2],0.14365270733833313
6,75,[1.1 0.  0.1 1.  0.  0.  0.9 0.2],0.1436535194516182
6,76,[1.1 0.  0.1 1.  0.  0.  0.9 0.2],0.14365656673908234
6,77,[1.1 0.  0.1 1.  0.  0.  0.9 0.2],0.1436615064740181
6,78,[1.1 0.  0.1 1.  0.  0.  0.9 0.2],0.14366229623556137
6,79,[1.1 0.  0.1 1.  0.  0.  0.9 0.2],0.14366360753774643
6,80,[1.1 0.  0.1 1.  0.  0.  0.9 0.2],0.14366406202316284
6,81,[1.1 0.  0.1 1.  0.  0.  0.9 0.2],0.1436643749475479
6,82,[1.1 0.  0.1 1.  0.  0.  0.9 0.2],0.143665112555027
6,83,[1.1 0.  0.1 1.  0.  0.  0.9 0.2],0.14366556704044342
6,84,[1.1 0.  0.1 1.  0.  0.  0.9 0.2],0.14366715401411057
6,85,[1.1 0.  0.1 1.  0.  0.  0.9 0.2],0.14366883039474487
6,86,[1.1 0.  0.1 1.  0.  0.  0.9 0.2],0.14367106556892395
6,87,[1.1 0.  0.1 1.  0.  0.  0.9 0.2],0.14367219805717468
6,88,[1.1 0.  0.1 1.  0.  0.  0.9 0.2],0.14367365092039108
6,89,[1.1 0.  0.1 1.  0.  0.  0.9 0.2],0.1436755657196045
6,90,[1.1 0.  0.1 1.  0.  0.  0.9 0.2],0.14367558062076569
6,91,[1.1 0.  0.1 1.  0.  0.  0.9 0.2],0.14367812126874924
6,92,[1.1 0.  0.1 1.  0.  0.  0.9 0.2],0.14368269592523575
6,93,[1.1 0.  0.1 1.  0.  0.  0.9 0.2],0.14368514716625214
6,94,[1.1 0.  0.1 1.  0.  0.  0.9 0.2],0.14368820190429688
6,95,[1.1 0.  0.1 1.  0.  0.  0.9 0.2],0.14368842542171478
6,96,[1.1 0.  0.1 1.  0.  0.  0.9 0.2],0.14368903636932373
6,97,[1.1 0.  0.1 1.  0.  0.  0.9 0.2],0.1436893790960312
6,98,[1.1 0.  0.1 1.  0.  0.  0.9 0.2],0.14369018375873566
6,99,[1.1 0.  0.1 1.  0.  0.  0.9 0.2],0.14369072020053864
6,100,[1.1 0.  0.1 1.  0.  0.  0.9 0.2],0.14369305223226547
6,101,[1.1 0.  0.1 1.  0.  0.  0.9 0.2],0.14369671791791916
6,102,[1.1 0.  0.1 1.  0.  0.  0.9 0.2],0.14369679987430573
6,103,[1.1 0.  0.1 1.  0.  0.  0.9 0.2],0.14369823038578033
6,104,[1.1 0.  0.1 1.  0.  0.  0.9 0.2],0.14369992911815643
6,105,[1.1 0.  0.1 1.  0.  0.  0.9 0.2],0.14370188862085342
6,106,[1.1 0.  0.1 1.  0.  0.  0.9 0.2],0.14370277523994446
6,107,[1.1 0.  0.1 1.  0.  0.  0.9 0.2],0.1437043622136116
6,108,[1.1 0.  0.1 1.  0.  0.  0.9 0.2],0.1437048614025116
6,109,[1.1 0.  0.1 1.  0.  0.  0.9 0.2],0.1437058001756668
6,110,[1.1 0.  0.1 1.  0.  0.  0.9 0.2],0.14370791614055634
6,111,[1.1 0.  0.1 1.  0.  0.  0.9 0.2],0.14370854943990707
6,112,[1.1 0.  0.1 1.  0.  0.  0.9 0.2],0.1437102109193802
6,113,[1.1 0.  0.1 1.  0.  0.  0.9 0.2],0.14371201395988464
6,114,[1.1 0.  0.1 1.  0.  0.  0.9 0.2],0.14371231198310852
6,115,[1.1 0.  0.1 1.  0.  0.  0.9 0.2],0.14371258020401
6,116,[1.1 0.  0.1 1.  0.  0.  0.9 0.2],0.14371411502361298
6,117,[1.1 0.  0.1 1.  0.  0.  0.9 0.2],0.1437152698636055
6,118,[1.1 0.  0.1 1.  0.  0.  0.9 0.2],0.14371765404939651
6,119,[1.1 0.  0.1 1.  0.  0.  0.9 0.2],0.14371826499700546
6,120,[1.1 0.  0.1 1.  0.  0.  0.9 0.2],0.14371904730796814
6,121,[1.1 0.  0.1 1.  0.  0.  0.9 0.2],0.14371905475854874
6,122,[1.1 0.  0.1 1.  0.  0.  0.9 0.2],0.14372168481349945
6,123,[1.1 0.  0.1 1.  0.  0.  0.9 0.2],0.14372499287128448
6,124,[1.1 0.  0.1 1.  0.  0.  0.9 0.2],0.14372530579566956
6,125,[1.1 0.  0.1 1.  0.  0.  0.9 0.2],0.1437269002199173
6,126,[1.1 0.  0.1 1.  0.  0.  0.9 0.2],0.1437269151210785
6,127,[1.1 0.  0.1 1.  0.  0.  0.9 0.2],0.14372843503952026
6,128,[1.1 0.  0.1 1.  0.  0.  0.9 0.2],0.14372924715280533
6,129,[1.1 0.  0.1 1.  0.  0.  0.9 0.2],0.14372927695512772
6,130,[1.1 0.  0.1 1.  0.  0.  0.9 0.2],0.14373008161783218
6,131,[1.1 0.  0.1 1.  0.  0.  0.9 0.2],0.14373038709163666
6,132,[1.1 0.  0.1 1.  0.  0.  0.9 0.2],0.1437314748764038
6,133,[1.1 0.  0.1 1.  0.  0.  0.9 0.2],0.14373226463794708
6,134,[1.1 0.  0.1 1.  0.  0.  0.9 0.2],0.14373232424259186
6,135,[1.1 0.  0.1 1.  0.  0.  0.9 0.2],0.14373286813497543
6,136,[1.1 0.  0.1 1.  0.  0.  0.9 0.2],0.14373371750116348
6,137,[1.1 0.  0.1 1.  0.  0.  0.9 0.2],0.14373505115509033
6,138,[1.1 0.  0.1 1.  0.  0.  0.9 0.2],0.14373675733804703
6,139,[1.1 0.  0.1 1.  0.  0.  0.9 0.2],0.1437380611896515
6,140,[1.1 0.  0.1 1.  0.  0.  0.9 0.2],0.1437382474541664
6,141,[1.1 0.  0.1 1.  0.  0.  0.9 0.2],0.14374160766601562
6,142,[1.1 0.  0.1 1.  0.  0.  0.9 0.2],0.14374497532844543
6,143,[1.1 0.  0.1 1.  0.  0.  0.9 0.2],0.14374535530805588
6,144,[1.1 0.  0.1 1.  0.  0.  0.9 0.2],0.14374548941850662
6,145,[1.1 0.  0.1 1.  0.  0.  0.9 0.2],0.14374693483114243
6,146,[1.1 0.  0.1 1.  0.  0.  0.9 0.2],0.14374861866235733
6,147,[1.1 0.  0.1 1.  0.  0.  0.9 0.2],0.14374937117099762
6,148,[1.1 0.  0.1 1.  0.  0.  0.9 0.2],0.14374975860118866
6,149,[1.1 0.  0.1 1.  0.  0.  0.9 0.2],0.14375046640634537
6,150,[1.1 0.  0.1 1.  0.  0.  0.9 0.2],0.14375175535678864
6,151,[1.1 0.  0.1 1.  0.  0.  0.9 0.2],0.14375313371419907
6,152,[1.1 0.  0.1 1.  0.  0.  0.9 0.2],0.1437535434961319
6,153,[1.1 0.  0.1 1.  0.  0.  0.9 0.2],0.14375437051057816
6,154,[1.1 0.  0.1 1.  0.  0.  0.9 0.2],0.14375437051057816
6,155,[1.1 0.  0.1 1.  0.  0.  0.9 0.2],0.14375457912683487
6,156,[1.1 0.  0.1 1.  0.  0.  0.9 0.2],0.14375804364681244
6,157,[1.1 0.  0.1 1.  0.  0.  0.9 0.2],0.1437624841928482
6,158,[1.1 0.  0.1 1.  0.  0.  0.9 0.2],0.14376282691955566
6,159,[1.1 0.  0.1 1.  0.  0.  0.9 0.2],0.14376825094223022
6,160,[1.1 0.  0.1 1.  0.  0.  0.9 0.2],0.14376825839281082
6,161,[1.1 0.  0.1 1.  0.  0.  0.9 0.2],0.14376971870660782
6,162,[1.1 0.  0.1 1.  0.  0.  0.9 0.2],0.14377162605524063
6,163,[1.1 0.  0.1 1.  0.  0.  0.9 0.2],0.14377223700284958
6,164,[1.1 0.  0.1 1.  0.  0.  0.9 0.2],0.1437736302614212
6,165,[1.1 0.  0.1 1.  0.  0.  0.9 0.2],0.14377803355455399
6,166,[1.1 0.  0.1 1.  0.  0.  0.9 0.2],0.1437803953886032
6,167,[1.1 0.  0.1 1.  0.  0.  0.9 0.2],0.14378096908330917
6,168,[1.1 0.  0.1 1.  0.  0.  0.9 0.2],0.14378125220537186
6,169,[1.1 0.  0.1 1.  0.  0.  0.9 0.2],0.14378341287374496
6,170,[1.1 0.  0.1 1.  0.  0.  0.9 0.2],0.14378508925437927
6,171,[1.1 0.  0.1 1.  0.  0.  0.9 0.2],0.14378788322210312
6,172,[1.1 0.  0.1 1.  0.  0.  0.9 0.2],0.1437884196639061
6,173,[1.1 0.  0.1 1.  0.  0.  0.9 0.2],0.14379208534955978
6,174,[1.1 0.  0.1 1.  0.  0.  0.9 0.2],0.1437925025820732
6,175,[1.1 0.  0.1 1.  0.  0.  0.9 0.2],0.1437928006052971
6,176,[1.1 0.  0.1 1.  0.  0.  0.9 0.2],0.14379733055830002
6,177,[1.1 0.  0.1 1.  0.  0.  0.9 0.2],0.14379769563674927
6,178,[1.1 0.  0.1 1.  0.  0.  0.9 0.2],0.14379838109016418
6,179,[1.1 0.  0.1 1.  0.  0.  0.9 0.2],0.143800787627697
6,180,[1.1 0.  0.1 1.  0.  0.  0.9 0.2],0.14380136132240295
6,181,[1.1 0.  0.1 1.  0.  0.  0.9 0.2],0.14380452781915665
6,182,[1.1 0.  0.1 1.  0.  0.  0.9 0.2],0.14380544424057007
6,183,[1.1 0.  0.1 1.  0.  0.  0.9 0.2],0.1438061073422432
6,184,[1.1 0.  0.1 1.  0.  0.  0.9 0.2],0.14380668103694916
6,185,[1.1 0.  0.1 1.  0.  0.  0.9 0.2],0.14380967617034912
6,186,[1.1 0.  0.1 1.  0.  0.  0.9 0.2],0.14381101727485657
6,187,[1.1 0.  0.1 1.  0.  0.  0.9 0.2],0.14381211251020432
6,188,[1.1 0.  0.1 1.  0.  0.  0.9 0.2],0.14381379634141922
6,189,[1.1 0.  0.1 1.  0.  0.  0.9 0.2],0.14381416887044907
6,190,[1.1 0.  0.1 1.  0.  0.  0.9 0.2],0.14381837844848633
6,191,[1.1 0.  0.1 1.  0.  0.  0.9 0.2],0.1438211351633072
6,192,[1.1 0.  0.1 1.  0.  0.  0.9 0.2],0.1438232660293579
6,193,[1.1 0.  0.1 1.  0.  0.  0.9 0.2],0.14382384717464447
6,194,[1.1 0.  0.1 1.  0.  0.  0.9 0.2],0.14382773637771606
6,195,[1.1 0.  0.1 1.  0.  0.  0.9 0.2],0.14382873475551605
6,196,[1.1 0.  0.1 1.  0.  0.  0.9 0.2],0.14382995665073395
6,197,[1.1 0.  0.1 1.  0.  0.  0.9 0.2],0.14383254945278168
6,198,[1.1 0.  0.1 1.  0.  0.  0.9 0.2],0.143833190202713
6,199,[1.1 0.  0.1 1.  0.  0.  0.9 0.2],0.1438337042927742
6,200,[1.1 0.  0.1 1.  0.  0.  0.9 0.2],0.1438346430659294
6,201,[1.1 0.  0.1 1.  0.  0.  0.9 0.2],0.14383993297815323
6,202,[1.1 0.  0.1 1.  0.  0.  0.9 0.2],0.1438424363732338
6,203,[1.1 0.  0.1 1.  0.  0.  0.9 0.2],0.1438431665301323
6,204,[1.1 0.  0.1 1.  0.  0.  0.9 0.2],0.14385737478733063
6,205,[1.1 0.  0.1 1.  0.  0.  0.9 0.2],0.14385782182216644
6,206,[1.1 0.  0.1 1.  0.  0.  0.9 0.2],0.14386221766471863
6,207,[1.1 0.  0.1 1.  0.  0.  0.9 0.2],0.1438639983534813
6,208,[1.1 0.  0.1 1.  0.  0.  0.9 0.2],0.143864206969738
6,209,[1.1 0.  0.1 1.  0.  0.  0.9 0.2],0.14386559277772903
6,210,[1.1 0.  0.1 1.  0.  0.  0.9 0.2],0.14386575669050217
6,211,[1.1 0.  0.1 1.  0.  0.  0.9 0.2],0.14386792480945587
6,212,[1.1 0.  0.1 1.  0.  0.  0.9 0.2],0.14386802166700363
6,213,[1.1 0.  0.1 1.  0.  0.  0.9 0.2],0.1438700333237648
6,214,[1.1 0.  0.1 1.  0.  0.  0.9 0.2],0.1438724622130394
6,215,[1.1 0.  0.1 1.  0.  0.  0.9 0.2],0.14387498050928116
6,216,[1.1 0.  0.1 1.  0.  0.  0.9 0.2],0.14387615025043488
6,217,[1.1 0.  0.1 1.  0.  0.  0.9 0.2],0.1438777595758438
6,218,[1.1 0.  0.1 1.  0.  0.  0.9 0.2],0.1438869684934616
6,219,[1.1 0.  0.1 1.  0.  0.  0.9 0.2],0.14388982951641083
6,220,[1.1 0.  0.1 1.  0.  0.  0.9 0.2],0.14389096200466156
6,221,[1.1 0.  0.1 1.  0.  0.  0.9 0.2],0.14389289170503616
6,222,[1.1 0.  0.1 1.  0.  0.  0.9 0.2],0.14389509707689285
6,223,[1.1 0.  0.1 1.  0.  0.  0.9 0.2],0.14389602094888687
6,224,[1.1 0.  0.1 1.  0.  0.  0.9 0.2],0.14389638602733612
6,225,[1.1 0.  0.1 1.  0.  0.  0.9 0.2],0.14389975368976593
6,226,[1.1 0.  0.1 1.  0.  0.  0.9 0.2],0.1438998207449913
6,227,[1.1 0.  0.1 1.  0.  0.  0.9 0.2],0.14390065521001816
6,228,[1.1 0.  0.1 1.  0.  0.  0.9 0.2],0.1439053937792778
6,229,[1.1 0.  0.1 1.  0.  0.  0.9 0.2],0.14391198009252548
6,230,[1.1 0.  0.1 1.  0.  0.  0.9 0.2],0.14391499757766724
6,231,[1.1 0.  0.1 1.  0.  0.  0.9 0.2],0.14391733705997467
6,232,[1.1 0.  0.1 1.  0.  0.  0.9 0.2],0.1439261958003044
6,233,[1.1 0.  0.1 1.  0.  0.  0.9 0.2],0.143934927880764
6,234,[1.1 0.  0.1 1.  0.  0.  0.9 0.2],0.14394083619117737
6,235,[1.1 0.  0.1 1.  0.  0.  0.9 0.2],0.1439540535211563
6,236,[1.1 0.  0.1 1.  0.  0.  0.9 0.2],0.14395851641893387
6,237,[1.1 0.  0.1 1.  0.  0.  0.9 0.2],0.14396701753139496
6,238,[1.1 0.  0.1 1.  0.  0.  0.9 0.2],0.1439746394753456
6,239,[1.1 0.  0.1 1.  0.  0.  0.9 0.2],0.14397922903299332
6,240,[1.1 0.  0.1 1.  0.  0.  0.9 0.2],0.1439918577671051
6,241,[1.1 0.  0.1 1.  0.  0.  0.9 0.2],0.14405468851327896
6,242,[1.1 0.  0.1 1.  0.  0.  0.9 0.2],0.14407102763652802
6,243,[1.1 0.1 0.1 1.  0.  0.  1.2 0.2],0.14424026757478714
6,244,[1.1 0.1 0.1 1.  0.  0.  1.2 0.2],0.1443914920091629
6,245,[1.1 0.1 0.1 1.  0.  0.  1.2 0.2],0.1444004401564598
6,246,[1.1 0.1 0.1 1.  0.  0.  1.2 0.2],0.14440368860960007
6,247,[1.1 0.1 0.1 1.  0.  0.  1.2 0.2],0.14440461248159409
6,248,[1.1 0.1 0.1 1.  0.  0.  1.2 0.2],0.14441177248954773
6,249,[1.1 0.1 0.1 1.  0.  0.  1.2 0.2],0.1444193497300148
6,250,[1.1 0.1 0.1 1.  0.  0.  1.2 0.2],0.14442475885152817
6,251,[1.1 0.1 0.1 1.  0.  0.  1.2 0.2],0.1444251835346222
6,252,[1.1 0.1 0.1 1.  0.  0.  1.2 0.2],0.14443138986825943
6,253,[1.1 0.1 0.1 1.  0.  0.  1.2 0.2],0.14443445950746536
6,254,[1.1 0.1 0.1 1.  0.  0.  1.2 0.2],0.14443973451852798
6,255,[1.1 0.1 0.1 1.  0.  0.  1.2 0.2],0.14444784075021744
6,256,[1.1 0.1 0.1 1.  0.  0.  1.2 0.2],0.14445391297340393
6,257,[1.1 0.1 0.1 1.  0.  0.  1.2 0.2],0.1444559469819069
6,258,[1.1 0.1 0.1 1.  0.  0.  1.2 0.2],0.1444687768816948
6,259,[1.1 0.1 0.1 1.  0.  0.  1.2 0.2],0.14448213577270508
6,260,[1.1 0.1 0.1 1.  0.  0.  1.2 0.2],0.14448688179254532
6,261,[1.1 0.1 0.1 1.  0.  0.  1.2 0.2],0.1444936990737915
6,262,[1.1 0.1 0.1 1.  0.  0.  1.2 0.2],0.14449787884950638
6,263,[1.1 0.1 0.1 1.  0.  0.  1.3 0.5],0.14450538903474808
6,264,[1.1 0.1 0.1 1.  0.  0.  1.2 0.2],0.14450915157794952
6,265,[1.1 0.1 0.1 1.  0.  0.  1.2 0.2],0.14451253414154053
6,266,[1.1 0.1 0.1 1.  0.  0.  1.2 0.2],0.14451827853918076
6,267,[1.1 0.1 0.1 1.  0.  0.  1.2 0.2],0.1445220559835434
6,268,[1.1 0.1 0.1 1.  0.  0.  1.2 0.2],0.1445237696170807
6,269,[1.1 0.1 0.1 1.  0.  0.  1.2 0.2],0.1445271149277687
6,270,[1.1 0.1 0.1 1.  0.  0.  1.2 0.2],0.14453189820051193
6,271,[1.1 0.1 0.1 1.  0.  0.  1.2 0.2],0.1445331871509552
6,272,[1.1 0.1 0.1 1.  0.  0.  1.2 0.2],0.1445356160402298
6,273,[1.1 0.1 0.1 1.  0.  0.  1.2 0.2],0.14453942328691483
6,274,[1.1 0.1 0.1 1.  0.  0.  1.2 0.2],0.1445406749844551
6,275,[1.1 0.1 0.1 1.  0.  0.  1.2 0.2],0.14454232901334763
6,276,[1.1 0.1 0.1 1.  0.  0.  1.3 0.5],0.14455199241638184
6,277,[1.1 0.1 0.1 1.  0.  0.  1.3 0.5],0.14455341547727585
6,278,[1.1 0.1 0.1 1.  0.  0.  1.2 0.2],0.14455588161945343
6,279,[1.1 0.1 0.1 1.  0.  0.  1.2 0.2],0.14455731213092804
6,280,[1.1 0.1 0.1 1.  0.  0.  1.2 0.2],0.14455970376729965
6,281,[1.1 0.1 0.1 1.  0.  0.  1.2 0.2],0.14456017315387726
6,282,[1.1 0.1 0.1 1.  0.  0.  1.2 0.2],0.14456509053707123
6,283,[1.1 0.1 0.1 1.  0.  0.  1.2 0.2],0.14456678181886673
6,284,[1.1 0.1 0.1 1.  0.  0.  1.2 0.2],0.14456837624311447
6,285,[1.1 0.1 0.1 1.  0.  0.  1.2 0.2],0.1445685550570488
6,286,[1.1 0.1 0.1 1.  0.  0.  1.2 0.2],0.14457819610834122
6,287,[1.1 0.1 0.1 1.  0.  0.  1.2 0.2],0.14457892626523972
6,288,[1.1 0.1 0.1 1.  0.  0.  1.2 0.2],0.14458110928535461
6,289,[1.1 0.1 0.1 1.  0.  0.  1.2 0.2],0.14458512514829636
6,290,[1.1 0.1 0.1 1.  0.  0.  1.2 0.2],0.14459145814180374
6,291,[1.1 0.1 0.1 1.  0.  0.  1.3 0.5],0.14459872990846634
6,292,[1.1 0.1 0.1 1.  0.  0.  1.2 0.2],0.14460324496030807
6,293,[1.1 0.1 0.1 1.  0.  0.  1.2 0.2],0.14461304992437363
6,294,[1.1 0.1 0.1 1.  0.  0.  1.2 0.2],0.14462082833051682
6,295,[1.1 0.1 0.1 1.  0.  0.  1.2 0.2],0.14464274793863297
6,296,[1.1 0.1 0.1 1.  0.  0.  1.3 0.5],0.14465615153312683
6,297,[1.1 0.1 0.1 1.  0.  0.  1.2 0.2],0.14466535300016403
6,298,[1.1 0.1 0.1 1.  0.  0.  1.2 0.2],0.14467240869998932
6,299,[1.1 0.1 0.1 1.  0.  0.  1.2 0.2],0.14469894021749496
6,300,[1.1 0.1 0.1 1.  0.  0.  1.2 0.2],0.14470314979553223
6,301,[0.5 0.1 0.1 0.8 0.  0.  1.3 0.8],0.14569294452667236
6,302,[0.5 0.1 0.1 0.8 0.  0.  1.3 0.8],0.1458742544054985
6,303,[0.5 0.1 0.1 0.8 0.  0.  1.3 0.8],0.14587464183568954
6,304,[0.5 0.1 0.1 0.8 0.  0.  1.3 0.8],0.1458824872970581
6,305,[0.5 0.1 0.1 0.8 0.  0.  1.3 0.8],0.1458861157298088
6,306,[0.5 0.1 0.1 0.8 0.  0.  1.3 0.8],0.14589830487966537
6,307,[0.5 0.1 0.1 0.8 0.  0.  1.3 0.8],0.14598193019628525
6,308,[0.6 0.  0.1 1.  0.  0.  0.9 1.1],0.1463308185338974
6,309,[0.6 0.  0.1 1.  0.  0.  0.9 1.1],0.146500363945961
6,310,[0.6 0.  0.1 1.  0.  0.  0.9 1.1],0.14661330729722977
6,311,[0.6 0.  0.1 1.  0.  0.  0.9 1.1],0.14666586369276047
6,312,[1.1 0.1 0.1 1.  0.  0.  0.9 0.6],0.1471274420619011
6,313,[1.1 0.1 0.1 1.  0.  0.  0.9 0.6],0.147150918841362
6,314,[1.1 0.1 0.1 1.  0.  0.  0.9 0.6],0.1471620351076126
6,315,[1.1 0.1 0.1 1.  0.  0.  0.9 0.6],0.1471811756491661
6,316,[1.1 0.1 0.1 1.  0.  0.  0.9 0.6],0.14718511700630188
6,317,[1.1 0.1 0.1 1.  0.  0.  0.9 0.6],0.14718670397996902
6,318,[1.1 0.1 0.1 1.  0.  0.  0.9 0.6],0.1472160592675209
6,319,[1.1 0.1 0.1 1.  0.  0.  0.9 0.6],0.14722253382205963
6,320,[1.1 0.1 0.1 1.  0.  0.  0.9 0.6],0.14722276479005814
6,321,[1.1 0.1 0.1 1.  0.  0.  0.9 0.6],0.1472316011786461
6,322,[1.1 0.1 0.1 1.  0.  0.  0.9 0.6],0.14725621789693832
6,323,[1.1 0.1 0.1 1.  0.  0.  0.9 0.6],0.14727646857500076
6,324,[1.1 0.1 0.1 1.  0.  0.  0.9 0.6],0.14729274064302444
6,325,[1.1 0.1 0.1 1.  0.  0.  0.9 0.6],0.14731734991073608
6,326,[1.1 0.1 0.1 1.  0.  0.  0.9 0.6],0.1473190113902092
6,327,[1.1 0.1 0.1 1.  0.  0.  0.9 0.6],0.14733972400426865
6,328,[1.1 0.1 0.1 1.  0.  0.  0.9 0.6],0.14734823256731033
6,329,[1.1 0.1 0.1 1.  0.  0.  0.9 0.6],0.1473694071173668
6,330,[1.1 0.1 0.1 1.  0.  0.  0.9 0.6],0.1473945528268814
6,331,[1.1 0.1 0.1 1.  0.  0.  0.9 0.6],0.1474049687385559
6,332,[1.1 0.1 0.1 1.  0.  0.  0.9 0.6],0.14741476625204086
6,333,[1.1 0.1 0.1 1.  0.  0.  0.9 0.6],0.14745495468378067
6,334,[1.1 0.1 0.1 1.  0.  0.  0.9 0.6],0.14745817333459854
6,335,[1.1 0.1 0.1 1.  0.  0.  0.9 0.6],0.1475100964307785
6,336,[1.1 0.1 0.1 1.  0.  0.  0.9 0.6],0.147600919008255
6,337,[1.1 0.1 0.2 1.  0.  0.  0.7 1.3],0.14883539080619812
6,338,[1.1 0.1 0.2 1.  0.  0.  0.7 1.3],0.14888333529233932
6,339,[1.1 0.1 0.2 1.  0.  0.  0.7 1.3],0.14891617745161057
6,340,[1.1 0.1 0.2 1.  0.  0.  0.7 1.3],0.14892570674419403
6,341,[1.3 0.1 0.1 1.  0.  0.  0.7 0.2],0.14894197136163712
6,342,[1.1 0.1 0.2 1.  0.  0.  0.7 1.3],0.14895275235176086
6,343,[1.1 0.1 0.2 1.  0.  0.  0.7 1.3],0.14896836876869202
6,344,[1.3 0.1 0.1 1.  0.  0.  0.7 0.2],0.1490013599395752
6,345,[1.1 0.1 0.2 1.  0.  0.  0.7 1.3],0.14902640134096146
6,346,[1.1 0.1 0.2 1.  0.  0.  0.7 1.3],0.14902913570404053
6,347,[1.3 0.1 0.1 1.  0.  0.  0.7 0.2],0.14903464168310165
6,348,[1.3 0.1 0.1 1.  0.  0.  0.7 0.2],0.14903592318296432
6,349,[1.1 0.1 0.2 1.  0.  0.  0.7 1.3],0.1490427330136299
6,350,[1.3 0.1 0.1 1.  0.  0.  0.7 0.2],0.1490550860762596
6,351,[1.3 0.1 0.1 1.  0.  0.  0.7 0.2],0.1490599811077118
6,352,[1.3 0.1 0.1 1.  0.  0.  0.7 0.2],0.14908237010240555
6,353,[1.3 0.1 0.1 1.  0.  0.  0.7 0.2],0.14908527582883835
6,354,[1.3 0.1 0.1 1.  0.  0.  0.7 0.2],0.1490856409072876
6,355,[1.3 0.1 0.1 1.  0.  0.  0.7 0.2],0.14911309629678726
6,356,[1.3 0.1 0.1 1.  0.  0.  0.7 0.2],0.14911841601133347
6,357,[1.3 0.1 0.1 1.  0.  0.  0.7 0.2],0.14914479851722717
6,358,[1.3 0.1 0.1 1.  0.  0.  0.7 0.2],0.14916407316923141
6,359,[1.3 0.1 0.1 1.  0.  0.  0.7 0.2],0.14917882531881332
6,360,[1.3 0.1 0.1 1.  0.  0.  0.7 0.2],0.14919684082269669
6,361,[1.3 0.1 0.1 1.  0.  0.  0.7 0.2],0.14919684827327728
6,362,[1.3 0.1 0.1 1.  0.  0.  0.7 0.2],0.14920290559530258
6,363,[1.3 0.1 0.1 1.  0.  0.  0.7 0.2],0.1492057889699936
6,364,[1.3 0.1 0.1 1.  0.  0.  0.7 0.2],0.1492125168442726
6,365,[1.3 0.1 0.1 1.  0.  0.  0.7 0.2],0.14921937137842178
6,366,[1.3 0.1 0.1 1.  0.  0.  0.7 0.2],0.14922185242176056
6,367,[1.3 0.1 0.1 1.  0.  0.  0.7 0.2],0.14922472834587097
6,368,[1.3 0.1 0.1 1.  0.  0.  0.7 0.2],0.1492260843515396
6,369,[1.3 0.1 0.1 1.  0.  0.  0.7 0.2],0.1492563784122467
6,370,[1.3 0.1 0.1 1.  0.  0.  0.7 0.2],0.1492658033967018
6,371,[1.3 0.1 0.1 1.  0.  0.  0.7 0.2],0.1493617221713066
6,372,[1.1 0.1 0.1 1.  0.  0.  0.7 0.2],0.1494763195514679
6,373,[1.1 0.1 0.1 1.  0.  0.  0.7 0.2],0.14947990328073502
6,374,[1.1 0.1 0.1 1.  0.  0.  0.7 0.2],0.1495441272854805
6,375,[1.1 0.1 0.1 1.  0.  0.  0.7 0.2],0.14954683184623718
6,376,[1.1 0.1 0.1 1.  0.  0.  0.7 0.2],0.14955904334783554
6,377,[1.1 0.1 0.1 1.  0.  0.  0.7 0.2],0.1495603397488594
6,378,[1.1 0.1 0.1 1.  0.  0.  0.7 0.2],0.1495700404047966
6,379,[1.1 0.1 0.1 1.  0.  0.  0.7 0.2],0.14957065880298615
6,380,[1.1 0.1 0.1 1.  0.  0.  0.7 0.2],0.1495729759335518
6,381,[1.1 0.1 0.1 1.  0.  0.  0.7 0.2],0.14957613497972488
6,382,[1.1 0.1 0.1 1.  0.  0.  0.7 0.2],0.1495770961046219
6,383,[1.1 0.1 0.1 1.  0.  0.  0.7 0.2],0.1495826244354248
6,384,[1.1 0.1 0.1 1.  0.  0.  0.7 0.2],0.1496111825108528
6,385,[1.1 0.1 0.1 1.  0.  0.  0.7 0.2],0.14961551129817963
6,386,[1.1 0.1 0.1 1.  0.  0.  0.7 0.2],0.14961979538202286
6,387,[1.1 0.1 0.1 1.  0.  0.  0.7 0.2],0.1496201530098915
6,388,[1.1 0.1 0.1 1.  0.  0.  0.7 0.2],0.14962083846330643
6,389,[1.1 0.1 0.1 1.  0.  0.  0.7 0.2],0.1496228650212288
6,390,[1.1 0.1 0.1 1.  0.  0.  0.7 0.2],0.14962291717529297
6,391,[1.1 0.1 0.1 1.  0.  0.  0.7 0.2],0.14962445199489594
6,392,[1.1 0.1 0.1 1.  0.  0.  0.7 0.2],0.14962966740131378
6,393,[1.1 0.1 0.1 1.  0.  0.  0.7 0.2],0.14963198453187943
6,394,[1.1 0.1 0.1 1.  0.  0.  0.7 0.2],0.14964609593153
6,395,[1.1 0.1 0.1 1.  0.  0.  0.7 0.2],0.14964823424816132
6,396,[1.1 0.1 0.1 1.  0.  0.  0.7 0.2],0.1496514081954956
6,397,[1.1 0.1 0.1 1.  0.  0.  0.7 0.2],0.14965765923261642
6,398,[1.1 0.1 0.1 1.  0.  0.  0.7 0.2],0.14966797828674316
6,399,[1.1 0.1 0.1 1.  0.  0.  0.7 0.2],0.14968029409646988
6,400,[1.1 0.1 0.1 1.  0.  0.  0.7 0.2],0.14968100935220718
6,401,[1.1 0.1 0.1 1.  0.  0.  0.7 0.2],0.14968235045671463
6,402,[1.1 0.1 0.1 1.  0.  0.  0.7 0.2],0.14968238770961761
6,403,[1.1 0.1 0.1 1.  0.  0.  0.7 0.2],0.14968544989824295
6,404,[1.1 0.1 0.1 1.  0.  0.  0.7 0.2],0.14968623220920563
6,405,[1.1 0.1 0.1 1.  0.  0.  0.7 0.2],0.14968834817409515
6,406,[1.1 0.1 0.1 1.  0.  0.  0.7 0.2],0.1496894583106041
6,407,[1.1 0.1 0.1 1.  0.  0.  0.7 0.2],0.1496920883655548
6,408,[1.1 0.1 0.1 1.  0.  0.  0.7 0.2],0.14969228953123093
6,409,[1.1 0.1 0.1 1.  0.  0.  0.7 0.2],0.1496976688504219
6,410,[1.1 0.1 0.1 1.  0.  0.  0.7 0.2],0.1497034654021263
6,411,[1.1 0.1 0.1 1.  0.  0.  0.7 0.2],0.14970563352108002
6,412,[1.1 0.1 0.1 1.  0.  0.  0.7 0.2],0.14970791339874268
6,413,[1.1 0.1 0.1 1.  0.  0.  0.7 0.2],0.14970940351486206
6,414,[1.1 0.1 0.1 1.  0.  0.  0.7 0.2],0.1497107744216919
6,415,[1.1 0.1 0.1 1.  0.  0.  0.7 0.2],0.14971090108156204
6,416,[1.1 0.1 0.1 1.  0.  0.  0.7 0.2],0.14971508085727692
6,417,[1.1 0.1 0.1 1.  0.  0.  0.7 0.2],0.14971794188022614
6,418,[1.1 0.1 0.1 1.  0.  0.  0.7 0.2],0.14971846342086792
6,419,[1.1 0.1 0.1 1.  0.  0.  0.7 0.2],0.14972379803657532
6,420,[1.1 0.1 0.1 1.  0.  0.  0.7 0.2],0.14972954988479614
6,421,[1.1 0.1 0.1 1.  0.  0.  0.7 0.2],0.14973177760839462
6,422,[1.1 0.1 0.1 1.  0.  0.  0.7 0.2],0.14973284304141998
6,423,[1.1 0.1 0.1 1.  0.  0.  0.7 0.2],0.14973416179418564
6,424,[1.1 0.1 0.1 1.  0.  0.  0.7 0.2],0.14973510056734085
6,425,[1.1 0.1 0.1 1.  0.  0.  0.7 0.2],0.1497364640235901
6,426,[1.1 0.1 0.1 1.  0.  0.  0.7 0.2],0.1497369334101677
6,427,[1.1 0.1 0.1 1.  0.  0.  0.7 0.2],0.14973865449428558
6,428,[1.1 0.1 0.1 1.  0.  0.  0.7 0.2],0.14973880350589752
6,429,[1.1 0.1 0.1 1.  0.  0.  0.7 0.2],0.14973949640989304
6,430,[1.1 0.1 0.1 1.  0.  0.  0.7 0.2],0.14974085241556168
6,431,[1.1 0.1 0.1 1.  0.  0.  0.7 0.2],0.1497412845492363
6,432,[1.1 0.1 0.1 1.  0.  0.  0.7 0.2],0.14974790811538696
6,433,[1.1 0.1 0.1 1.  0.  0.  0.7 0.2],0.149750255048275
6,434,[1.1 0.1 0.1 1.  0.  0.  0.7 0.2],0.14975030720233917
6,435,[1.1 0.1 0.1 1.  0.  0.  0.7 0.2],0.14975576102733612
6,436,[1.1 0.1 0.1 1.  0.  0.  0.7 0.2],0.1497621387243271
6,437,[1.1 0.1 0.1 1.  0.  0.  0.7 0.2],0.1497635692358017
6,438,[1.1 0.1 0.1 1.  0.  0.  0.7 0.2],0.1497645080089569
6,439,[1.1 0.1 0.1 1.  0.  0.  0.7 0.2],0.14976698905229568
6,440,[1.1 0.1 0.1 1.  0.  0.  0.7 0.2],0.14977513998746872
6,441,[1.1 0.1 0.1 1.  0.  0.  0.7 0.2],0.14978335797786713
6,442,[1.1 0.1 0.1 1.  0.  0.  0.7 0.2],0.14978499710559845
6,443,[1.1 0.1 0.1 1.  0.  0.  0.7 0.2],0.14979083836078644
6,444,[1.1 0.1 0.1 1.  0.  0.  0.7 0.2],0.14979257434606552
6,445,[1.1 0.1 0.1 1.  0.  0.  0.7 0.2],0.14979508519172668
6,446,[1.1 0.1 0.1 1.  0.  0.  0.7 0.2],0.1497977450489998
6,447,[1.1 0.1 0.1 1.  0.  0.  0.7 0.2],0.1497984677553177
6,448,[1.1 0.1 0.1 1.  0.  0.  0.7 0.2],0.14980587363243103
6,449,[1.1 0.1 0.1 1.  0.  0.  0.7 0.2],0.14982346445322037
6,450,[1.1 0.1 0.1 1.  0.  0.  0.7 0.2],0.14982541650533676
6,451,[1.1 0.1 0.1 1.  0.  0.  0.7 0.2],0.14983680844306946
6,452,[1.1 0.1 0.1 1.  0.  0.  0.7 0.2],0.14985238015651703
6,453,[1.1 0.1 0.1 1.  0.  0.  0.7 0.2],0.14986559003591537
6,454,[1.1 0.1 0.1 1.  0.  0.  0.7 0.2],0.1498989760875702
6,455,[1.1 0.1 0.1 1.  0.  0.  0.7 0.2],0.14990779012441635
6,456,[1.1 0.1 0.1 1.  0.  0.  0.7 0.2],0.1499655693769455
6,457,[1.1 0.1 0.1 1.  0.  0.  0.7 0.2],0.14996793866157532
6,458,[1.1 0.1 0.2 1.  0.  0.  0.4 0.2],0.1535986065864563
6,459,[1.1 0.1 0.2 1.  0.  0.  0.4 0.2],0.1537056267261505
6,460,[1.1 0.1 0.2 1.  0.  0.  0.4 0.2],0.15375028550624847
6,461,[1.1 0.1 0.2 1.  0.  0.  0.4 0.2],0.15375708788633347
6,462,[1.1 0.1 0.2 1.  0.  0.  0.4 0.2],0.15378286689519882
6,463,[1.1 0.1 0.2 1.  0.  0.  0.4 0.2],0.15379970520734787
6,464,[1.1 0.1 0.2 1.  0.  0.  0.4 0.2],0.1538734808564186
6,465,[0.2 0.  0.1 1.1 0.  0.  0.9 0.2],0.15422987937927246
6,466,[0.2 0.  0.1 1.1 0.  0.  0.9 0.2],0.15427876263856888
6,467,[1.1 0.  0.  1.  0.  0.  0.7 0.3],0.157067209482193
6,468,[1.1 0.  0.  1.  0.  0.  0.7 0.3],0.1572095900774002
6,469,[1.1 0.  0.  1.  0.  0.  0.7 0.3],0.1572474166750908
6,470,[1.1 0.  0.  1.  0.  0.  0.7 0.3],0.1572561115026474
6,471,[1.1 0.  0.  1.  0.  0.  0.7 0.3],0.15728355944156647
6,472,[1.1 0.  0.  1.  0.  0.  0.7 0.3],0.15729224681854248
6,473,[1.1 0.  0.  1.  0.  0.  0.7 0.3],0.15729345381259918
6,474,[1.1 0.  0.  1.  0.  0.  0.7 0.3],0.1573212966322899
6,475,[1.1 0.  0.  1.  0.  0.  0.7 0.3],0.15732765942811966
6,476,[1.1 0.  0.  1.  0.  0.  0.7 0.3],0.1573295071721077
6,477,[1.1 0.  0.  1.  0.  0.  0.7 0.3],0.1573437750339508
6,478,[1.1 0.  0.  1.  0.  0.  0.7 0.3],0.1573708951473236
6,479,[1.1 0.  0.  1.  0.  0.  0.7 0.3],0.15739067643880844
6,480,[1.1 0.  0.  1.  0.  0.  0.7 0.3],0.157399982213974
6,481,[1.1 0.  0.  1.  0.  0.  0.7 0.3],0.15741385519504547
6,482,[1.1 0.  0.  1.  0.  0.  0.7 0.3],0.157419852912426
6,483,[1.1 0.  0.  1.  0.  0.  0.7 0.3],0.15743067860603333
6,484,[1.1 0.  0.  1.  0.  0.  0.7 0.3],0.15743689984083176
6,485,[0.9 0.1 0.2 1.  0.  0.  0.4 1.3],0.15745329856872559
6,486,[0.9 0.1 0.2 1.  0.  0.  0.4 1.3],0.15749573707580566
6,487,[0.9 0.1 0.2 1.  0.  0.  0.4 1.3],0.15754885971546173
6,488,[0.9 0.1 0.2 1.  0.  0.  0.4 1.3],0.1575961858034134
6,489,[0.9 0.1 0.2 1.  0.  0.  0.4 1.3],0.1576319932937622
6,490,[0.9 0.1 0.2 1.  0.  0.  0.4 1.3],0.1576390117406845
6,491,[0.9 0.1 0.2 1.  0.  0.  0.4 1.3],0.15770995616912842
6,492,[1.3 0.1 0.  0.8 0.  0.  0.8 0.2],0.15772762149572372
6,493,[0.9 0.1 0.2 1.  0.  0.  0.4 1.3],0.15775439888238907
6,494,[1.3 0.1 0.  0.8 0.  0.  0.8 0.2],0.15779706090688705
6,495,[1.3 0.1 0.  0.8 0.  0.  0.8 0.2],0.15783127397298813
6,496,[1.3 0.1 0.  0.8 0.  0.  0.8 0.2],0.15784313529729843
6,497,[1.3 0.1 0.  0.8 0.  0.  0.8 0.2],0.15784835070371628
6,498,[1.3 0.1 0.  0.8 0.  0.  0.8 0.2],0.15784931927919388
6,499,[1.3 0.1 0.  0.8 0.  0.  0.8 0.2],0.1578906998038292
6,500,[1.3 0.1 0.  0.8 0.  0.  0.8 0.2],0.15789949148893356
6,501,[1.3 0.1 0.  0.8 0.  0.  0.8 0.2],0.15791162848472595
6,502,[1.3 0.1 0.  0.8 0.  0.  0.8 0.2],0.15800164639949799
6,503,[1.3 0.1 0.  0.8 0.  0.  0.8 0.2],0.15807124972343445
6,504,[1.1 0.1 0.1 0.6 0.  0.  1.1 0.5],0.1609669104218483
6,505,[1.1 0.1 0.1 0.6 0.  0.  1.1 0.5],0.16101954877376556
6,506,[1.1 0.  0.1 1.  0.  0.1 0.9 0.4],0.16196859627962112
6,507,[1.1 0.  0.1 1.  0.  0.1 0.9 0.4],0.16203363984823227
6,508,[1.1 0.  0.1 1.  0.  0.1 0.9 0.4],0.16206888109445572
6,509,[1.1 0.  0.1 1.  0.  0.1 0.9 0.4],0.16211368143558502
6,510,[1.1 0.  0.1 1.  0.  0.1 0.9 0.4],0.16218779981136322
6,511,[1.1 0.  0.1 1.  0.  0.1 0.9 0.4],0.16219502687454224
6,512,[1.1 0.  0.1 1.  0.  0.1 0.9 0.4],0.16221457719802856
6,513,[1.1 0.  0.1 1.  0.  0.1 0.9 0.4],0.16225775331258774
6,514,[1.1 0.5 0.1 1.  0.  0.  0.7 0.2],0.16540070623159409
6,515,[0.9 0.4 0.  1.  0.  0.  0.6 1.2],0.1737971380352974
6,516,[0.9 0.4 0.  1.  0.  0.  0.6 1.2],0.1738046333193779
6,517,[0.9 0.4 0.  1.  0.  0.  0.6 1.2],0.17382030934095383
6,518,[0.9 0.4 0.  1.  0.  0.  0.6 1.2],0.17382850497961044
6,519,[0.9 0.4 0.  1.  0.  0.  0.6 1.2],0.17386199533939362
6,520,[0.9 0.4 0.  1.  0.  0.  0.6 1.2],0.17387795448303223
6,521,[0.9 0.4 0.  1.  0.  0.  0.6 1.2],0.17388605326414108
6,522,[0.9 0.4 0.  1.  0.  0.  0.6 1.2],0.17389769107103348
6,523,[0.9 0.4 0.  1.  0.  0.  0.6 1.2],0.17390888929367065
6,524,[0.9 0.4 0.  1.  0.  0.  0.6 1.2],0.1739131659269333
6,525,[0.9 0.4 0.  1.  0.  0.  0.6 1.2],0.17391387373209
6,526,[0.9 0.4 0.  1.  0.  0.  0.6 1.2],0.17394284158945084
6,527,[0.9 0.4 0.  1.  0.  0.  0.6 1.2],0.1739455908536911
6,528,[0.9 0.4 0.  1.  0.  0.  0.6 1.2],0.17400652170181274
6,529,[1.1 0.1 0.1 0.5 0.  0.  0.9 0.2],0.18158262968063354
6,530,[1.1 0.1 0.1 0.5 0.  0.  0.9 0.2],0.18171367049217224
6,531,[1.1 0.4 0.1 0.2 0.  0.  0.7 0.2],0.18171991407871246
6,532,[1.1 0.1 0.1 0.5 0.  0.  0.9 0.2],0.18173424154520035
6,533,[1.1 0.1 0.1 0.5 0.  0.  0.9 0.2],0.1817483752965927
6,534,[1.1 0.1 0.1 0.5 0.  0.  0.9 0.2],0.18177297711372375
6,535,[1.1 0.1 0.1 0.5 0.  0.  0.9 0.2],0.1817905455827713
6,536,[0.3 0.7 0.3 0.8 0.  0.  0.3 0.1],0.20720326155424118
6,537,[0.3 0.7 0.3 0.8 0.  0.  0.3 0.1],0.20725522935390472
6,538,[0.3 0.7 0.3 0.8 0.  0.  0.3 0.1],0.2073943316936493
6,539,[1.1 0.  0.1 1.  0.  0.3 0.9 0.6],0.21749645471572876
6,540,[1.1 0.  0.1 1.  0.  0.3 0.9 0.6],0.21750685572624207
6,541,[1.1 0.  0.1 1.  0.  0.3 0.9 0.6],0.21755564212799072
6,542,[1.1 0.  0.1 1.  0.  0.3 0.9 0.6],0.21760089695453644
6,543,[1.1 0.  0.1 1.  0.  0.3 0.9 0.6],0.2176389992237091
6,544,[1.1 0.  0.1 1.  0.  0.3 0.9 0.6],0.21764254570007324
6,545,[1.1 0.  0.1 1.  0.  0.3 0.9 0.6],0.2177196368575096
6,546,[1.1 0.  0.1 1.  0.  0.3 0.9 0.6],0.21773826330900192
6,547,[1.1 0.  0.1 1.  0.  0.3 0.9 0.6],0.21775758266448975
6,548,[0.5 0.  0.1 0.3 0.  0.3 0.9 0.2],0.21944842487573624
6,549,[1.1 0.1 0.2 1.  0.  0.4 0.8 1.3],0.2451895847916603
6,550,[1.1 0.1 0.2 1.  0.  0.4 0.8 1.3],0.2452569529414177
6,551,[1.1 0.1 0.2 1.  0.  0.4 0.8 1.3],0.24526020139455795
6,552,[1.1 0.1 0.2 1.  0.  0.4 0.8 1.3],0.24526415020227432
6,553,[1.1 0.1 0.2 1.  0.  0.4 0.8 1.3],0.24531472474336624
6,554,[1.1 0.1 0.2 1.  0.  0.4 0.8 1.3],0.24535160511732101
6,555,[1.1 0.1 0.2 1.  0.  0.4 0.8 1.3],0.2454269528388977
6,556,[1.1 0.1 0.2 1.  0.  0.4 0.8 1.3],0.24549566954374313
6,557,[1.1 0.1 0.2 1.  0.  0.4 0.8 1.3],0.24553803354501724
6,558,[1.1 0.1 0.2 1.  0.  0.4 0.8 1.3],0.24557838588953018
6,559,[1.1 1.1 0.  0.7 1.3 0.1 0.1 1.3],0.2526431158185005
6,560,[1.1 0.4 0.1 0.2 0.  0.  0.7 0.2],0.30947060883045197
6,561,[1.1 0.4 0.1 0.2 0.  0.  0.7 0.2],0.30949240922927856
6,562,[1.1 0.4 0.1 0.2 0.  0.  0.7 0.2],0.3095053434371948
6,563,[1.1 0.4 0.1 0.2 0.  0.  0.7 0.2],0.30950795114040375
6,564,[1.1 0.4 0.1 0.2 0.  0.  0.7 0.2],0.3095194846391678
6,565,[1.1 0.4 0.1 0.2 0.  0.  0.7 0.2],0.30952534079551697
6,566,[1.1 0.4 0.1 0.2 0.  0.  0.7 0.2],0.309533029794693
6,567,[1.1 0.4 0.1 0.2 0.  0.  0.7 0.2],0.30953335762023926
6,568,[1.1 0.4 0.1 0.2 0.  0.  0.7 0.2],0.309536337852478
6,569,[1.1 0.4 0.1 0.2 0.  0.  0.7 0.2],0.30954042077064514
6,570,[1.1 0.4 0.1 0.2 0.  0.  0.7 0.2],0.30954864621162415
6,571,[1.1 0.4 0.1 0.2 0.  0.  0.7 0.2],0.309548944234848
6,572,[1.1 0.4 0.1 0.2 0.  0.  0.7 0.2],0.30955156683921814
6,573,[1.1 0.4 0.1 0.2 0.  0.  0.7 0.2],0.3095529228448868
6,574,[1.1 0.4 0.1 0.2 0.  0.  0.7 0.2],0.30955561995506287
6,575,[1.1 0.4 0.1 0.2 0.  0.  0.7 0.2],0.30955788493156433
6,576,[1.1 0.4 0.1 0.2 0.  0.  0.7 0.2],0.3095763623714447
6,577,[1.1 0.4 0.1 0.2 0.  0.  0.7 0.2],0.3095772862434387
6,578,[1.1 0.4 0.1 0.2 0.  0.  0.7 0.2],0.3095810264348984
6,579,[1.1 0.4 0.1 0.2 0.  0.  0.7 0.2],0.3095870167016983
6,580,[1.1 0.4 0.1 0.2 0.  0.  0.7 0.2],0.30959172546863556
6,581,[1.1 0.4 0.1 0.2 0.  0.  0.7 0.2],0.30959567427635193
6,582,[1.1 0.4 0.1 0.2 0.  0.  0.7 0.2],0.30959926545619965
6,583,[1.1 0.4 0.1 0.2 0.  0.  0.7 0.2],0.30962222814559937
6,584,[1.1 0.4 0.1 0.2 0.  0.  0.7 0.2],0.3096243739128113
6,585,[1.1 0.4 0.1 0.2 0.  0.  0.7 0.2],0.30962473154067993
6,586,[1.1 0.4 0.1 0.2 0.  0.  0.7 0.2],0.30963370203971863
6,587,[1.1 0.4 0.1 0.2 0.  0.  0.7 0.2],0.3096431940793991
6,588,[1.1 0.4 0.1 0.2 0.  0.  0.7 0.2],0.30964750051498413
6,589,[1.1 0.4 0.1 0.2 0.  0.  0.7 0.2],0.3096521198749542
6,590,[1.1 0.4 0.1 0.2 0.  0.  0.7 0.2],0.3096906840801239
6,591,[1.1 0.4 0.1 0.2 0.  0.  0.7 0.2],0.30969662964344025
6,592,[1.1 0.4 0.1 0.2 0.  0.  0.7 0.2],0.30970340967178345
6,593,[1.1 0.4 0.1 0.2 0.  0.  0.7 0.2],0.309705525636673
6,594,[1.1 0.4 0.1 0.2 0.  0.  0.7 0.2],0.3097785860300064
6,595,[1.1 0.4 0.1 0.2 0.  0.  0.7 0.2],0.3098004162311554
6,596,[1.1 0.4 0.1 0.2 0.  0.  0.7 0.2],0.3098069280385971
6,597,[0.5 0.  0.1 0.3 0.  0.3 0.9 0.2],0.31706151366233826
6,598,[0.5 0.  0.1 0.3 0.  0.3 0.9 0.2],0.3171281963586807
6,599,[0.5 0.  0.1 0.3 0.  0.3 0.9 0.2],0.3171331137418747
6,600,[0.5 0.  0.1 0.3 0.  0.3 0.9 0.2],0.3171349912881851
6,601,[0.5 0.  0.1 0.3 0.  0.3 0.9 0.2],0.3171873390674591
6,602,[0.5 0.  0.1 0.3 0.  0.3 0.9 0.2],0.3172343075275421
6,603,[1.1 0.  0.1 0.8 0.  0.6 0.9 0.2],0.35025037825107574
6,604,[1.1 0.  0.1 0.8 0.  0.6 0.9 0.2],0.3503483533859253
6,605,[1.1 0.9 0.9 1.  0.  0.  0.7 1.3],0.38360370695590973
6,606,[1.1 0.9 0.9 1.  0.  0.  0.7 1.3],0.3836392015218735
6,607,[1.1 0.9 0.9 1.  0.  0.  0.7 1.3],0.3837491422891617
6,608,[1.1 0.9 0.9 1.  0.  0.  0.7 1.3],0.3837876170873642
6,609,[1.1 0.9 0.9 1.  0.  0.  0.7 1.3],0.3838302344083786
6,610,[1.1 0.9 0.9 1.  0.  0.  0.7 1.3],0.38385234773159027
6,611,[1.1 0.9 0.9 1.  0.  0.  0.7 1.3],0.3838687092065811
6,612,[1.1 0.9 0.9 1.  0.  0.  0.7 1.3],0.38389579951763153
6,613,[1.3 0.1 1.1 1.  0.  0.  0.7 0.3],0.4075133800506592
6,614,[0.2 0.1 0.1 1.  0.6 0.  0.3 1.3],0.48574309051036835
6,615,[0.2 0.1 0.1 1.  0.6 0.  0.3 1.3],0.4857509732246399
6,616,[0.2 0.1 0.1 1.  0.6 0.  0.3 1.3],0.4857616722583771
6,617,[0.2 0.1 0.1 1.  0.6 0.  0.3 1.3],0.4859504997730255
6,618,[0.2 0.1 0.1 1.  0.6 0.  0.3 1.3],0.48596833646297455
6,619,[0.2 0.1 0.1 1.  0.6 0.  0.3 1.3],0.48599773645401
6,620,[0.2 0.1 0.1 1.  0.6 0.  0.3 1.3],0.4860095977783203
6,621,[0.2 0.1 0.1 1.  0.6 0.  0.3 1.3],0.48605044186115265
6,622,[0.2 0.1 0.1 1.  0.6 0.  0.3 1.3],0.4860575795173645
6,623,[0.2 0.1 0.1 1.  0.6 0.  0.3 1.3],0.48607683181762695
6,624,[0.2 0.1 0.1 1.  0.6 0.  0.3 1.3],0.4860915243625641
6,625,[0.2 0.1 0.1 1.  0.6 0.  0.3 1.3],0.48619309067726135
6,626,[0.2 0.1 0.1 1.  0.6 0.  0.3 1.3],0.4863085597753525
6,627,[0.2 0.1 0.1 1.  0.6 0.  0.3 1.3],0.48634812235832214
6,628,[0.2 0.1 0.1 1.  0.6 0.  0.3 1.3],0.4863494783639908
6,629,[0.2 0.1 0.1 1.  0.6 0.  0.3 1.3],0.48636218905448914
6,630,[0.2 0.1 0.1 1.  0.6 0.  0.3 1.3],0.48637205362319946
6,631,[0.2 0.1 0.1 1.  0.6 0.  0.3 1.3],0.4863855093717575
6,632,[0.2 0.1 0.1 1.  0.6 0.  0.3 1.3],0.4865395277738571
6,633,[0.2 0.1 0.1 1.  0.6 0.  0.3 1.3],0.4866078346967697
6,634,[1.1 0.9 0.8 0.5 0.3 0.  1.2 0.2],0.5251214355230331
6,635,[1.1 0.9 0.8 0.5 0.3 0.  1.2 0.2],0.5252449959516525
6,636,[1.1 0.9 0.8 0.5 0.3 0.  1.2 0.2],0.5252493023872375
6,637,[1.1 0.9 0.8 0.5 0.3 0.  1.2 0.2],0.5252602398395538
6,638,[1.1 0.9 0.8 0.5 0.3 0.  1.2 0.2],0.5252713263034821
6,639,[1.1 0.9 0.8 0.5 0.3 0.  1.2 0.2],0.5252928733825684
6,640,[1.1 0.9 0.8 0.5 0.3 0.  1.2 0.2],0.5253147184848785
6,641,[1.1 0.9 0.8 0.5 0.3 0.  1.2 0.2],0.5253384411334991
6,642,[1.1 0.9 0.8 0.5 0.3 0.  1.2 0.2],0.5254135429859161
6,643,[1.1 0.9 0.8 0.5 0.3 0.  1.2 0.2],0.5254420638084412
6,644,[1.1 0.9 0.8 0.5 0.3 0.  1.2 0.2],0.5254446417093277
6,645,[1.1 0.9 0.8 0.5 0.3 0.  1.2 0.2],0.5254655927419662
6,646,[1.1 0.9 0.8 0.5 0.3 0.  1.2 0.2],0.5255101770162582
6,647,[1.1 0.9 0.8 0.5 0.3 0.  1.2 0.2],0.5255379229784012
6,648,[0.2 0.1 0.1 1.  0.6 0.  0.3 1.3],0.5604440569877625
6,649,[0.3 0.7 1.2 0.8 0.  0.5 1.3 0.9],0.5699771046638489
6,650,[0.3 0.7 1.2 0.8 0.  0.5 1.3 0.9],0.570031076669693
6,651,[0.3 0.7 1.2 0.8 0.  0.5 1.3 0.9],0.5700817406177521
6,652,[0.3 0.7 1.2 0.8 0.  0.5 1.3 0.9],0.5701242387294769
6,653,[0.3 0.7 1.2 0.8 0.  0.5 1.3 0.9],0.5701391994953156
6,654,[0.3 0.7 1.2 0.8 0.  0.5 1.3 0.9],0.5701628029346466
6,655,[0.3 0.7 1.2 0.8 0.  0.5 1.3 0.9],0.5701658725738525
6,656,[0.3 0.7 1.2 0.8 0.  0.5 1.3 0.9],0.5701780617237091
6,657,[0.3 0.7 1.2 0.8 0.  0.5 1.3 0.9],0.5702278912067413
6,658,[0.3 0.7 1.2 0.8 0.  0.5 1.3 0.9],0.5702802240848541
6,659,[0.3 0.7 1.2 0.8 0.  0.5 1.3 0.9],0.570329874753952
6,660,[0.3 0.7 1.2 0.8 0.  0.5 1.3 0.9],0.5704067647457123
6,661,[0.3 0.7 1.2 0.8 0.  0.5 1.3 0.9],0.5760582387447357
6,662,[1.1 0.  0.1 1.  0.  1.  0.9 0.2],0.6131935715675354
6,663,[1.1 0.  0.1 1.  0.  1.  0.9 0.2],0.6132428348064423
6,664,[1.1 0.  0.1 1.  0.  1.  0.9 0.2],0.6134544014930725
6,665,[1.1 0.  0.1 1.  0.  1.  0.9 0.2],0.6134713590145111
6,666,[1.1 0.  0.1 1.  0.  1.  0.9 0.2],0.6136177480220795
6,667,[1.1 0.  0.1 1.  0.  1.  0.9 0.2],0.6136807203292847
6,668,[1.1 0.  0.1 1.  0.  1.  0.9 0.2],0.6138184666633606
6,669,[1.  0.1 0.1 1.  0.  1.1 0.7 0.2],0.6895551085472107
6,670,[1.  0.1 0.1 1.  0.  1.1 0.7 0.2],0.6895663440227509
6,671,[1.  0.1 0.1 1.  0.  1.1 0.7 0.2],0.6896359026432037
6,672,[1.  0.1 0.1 1.  0.  1.1 0.7 0.2],0.6897293329238892
6,673,[1.  0.1 0.1 1.  0.  1.1 0.7 0.2],0.6897968947887421
6,674,[1.  0.1 0.1 1.  0.  1.1 0.7 0.2],0.6898578107357025
6,675,[1.  0.1 0.1 1.  0.  1.1 0.7 0.2],0.6899335980415344
6,676,[1.  0.1 0.1 1.  0.  1.1 0.7 0.2],0.6900451183319092
6,677,[1.  0.1 0.1 1.  0.  1.1 0.7 0.2],0.6901377141475677
6,678,[1.  0.1 0.1 1.  0.  1.1 0.7 0.2],0.6901803612709045
6,679,[0.9 0.  0.1 1.  0.  1.1 0.9 0.2],0.6954104900360107
6,680,[1.1 0.1 0.1 1.3 1.  0.  1.2 0.2],0.7431609034538269
6,681,[1.1 0.1 0.1 1.3 1.  0.  1.2 0.2],0.7440880835056305
6,682,[1.1 0.1 0.1 1.3 1.  0.  1.2 0.2],0.7442389726638794
6,683,[1.1 0.1 0.1 1.3 1.  0.  1.2 0.2],0.744421660900116
6,684,[0.  0.4 0.1 0.3 1.1 0.8 0.7 0.2],0.8307840526103973
6,685,[1.3 0.3 1.3 1.2 1.3 1.  0.7 0.7],0.8316432535648346
6,686,[1.1 0.1 0.1 1.  1.1 0.  0.8 0.2],0.8588707149028778
6,687,[1.1 0.1 0.1 1.  1.1 0.  0.7 0.3],0.8653692305088043
6,688,[1.1 0.1 0.1 1.  1.1 0.  0.7 0.3],0.8654738962650299
6,689,[1.1 0.1 0.1 1.  1.1 0.  0.7 0.3],0.8656354248523712
6,690,[1.1 0.1 0.1 1.  1.1 0.  0.7 0.3],0.8657035231590271
6,691,[1.1 0.1 0.1 1.  1.1 0.  0.7 0.3],0.8657090365886688
6,692,[1.1 0.1 0.1 1.  1.1 0.  0.7 0.3],0.8658549785614014
6,693,[1.1 0.1 0.1 1.  1.1 0.  0.7 0.3],0.8661887347698212
6,694,[1.1 0.1 0.1 1.  1.1 0.  0.7 0.3],0.8662926554679871
6,695,[1.1 0.1 0.1 1.  1.1 0.  0.7 0.3],0.8663681447505951
6,696,[1.1 0.1 0.1 1.  1.1 0.  0.7 0.3],0.8664369583129883
6,697,[0.7 0.1 0.1 0.8 1.1 0.3 0.5 0.2],0.9152995049953461
6,698,[0.2 0.1 0.6 1.  1.  0.5 0.7 1.3],0.9333647191524506
6,699,[0.2 0.1 0.6 1.  1.  0.5 0.7 1.3],0.9334673881530762
6,700,[0.2 0.1 0.6 1.  1.  0.5 0.7 1.3],0.9336427450180054
6,701,[0.2 0.1 0.6 1.  1.  0.5 0.7 1.3],0.9336798191070557
6,702,[0.2 0.1 0.6 1.  1.  0.5 0.7 1.3],0.9336948394775391
6,703,[0.2 0.1 0.6 1.  1.  0.5 0.7 1.3],0.933729350566864
6,704,[0.2 0.1 0.6 1.  1.  0.5 0.7 1.3],0.9337333738803864
6,705,[0.2 0.1 0.6 1.  1.  0.5 0.7 1.3],0.93385249376297
6,706,[0.2 0.1 0.6 1.  1.  0.5 0.7 1.3],0.9339919090270996
6,707,[0.2 0.1 0.6 1.  1.  0.5 0.7 1.3],0.9341336786746979
6,708,[0.2 0.1 0.6 1.  1.  0.5 0.7 1.3],0.9341515600681305
6,709,[0.2 0.1 0.6 1.  1.  0.5 0.7 1.3],0.9343844056129456
6,710,[0.2 0.1 0.6 1.  1.  0.5 0.7 1.3],0.9348451495170593
6,711,[1.3 0.2 0.1 0.8 1.2 0.  1.3 0.2],0.9694333374500275
6,712,[1.3 0.2 0.1 0.8 1.2 0.  1.3 0.2],0.9695601761341095
6,713,[1.3 0.2 0.1 0.8 1.2 0.  1.3 0.2],0.9697818160057068
6,714,[1.3 0.2 0.1 0.8 1.2 0.  1.3 0.2],0.9698871076107025
6,715,[1.3 0.2 0.1 0.8 1.2 0.  1.3 0.2],0.9700871109962463
6,716,[1.3 0.2 0.1 0.8 1.2 0.  1.3 0.2],0.9702685177326202
6,717,[1.3 0.2 0.1 0.8 1.2 0.  1.3 0.2],0.9706279933452606
6,718,[1.3 0.2 0.1 0.8 1.2 0.  1.3 0.2],0.9708282053470612
6,719,[1.3 0.2 0.1 0.8 1.2 0.  1.3 0.2],0.9710324108600616
6,720,[1.3 0.2 0.1 0.8 1.2 0.  1.3 0.2],0.9712262749671936
6,721,[0.7 0.1 0.1 0.8 1.1 0.3 0.5 0.2],0.9955615401268005
6,722,[0.7 0.1 0.1 0.8 1.1 0.3 0.5 0.2],0.9958169758319855
6,723,[0.7 0.1 0.1 0.8 1.1 0.3 0.5 0.2],0.9961820840835571
6,724,[0.7 0.1 0.1 0.8 1.1 0.3 0.5 0.2],0.9965193271636963
6,725,[0.7 0.1 0.1 0.8 1.1 0.3 0.5 0.2],0.9967085421085358
6,726,[0.7 0.1 0.1 0.8 1.1 0.3 0.5 0.2],0.996775209903717
6,727,[0.7 0.1 0.1 0.8 1.1 0.3 0.5 0.2],0.9971081912517548
6,728,[0.7 0.1 0.1 0.8 1.1 0.3 0.5 0.2],0.9973440170288086
6,729,[0.7 0.1 0.1 0.8 1.1 0.3 0.5 0.2],0.9973480403423309
6,730,[1.1 0.  0.1 1.  1.3 0.  0.  0.2],1.1214823722839355
6,731,[1.1 0.  0.1 1.  1.3 0.  0.  0.2],1.1216426491737366
6,732,[1.1 0.  0.1 1.  1.3 0.  0.  0.2],1.1218425631523132
6,733,[1.1 0.  0.1 1.  1.3 0.  0.  0.2],1.1218854188919067
6,734,[1.1 0.9 0.1 1.  1.3 0.  0.9 0.2],1.1223438382148743
6,735,[1.1 0.9 0.1 1.  1.3 0.  0.9 0.2],1.122383177280426
6,736,[1.1 0.9 0.1 1.  1.3 0.  0.9 0.2],1.1224100589752197
6,737,[1.1 0.9 0.1 1.  1.3 0.  0.9 0.2],1.123980313539505
6,738,[1.1 0.1 0.9 1.  1.3 0.  0.7 0.2],1.2088136076927185
6,739,[1.1 0.1 0.9 1.  1.3 0.  0.7 0.2],1.2089021801948547
6,740,[1.1 0.1 0.9 1.  1.3 0.  0.7 0.2],1.2090191841125488
6,741,[1.1 0.1 0.9 1.  1.3 0.  0.7 0.2],1.2093598246574402
6,742,[1.1 0.1 0.9 1.  1.3 0.  0.7 0.2],1.209378719329834
6,743,[1.1 0.1 0.9 1.  1.3 0.  0.7 0.2],1.209422528743744
6,744,[1.1 0.1 0.9 1.  1.3 0.  0.7 0.2],1.20966374874115
6,745,[1.1 0.1 0.9 1.  1.3 0.  0.7 0.2],1.2102116346359253
6,746,[1.1 0.1 0.9 1.  1.3 0.  0.7 0.2],1.210340678691864
6,747,[1.1 0.1 0.9 1.  1.3 0.  0.7 0.2],1.2113626599311829
6,748,[1.1 1.1 0.  0.7 1.3 0.1 0.1 1.3],1.3346180319786072
6,749,[1.1 1.1 0.  0.7 1.3 0.1 0.1 1.3],1.33467036485672
6,750,[1.1 1.1 0.  0.7 1.3 0.1 0.1 1.3],1.3348231315612793
6,751,[1.1 1.1 0.  0.7 1.3 0.1 0.1 1.3],1.3349069356918335
6,752,[1.1 1.1 0.  0.7 1.3 0.1 0.1 1.3],1.3350852727890015
6,753,[1.1 1.1 0.  0.7 1.3 0.1 0.1 1.3],1.3351196646690369
6,754,[1.1 1.1 0.  0.7 1.3 0.1 0.1 1.3],1.3351921439170837
6,755,[1.1 1.1 0.  0.7 1.3 0.1 0.1 1.3],1.3353164196014404
6,756,[1.1 1.1 0.  0.7 1.3 0.1 0.1 1.3],1.3353497385978699
6,757,[1.1 1.1 0.  0.7 1.3 0.1 0.1 1.3],1.3353826403617859
6,758,[1.1 1.1 0.  0.7 1.3 0.1 0.1 1.3],1.3355907201766968
6,759,[1.1 1.1 0.  0.7 1.3 0.1 0.1 1.3],1.3360421657562256
6,760,[1.1 1.1 0.  0.7 1.3 0.1 0.1 1.3],1.3362051844596863
6,761,[1.1 1.1 0.  0.7 1.3 0.1 0.1 1.3],1.3362125158309937
6,762,[1.1 1.1 0.  0.7 1.3 0.1 0.1 1.3],1.3363045454025269
6,763,[1.1 1.1 0.  0.7 1.3 0.1 0.1 1.3],1.336708128452301
6,764,[1.1 1.1 0.  0.7 1.3 0.1 0.1 1.3],1.3369308114051819
6,765,[1.1 1.1 0.  0.7 1.3 0.1 0.1 1.3],1.3375476598739624
6,766,[1.3 0.1 0.1 1.  0.8 1.3 0.7 0.2],1.352936327457428
6,767,[1.3 0.1 0.1 1.  0.8 1.3 0.7 0.2],1.3530032634735107
6,768,[1.3 0.1 0.1 1.  0.8 1.3 0.7 0.2],1.3530285358428955
6,769,[1.3 0.1 0.1 1.  0.8 1.3 0.7 0.2],1.353041172027588
6,770,[1.3 0.1 0.1 1.  0.8 1.3 0.7 0.2],1.3530547618865967
6,771,[0.  0.4 0.1 0.3 1.1 0.8 0.7 0.2],1.4775538444519043
6,772,[0.  0.4 0.1 0.3 1.1 0.8 0.7 0.2],1.4786068797111511
6,773,[0.  0.4 0.1 0.3 1.1 0.8 0.7 0.2],1.4786700010299683
6,774,[0.  0.4 0.1 0.3 1.1 0.8 0.7 0.2],1.4787148833274841
6,775,[0.  0.4 0.1 0.3 1.1 0.8 0.7 0.2],1.4787471890449524
6,776,[0.  0.4 0.1 0.3 1.1 0.8 0.7 0.2],1.4788275957107544
6,777,[0.  0.4 0.1 0.3 1.1 0.8 0.7 0.2],1.4788845777511597
6,778,[0.  0.4 0.1 0.3 1.1 0.8 0.7 0.2],1.4789562821388245
6,779,[0.  0.4 0.1 0.3 1.1 0.8 0.7 0.2],1.4790869355201721
6,780,[0.  0.4 0.1 0.3 1.1 0.8 0.7 0.2],1.4792678356170654
6,781,[0.  0.4 0.1 0.3 1.1 0.8 0.7 0.2],1.4793157577514648
6,782,[0.  0.4 0.1 0.3 1.1 0.8 0.7 0.2],1.4795640110969543
6,783,[0.  0.4 0.1 0.3 1.1 0.8 0.7 0.2],1.4799405336380005
6,784,[0.  0.4 0.1 0.3 1.1 0.8 0.7 0.2],1.4799693822860718
6,785,[0.  0.4 0.1 0.3 1.1 0.8 0.7 0.2],1.479979932308197
6,786,[1.3 0.3 1.3 1.2 1.3 1.  0.7 0.7],1.6752445101737976
6,787,[1.3 0.3 1.3 1.2 1.3 1.  0.7 0.7],1.6752818822860718
6,788,[1.3 0.3 1.3 1.2 1.3 1.  0.7 0.7],1.67535001039505
6,789,[1.3 0.3 1.3 1.2 1.3 1.  0.7 0.7],1.6753889322280884
6,790,[1.3 0.3 1.3 1.2 1.3 1.  0.7 0.7],1.6754669547080994
6,791,[1.3 0.3 1.3 1.2 1.3 1.  0.7 0.7],1.6754745841026306
6,792,[1.3 0.3 1.3 1.2 1.3 1.  0.7 0.7],1.6756879091262817
6,793,[1.3 0.3 1.3 1.2 1.3 1.  0.7 0.7],1.6757027506828308
6,794,[1.3 0.3 1.3 1.2 1.3 1.  0.7 0.7],1.6757226586341858
6,795,[1.3 0.3 1.3 1.2 1.3 1.  0.7 0.7],1.6757448315620422
6,796,[1.3 0.3 1.3 1.2 1.3 1.  0.7 0.7],1.6757924556732178
6,797,[1.3 0.3 1.3 1.2 1.3 1.  0.7 0.7],1.6757985949516296
6,798,[1.3 0.3 1.3 1.2 1.3 1.  0.7 0.7],1.6758534908294678
6,799,[1.3 0.3 1.3 1.2 1.3 1.  0.7 0.7],1.6763288974761963
7,0,[1.1 0.6 0.  1.1 1.3 0.1 0.1 1.3],0.021158840507268906
7,1,[1.1 0.3 0.6 0.2 0.  0.  0.7 1.2],0.024112505838274956
7,2,[1.1 0.1 0.1 1.  0.  0.  0.9 0.6],0.033768048509955406
7,3,[1.1 0.1 0.1 1.  0.  0.  0.9 0.6],0.033768048509955406
7,4,[1.1 0.1 0.1 1.  0.  0.  0.9 0.6],0.033768048509955406
7,5,[1.1 0.1 0.1 1.  0.  0.  0.9 0.6],0.033768048509955406
7,6,[0.2 0.1 0.3 1.  0.6 1.  0.3 1.3],0.037981677800416946
7,7,[1.1 0.9 0.8 0.5 0.3 0.  1.2 0.2],0.038046812638640404
7,8,[1.1 0.1 0.1 1.  0.  0.  0.7 0.2],0.041120221838355064
7,9,[1.1 0.1 0.1 1.  0.  0.  0.7 0.2],0.041120221838355064
7,10,[1.1 1.3 0.1 1.  0.  0.  1.3 0.2],0.04166432470083237
7,11,[1.1 0.1 0.1 1.  0.  0.  0.7 0.2],0.04891558736562729
7,12,[1.1 0.1 0.1 1.  0.  0.  0.7 0.2],0.04891558736562729
7,13,[1.1 0.1 0.1 1.  0.  0.  0.7 0.2],0.053822992369532585
7,14,[0.8 0.1 0.1 0.  1.  0.5 1.2 0.2],0.05597646348178387
7,15,[1.1 0.  0.1 1.  0.  0.  0.9 0.2],0.05940062738955021
7,16,[1.1 0.  0.1 1.  0.  0.  0.9 0.2],0.05940062738955021
7,17,[1.1 0.1 0.1 1.  0.  0.  0.9 0.6],0.06263954192399979
7,18,[1.1 0.1 0.1 1.  0.  0.  1.2 0.2],0.08731582760810852
7,19,[1.1 0.  0.8 1.  0.8 0.  0.9 0.2],0.0888383761048317
7,20,[1.1 0.  0.1 1.  0.  0.  0.9 0.2],0.08885368332266808
7,21,[1.1 0.  0.1 1.  0.  0.  0.9 0.2],0.0888705737888813
7,22,[1.1 0.  0.1 1.  0.  0.  0.9 0.2],0.0888906978070736
7,23,[1.1 0.  0.1 1.  0.  0.  0.9 0.2],0.08890168368816376
7,24,[1.1 0.  0.1 1.  0.  0.  0.9 0.2],0.08892079442739487
7,25,[1.1 0.  0.1 1.  0.  0.  0.9 0.2],0.08892210200428963
7,26,[1.1 0.  0.7 1.  0.  0.  0.9 0.2],0.0889543890953064
7,27,[1.1 0.  0.1 1.  0.  0.  0.9 0.2],0.08896604180335999
7,28,[1.1 0.  0.9 1.  0.9 0.  0.9 0.2],0.08897455409169197
7,29,[1.1 0.  0.1 1.  0.  0.  0.9 0.2],0.08899030834436417
7,30,[1.1 0.7 0.1 1.  0.  0.  0.9 0.6],0.08899173140525818
7,31,[1.1 0.  0.1 1.  0.  0.  0.9 0.2],0.08899842575192451
7,32,[1.1 0.  0.1 1.  0.  0.  0.9 0.2],0.08901078253984451
7,33,[1.1 0.  0.1 1.3 0.  1.  0.9 0.2],0.08901900798082352
7,34,[1.1 0.  0.1 1.  0.  0.  0.9 0.2],0.0890280045568943
7,35,[1.1 0.  0.1 1.  0.  0.  0.9 0.2],0.0890364870429039
7,36,[1.1 0.  0.1 1.  0.  0.  0.9 0.2],0.0890662893652916
7,37,[1.1 0.  0.1 1.  0.  0.  0.9 0.2],0.08910496160387993
7,38,[1.3 0.1 0.1 0.8 0.  0.  1.3 0.2],0.09860054403543472
7,39,[1.3 0.1 0.1 0.8 0.  0.  1.3 0.2],0.09874691069126129
7,40,[1.3 0.1 0.1 0.8 0.  0.  1.3 0.2],0.14206403493881226
7,41,[1.3 0.1 0.1 0.8 0.  0.  1.3 0.2],0.14210325479507446
7,42,[1.3 0.1 0.1 0.8 0.  0.  1.3 0.2],0.1421249359846115
7,43,[1.3 0.1 0.1 0.8 0.  0.  1.3 0.2],0.14212840050458908
7,44,[1.3 0.1 0.1 0.8 0.  0.  1.3 0.2],0.14213482290506363
7,45,[1.3 0.1 0.1 0.8 0.  0.  1.3 0.2],0.14213542640209198
7,46,[1.3 0.1 0.1 0.8 0.  0.  1.3 0.2],0.1421416997909546
7,47,[1.3 0.1 0.1 0.8 0.  0.  1.3 0.2],0.14214736223220825
7,48,[1.3 0.1 0.1 0.8 0.  0.  1.3 0.2],0.14215803146362305
7,49,[1.3 0.1 0.1 0.8 0.  0.  1.3 0.2],0.1421620175242424
7,50,[1.3 0.1 0.1 0.8 0.  0.  1.3 0.2],0.14216428995132446
7,51,[1.3 0.1 0.1 0.8 0.  0.  1.3 0.2],0.14216677099466324
7,52,[1.3 0.1 0.1 0.8 0.  0.  1.3 0.2],0.14219364523887634
7,53,[1.3 0.1 0.1 0.8 0.  0.  1.3 0.2],0.1421944797039032
7,54,[1.3 0.1 0.1 0.8 0.  0.  1.3 0.2],0.1421969085931778
7,55,[1.3 0.1 0.1 0.8 0.  0.  1.3 0.2],0.14219781756401062
7,56,[1.3 0.1 0.1 0.8 0.  0.  1.3 0.2],0.1422029286623001
7,57,[1.3 0.1 0.1 0.8 0.  0.  1.3 0.2],0.14220436662435532
7,58,[1.3 0.1 0.1 0.8 0.  0.  1.3 0.2],0.14222237467765808
7,59,[1.3 0.1 0.1 0.8 0.  0.  1.3 0.2],0.142222560942173
7,60,[1.3 0.1 0.1 0.8 0.  0.  1.3 0.2],0.14223157614469528
7,61,[1.3 0.1 0.1 0.8 0.  0.  1.3 0.2],0.14223269373178482
7,62,[1.3 0.1 0.1 0.8 0.  0.  1.3 0.2],0.14224370568990707
7,63,[1.3 0.1 0.1 0.8 0.  0.  1.3 0.2],0.14224471896886826
7,64,[1.3 0.1 0.1 0.8 0.  0.  1.3 0.2],0.1422521024942398
7,65,[1.3 0.1 0.1 0.8 0.  0.  1.3 0.2],0.1422543153166771
7,66,[1.3 0.1 0.1 0.8 0.  0.  1.3 0.2],0.14226340502500534
7,67,[1.3 0.1 0.1 0.8 0.  0.  1.3 0.2],0.14227236807346344
7,68,[1.3 0.1 0.1 0.8 0.  0.  1.3 0.2],0.14227455109357834
7,69,[1.3 0.1 0.1 0.8 0.  0.  1.3 0.2],0.14227627962827682
7,70,[1.3 0.1 0.1 0.8 0.  0.  1.3 0.2],0.14227912575006485
7,71,[1.3 0.1 0.1 0.8 0.  0.  1.3 0.2],0.14229223877191544
7,72,[1.3 0.1 0.1 0.8 0.  0.  1.3 0.2],0.14229412376880646
7,73,[1.3 0.1 0.1 0.8 0.  0.  1.3 0.2],0.14230651408433914
7,74,[1.3 0.1 0.1 0.8 0.  0.  1.3 0.2],0.1423177793622017
7,75,[1.3 0.1 0.1 0.8 0.  0.  1.3 0.2],0.14232388138771057
7,76,[1.3 0.1 0.1 0.8 0.  0.  1.3 0.2],0.14232657104730606
7,77,[1.3 0.1 0.1 0.8 0.  0.  1.3 0.2],0.14237017184495926
7,78,[1.3 0.1 0.1 0.8 0.  0.  1.3 0.2],0.1423705369234085
7,79,[1.1 0.  0.1 1.  0.  0.  0.9 0.2],0.14353401958942413
7,80,[1.1 0.  0.1 1.  0.  0.  0.9 0.2],0.14355460554361343
7,81,[1.1 0.  0.1 1.  0.  0.  0.9 0.2],0.1435563936829567
7,82,[1.1 0.  0.1 1.  0.  0.  0.9 0.2],0.14357517659664154
7,83,[1.1 0.  0.1 1.  0.  0.  0.9 0.2],0.14357949048280716
7,84,[1.1 0.  0.1 1.  0.  0.  0.9 0.2],0.1435847133398056
7,85,[1.1 0.  0.1 1.  0.  0.  0.9 0.2],0.14358749240636826
7,86,[1.1 0.  0.1 1.  0.  0.  0.9 0.2],0.1435927078127861
7,87,[1.1 0.  0.1 1.  0.  0.  0.9 0.2],0.14359347522258759
7,88,[1.1 0.  0.1 1.  0.  0.  0.9 0.2],0.14360499382019043
7,89,[1.1 0.  0.1 1.  0.  0.  0.9 0.2],0.1436081826686859
7,90,[1.1 0.  0.1 1.  0.  0.  0.9 0.2],0.14361170679330826
7,91,[1.1 0.  0.1 1.  0.  0.  0.9 0.2],0.1436128243803978
7,92,[1.1 0.  0.1 1.  0.  0.  0.9 0.2],0.14361299574375153
7,93,[1.1 0.  0.1 1.  0.  0.  0.9 0.2],0.14361990243196487
7,94,[1.1 0.  0.1 1.  0.  0.  0.9 0.2],0.14362049847841263
7,95,[1.1 0.  0.1 1.  0.  0.  0.9 0.2],0.1436224803328514
7,96,[1.1 0.  0.1 1.  0.  0.  0.9 0.2],0.14362633228302002
7,97,[1.1 0.  0.1 1.  0.  0.  0.9 0.2],0.14362714439630508
7,98,[1.1 0.  0.1 1.  0.  0.  0.9 0.2],0.14362763613462448
7,99,[1.1 0.  0.1 1.  0.  0.  0.9 0.2],0.1436312347650528
7,100,[1.1 0.  0.1 1.  0.  0.  0.9 0.2],0.14363229274749756
7,101,[1.1 0.  0.1 1.  0.  0.  0.9 0.2],0.14363282918930054
7,102,[1.1 0.  0.1 1.  0.  0.  0.9 0.2],0.1436334028840065
7,103,[1.1 0.  0.1 1.  0.  0.  0.9 0.2],0.14363449066877365
7,104,[1.1 0.  0.1 1.  0.  0.  0.9 0.2],0.1436365321278572
7,105,[1.1 0.  0.1 1.  0.  0.  0.9 0.2],0.14363709092140198
7,106,[1.1 0.  0.1 1.  0.  0.  0.9 0.2],0.14363976567983627
7,107,[1.1 0.  0.1 1.  0.  0.  0.9 0.2],0.14364006370306015
7,108,[1.1 0.  0.1 1.  0.  0.  0.9 0.2],0.14364097267389297
7,109,[1.1 0.  0.1 1.  0.  0.  0.9 0.2],0.1436411365866661
7,110,[1.1 0.  0.1 1.  0.  0.  0.9 0.2],0.14364299923181534
7,111,[1.1 0.  0.1 1.  0.  0.  0.9 0.2],0.14364580810070038
7,112,[1.1 0.  0.1 1.  0.  0.  0.9 0.2],0.14364593476057053
7,113,[1.1 0.  0.1 1.  0.  0.  0.9 0.2],0.14364634454250336
7,114,[1.1 0.  0.1 1.  0.  0.  0.9 0.2],0.1436467543244362
7,115,[1.1 0.  0.1 1.  0.  0.  0.9 0.2],0.14364835619926453
7,116,[1.1 0.  0.1 1.  0.  0.  0.9 0.2],0.1436489075422287
7,117,[1.1 0.  0.1 1.  0.  0.  0.9 0.2],0.14364996552467346
7,118,[1.1 0.  0.1 1.  0.  0.  0.9 0.2],0.14365270733833313
7,119,[1.1 0.  0.1 1.  0.  0.  0.9 0.2],0.14365316182374954
7,120,[1.1 0.  0.1 1.  0.  0.  0.9 0.2],0.14365419745445251
7,121,[1.1 0.  0.1 1.  0.  0.  0.9 0.2],0.1436559408903122
7,122,[1.1 0.  0.1 1.  0.  0.  0.9 0.2],0.1436571627855301
7,123,[1.1 0.  0.1 1.  0.  0.  0.9 0.2],0.14365732669830322
7,124,[1.1 0.  0.1 1.  0.  0.  0.9 0.2],0.143658347427845
7,125,[1.1 0.  0.1 1.  0.  0.  0.9 0.2],0.14365865290164948
7,126,[1.1 0.  0.1 1.  0.  0.  0.9 0.2],0.14366117864847183
7,127,[1.1 0.  0.1 1.  0.  0.  0.9 0.2],0.1436615064740181
7,128,[1.1 0.  0.1 1.  0.  0.  0.9 0.2],0.14366241544485092
7,129,[1.1 0.  0.1 1.  0.  0.  0.9 0.2],0.14366556704044342
7,130,[1.1 0.  0.1 1.  0.  0.  0.9 0.2],0.14366624504327774
7,131,[1.1 0.  0.1 1.  0.  0.  0.9 0.2],0.14366734772920609
7,132,[1.1 0.  0.1 1.  0.  0.  0.9 0.2],0.14366741478443146
7,133,[1.1 0.  0.1 1.  0.  0.  0.9 0.2],0.1436723992228508
7,134,[1.1 0.  0.1 1.  0.  0.  0.9 0.2],0.14367330074310303
7,135,[1.1 0.  0.1 1.  0.  0.  0.9 0.2],0.143674336373806
7,136,[1.1 0.  0.1 1.  0.  0.  0.9 0.2],0.14367558062076569
7,137,[1.1 0.  0.1 1.  0.  0.  0.9 0.2],0.14367644488811493
7,138,[1.1 0.  0.1 1.  0.  0.  0.9 0.2],0.14367729425430298
7,139,[1.1 0.  0.1 1.  0.  0.  0.9 0.2],0.14367737621068954
7,140,[1.1 0.  0.1 1.  0.  0.  0.9 0.2],0.14367812126874924
7,141,[1.1 0.  0.1 1.  0.  0.  0.9 0.2],0.14368101209402084
7,142,[1.1 0.  0.1 1.  0.  0.  0.9 0.2],0.14368269592523575
7,143,[1.1 0.  0.1 1.  0.  0.  0.9 0.2],0.14368478953838348
7,144,[1.1 0.  0.1 1.  0.  0.  0.9 0.2],0.143684983253479
7,145,[1.1 0.  0.1 1.  0.  0.  0.9 0.2],0.14368514716625214
7,146,[1.1 0.  0.1 1.  0.  0.  0.9 0.2],0.14368679374456406
7,147,[1.  0.  0.1 0.8 0.  0.  0.9 0.2],0.14368728548288345
7,148,[1.1 0.  0.1 1.  0.  0.  0.9 0.2],0.14368820190429688
7,149,[1.1 0.  0.1 1.  0.  0.  0.9 0.2],0.14368842542171478
7,150,[1.1 0.  0.1 1.  0.  0.  0.9 0.2],0.14368870109319687
7,151,[1.1 0.  0.1 1.  0.  0.  0.9 0.2],0.14369017630815506
7,152,[1.1 0.  0.1 1.  0.  0.  0.9 0.2],0.14369018375873566
7,153,[1.1 0.  0.1 1.  0.  0.  0.9 0.2],0.14369037747383118
7,154,[1.1 0.  0.1 1.  0.  0.  0.9 0.2],0.14369072020053864
7,155,[1.1 0.  0.1 1.  0.  0.  0.9 0.2],0.14369148761034012
7,156,[1.1 0.  0.1 1.  0.  0.  0.9 0.2],0.14369287341833115
7,157,[1.1 0.  0.1 1.  0.  0.  0.9 0.2],0.14369390159845352
7,158,[1.1 0.  0.1 1.  0.  0.  0.9 0.2],0.14369671791791916
7,159,[1.1 0.  0.1 1.  0.  0.  0.9 0.2],0.14369679987430573
7,160,[1.1 0.  0.1 1.  0.  0.  0.9 0.2],0.14369748532772064
7,161,[1.1 0.  0.1 1.  0.  0.  0.9 0.2],0.14369823038578033
7,162,[1.1 0.  0.1 1.  0.  0.  0.9 0.2],0.14370045065879822
7,163,[1.1 0.  0.1 1.  0.  0.  0.9 0.2],0.1437012106180191
7,164,[1.1 0.  0.1 1.  0.  0.  0.9 0.2],0.1437016949057579
7,165,[1.1 0.  0.1 1.  0.  0.  0.9 0.2],0.14370370656251907
7,166,[1.1 0.  0.1 1.  0.  0.  0.9 0.2],0.14370517432689667
7,167,[1.1 0.  0.1 1.  0.  0.  0.9 0.2],0.1437058001756668
7,168,[1.1 0.  0.1 1.  0.  0.  0.9 0.2],0.1437067985534668
7,169,[1.  0.  0.1 0.8 0.  0.  0.9 0.2],0.14370711147785187
7,170,[1.1 0.  0.1 1.  0.  0.  0.9 0.2],0.14370716363191605
7,171,[1.1 0.  0.1 1.  0.  0.  0.9 0.2],0.1437072977423668
7,172,[1.1 0.  0.1 1.  0.  0.  0.9 0.2],0.14370796829462051
7,173,[1.1 0.  0.1 1.  0.  0.  0.9 0.2],0.14370805025100708
7,174,[1.1 0.  0.1 1.  0.  0.  0.9 0.2],0.14370834827423096
7,175,[1.1 0.  0.1 1.  0.  0.  0.9 0.2],0.14370986074209213
7,176,[1.1 0.  0.1 1.  0.  0.  0.9 0.2],0.14370999485254288
7,177,[1.1 0.  0.1 1.  0.  0.  0.9 0.2],0.14371156692504883
7,178,[1.1 0.  0.1 1.  0.  0.  0.9 0.2],0.14371472597122192
7,179,[1.1 0.  0.1 1.  0.  0.  0.9 0.2],0.14371507614850998
7,180,[1.1 0.  0.1 1.  0.  0.  0.9 0.2],0.14371521770954132
7,181,[1.  0.  0.1 0.8 0.  0.  0.9 0.2],0.14371523261070251
7,182,[1.1 0.  0.1 1.  0.  0.  0.9 0.2],0.1437152847647667
7,183,[1.1 0.  0.1 1.  0.  0.  0.9 0.2],0.14371640980243683
7,184,[1.1 0.  0.1 1.  0.  0.  0.9 0.2],0.14371765404939651
7,185,[1.1 0.  0.1 1.  0.  0.  0.9 0.2],0.1437184065580368
7,186,[1.1 0.  0.1 1.  0.  0.  0.9 0.2],0.14371904730796814
7,187,[1.1 0.  0.1 1.  0.  0.  0.9 0.2],0.14371905475854874
7,188,[1.  0.  0.1 0.8 0.  0.  0.9 0.2],0.1437193974852562
7,189,[1.1 0.  0.1 1.  0.  0.  0.9 0.2],0.1437218263745308
7,190,[1.1 0.  0.1 1.  0.  0.  0.9 0.2],0.1437222957611084
7,191,[1.1 0.  0.1 1.  0.  0.  0.9 0.2],0.14372530579566956
7,192,[1.1 0.  0.1 1.  0.  0.  0.9 0.2],0.1437261551618576
7,193,[1.1 0.  0.1 1.  0.  0.  0.9 0.2],0.1437269151210785
7,194,[1.1 0.  0.1 1.  0.  0.  0.9 0.2],0.14372924715280533
7,195,[1.1 0.  0.1 1.  0.  0.  0.9 0.2],0.1437314748764038
7,196,[1.1 0.  0.1 1.  0.  0.  0.9 0.2],0.14373232424259186
7,197,[1.1 0.  0.1 1.  0.  0.  0.9 0.2],0.14373285323381424
7,198,[1.1 0.  0.1 1.  0.  0.  0.9 0.2],0.14373310655355453
7,199,[1.  0.  0.1 0.8 0.  0.  0.9 0.2],0.14373436570167542
7,200,[1.1 0.  0.1 1.  0.  0.  0.9 0.2],0.1437349021434784
7,201,[1.1 0.  0.1 1.  0.  0.  0.9 0.2],0.14373505115509033
7,202,[1.1 0.  0.1 1.  0.  0.  0.9 0.2],0.14373624324798584
7,203,[1.1 0.  0.1 1.  0.  0.  0.9 0.2],0.14373675733804703
7,204,[1.1 0.  0.1 1.  0.  0.  0.9 0.2],0.14373945444822311
7,205,[1.1 0.  0.1 1.  0.  0.  0.9 0.2],0.14374013990163803
7,206,[1.1 0.  0.1 1.  0.  0.  0.9 0.2],0.14374063909053802
7,207,[1.1 0.  0.1 1.  0.  0.  0.9 0.2],0.1437409222126007
7,208,[1.1 0.  0.1 1.  0.  0.  0.9 0.2],0.14374160766601562
7,209,[1.1 0.  0.1 1.  0.  0.  0.9 0.2],0.1437416523694992
7,210,[1.1 0.  0.1 1.  0.  0.  0.9 0.2],0.1437421515583992
7,211,[1.1 0.  0.1 1.  0.  0.  0.9 0.2],0.1437428966164589
7,212,[1.1 0.  0.1 1.  0.  0.  0.9 0.2],0.14374497532844543
7,213,[1.1 0.  0.1 1.  0.  0.  0.9 0.2],0.14374535530805588
7,214,[1.1 0.  0.1 1.  0.  0.  0.9 0.2],0.14374680817127228
7,215,[1.1 0.  0.1 1.  0.  0.  0.9 0.2],0.14374879747629166
7,216,[1.1 0.  0.1 1.  0.  0.  0.9 0.2],0.14374937117099762
7,217,[1.1 0.  0.1 1.  0.  0.  0.9 0.2],0.14374975860118866
7,218,[1.1 0.  0.1 1.  0.  0.  0.9 0.2],0.14375121891498566
7,219,[1.1 0.  0.1 1.  0.  0.  0.9 0.2],0.14375175535678864
7,220,[1.1 0.  0.1 1.  0.  0.  0.9 0.2],0.14375313371419907
7,221,[1.1 0.  0.1 1.  0.  0.  0.9 0.2],0.14375437051057816
7,222,[1.1 0.  0.1 1.  0.  0.  0.9 0.2],0.14375457912683487
7,223,[1.1 0.  0.1 1.  0.  0.  0.9 0.2],0.1437559276819229
7,224,[1.1 0.  0.1 1.  0.  0.  0.9 0.2],0.14375805854797363
7,225,[1.1 0.  0.1 1.  0.  0.  0.9 0.2],0.1437585949897766
7,226,[1.1 0.  0.1 1.  0.  0.  0.9 0.2],0.14375998824834824
7,227,[1.1 0.  0.1 1.  0.  0.  0.9 0.2],0.14376027137041092
7,228,[1.1 0.  0.1 1.  0.  0.  0.9 0.2],0.14376039803028107
7,229,[1.  0.  0.1 0.8 0.  0.  0.9 0.2],0.14376116544008255
7,230,[1.1 0.  0.1 1.  0.  0.  0.9 0.2],0.1437619999051094
7,231,[1.1 0.  0.1 1.  0.  0.  0.9 0.2],0.14376282691955566
7,232,[1.1 0.  0.1 1.  0.  0.  0.9 0.2],0.14376282691955566
7,233,[1.1 0.  0.1 1.  0.  0.  0.9 0.2],0.14376502484083176
7,234,[1.1 0.  0.1 1.  0.  0.  0.9 0.2],0.14376531541347504
7,235,[1.1 0.  0.1 1.  0.  0.  0.9 0.2],0.14376579970121384
7,236,[1.1 0.  0.1 1.  0.  0.  0.9 0.2],0.1437687799334526
7,237,[1.1 0.  0.1 1.  0.  0.  0.9 0.2],0.14376946538686752
7,238,[1.1 0.  0.1 1.  0.  0.  0.9 0.2],0.14376971125602722
7,239,[1.1 0.  0.1 1.  0.  0.  0.9 0.2],0.14376971870660782
7,240,[1.1 0.  0.1 1.  0.  0.  0.9 0.2],0.14376986026763916
7,241,[1.1 0.  0.1 1.  0.  0.  0.9 0.2],0.14377032220363617
7,242,[1.1 0.  0.1 1.  0.  0.  0.9 0.2],0.1437714323401451
7,243,[1.1 0.  0.1 1.  0.  0.  0.9 0.2],0.14377162605524063
7,244,[1.  0.  0.1 0.8 0.  0.  0.9 0.2],0.1437717080116272
7,245,[1.1 0.  0.1 1.  0.  0.  0.9 0.2],0.14377205818891525
7,246,[1.1 0.  0.1 1.  0.  0.  0.9 0.2],0.14377223700284958
7,247,[1.1 0.  0.1 1.  0.  0.  0.9 0.2],0.14377284795045853
7,248,[1.1 0.  0.1 1.  0.  0.  0.9 0.2],0.14377307146787643
7,249,[1.1 0.  0.1 1.  0.  0.  0.9 0.2],0.1437731459736824
7,250,[1.1 0.  0.1 1.  0.  0.  0.9 0.2],0.1437731832265854
7,251,[1.1 0.  0.1 1.  0.  0.  0.9 0.2],0.14377327263355255
7,252,[1.1 0.  0.1 1.  0.  0.  0.9 0.2],0.1437753364443779
7,253,[1.1 0.  0.1 1.  0.  0.  0.9 0.2],0.14377637207508087
7,254,[1.1 0.  0.1 1.  0.  0.  0.9 0.2],0.14377783238887787
7,255,[1.1 0.  0.1 1.  0.  0.  0.9 0.2],0.14377878606319427
7,256,[1.1 0.  0.1 1.  0.  0.  0.9 0.2],0.1437791958451271
7,257,[1.1 0.  0.1 1.  0.  0.  0.9 0.2],0.14377924799919128
7,258,[1.1 0.  0.1 1.  0.  0.  0.9 0.2],0.1437804251909256
7,259,[1.1 0.  0.1 1.  0.  0.  0.9 0.2],0.14378048479557037
7,260,[1.1 0.  0.1 1.  0.  0.  0.9 0.2],0.14378071576356888
7,261,[1.1 0.  0.1 1.  0.  0.  0.9 0.2],0.14378096908330917
7,262,[1.1 0.  0.1 1.  0.  0.  0.9 0.2],0.14378125220537186
7,263,[1.1 0.  0.1 1.  0.  0.  0.9 0.2],0.1437816396355629
7,264,[1.1 0.  0.1 1.  0.  0.  0.9 0.2],0.14378219842910767
7,265,[1.1 0.  0.1 1.  0.  0.  0.9 0.2],0.14378298074007034
7,266,[1.1 0.  0.1 1.  0.  0.  0.9 0.2],0.14378314465284348
7,267,[1.1 0.  0.1 1.  0.  0.  0.9 0.2],0.14378325641155243
7,268,[1.1 0.  0.1 1.  0.  0.  0.9 0.2],0.14378341287374496
7,269,[1.1 0.  0.1 1.  0.  0.  0.9 0.2],0.14378450065851212
7,270,[1.1 0.  0.1 1.  0.  0.  0.9 0.2],0.14378569275140762
7,271,[1.1 0.  0.1 1.  0.  0.  0.9 0.2],0.14378617703914642
7,272,[1.1 0.  0.1 1.  0.  0.  0.9 0.2],0.14378754794597626
7,273,[1.1 0.  0.1 1.  0.  0.  0.9 0.2],0.14378853887319565
7,274,[1.1 0.  0.1 1.  0.  0.  0.9 0.2],0.14378897845745087
7,275,[1.1 0.  0.1 1.  0.  0.  0.9 0.2],0.14378970861434937
7,276,[1.1 0.  0.1 1.  0.  0.  0.9 0.2],0.14379050582647324
7,277,[1.1 0.  0.1 1.  0.  0.  0.9 0.2],0.14379208534955978
7,278,[1.1 0.  0.1 1.  0.  0.  0.9 0.2],0.1437925025820732
7,279,[1.1 0.  0.1 1.  0.  0.  0.9 0.2],0.14379259943962097
7,280,[1.1 0.  0.1 1.  0.  0.  0.9 0.2],0.143793985247612
7,281,[1.1 0.  0.1 1.  0.  0.  0.9 0.2],0.14379488676786423
7,282,[1.1 0.  0.1 1.  0.  0.  0.9 0.2],0.1437954306602478
7,283,[1.  0.  0.1 0.8 0.  0.  0.9 0.2],0.14379631727933884
7,284,[1.1 0.  0.1 1.  0.  0.  0.9 0.2],0.14379706233739853
7,285,[1.1 0.  0.1 1.  0.  0.  0.9 0.2],0.14379725605249405
7,286,[1.1 0.  0.1 1.  0.  0.  0.9 0.2],0.14379769563674927
7,287,[1.1 0.  0.1 1.  0.  0.  0.9 0.2],0.1437978744506836
7,288,[1.1 0.  0.1 1.  0.  0.  0.9 0.2],0.14379914849996567
7,289,[1.1 0.  0.1 1.  0.  0.  0.9 0.2],0.14379926025867462
7,290,[1.1 0.  0.1 1.  0.  0.  0.9 0.2],0.1437997967004776
7,291,[1.1 0.  0.1 1.  0.  0.  0.9 0.2],0.1438003107905388
7,292,[1.1 0.  0.1 1.  0.  0.  0.9 0.2],0.143800787627697
7,293,[1.1 0.  0.1 1.  0.  0.  0.9 0.2],0.14380139112472534
7,294,[1.1 0.  0.1 1.  0.  0.  0.9 0.2],0.1438015103340149
7,295,[1.1 0.  0.1 1.  0.  0.  0.9 0.2],0.14380191266536713
7,296,[1.1 0.  0.1 1.  0.  0.  0.9 0.2],0.14380203932523727
7,297,[1.1 0.  0.1 1.  0.  0.  0.9 0.2],0.14380291104316711
7,298,[1.1 0.  0.1 1.  0.  0.  0.9 0.2],0.14380472898483276
7,299,[1.1 0.  0.1 1.  0.  0.  0.9 0.2],0.14380501955747604
7,300,[1.1 0.  0.1 1.  0.  0.  0.9 0.2],0.1438051164150238
7,301,[1.1 0.  0.1 1.  0.  0.  0.9 0.2],0.14380544424057007
7,302,[1.1 0.  0.1 1.  0.  0.  0.9 0.2],0.14380645006895065
7,303,[1.1 0.  0.1 1.  0.  0.  0.9 0.2],0.14380668103694916
7,304,[1.1 0.  0.1 1.  0.  0.  0.9 0.2],0.14380688965320587
7,305,[1.1 0.  0.1 1.  0.  0.  0.9 0.2],0.1438075751066208
7,306,[1.1 0.  0.1 1.  0.  0.  0.9 0.2],0.14380967617034912
7,307,[1.1 0.  0.1 1.  0.  0.  0.9 0.2],0.14381171762943268
7,308,[1.1 0.  0.1 1.  0.  0.  0.9 0.2],0.1438128426671028
7,309,[1.1 0.  0.1 1.  0.  0.  0.9 0.2],0.14381414651870728
7,310,[1.1 0.  0.1 1.  0.  0.  0.9 0.2],0.1438145413994789
7,311,[1.1 0.  0.1 1.  0.  0.  0.9 0.2],0.1438167244195938
7,312,[1.1 0.  0.1 1.  0.  0.  0.9 0.2],0.1438167840242386
7,313,[1.1 0.  0.1 1.  0.  0.  0.9 0.2],0.14381799846887589
7,314,[1.1 0.  0.1 1.  0.  0.  0.9 0.2],0.14381837844848633
7,315,[1.1 0.  0.1 1.  0.  0.  0.9 0.2],0.14381875842809677
7,316,[1.1 0.  0.1 1.  0.  0.  0.9 0.2],0.14381925016641617
7,317,[1.1 0.  0.1 1.  0.  0.  0.9 0.2],0.14381970465183258
7,318,[1.1 0.  0.1 1.  0.  0.  0.9 0.2],0.14382242411375046
7,319,[1.1 0.  0.1 1.  0.  0.  0.9 0.2],0.1438232660293579
7,320,[1.1 0.  0.1 1.  0.  0.  0.9 0.2],0.14382340759038925
7,321,[1.1 0.  0.1 1.  0.  0.  0.9 0.2],0.14382385462522507
7,322,[1.1 0.  0.1 1.  0.  0.  0.9 0.2],0.14382436126470566
7,323,[1.1 0.  0.1 1.  0.  0.  0.9 0.2],0.14382543414831161
7,324,[1.1 0.  0.1 1.  0.  0.  0.9 0.2],0.14382623881101608
7,325,[1.1 0.  0.1 1.  0.  0.  0.9 0.2],0.14382647722959518
7,326,[1.1 0.  0.1 1.  0.  0.  0.9 0.2],0.1438281238079071
7,327,[1.1 0.  0.1 1.  0.  0.  0.9 0.2],0.143828384578228
7,328,[1.1 0.  0.1 1.  0.  0.  0.9 0.2],0.14382893592119217
7,329,[1.1 0.  0.1 1.  0.  0.  0.9 0.2],0.14382946491241455
7,330,[1.1 0.  0.1 1.  0.  0.  0.9 0.2],0.14382974803447723
7,331,[1.1 0.  0.1 1.  0.  0.  0.9 0.2],0.14382995665073395
7,332,[1.1 0.  0.1 1.  0.  0.  0.9 0.2],0.14383254945278168
7,333,[1.1 0.  0.1 1.  0.  0.  0.9 0.2],0.14383284002542496
7,334,[1.1 0.  0.1 1.  0.  0.  0.9 0.2],0.143833190202713
7,335,[1.1 0.  0.1 1.  0.  0.  0.9 0.2],0.14383363723754883
7,336,[1.1 0.  0.1 1.  0.  0.  0.9 0.2],0.1438365802168846
7,337,[1.1 0.  0.1 1.  0.  0.  0.9 0.2],0.14383727312088013
7,338,[1.1 0.  0.1 1.  0.  0.  0.9 0.2],0.14383737742900848
7,339,[1.1 0.  0.1 1.  0.  0.  0.9 0.2],0.1438400000333786
7,340,[1.1 0.  0.1 1.  0.  0.  0.9 0.2],0.14384082704782486
7,341,[1.1 0.  0.1 1.  0.  0.  0.9 0.2],0.1438421532511711
7,342,[1.1 0.  0.1 1.  0.  0.  0.9 0.2],0.14384233206510544
7,343,[1.1 0.  0.1 1.  0.  0.  0.9 0.2],0.1438428983092308
7,344,[1.1 0.  0.1 1.  0.  0.  0.9 0.2],0.14384302496910095
7,345,[1.1 0.  0.1 1.  0.  0.  0.9 0.2],0.1438431665301323
7,346,[1.1 0.  0.1 1.  0.  0.  0.9 0.2],0.1438438594341278
7,347,[1.1 0.  0.1 1.  0.  0.  0.9 0.2],0.1438472718000412
7,348,[1.1 0.  0.1 1.  0.  0.  0.9 0.2],0.14384820312261581
7,349,[1.1 0.  0.1 1.  0.  0.  0.9 0.2],0.1438485085964203
7,350,[1.1 0.  0.1 1.  0.  0.  0.9 0.2],0.143855981528759
7,351,[1.1 0.  0.1 1.  0.  0.  0.9 0.2],0.14385606348514557
7,352,[1.1 0.  0.1 1.  0.  0.  0.9 0.2],0.1438562050461769
7,353,[1.1 0.  0.1 1.  0.  0.  0.9 0.2],0.14385737478733063
7,354,[1.1 0.  0.1 1.  0.  0.  0.9 0.2],0.14385782182216644
7,355,[1.1 0.  0.1 1.  0.  0.  0.9 0.2],0.14385826140642166
7,356,[1.1 0.  0.1 1.  0.  0.  0.9 0.2],0.1438588798046112
7,357,[1.1 1.  0.9 1.  0.  0.  0.9 0.2],0.14385921508073807
7,358,[1.1 0.  0.1 1.  0.  0.  0.9 0.2],0.1438613012433052
7,359,[1.1 0.  0.1 1.  0.  0.  0.9 0.2],0.14386167377233505
7,360,[1.1 0.  0.1 1.  0.  0.  0.9 0.2],0.14386220276355743
7,361,[1.1 0.  0.1 1.  0.  0.  0.9 0.2],0.14386221766471863
7,362,[1.1 0.  0.1 1.  0.  0.  0.9 0.2],0.14386297762393951
7,363,[1.1 0.  0.1 1.  0.  0.  0.9 0.2],0.14386460185050964
7,364,[1.1 0.  0.1 1.  0.  0.  0.9 0.2],0.1438658982515335
7,365,[1.1 0.  0.1 1.  0.  0.  0.9 0.2],0.14386792480945587
7,366,[1.1 0.  0.1 1.  0.  0.  0.9 0.2],0.1438683494925499
7,367,[1.1 0.  0.1 1.  0.  0.  0.9 0.2],0.14386913180351257
7,368,[1.1 0.  0.1 1.  0.  0.  0.9 0.2],0.14387615025043488
7,369,[1.1 0.  0.1 1.  0.  0.  0.9 0.2],0.14388149976730347
7,370,[1.1 0.  0.1 1.  0.  0.  0.9 0.2],0.14388679713010788
7,371,[1.1 0.  0.1 1.  0.  0.  0.9 0.2],0.14388816058635712
7,372,[1.1 0.  0.1 1.  0.  0.  0.9 0.2],0.14389105886220932
7,373,[1.1 0.  0.1 1.  0.  0.  0.9 0.2],0.14389289170503616
7,374,[1.1 0.  0.1 1.  0.  0.  0.9 0.2],0.14389393478631973
7,375,[1.1 0.  0.1 1.  0.  0.  0.9 0.2],0.14389602094888687
7,376,[1.1 0.  0.1 1.  0.  0.  0.9 0.2],0.14389808475971222
7,377,[1.1 0.  0.1 1.  0.  0.  0.9 0.2],0.14389975368976593
7,378,[1.1 0.  0.1 1.  0.  0.  0.9 0.2],0.14390065521001816
7,379,[1.1 0.  0.1 1.  0.  0.  0.9 0.2],0.14390627294778824
7,380,[1.1 0.  0.1 1.  0.  0.  0.9 0.2],0.1439082771539688
7,381,[1.1 0.  0.1 1.  0.  0.  0.9 0.2],0.1439095214009285
7,382,[1.1 0.  0.1 1.  0.  0.  0.9 0.2],0.1439148485660553
7,383,[1.1 0.  0.1 1.  0.  0.  0.9 0.2],0.14391499757766724
7,384,[1.1 0.  0.1 1.  0.  0.  0.9 0.2],0.14392220973968506
7,385,[1.1 0.  0.1 1.  0.  0.  0.9 0.2],0.14392924308776855
7,386,[1.1 0.  0.1 1.  0.  0.  0.9 0.2],0.14393100887537003
7,387,[1.1 0.  0.1 1.  0.  0.  0.9 0.2],0.143934927880764
7,388,[1.1 0.  0.1 1.  0.  0.  0.9 0.2],0.14393963664770126
7,389,[1.1 0.  0.1 1.  0.  0.  0.9 0.2],0.1439436823129654
7,390,[1.1 0.  0.1 1.  0.  0.  0.9 0.2],0.143945150077343
7,391,[1.1 0.  0.1 1.  0.  0.  0.9 0.2],0.14395851641893387
7,392,[1.1 0.  0.1 1.  0.  0.  0.9 0.2],0.14396552741527557
7,393,[1.1 0.  0.1 1.  0.  0.  0.9 0.2],0.14396701753139496
7,394,[1.1 0.  0.1 1.  0.  0.  0.9 0.2],0.1439746394753456
7,395,[1.1 0.  0.1 1.  0.  0.  0.9 0.2],0.14397809654474258
7,396,[1.1 0.  0.1 1.  0.  0.  0.9 0.2],0.14399531483650208
7,397,[1.1 0.  0.1 1.  0.  0.  0.9 0.2],0.14400741457939148
7,398,[1.1 0.  0.1 1.  0.  0.  0.9 0.2],0.14405468851327896
7,399,[1.1 0.1 0.1 1.  0.  0.  1.2 0.2],0.14424026757478714
7,400,[1.1 0.1 0.1 1.  0.  0.  1.2 0.2],0.14430638402700424
7,401,[1.1 0.1 0.1 1.  0.  0.  1.2 0.2],0.1444513350725174
7,402,[1.1 0.1 0.1 1.  0.  0.  1.2 0.2],0.1444687768816948
7,403,[1.1 0.1 0.1 1.  0.  0.  1.2 0.2],0.14447767287492752
7,404,[1.1 0.1 0.1 1.  0.  0.  1.2 0.2],0.14447824656963348
7,405,[1.1 0.1 0.1 1.  0.  0.  1.2 0.2],0.14448213577270508
7,406,[1.1 0.1 0.1 1.  0.  0.  1.2 0.2],0.1444849967956543
7,407,[1.1 0.1 0.1 1.  0.  0.  1.2 0.2],0.14452765882015228
7,408,[1.1 0.1 0.1 1.  0.  0.  1.2 0.2],0.14453749358654022
7,409,[1.1 0.1 0.1 1.  0.  0.  1.3 0.5],0.14453762024641037
7,410,[1.1 0.1 0.1 1.  0.  0.  1.2 0.2],0.14453904330730438
7,411,[1.1 0.1 0.1 1.  0.  0.  1.2 0.2],0.14454366266727448
7,412,[1.1 0.1 0.1 1.  0.  0.  1.2 0.2],0.14454925060272217
7,413,[1.1 0.1 0.1 1.  0.  0.  1.2 0.2],0.1445661336183548
7,414,[1.1 0.1 0.1 1.  0.  0.  1.2 0.2],0.14457084238529205
7,415,[1.1 0.1 0.1 1.  0.  0.  1.2 0.2],0.1445958986878395
7,416,[1.1 0.1 0.1 1.  0.  0.  1.2 0.2],0.1446102112531662
7,417,[1.1 0.1 0.1 1.  0.  0.  1.3 0.5],0.14464761316776276
7,418,[1.1 0.1 0.1 1.  0.  0.  1.2 0.2],0.1447904035449028
7,419,[0.5 0.1 0.1 0.8 0.  0.  1.3 0.8],0.14583644270896912
7,420,[0.6 0.  0.1 1.  0.  0.  0.9 1.1],0.14653725922107697
7,421,[0.9 0.1 0.1 1.  0.  0.  0.9 0.2],0.14712046086788177
7,422,[1.1 0.1 0.1 1.  0.  0.  0.9 0.6],0.14714543521404266
7,423,[1.1 0.1 0.1 1.  0.  0.  0.9 0.6],0.147150918841362
7,424,[1.1 0.1 0.1 1.  0.  0.  0.9 0.6],0.1471790224313736
7,425,[1.1 0.1 0.1 1.  0.  0.  0.9 0.6],0.1471795290708542
7,426,[0.9 0.1 0.1 1.  0.  0.  0.9 0.2],0.14718317240476608
7,427,[1.1 0.1 0.1 1.  0.  0.  0.9 0.6],0.1472160592675209
7,428,[1.1 0.1 0.1 1.  0.  0.  0.9 0.6],0.1472201570868492
7,429,[1.1 0.1 0.1 1.  0.  0.  0.9 0.6],0.1472316011786461
7,430,[1.1 0.1 0.1 1.  0.  0.  0.9 0.6],0.14725030958652496
7,431,[1.1 0.1 0.1 1.  0.  0.  0.9 0.6],0.14725887775421143
7,432,[1.1 0.1 0.1 1.  0.  0.  0.9 0.6],0.14726188778877258
7,433,[1.1 0.1 0.1 1.  0.  0.  0.9 0.6],0.1472736820578575
7,434,[1.1 0.1 0.1 1.  0.  0.  0.9 0.6],0.14727510511875153
7,435,[1.1 0.1 0.1 1.  0.  0.  0.9 0.6],0.14729730039834976
7,436,[1.1 0.1 0.1 1.  0.  0.  0.9 0.6],0.14730136841535568
7,437,[1.1 0.1 0.1 1.  0.  0.  0.9 0.6],0.14730427414178848
7,438,[1.1 0.1 0.1 1.  0.  0.  0.9 0.6],0.1473052054643631
7,439,[1.1 0.1 0.1 1.  0.  0.  0.9 0.6],0.14731574803590775
7,440,[1.1 0.1 0.1 1.  0.  0.  0.9 0.6],0.1473165601491928
7,441,[1.1 0.1 0.1 1.  0.  0.  0.9 0.6],0.14731799066066742
7,442,[1.1 0.1 0.1 1.  0.  0.  0.9 0.6],0.1473180279135704
7,443,[1.1 0.1 0.1 1.  0.  0.  0.9 0.6],0.14733923226594925
7,444,[1.1 0.1 0.1 1.  0.  0.  0.9 0.6],0.14735038578510284
7,445,[1.1 0.1 0.1 1.  0.  0.  0.9 0.6],0.14736148715019226
7,446,[1.1 0.1 0.1 1.  0.  0.  0.9 0.6],0.14736873656511307
7,447,[1.1 0.1 0.1 1.  0.  0.  0.9 0.6],0.1473826766014099
7,448,[1.1 0.1 0.1 1.  0.  0.  0.9 0.6],0.14738639444112778
7,449,[1.1 0.1 0.1 1.  0.  0.  0.9 0.6],0.14740289002656937
7,450,[1.1 0.1 0.1 1.  0.  0.  0.9 0.6],0.14740726351737976
7,451,[1.1 0.1 0.1 1.  0.  0.  0.9 0.6],0.14742723107337952
7,452,[1.1 0.1 0.1 1.  0.  0.  0.9 0.6],0.14744234830141068
7,453,[1.1 0.1 0.1 1.  0.  0.  0.9 0.6],0.1474454328417778
7,454,[1.1 0.1 0.1 1.  0.  0.  0.9 0.6],0.14753157645463943
7,455,[1.1 0.1 0.1 1.  0.  0.  0.9 0.6],0.1475696563720703
7,456,[1.1 0.1 0.2 1.  0.  0.  0.7 1.3],0.14888852834701538
7,457,[1.1 0.1 0.2 1.  0.  0.  0.7 1.3],0.14889653027057648
7,458,[1.1 0.1 0.2 1.  0.  0.  0.7 1.3],0.1489097774028778
7,459,[1.1 0.1 0.2 1.  0.  0.  0.7 1.3],0.14908656477928162
7,460,[1.3 0.1 0.1 1.  0.  0.  0.7 0.2],0.14927136152982712
7,461,[1.1 0.  0.1 1.  0.  0.  0.7 1.3],0.1492990478873253
7,462,[1.1 0.1 0.1 1.  0.  0.  0.7 0.2],0.14932669699192047
7,463,[1.1 0.1 0.1 1.  0.  0.  0.7 0.2],0.14953072369098663
7,464,[1.1 0.1 0.1 1.  0.  0.  0.7 0.2],0.14953447133302689
7,465,[1.1 0.1 0.1 1.  0.  0.  0.7 0.2],0.14959220588207245
7,466,[1.1 0.1 0.1 1.  0.  0.  0.7 0.2],0.14960528165102005
7,467,[1.1 0.1 0.1 1.  0.  0.  0.7 0.2],0.14961019903421402
7,468,[1.1 0.1 0.1 1.  0.  0.  0.7 0.2],0.14961087703704834
7,469,[1.1 0.1 0.1 1.  0.  0.  0.7 0.2],0.14961521327495575
7,470,[1.1 0.1 0.1 1.  0.  0.  0.7 0.2],0.14961888641119003
7,471,[1.1 0.1 0.1 1.  0.  0.  0.7 0.2],0.1496201530098915
7,472,[1.1 0.1 0.1 1.  0.  0.  0.7 0.2],0.1496274545788765
7,473,[1.1 0.1 0.1 1.  0.  0.  0.7 0.2],0.14964609593153
7,474,[1.1 0.1 0.1 1.  0.  0.  0.7 0.2],0.1496514081954956
7,475,[1.1 0.1 0.1 1.  0.  0.  0.7 0.2],0.14965271949768066
7,476,[1.1 0.1 0.1 1.  0.  0.  0.7 0.2],0.1496599167585373
7,477,[1.1 0.1 0.1 1.  0.  0.  0.7 0.2],0.14966483414173126
7,478,[1.1 0.1 0.1 1.  0.  0.  0.7 0.2],0.14966845512390137
7,479,[1.1 0.1 0.1 1.  0.  0.  0.7 0.2],0.14967136830091476
7,480,[1.1 0.1 0.1 1.  0.  0.  0.7 0.2],0.14968933165073395
7,481,[1.1 0.1 0.1 1.  0.  0.  0.7 0.2],0.14969070255756378
7,482,[1.1 0.1 0.1 1.  0.  0.  0.7 0.2],0.14970563352108002
7,483,[1.1 0.1 0.1 1.  0.  0.  0.7 0.2],0.14971525967121124
7,484,[1.1 0.1 0.1 1.  0.  0.  0.7 0.2],0.14972574263811111
7,485,[1.1 0.1 0.1 1.  0.  0.  0.7 0.2],0.14975138008594513
7,486,[1.1 0.1 0.1 1.  0.  0.  0.7 0.2],0.14975237846374512
7,487,[1.1 0.1 0.1 1.  0.  0.  0.7 0.2],0.14975262433290482
7,488,[1.1 0.1 0.1 1.  0.  0.  0.7 0.2],0.14975474029779434
7,489,[1.1 0.1 0.1 1.  0.  0.  0.7 0.2],0.14976157248020172
7,490,[1.1 0.1 0.1 1.  0.  0.  0.7 0.2],0.14977329969406128
7,491,[1.1 0.1 0.1 1.  0.  0.  0.7 0.2],0.14977513998746872
7,492,[1.1 0.1 0.1 1.  0.  0.  0.7 0.2],0.14978499710559845
7,493,[1.1 0.1 0.1 1.  0.  0.  0.7 0.2],0.14979257434606552
7,494,[1.1 0.1 0.1 1.  0.  0.  0.7 0.2],0.1498035043478012
7,495,[1.1 0.1 0.1 1.  0.  0.  0.7 0.2],0.14980725198984146
7,496,[1.1 0.1 0.1 1.  0.  0.  0.7 0.2],0.14980890601873398
7,497,[1.1 0.1 0.1 1.  0.  0.  0.7 0.2],0.14982209354639053
7,498,[1.1 0.1 0.1 1.  0.  0.  0.7 0.2],0.14982813596725464
7,499,[1.1 0.1 0.1 1.  0.  0.  0.7 0.2],0.14985530823469162
7,500,[1.1 0.1 0.1 1.  0.  0.  0.7 0.2],0.14988555014133453
7,501,[1.1 0.1 0.1 1.  0.  0.  0.7 0.2],0.14996840059757233
7,502,[1.1 0.3 0.1 1.  0.  0.  0.9 1. ],0.15503891557455063
7,503,[1.1 0.  0.1 1.  0.  0.3 0.9 0.2],0.15990857034921646
7,504,[1.1 0.7 0.1 1.  0.  0.  0.9 0.6],0.1728183999657631
7,505,[1.1 0.7 0.1 1.  0.  0.  0.9 0.6],0.17283489555120468
7,506,[1.1 0.7 0.1 1.  0.  0.  0.9 0.6],0.17302706837654114
7,507,[1.1 0.7 0.1 1.  0.  0.  0.9 0.6],0.17316428571939468
7,508,[1.1 0.  0.1 1.3 0.  0.  1.  0.2],0.18676641583442688
7,509,[1.1 0.  0.1 1.3 0.  0.  1.  0.2],0.18680419772863388
7,510,[1.1 0.  0.1 1.3 0.  0.  1.  0.2],0.18687845021486282
7,511,[1.1 1.3 0.1 1.  0.  0.  1.3 0.2],0.2091551497578621
7,512,[1.1 1.3 0.1 1.  0.  0.  1.3 0.2],0.20922110229730606
7,513,[1.1 1.3 0.1 1.  0.  0.  1.3 0.2],0.20925498753786087
7,514,[1.1 1.3 0.1 1.  0.  0.  1.3 0.2],0.20927659422159195
7,515,[1.1 1.3 0.1 1.  0.  0.  1.3 0.2],0.20928546786308289
7,516,[1.1 1.3 0.1 1.  0.  0.  1.3 0.2],0.20931250602006912
7,517,[1.1 1.3 0.1 1.  0.  0.  1.3 0.2],0.2093154937028885
7,518,[1.1 1.3 0.1 1.  0.  0.  1.3 0.2],0.2093348577618599
7,519,[1.1 1.3 0.1 1.  0.  0.  1.3 0.2],0.20934990048408508
7,520,[1.1 1.3 0.1 1.  0.  0.  1.3 0.2],0.20935797691345215
7,521,[1.1 1.3 0.1 1.  0.  0.  1.3 0.2],0.20938166975975037
7,522,[1.1 1.3 0.1 1.  0.  0.  1.3 0.2],0.2093944251537323
7,523,[1.1 1.3 0.1 1.  0.  0.  1.3 0.2],0.20941000431776047
7,524,[1.1 1.3 0.1 1.  0.  0.  1.3 0.2],0.2094729244709015
7,525,[1.1 1.3 0.1 1.  0.  0.  1.3 0.2],0.2094971016049385
7,526,[1.1 1.3 0.1 1.  0.  0.  1.3 0.2],0.20955518633127213
7,527,[1.1 1.3 0.1 1.  0.  0.  1.3 0.2],0.20956165343523026
7,528,[1.1 1.3 0.1 1.  0.  0.  1.3 0.2],0.20956843346357346
7,529,[1.1 1.3 0.1 1.  0.  0.  1.3 0.2],0.20971670746803284
7,530,[1.1 0.  0.7 1.  0.  0.  0.9 0.2],0.21658853441476822
7,531,[1.1 0.  0.1 1.  0.  0.3 0.9 0.2],0.2172332927584648
7,532,[1.1 0.  0.1 1.  0.  0.3 0.9 0.2],0.21724440902471542
7,533,[1.1 0.  0.1 1.  0.  0.3 0.9 0.2],0.2172570526599884
7,534,[1.1 0.  0.1 1.  0.  0.3 0.9 0.2],0.2174355760216713
7,535,[1.1 0.  0.1 1.  0.  0.3 0.9 0.2],0.21745067089796066
7,536,[1.1 0.  0.1 1.  0.  0.3 0.9 0.2],0.2174754962325096
7,537,[1.1 0.  0.1 1.  0.  0.3 0.9 0.2],0.21748555451631546
7,538,[1.1 0.  0.1 1.  0.  0.3 0.9 0.2],0.21774322539567947
7,539,[0.5 0.  0.1 0.3 0.  0.  0.9 0.2],0.23539908230304718
7,540,[0.5 0.  0.1 0.3 0.  0.  0.9 0.2],0.23542001098394394
7,541,[0.5 0.  0.1 0.3 0.  0.  0.9 0.2],0.2354988008737564
7,542,[1.3 0.1 0.1 0.8 0.  0.5 1.3 0.5],0.3078896701335907
7,543,[1.3 0.1 0.1 0.8 0.  0.5 1.3 0.5],0.30795538425445557
7,544,[1.3 0.1 0.1 0.8 0.  0.5 1.3 0.5],0.30796845257282257
7,545,[1.3 0.1 0.1 0.8 0.  0.5 1.3 0.5],0.3080116957426071
7,546,[1.3 0.1 0.1 0.8 0.  0.5 1.3 0.5],0.30802279710769653
7,547,[1.3 0.1 0.1 0.8 0.  0.5 1.3 0.5],0.30802713334560394
7,548,[1.3 0.1 0.1 0.8 0.  0.5 1.3 0.5],0.3080625534057617
7,549,[1.3 0.1 0.1 0.8 0.  0.5 1.3 0.5],0.30809085071086884
7,550,[1.1 0.3 0.6 0.2 0.  0.  0.7 1.2],0.3140764534473419
7,551,[1.1 0.  0.1 1.1 0.4 0.  0.9 0.2],0.3229037970304489
7,552,[1.1 0.  0.1 1.1 0.4 0.  0.9 0.2],0.3230791389942169
7,553,[1.1 0.  0.1 1.1 0.4 0.  0.9 0.2],0.3231092393398285
7,554,[1.1 0.3 0.6 0.2 0.  0.  0.7 1.2],0.358887255191803
7,555,[1.1 0.3 0.6 0.2 0.  0.  0.7 1.2],0.3589024096727371
7,556,[1.1 0.3 0.6 0.2 0.  0.  0.7 1.2],0.35893426835536957
7,557,[1.1 0.3 0.6 0.2 0.  0.  0.7 1.2],0.35893459618091583
7,558,[1.1 0.3 0.6 0.2 0.  0.  0.7 1.2],0.35894955694675446
7,559,[1.1 0.3 0.6 0.2 0.  0.  0.7 1.2],0.35897406935691833
7,560,[1.1 0.3 0.6 0.2 0.  0.  0.7 1.2],0.35898491740226746
7,561,[1.1 0.3 0.6 0.2 0.  0.  0.7 1.2],0.3589966744184494
7,562,[1.1 0.3 0.6 0.2 0.  0.  0.7 1.2],0.3589991480112076
7,563,[1.1 0.3 0.6 0.2 0.  0.  0.7 1.2],0.3590009808540344
7,564,[1.1 0.3 0.6 0.2 0.  0.  0.7 1.2],0.35900862514972687
7,565,[1.1 0.3 0.6 0.2 0.  0.  0.7 1.2],0.3590131849050522
7,566,[1.1 0.3 0.6 0.2 0.  0.  0.7 1.2],0.35902732610702515
7,567,[1.1 0.3 0.6 0.2 0.  0.  0.7 1.2],0.35902877151966095
7,568,[1.1 0.3 0.6 0.2 0.  0.  0.7 1.2],0.35902878642082214
7,569,[1.1 0.3 0.6 0.2 0.  0.  0.7 1.2],0.3590312898159027
7,570,[1.1 0.3 0.6 0.2 0.  0.  0.7 1.2],0.35903356969356537
7,571,[1.1 0.3 0.6 0.2 0.  0.  0.7 1.2],0.35903553664684296
7,572,[1.1 0.3 0.6 0.2 0.  0.  0.7 1.2],0.3590416759252548
7,573,[1.1 0.3 0.6 0.2 0.  0.  0.7 1.2],0.3590419441461563
7,574,[1.1 0.3 0.6 0.2 0.  0.  0.7 1.2],0.35904498398303986
7,575,[1.1 0.3 0.6 0.2 0.  0.  0.7 1.2],0.35904525220394135
7,576,[1.1 0.3 0.6 0.2 0.  0.  0.7 1.2],0.3590455502271652
7,577,[1.1 0.3 0.6 0.2 0.  0.  0.7 1.2],0.3590470403432846
7,578,[1.1 0.3 0.6 0.2 0.  0.  0.7 1.2],0.3590496778488159
7,579,[1.1 0.3 0.6 0.2 0.  0.  0.7 1.2],0.3590514659881592
7,580,[1.1 0.3 0.6 0.2 0.  0.  0.7 1.2],0.35905584692955017
7,581,[1.1 0.3 0.6 0.2 0.  0.  0.7 1.2],0.35905621945858
7,582,[1.1 0.3 0.6 0.2 0.  0.  0.7 1.2],0.35906291007995605
7,583,[1.1 0.3 0.6 0.2 0.  0.  0.7 1.2],0.35906364023685455
7,584,[1.1 0.3 0.6 0.2 0.  0.  0.7 1.2],0.3590671271085739
7,585,[1.1 0.3 0.6 0.2 0.  0.  0.7 1.2],0.3590673953294754
7,586,[1.1 0.3 0.6 0.2 0.  0.  0.7 1.2],0.3590703010559082
7,587,[1.1 0.3 0.6 0.2 0.  0.  0.7 1.2],0.35907047986984253
7,588,[1.1 0.3 0.6 0.2 0.  0.  0.7 1.2],0.3590732365846634
7,589,[1.1 0.3 0.6 0.2 0.  0.  0.7 1.2],0.35908396542072296
7,590,[1.1 0.3 0.6 0.2 0.  0.  0.7 1.2],0.359085351228714
7,591,[1.1 0.3 0.6 0.2 0.  0.  0.7 1.2],0.35908640921115875
7,592,[1.1 0.3 0.6 0.2 0.  0.  0.7 1.2],0.3590867966413498
7,593,[1.1 0.3 0.6 0.2 0.  0.  0.7 1.2],0.359087198972702
7,594,[1.1 0.3 0.6 0.2 0.  0.  0.7 1.2],0.3590874969959259
7,595,[1.1 0.3 0.6 0.2 0.  0.  0.7 1.2],0.35909534990787506
7,596,[1.1 0.3 0.6 0.2 0.  0.  0.7 1.2],0.3590968996286392
7,597,[1.1 0.3 0.6 0.2 0.  0.  0.7 1.2],0.3590969890356064
7,598,[1.1 0.3 0.6 0.2 0.  0.  0.7 1.2],0.35909728705883026
7,599,[1.1 0.3 0.6 0.2 0.  0.  0.7 1.2],0.35910268127918243
7,600,[1.1 0.3 0.6 0.2 0.  0.  0.7 1.2],0.3591052293777466
7,601,[1.1 0.3 0.6 0.2 0.  0.  0.7 1.2],0.3591102659702301
7,602,[1.1 0.3 0.6 0.2 0.  0.  0.7 1.2],0.35911034047603607
7,603,[1.1 0.3 0.6 0.2 0.  0.  0.7 1.2],0.3591122031211853
7,604,[1.1 0.3 0.6 0.2 0.  0.  0.7 1.2],0.35911229252815247
7,605,[1.1 0.3 0.6 0.2 0.  0.  0.7 1.2],0.3591131716966629
7,606,[1.1 0.3 0.6 0.2 0.  0.  0.7 1.2],0.35911503434181213
7,607,[1.1 0.3 0.6 0.2 0.  0.  0.7 1.2],0.35911887884140015
7,608,[1.1 0.3 0.6 0.2 0.  0.  0.7 1.2],0.35912054777145386
7,609,[1.1 0.3 0.6 0.2 0.  0.  0.7 1.2],0.3591241240501404
7,610,[1.1 0.3 0.6 0.2 0.  0.  0.7 1.2],0.3591262549161911
7,611,[1.1 0.3 0.6 0.2 0.  0.  0.7 1.2],0.35913074016571045
7,612,[1.1 0.3 0.6 0.2 0.  0.  0.7 1.2],0.3591422736644745
7,613,[1.1 0.3 0.6 0.2 0.  0.  0.7 1.2],0.35914528369903564
7,614,[1.1 0.3 0.6 0.2 0.  0.  0.7 1.2],0.3591652363538742
7,615,[1.1 0.3 0.6 0.2 0.  0.  0.7 1.2],0.3591703176498413
7,616,[1.1 0.3 0.6 0.2 0.  0.  0.7 1.2],0.359171986579895
7,617,[1.1 0.3 0.6 0.2 0.  0.  0.7 1.2],0.3591800034046173
7,618,[1.1 0.3 0.6 0.2 0.  0.  0.7 1.2],0.359193816781044
7,619,[1.1 0.3 0.6 0.2 0.  0.  0.7 1.2],0.3591979742050171
7,620,[1.1 0.3 0.6 0.2 0.  0.  0.7 1.2],0.35922102630138397
7,621,[1.1 0.3 0.6 0.2 0.  0.  0.7 1.2],0.35922402143478394
7,622,[1.1 0.3 0.6 0.2 0.  0.  0.7 1.2],0.3592707961797714
7,623,[1.1 0.3 0.6 0.2 0.  0.  0.7 1.2],0.35929280519485474
7,624,[1.1 0.3 0.6 0.2 0.  0.  0.7 1.2],0.3593898266553879
7,625,[0.1 0.1 0.1 1.1 0.  0.6 1.2 0.2],0.3676980137825012
7,626,[0.1 0.1 0.1 1.1 0.  0.6 1.2 0.2],0.3678080290555954
7,627,[0.1 0.1 0.1 1.1 0.  0.6 1.2 0.2],0.36785973608493805
7,628,[0.1 0.1 0.1 1.1 0.  0.6 1.2 0.2],0.36786554753780365
7,629,[0.1 0.1 0.1 1.1 0.  0.6 1.2 0.2],0.3678748607635498
7,630,[0.1 0.1 0.1 1.1 0.  0.6 1.2 0.2],0.3679132014513016
7,631,[0.1 0.1 0.1 1.1 0.  0.6 1.2 0.2],0.36804884672164917
7,632,[0.1 0.1 0.1 1.1 0.  0.6 1.2 0.2],0.3680700659751892
7,633,[0.1 0.1 0.1 1.1 0.  0.6 1.2 0.2],0.36807894706726074
7,634,[0.1 0.1 0.1 1.1 0.  0.6 1.2 0.2],0.36820749938488007
7,635,[1.2 0.  0.1 1.  0.5 0.  0.9 0.2],0.37804630398750305
7,636,[1.2 0.  0.1 1.  0.5 0.  0.9 0.2],0.37808386981487274
7,637,[1.2 0.  0.1 1.  0.5 0.  0.9 0.2],0.3782787322998047
7,638,[1.2 0.  0.1 1.  0.5 0.  0.9 0.2],0.3783181756734848
7,639,[1.2 0.  0.1 1.  0.5 0.  0.9 0.2],0.3784371614456177
7,640,[1.2 0.  0.1 1.  0.5 0.  0.9 0.2],0.3784480541944504
7,641,[1.2 0.  0.1 1.  0.5 0.  0.9 0.2],0.3785746842622757
7,642,[1.2 0.  0.1 1.  0.5 0.  0.9 0.2],0.3787918984889984
7,643,[1.1 1.  0.9 1.  0.  0.  0.9 0.2],0.3875276893377304
7,644,[1.1 1.  0.9 1.  0.  0.  0.9 0.2],0.38757093250751495
7,645,[1.1 1.  0.9 1.  0.  0.  0.9 0.2],0.387597918510437
7,646,[1.1 1.  0.9 1.  0.  0.  0.9 0.2],0.38760846853256226
7,647,[1.1 1.  0.9 1.  0.  0.  0.9 0.2],0.387612521648407
7,648,[1.1 1.  0.9 1.  0.  0.  0.9 0.2],0.3876134753227234
7,649,[1.1 1.  0.9 1.  0.  0.  0.9 0.2],0.38761474192142487
7,650,[1.1 1.  0.9 1.  0.  0.  0.9 0.2],0.38761769235134125
7,651,[1.1 1.  0.9 1.  0.  0.  0.9 0.2],0.3876373767852783
7,652,[1.1 1.  0.9 1.  0.  0.  0.9 0.2],0.38764385879039764
7,653,[1.1 1.  0.9 1.  0.  0.  0.9 0.2],0.387693852186203
7,654,[1.1 1.  0.9 1.  0.  0.  0.9 0.2],0.38785848021507263
7,655,[1.1 0.1 0.1 0.  0.  0.  0.5 0.2],0.39655815064907074
7,656,[0.4 0.1 1.1 1.  0.  0.  0.9 0.6],0.408625066280365
7,657,[1.3 0.  0.1 1.  0.  0.8 0.9 0.2],0.46807795763015747
7,658,[1.1 0.9 0.8 0.5 0.3 0.  1.2 0.2],0.5251147449016571
7,659,[1.1 0.9 0.8 0.5 0.3 0.  1.2 0.2],0.5251219272613525
7,660,[1.1 0.9 0.8 0.5 0.3 0.  1.2 0.2],0.525193065404892
7,661,[1.1 0.9 0.8 0.5 0.3 0.  1.2 0.2],0.5252273976802826
7,662,[1.1 0.9 0.8 0.5 0.3 0.  1.2 0.2],0.5252684056758881
7,663,[1.1 0.9 0.8 0.5 0.3 0.  1.2 0.2],0.5252699255943298
7,664,[1.1 0.9 0.8 0.5 0.3 0.  1.2 0.2],0.5252790749073029
7,665,[1.1 0.9 0.8 0.5 0.3 0.  1.2 0.2],0.5253022611141205
7,666,[1.1 0.9 0.8 0.5 0.3 0.  1.2 0.2],0.5256360620260239
7,667,[1.1 0.  0.1 1.3 0.  1.  0.9 0.2],0.6515977680683136
7,668,[1.1 0.  0.1 1.3 0.  1.  0.9 0.2],0.6516721844673157
7,669,[1.1 0.  0.1 1.3 0.  1.  0.9 0.2],0.6520406901836395
7,670,[1.1 0.  0.1 1.3 0.  1.  0.9 0.2],0.6520571112632751
7,671,[1.1 0.  0.1 1.3 0.  1.  0.9 0.2],0.6521028280258179
7,672,[1.1 0.  0.1 1.3 0.  1.  0.9 0.2],0.6522077322006226
7,673,[1.1 0.  0.1 1.3 0.  1.  0.9 0.2],0.6523669362068176
7,674,[1.1 0.  1.1 1.  0.6 0.  0.9 0.2],0.6852291226387024
7,675,[1.1 0.  0.8 1.  0.8 0.  0.9 0.2],0.6869843006134033
7,676,[1.1 0.  0.8 1.  0.8 0.  0.9 0.2],0.6870458424091339
7,677,[1.1 0.  0.8 1.  0.8 0.  0.9 0.2],0.6872663497924805
7,678,[1.1 0.  0.8 1.  0.8 0.  0.9 0.2],0.6873199641704559
7,679,[1.1 0.  0.8 1.  0.8 0.  0.9 0.2],0.6877813637256622
7,680,[0.9 0.  0.1 1.  0.  1.1 0.9 0.2],0.6960813999176025
7,681,[0.9 0.  0.1 1.  0.  1.1 0.9 0.2],0.6962689161300659
7,682,[0.9 0.  0.1 1.  0.  1.1 0.9 0.2],0.6962763071060181
7,683,[0.9 0.  0.1 1.  0.  1.1 0.9 0.2],0.696283370256424
7,684,[0.9 0.  0.1 1.  0.  1.1 0.9 0.2],0.6966273486614227
7,685,[0.1 0.1 0.1 1.1 0.  0.6 1.2 0.2],0.7142287790775299
7,686,[1.1 0.1 0.9 1.  0.2 1.1 0.5 0.2],0.7296933531761169
7,687,[1.1 0.1 0.9 1.  0.2 1.1 0.5 0.2],0.7297247648239136
7,688,[1.1 0.1 0.9 1.  0.2 1.1 0.5 0.2],0.7297734618186951
7,689,[1.1 0.1 0.9 1.  0.2 1.1 0.5 0.2],0.7298044562339783
7,690,[1.1 0.1 0.9 1.  0.2 1.1 0.5 0.2],0.7298268377780914
7,691,[1.1 0.1 0.9 1.  0.2 1.1 0.5 0.2],0.7298608720302582
7,692,[1.1 0.1 0.9 1.  0.2 1.1 0.5 0.2],0.7298722863197327
7,693,[1.1 0.1 0.9 1.  0.2 1.1 0.5 0.2],0.7298723459243774
7,694,[1.1 0.1 0.9 1.  0.2 1.1 0.5 0.2],0.7298797070980072
7,695,[1.1 0.1 0.9 1.  0.2 1.1 0.5 0.2],0.7299566864967346
7,696,[1.1 0.1 0.9 1.  0.2 1.1 0.5 0.2],0.7299658358097076
7,697,[1.1 0.1 0.9 1.  0.2 1.1 0.5 0.2],0.7299697995185852
7,698,[1.1 0.1 0.9 1.  0.2 1.1 0.5 0.2],0.7300974726676941
7,699,[1.1 0.  0.1 1.  0.  1.2 0.9 0.1],0.7846927046775818
7,700,[1.1 0.1 0.1 1.  0.  1.2 0.9 0.2],0.7857317626476288
7,701,[1.1 0.1 0.1 0.3 0.  1.1 0.7 0.2],0.8060983419418335
7,702,[1.1 0.1 0.1 0.3 0.  1.1 0.7 0.2],0.8061441481113434
7,703,[1.1 0.1 0.1 0.3 0.  1.1 0.7 0.2],0.8061786890029907
7,704,[1.1 0.1 0.1 0.3 0.  1.1 0.7 0.2],0.8062379658222198
7,705,[1.1 0.1 0.1 0.3 0.  1.1 0.7 0.2],0.8062444627285004
7,706,[1.1 0.1 0.1 0.3 0.  1.1 0.7 0.2],0.8062620759010315
7,707,[1.1 0.1 0.1 0.3 0.  1.1 0.7 0.2],0.8062742948532104
7,708,[1.1 0.1 0.1 0.3 0.  1.1 0.7 0.2],0.8063161075115204
7,709,[1.1 0.1 0.1 0.3 0.  1.1 0.7 0.2],0.8063512444496155
7,710,[1.1 0.1 0.1 0.3 0.  1.1 0.7 0.2],0.8063679039478302
7,711,[1.1 0.1 0.1 0.3 0.  1.1 0.7 0.2],0.8063831329345703
7,712,[1.1 0.1 0.1 0.3 0.  1.1 0.7 0.2],0.8064787983894348
7,713,[1.1 0.  0.9 1.  0.9 0.  0.9 0.2],0.8067137598991394
7,714,[1.1 0.  0.9 1.  0.9 0.  0.9 0.2],0.8068430423736572
7,715,[1.1 0.  0.9 1.  0.9 0.  0.9 0.2],0.8071781694889069
7,716,[1.1 0.  0.9 1.  0.9 0.  0.9 0.2],0.8071873784065247
7,717,[1.1 0.  0.9 1.  0.9 0.  0.9 0.2],0.8073246777057648
7,718,[1.1 0.  0.9 1.  0.9 0.  0.9 0.2],0.8073450326919556
7,719,[1.1 0.  0.9 1.  0.9 0.  0.9 0.2],0.8075269162654877
7,720,[1.1 0.  0.1 0.5 0.  1.2 0.9 0.2],0.8330782055854797
7,721,[1.1 0.  0.1 0.5 0.  1.2 0.9 0.2],0.8331127762794495
7,722,[1.1 0.  0.1 0.5 0.  1.2 0.9 0.2],0.8332039415836334
7,723,[1.1 0.  0.1 0.5 0.  1.2 0.9 0.2],0.8336004614830017
7,724,[1.1 0.3 0.6 0.2 0.  0.  0.7 1.2],0.8402827382087708
7,725,[0.2 0.1 0.3 1.  0.6 1.  0.3 1.3],0.8940205872058868
7,726,[0.2 0.1 0.3 1.  0.6 1.  0.3 1.3],0.8942235708236694
7,727,[0.2 0.1 0.3 1.  0.6 1.  0.3 1.3],0.8943967819213867
7,728,[0.2 0.1 0.3 1.  0.6 1.  0.3 1.3],0.8945368230342865
7,729,[0.2 0.1 0.3 1.  0.6 1.  0.3 1.3],0.8945595324039459
7,730,[0.2 0.1 0.3 1.  0.6 1.  0.3 1.3],0.89457106590271
7,731,[0.2 0.1 0.3 1.  0.6 1.  0.3 1.3],0.8946510553359985
7,732,[0.2 0.1 0.3 1.  0.6 1.  0.3 1.3],0.8948094248771667
7,733,[0.2 0.1 0.3 1.  0.6 1.  0.3 1.3],0.8950372934341431
7,734,[0.2 0.1 0.3 1.  0.6 1.  0.3 1.3],0.8951031863689423
7,735,[0.2 0.1 0.3 1.  0.6 1.  0.3 1.3],0.8954000771045685
7,736,[0.2 0.1 0.6 1.  1.  0.5 0.7 1.3],0.933690071105957
7,737,[0.2 0.1 0.6 1.  1.  0.5 0.7 1.3],0.933834582567215
7,738,[0.2 0.1 0.6 1.  1.  0.5 0.7 1.3],0.93385249376297
7,739,[0.2 0.1 0.6 1.  1.  0.5 0.7 1.3],0.9338699281215668
7,740,[0.2 0.1 0.6 1.  1.  0.5 0.7 1.3],0.9339253008365631
7,741,[0.2 0.1 0.6 1.  1.  0.5 0.7 1.3],0.9339405000209808
7,742,[0.2 0.1 0.6 1.  1.  0.5 0.7 1.3],0.9339850842952728
7,743,[0.2 0.1 0.6 1.  1.  0.5 0.7 1.3],0.9340867698192596
7,744,[0.2 0.1 0.6 1.  1.  0.5 0.7 1.3],0.9341677129268646
7,745,[0.2 0.1 0.6 1.  1.  0.5 0.7 1.3],0.9342911243438721
7,746,[0.2 0.1 0.6 1.  1.  0.5 0.7 1.3],0.9343766272068024
7,747,[0.2 0.1 0.6 1.  1.  0.5 0.7 1.3],0.9344383180141449
7,748,[0.2 0.1 0.6 1.  1.  0.5 0.7 1.3],0.9350258409976959
7,749,[1.3 0.3 0.8 0.4 0.5 1.  1.  0.7],0.9544758200645447
7,750,[1.3 0.3 0.8 0.4 0.5 1.  1.  0.7],0.9545325636863708
7,751,[1.3 0.3 0.8 0.4 0.5 1.  1.  0.7],0.9545755088329315
7,752,[1.3 0.3 0.8 0.4 0.5 1.  1.  0.7],0.9546276032924652
7,753,[1.3 0.3 0.8 0.4 0.5 1.  1.  0.7],0.954681009054184
7,754,[1.3 0.3 0.8 0.4 0.5 1.  1.  0.7],0.9546831548213959
7,755,[1.3 0.3 0.8 0.4 0.5 1.  1.  0.7],0.9546930193901062
7,756,[1.3 0.3 0.8 0.4 0.5 1.  1.  0.7],0.9547901749610901
7,757,[1.3 0.3 0.8 0.4 0.5 1.  1.  0.7],0.9548410773277283
7,758,[1.3 0.3 0.8 0.4 0.5 1.  1.  0.7],0.9548493325710297
7,759,[1.3 0.3 0.8 0.4 0.5 1.  1.  0.7],0.9548503458499908
7,760,[1.3 0.3 0.8 0.4 0.5 1.  1.  0.7],0.9549764096736908
7,761,[1.3 0.3 0.8 0.4 0.5 1.  1.  0.7],0.9549842476844788
7,762,[1.3 0.3 0.8 0.4 0.5 1.  1.  0.7],0.9550147354602814
7,763,[1.3 0.3 0.8 0.4 0.5 1.  1.  0.7],0.955114096403122
7,764,[1.3 0.3 0.8 0.4 0.5 1.  1.  0.7],0.9551184177398682
7,765,[1.3 0.3 0.8 0.4 0.5 1.  1.  0.7],0.9551238715648651
7,766,[1.3 0.3 0.8 0.4 0.5 1.  1.  0.7],0.955153226852417
7,767,[1.3 0.3 0.8 0.4 0.5 1.  1.  0.7],0.9551607966423035
7,768,[0.8 0.1 0.1 0.  1.  0.5 1.2 0.2],1.0900830030441284
7,769,[1.1 0.1 0.9 1.  0.2 1.1 0.5 0.2],1.1192212104797363
7,770,[1.1 0.6 0.  1.1 1.3 0.1 0.1 1.3],1.1780217289924622
7,771,[1.1 0.6 0.  1.1 1.3 0.1 0.1 1.3],1.1786792874336243
7,772,[1.1 0.6 0.  1.1 1.3 0.1 0.1 1.3],1.1786932349205017
7,773,[1.1 0.6 0.  1.1 1.3 0.1 0.1 1.3],1.1786991357803345
7,774,[1.1 0.6 0.  1.1 1.3 0.1 0.1 1.3],1.1787509322166443
7,775,[1.1 0.6 0.  1.1 1.3 0.1 0.1 1.3],1.178774356842041
7,776,[1.1 0.6 0.  1.1 1.3 0.1 0.1 1.3],1.1787840127944946
7,777,[1.1 0.6 0.  1.1 1.3 0.1 0.1 1.3],1.1788336038589478
7,778,[1.1 0.6 0.  1.1 1.3 0.1 0.1 1.3],1.1790579557418823
7,779,[1.1 0.6 0.  1.1 1.3 0.1 0.1 1.3],1.1790649890899658
7,780,[1.1 0.6 0.  1.1 1.3 0.1 0.1 1.3],1.1790924072265625
7,781,[1.1 0.6 0.  1.1 1.3 0.1 0.1 1.3],1.179122805595398
7,782,[1.1 0.6 0.  1.1 1.3 0.1 0.1 1.3],1.1791265606880188
7,783,[1.1 0.6 0.  1.1 1.3 0.1 0.1 1.3],1.179246187210083
7,784,[1.1 0.6 0.  1.1 1.3 0.1 0.1 1.3],1.179401934146881
7,785,[1.1 0.6 0.  1.1 1.3 0.1 0.1 1.3],1.1794787645339966
7,786,[1.1 0.6 0.  1.1 1.3 0.1 0.1 1.3],1.1795580387115479
7,787,[1.1 0.6 0.  1.1 1.3 0.1 0.1 1.3],1.1795905828475952
7,788,[1.1 0.6 0.  1.1 1.3 0.1 0.1 1.3],1.1796274185180664
7,789,[1.1 0.6 0.  1.1 1.3 0.1 0.1 1.3],1.1796995401382446
7,790,[1.1 0.6 0.  1.1 1.3 0.1 0.1 1.3],1.1800552010536194
7,791,[1.1 0.6 0.  1.1 1.3 0.1 0.1 1.3],1.1803313493728638
7,792,[1.1 0.6 0.  1.1 1.3 0.1 0.1 1.3],1.181158721446991
7,793,[0.8 0.1 0.1 0.  1.  0.5 1.2 0.2],1.2709766626358032
7,794,[0.8 0.1 0.1 0.  1.  0.5 1.2 0.2],1.271414875984192
7,795,[0.8 0.1 0.1 0.  1.  0.5 1.2 0.2],1.2716666460037231
7,796,[0.8 0.1 0.1 0.  1.  0.5 1.2 0.2],1.2720858454704285
7,797,[0.8 0.1 0.1 0.  1.  0.5 1.2 0.2],1.2721102237701416
7,798,[0.8 0.1 0.1 0.  1.  0.5 1.2 0.2],1.2722949385643005
7,799,[1.3 0.3 0.8 0.4 0.5 1.  1.  0.7],1.8701395392417908
8,0,[1.1 0.6 0.  1.1 1.1 0.5 0.1 1.3],0.01906274538487196
8,1,[0.8 1.  0.  1.  1.2 0.  0.9 0.9],0.031011258251965046
8,2,[1.1 0.1 0.1 1.  0.  0.1 0.7 0.6],0.03172301687300205
8,3,[1.1 0.1 0.1 1.  0.  0.1 0.7 0.6],0.03172301687300205
8,4,[1.1 0.1 0.1 1.  0.  0.1 0.7 0.6],0.03172301687300205
8,5,[1.1 0.9 0.8 0.7 0.3 0.  1.2 0.1],0.03225807659327984
8,6,[1.1 0.9 0.8 0.7 0.3 0.  1.2 0.1],0.03225807659327984
8,7,[0.2 0.1 0.3 1.  0.6 1.  0.3 1.3],0.034427450969815254
8,8,[1.1 0.1 0.1 1.  0.  0.  0.9 0.6],0.04439125768840313
8,9,[1.1 0.1 0.1 1.  0.  0.  0.9 0.6],0.04439125768840313
8,10,[1.1 0.  0.1 0.4 0.3 0.  0.9 0.2],0.04624437727034092
8,11,[1.1 0.  0.1 0.4 0.3 0.  0.9 0.2],0.04624437727034092
8,12,[1.1 0.1 0.1 1.  0.  0.  0.7 0.5],0.048928579315543175
8,13,[1.3 0.1 0.1 0.8 0.  0.  1.3 0.2],0.04996169172227383
8,14,[1.3 0.1 0.1 0.8 0.  0.  1.3 0.2],0.04996169172227383
8,15,[1.3 0.1 0.1 0.8 0.  0.  1.3 0.2],0.04996169172227383
8,16,[1.1 0.  0.1 1.  0.  0.  0.9 0.2],0.059329645708203316
8,17,[1.1 0.7 0.1 1.  0.  0.  0.9 0.6],0.059383025392889977
8,18,[1.1 0.  0.6 1.  0.8 0.8 0.9 0.2],0.05939261242747307
8,19,[1.1 0.  0.1 1.  0.  0.  0.9 0.2],0.05944628082215786
8,20,[1.1 0.  0.9 1.  0.9 0.  0.9 0.2],0.059663139283657074
8,21,[1.1 0.  0.1 1.  0.  0.  0.9 0.2],0.08883974701166153
8,22,[1.1 0.  0.1 1.  0.  0.  0.9 0.2],0.0888725109398365
8,23,[1.1 0.  0.1 1.  0.  0.  0.9 0.2],0.08888113126158714
8,24,[1.1 0.  0.1 1.  0.  0.  0.9 0.2],0.08889290690422058
8,25,[1.1 0.  0.1 1.  0.  0.  0.9 0.2],0.08890669792890549
8,26,[1.1 0.  0.1 1.  0.  0.  0.9 0.2],0.08891268819570541
8,27,[1.1 0.  0.1 1.  0.  0.  0.9 0.2],0.08894951641559601
8,28,[1.1 0.  0.1 1.  0.  0.  0.9 0.2],0.08896871283650398
8,29,[1.1 0.  0.1 1.  0.  0.  0.9 0.2],0.08899111673235893
8,30,[1.1 0.  0.1 1.  0.  0.  0.9 0.2],0.08902215585112572
8,31,[1.1 0.  0.1 1.  0.  0.  0.9 0.2],0.08906712383031845
8,32,[1.1 0.  0.1 1.  0.  0.  0.9 0.2],0.08912630006670952
8,33,[1.3 0.1 0.1 0.8 0.  0.  1.3 0.2],0.09850458428263664
8,34,[1.3 0.1 0.1 0.8 0.  0.  1.3 0.2],0.09850608184933662
8,35,[0.5 0.1 0.1 0.4 0.  0.  1.1 0.4],0.09857609495520592
8,36,[1.3 0.1 0.1 0.8 0.  0.  1.3 0.2],0.09865092858672142
8,37,[1.3 0.1 0.1 0.8 0.  0.  1.3 0.2],0.09866189584136009
8,38,[1.3 0.1 0.1 0.8 0.  0.  1.3 0.2],0.09866463765501976
8,39,[1.3 0.1 0.1 0.8 0.  0.  1.3 0.2],0.09876779094338417
8,40,[1.1 0.  0.1 1.  0.  0.  1.3 0.2],0.14163408428430557
8,41,[1.1 0.  0.1 1.  0.  0.  1.3 0.2],0.14165278524160385
8,42,[1.1 0.  0.1 1.  0.  0.  1.3 0.2],0.14171811193227768
8,43,[1.3 0.1 0.1 0.8 0.  0.  1.3 0.2],0.1420833021402359
8,44,[1.3 0.1 0.1 0.8 0.  0.  1.3 0.2],0.14210189133882523
8,45,[1.3 0.1 0.1 0.8 0.  0.  1.3 0.2],0.14213066548109055
8,46,[1.3 0.1 0.1 0.8 0.  0.  1.3 0.2],0.14213334769010544
8,47,[1.3 0.1 0.1 0.8 0.  0.  1.3 0.2],0.14213482290506363
8,48,[1.3 0.1 0.1 0.8 0.  0.  1.3 0.2],0.14213542640209198
8,49,[1.3 0.1 0.1 0.8 0.  0.  1.3 0.2],0.14213571697473526
8,50,[1.3 0.1 0.1 0.8 0.  0.  1.3 0.2],0.14213649183511734
8,51,[1.3 0.1 0.1 0.8 0.  0.  1.3 0.2],0.1421407014131546
8,52,[1.3 0.1 0.1 0.8 0.  0.  1.3 0.2],0.14214137196540833
8,53,[1.3 0.1 0.1 0.8 0.  0.  1.3 0.2],0.1421431601047516
8,54,[1.3 0.1 0.1 0.8 0.  0.  1.3 0.2],0.14214736223220825
8,55,[1.3 0.1 0.1 0.8 0.  0.  1.3 0.2],0.14214856922626495
8,56,[1.3 0.1 0.1 0.8 0.  0.  1.3 0.2],0.14215729385614395
8,57,[1.3 0.1 0.1 0.8 0.  0.  1.3 0.2],0.14215873181819916
8,58,[1.3 0.1 0.1 0.8 0.  0.  1.3 0.2],0.14215914905071259
8,59,[1.3 0.1 0.1 0.8 0.  0.  1.3 0.2],0.14215922355651855
8,60,[1.3 0.1 0.1 0.8 0.  0.  1.3 0.2],0.14215970784425735
8,61,[1.3 0.1 0.1 0.8 0.  0.  1.3 0.2],0.14216474443674088
8,62,[1.3 0.1 0.1 0.8 0.  0.  1.3 0.2],0.14216509461402893
8,63,[1.3 0.1 0.1 0.8 0.  0.  1.3 0.2],0.14216677099466324
8,64,[1.3 0.1 0.1 0.8 0.  0.  1.3 0.2],0.14216871559619904
8,65,[1.3 0.1 0.1 0.8 0.  0.  1.3 0.2],0.14217159897089005
8,66,[1.3 0.1 0.1 0.8 0.  0.  1.3 0.2],0.1421719789505005
8,67,[1.3 0.1 0.1 0.8 0.  0.  1.3 0.2],0.14217384904623032
8,68,[1.3 0.1 0.1 0.8 0.  0.  1.3 0.2],0.14217563718557358
8,69,[1.3 0.1 0.1 0.8 0.  0.  1.3 0.2],0.14217834174633026
8,70,[1.3 0.1 0.1 0.8 0.  0.  1.3 0.2],0.14218060672283173
8,71,[1.3 0.1 0.1 0.8 0.  0.  1.3 0.2],0.14218224585056305
8,72,[1.3 0.1 0.1 0.8 0.  0.  1.3 0.2],0.14218627661466599
8,73,[1.3 0.1 0.1 0.8 0.  0.  1.3 0.2],0.14218655973672867
8,74,[1.3 0.1 0.1 0.8 0.  0.  1.3 0.2],0.14218737930059433
8,75,[1.3 0.1 0.1 0.8 0.  0.  1.3 0.2],0.1421891376376152
8,76,[1.3 0.1 0.1 0.8 0.  0.  1.3 0.2],0.14218999445438385
8,77,[1.3 0.1 0.1 0.8 0.  0.  1.3 0.2],0.14219050854444504
8,78,[1.3 0.1 0.1 0.8 0.  0.  1.3 0.2],0.14219088852405548
8,79,[1.3 0.1 0.1 0.8 0.  0.  1.3 0.2],0.14219093322753906
8,80,[1.3 0.1 0.1 0.8 0.  0.  1.3 0.2],0.14219939708709717
8,81,[1.3 0.1 0.1 0.8 0.  0.  1.3 0.2],0.14220069348812103
8,82,[1.3 0.1 0.1 0.8 0.  0.  1.3 0.2],0.1422007456421852
8,83,[1.3 0.1 0.1 0.8 0.  0.  1.3 0.2],0.14220178127288818
8,84,[1.3 0.1 0.1 0.8 0.  0.  1.3 0.2],0.14220190793275833
8,85,[1.3 0.1 0.1 0.8 0.  0.  1.3 0.2],0.14220573753118515
8,86,[1.3 0.1 0.1 0.8 0.  0.  1.3 0.2],0.14220793545246124
8,87,[1.3 0.1 0.1 0.8 0.  0.  1.3 0.2],0.1422087401151657
8,88,[1.3 0.1 0.1 0.8 0.  0.  1.3 0.2],0.14220886677503586
8,89,[1.3 0.1 0.1 0.8 0.  0.  1.3 0.2],0.1422092765569687
8,90,[1.3 0.1 0.1 0.8 0.  0.  1.3 0.2],0.14221012592315674
8,91,[1.3 0.1 0.1 0.8 0.  0.  1.3 0.2],0.14221085608005524
8,92,[1.3 0.1 0.1 0.8 0.  0.  1.3 0.2],0.1422114223241806
8,93,[1.3 0.1 0.1 0.8 0.  0.  1.3 0.2],0.1422124132514
8,94,[1.3 0.1 0.1 0.8 0.  0.  1.3 0.2],0.14221352338790894
8,95,[1.3 0.1 0.1 0.8 0.  0.  1.3 0.2],0.1422135904431343
8,96,[1.3 0.1 0.1 0.8 0.  0.  1.3 0.2],0.14221422374248505
8,97,[1.3 0.1 0.1 0.8 0.  0.  1.3 0.2],0.1422155499458313
8,98,[1.3 0.1 0.1 0.8 0.  0.  1.3 0.2],0.14221594482660294
8,99,[1.3 0.1 0.1 0.8 0.  0.  1.3 0.2],0.14221595972776413
8,100,[1.3 0.1 0.1 0.8 0.  0.  1.3 0.2],0.1422167792916298
8,101,[1.3 0.1 0.1 0.8 0.  0.  1.3 0.2],0.14221913367509842
8,102,[1.3 0.1 0.1 0.8 0.  0.  1.3 0.2],0.14222059398889542
8,103,[1.3 0.1 0.1 0.8 0.  0.  1.3 0.2],0.1422237530350685
8,104,[1.3 0.1 0.1 0.8 0.  0.  1.3 0.2],0.1422244980931282
8,105,[1.3 0.1 0.1 0.8 0.  0.  1.3 0.2],0.14222510159015656
8,106,[1.3 0.1 0.1 0.8 0.  0.  1.3 0.2],0.1422252431511879
8,107,[1.3 0.1 0.1 0.8 0.  0.  1.3 0.2],0.14222616702318192
8,108,[1.3 0.1 0.1 0.8 0.  0.  1.3 0.2],0.1422271504998207
8,109,[1.3 0.1 0.1 0.8 0.  0.  1.3 0.2],0.1422298476099968
8,110,[1.3 0.1 0.1 0.8 0.  0.  1.3 0.2],0.14223044365644455
8,111,[1.3 0.1 0.1 0.8 0.  0.  1.3 0.2],0.14223098009824753
8,112,[1.3 0.1 0.1 0.8 0.  0.  1.3 0.2],0.14223124831914902
8,113,[1.3 0.1 0.1 0.8 0.  0.  1.3 0.2],0.1422315016388893
8,114,[1.3 0.1 0.1 0.8 0.  0.  1.3 0.2],0.14223157614469528
8,115,[1.3 0.1 0.1 0.8 0.  0.  1.3 0.2],0.14223267883062363
8,116,[1.3 0.1 0.1 0.8 0.  0.  1.3 0.2],0.14223413169384003
8,117,[1.3 0.1 0.1 0.8 0.  0.  1.3 0.2],0.14223498106002808
8,118,[1.3 0.1 0.1 0.8 0.  0.  1.3 0.2],0.1422351971268654
8,119,[1.3 0.1 0.1 0.8 0.  0.  1.3 0.2],0.14223581552505493
8,120,[1.3 0.1 0.1 0.8 0.  0.  1.3 0.2],0.14223602414131165
8,121,[1.3 0.1 0.1 0.8 0.  0.  1.3 0.2],0.1422363743185997
8,122,[1.3 0.1 0.1 0.8 0.  0.  1.3 0.2],0.14223670214414597
8,123,[1.3 0.1 0.1 0.8 0.  0.  1.3 0.2],0.14223753660917282
8,124,[1.3 0.1 0.1 0.8 0.  0.  1.3 0.2],0.14223997294902802
8,125,[1.3 0.1 0.1 0.8 0.  0.  1.3 0.2],0.14224015176296234
8,126,[1.3 0.1 0.1 0.8 0.  0.  1.3 0.2],0.1422412469983101
8,127,[1.3 0.1 0.1 0.8 0.  0.  1.3 0.2],0.1422419622540474
8,128,[1.3 0.1 0.1 0.8 0.  0.  1.3 0.2],0.1422433704137802
8,129,[1.3 0.1 0.1 0.8 0.  0.  1.3 0.2],0.1422443687915802
8,130,[1.3 0.1 0.1 0.8 0.  0.  1.3 0.2],0.14224443584680557
8,131,[1.3 0.1 0.1 0.8 0.  0.  1.3 0.2],0.14224467426538467
8,132,[1.3 0.1 0.1 0.8 0.  0.  1.3 0.2],0.14224471896886826
8,133,[1.3 0.1 0.1 0.8 0.  0.  1.3 0.2],0.14224649220705032
8,134,[1.3 0.1 0.1 0.8 0.  0.  1.3 0.2],0.14224807173013687
8,135,[1.3 0.1 0.1 0.8 0.  0.  1.3 0.2],0.14224830269813538
8,136,[1.3 0.1 0.1 0.8 0.  0.  1.3 0.2],0.14225050061941147
8,137,[1.3 0.1 0.1 0.8 0.  0.  1.3 0.2],0.14225654304027557
8,138,[1.3 0.1 0.1 0.8 0.  0.  1.3 0.2],0.1422576680779457
8,139,[1.3 0.1 0.1 0.8 0.  0.  1.3 0.2],0.14226111769676208
8,140,[1.3 0.1 0.1 0.8 0.  0.  1.3 0.2],0.14226236939430237
8,141,[1.3 0.1 0.1 0.8 0.  0.  1.3 0.2],0.14226410537958145
8,142,[1.3 0.1 0.1 0.8 0.  0.  1.3 0.2],0.1422642022371292
8,143,[1.3 0.1 0.1 0.8 0.  0.  1.3 0.2],0.14226427674293518
8,144,[1.3 0.1 0.1 0.8 0.  0.  1.3 0.2],0.14226610213518143
8,145,[1.3 0.1 0.1 0.8 0.  0.  1.3 0.2],0.14226629585027695
8,146,[1.3 0.1 0.1 0.8 0.  0.  1.3 0.2],0.1422675997018814
8,147,[1.3 0.1 0.1 0.8 0.  0.  1.3 0.2],0.14226896315813065
8,148,[1.3 0.1 0.1 0.8 0.  0.  1.3 0.2],0.14227154850959778
8,149,[1.3 0.1 0.1 0.8 0.  0.  1.3 0.2],0.14227155596017838
8,150,[1.3 0.1 0.1 0.8 0.  0.  1.3 0.2],0.14227429032325745
8,151,[1.3 0.1 0.1 0.8 0.  0.  1.3 0.2],0.14227455109357834
8,152,[1.3 0.1 0.1 0.8 0.  0.  1.3 0.2],0.1422758251428604
8,153,[1.3 0.1 0.1 0.8 0.  0.  1.3 0.2],0.142275869846344
8,154,[1.3 0.1 0.1 0.8 0.  0.  1.3 0.2],0.14227626472711563
8,155,[1.3 0.1 0.1 0.8 0.  0.  1.3 0.2],0.14227628707885742
8,156,[1.3 0.1 0.1 0.8 0.  0.  1.3 0.2],0.14227648824453354
8,157,[1.3 0.1 0.1 0.8 0.  0.  1.3 0.2],0.14227713644504547
8,158,[1.3 0.1 0.1 0.8 0.  0.  1.3 0.2],0.14228396862745285
8,159,[1.3 0.1 0.1 0.8 0.  0.  1.3 0.2],0.14228438585996628
8,160,[1.3 0.1 0.1 0.8 0.  0.  1.3 0.2],0.14228448271751404
8,161,[1.3 0.1 0.1 0.8 0.  0.  1.3 0.2],0.14228956401348114
8,162,[1.3 0.1 0.1 0.8 0.  0.  1.3 0.2],0.14228956401348114
8,163,[1.3 0.1 0.1 0.8 0.  0.  1.3 0.2],0.14229167997837067
8,164,[1.3 0.1 0.1 0.8 0.  0.  1.3 0.2],0.14229223877191544
8,165,[1.3 0.1 0.1 0.8 0.  0.  1.3 0.2],0.14229225367307663
8,166,[1.3 0.1 0.1 0.8 0.  0.  1.3 0.2],0.14229290932416916
8,167,[1.3 0.1 0.1 0.8 0.  0.  1.3 0.2],0.14229388535022736
8,168,[1.3 0.1 0.1 0.8 0.  0.  1.3 0.2],0.14229527115821838
8,169,[1.3 0.1 0.1 0.8 0.  0.  1.3 0.2],0.14229564368724823
8,170,[1.3 0.1 0.1 0.8 0.  0.  1.3 0.2],0.1422971859574318
8,171,[1.3 0.1 0.1 0.8 0.  0.  1.3 0.2],0.14229905605316162
8,172,[1.3 0.1 0.1 0.8 0.  0.  1.3 0.2],0.1423053815960884
8,173,[1.3 0.1 0.1 0.8 0.  0.  1.3 0.2],0.14230936765670776
8,174,[1.3 0.1 0.1 0.8 0.  0.  1.3 0.2],0.1423133984208107
8,175,[1.3 0.1 0.1 0.8 0.  0.  1.3 0.2],0.1423138827085495
8,176,[1.3 0.1 0.1 0.8 0.  0.  1.3 0.2],0.14231572300195694
8,177,[1.3 0.1 0.1 0.8 0.  0.  1.3 0.2],0.14232483506202698
8,178,[1.3 0.1 0.1 0.8 0.  0.  1.3 0.2],0.14232779294252396
8,179,[1.3 0.1 0.1 0.8 0.  0.  1.3 0.2],0.1423288732767105
8,180,[1.3 0.1 0.1 0.8 0.  0.  1.3 0.2],0.14232948422431946
8,181,[1.3 0.1 0.1 0.8 0.  0.  1.3 0.2],0.14233271777629852
8,182,[1.3 0.1 0.1 0.8 0.  0.  1.3 0.2],0.142334446310997
8,183,[1.3 0.1 0.1 0.8 0.  0.  1.3 0.2],0.14233476668596268
8,184,[1.3 0.1 0.1 0.8 0.  0.  1.3 0.2],0.1423403024673462
8,185,[1.3 0.1 0.1 0.8 0.  0.  1.3 0.2],0.14234362542629242
8,186,[1.3 0.1 0.1 0.8 0.  0.  1.3 0.2],0.1423458233475685
8,187,[1.3 0.1 0.1 0.8 0.  0.  1.3 0.2],0.1423461139202118
8,188,[1.3 0.1 0.1 0.8 0.  0.  1.3 0.2],0.14234840124845505
8,189,[1.3 0.1 0.1 0.8 0.  0.  1.3 0.2],0.14235278964042664
8,190,[1.3 0.1 0.1 0.8 0.  0.  1.3 0.2],0.14236187934875488
8,191,[1.3 0.1 0.1 0.8 0.  0.  1.3 0.2],0.14236369729042053
8,192,[1.3 0.1 0.1 0.8 0.  0.  1.3 0.2],0.14236846938729286
8,193,[1.3 0.1 0.1 0.8 0.  0.  1.3 0.2],0.14237135648727417
8,194,[1.3 0.1 0.1 0.8 0.  0.  1.3 0.2],0.14237404614686966
8,195,[1.3 0.1 0.1 0.8 0.  0.  1.3 0.2],0.14237423241138458
8,196,[1.3 0.1 0.1 0.8 0.  0.  1.3 0.2],0.1423746645450592
8,197,[1.3 0.1 0.1 0.8 0.  0.  1.3 0.2],0.14237522333860397
8,198,[1.3 0.1 0.1 0.8 0.  0.  1.3 0.2],0.1423831433057785
8,199,[1.3 0.1 0.1 0.8 0.  0.  1.3 0.2],0.14238440245389938
8,200,[1.3 0.1 0.1 0.8 0.  0.  1.3 0.2],0.14239732921123505
8,201,[1.3 0.1 0.1 0.8 0.  0.  1.3 0.2],0.1424436718225479
8,202,[1.3 0.1 0.1 0.8 0.  0.  1.3 0.2],0.14244863390922546
8,203,[1.3 0.1 0.1 0.8 0.  0.  1.3 0.2],0.14246778935194016
8,204,[1.1 0.  0.1 1.  0.  0.  0.9 0.2],0.14339099824428558
8,205,[1.1 0.  0.1 1.  0.  0.  0.9 0.2],0.1435285359621048
8,206,[1.1 0.  0.1 1.  0.  0.  0.9 0.2],0.14353401958942413
8,207,[1.1 0.  0.1 1.  0.  0.  0.9 0.2],0.1435488983988762
8,208,[1.1 0.  0.1 1.  0.  0.  0.9 0.2],0.14355315268039703
8,209,[1.1 0.  0.1 1.  0.  0.  0.9 0.2],0.1435563936829567
8,210,[1.1 0.  0.1 1.  0.  0.  0.9 0.2],0.14356909692287445
8,211,[1.1 0.  0.1 1.  0.  0.  0.9 0.2],0.14357058703899384
8,212,[1.1 0.  0.1 1.  0.  0.  0.9 0.2],0.14357517659664154
8,213,[1.1 0.  0.1 1.  0.  0.  0.9 0.2],0.1435847133398056
8,214,[1.1 0.  0.1 1.  0.  0.  0.9 0.2],0.14359347522258759
8,215,[1.1 0.  0.1 1.  0.  0.  0.9 0.2],0.14359722286462784
8,216,[1.1 0.  0.1 1.  0.  0.  0.9 0.2],0.14359741657972336
8,217,[1.1 0.  0.1 1.  0.  0.  0.9 0.2],0.14360276609659195
8,218,[1.1 0.  0.1 1.  0.  0.  0.9 0.2],0.14360564202070236
8,219,[1.1 0.  0.1 1.  0.  0.  0.9 0.2],0.14360744506120682
8,220,[1.1 0.  0.1 1.  0.  0.  0.9 0.2],0.14361124485731125
8,221,[1.1 0.  0.1 1.  0.  0.  0.9 0.2],0.14361170679330826
8,222,[1.1 0.  0.1 1.  0.  0.  0.9 0.2],0.1436128243803978
8,223,[1.1 0.  0.1 1.  0.  0.  0.9 0.2],0.14361299574375153
8,224,[1.1 0.  0.1 1.  0.  0.  0.9 0.2],0.14361990243196487
8,225,[1.1 0.  0.1 1.  0.  0.  0.9 0.2],0.14362698793411255
8,226,[1.1 0.  0.1 1.  0.  0.  0.9 0.2],0.14362714439630508
8,227,[1.1 0.  0.1 1.  0.  0.  0.9 0.2],0.14363229274749756
8,228,[1.1 0.  0.1 1.  0.  0.  0.9 0.2],0.14363472163677216
8,229,[1.1 0.  0.1 1.  0.  0.  0.9 0.2],0.14363516867160797
8,230,[1.1 0.  0.1 1.  0.  0.  0.9 0.2],0.14363893866539001
8,231,[1.1 0.  0.1 1.  0.  0.  0.9 0.2],0.14364097267389297
8,232,[1.1 0.  0.1 1.  0.  0.  0.9 0.2],0.14364299923181534
8,233,[1.1 0.  0.1 1.  0.  0.  0.9 0.2],0.14364425092935562
8,234,[1.1 0.  0.1 1.  0.  0.  0.9 0.2],0.14364593476057053
8,235,[1.1 0.  0.1 1.  0.  0.  0.9 0.2],0.14364738017320633
8,236,[1.1 0.  0.1 1.  0.  0.  0.9 0.2],0.1436489075422287
8,237,[1.1 0.  0.1 1.  0.  0.  0.9 0.2],0.1436520293354988
8,238,[1.1 0.  0.1 1.  0.  0.  0.9 0.2],0.14365270733833313
8,239,[1.1 0.  0.1 1.  0.  0.  0.9 0.2],0.1436535194516182
8,240,[1.1 0.  0.1 1.  0.  0.  0.9 0.2],0.14365729689598083
8,241,[1.1 0.  0.1 1.  0.  0.  0.9 0.2],0.143658347427845
8,242,[1.1 0.  0.1 1.  0.  0.  0.9 0.2],0.14366241544485092
8,243,[1.1 0.  0.1 1.  0.  0.  0.9 0.2],0.14366360753774643
8,244,[1.1 0.  0.1 1.  0.  0.  0.9 0.2],0.14366406202316284
8,245,[1.1 0.  0.1 1.  0.  0.  0.9 0.2],0.1436658725142479
8,246,[1.1 0.  0.1 1.  0.  0.  0.9 0.2],0.14366677403450012
8,247,[1.1 0.  0.1 1.  0.  0.  0.9 0.2],0.14366738498210907
8,248,[1.1 0.  0.1 1.  0.  0.  0.9 0.2],0.14366883039474487
8,249,[1.1 0.  0.1 1.  0.  0.  0.9 0.2],0.14367029070854187
8,250,[1.1 0.  0.1 1.  0.  0.  0.9 0.2],0.14367106556892395
8,251,[1.1 0.  0.1 1.  0.  0.  0.9 0.2],0.1436723992228508
8,252,[1.1 0.  0.1 1.  0.  0.  0.9 0.2],0.14367330074310303
8,253,[1.1 0.  0.1 1.  0.  0.  0.9 0.2],0.143674336373806
8,254,[1.1 0.  0.1 1.  0.  0.  0.9 0.2],0.14367729425430298
8,255,[1.1 0.  0.1 1.  0.  0.  0.9 0.2],0.14367737621068954
8,256,[1.1 0.  0.1 1.  0.  0.  0.9 0.2],0.1436786875128746
8,257,[1.1 0.  0.1 1.  0.  0.  0.9 0.2],0.14368101209402084
8,258,[1.1 0.  0.1 1.  0.  0.  0.9 0.2],0.1436840370297432
8,259,[1.1 0.  0.1 1.  0.  0.  0.9 0.2],0.14368514716625214
8,260,[1.1 0.  0.1 1.  0.  0.  0.9 0.2],0.14368551224470139
8,261,[1.1 0.  0.1 1.  0.  0.  0.9 0.2],0.14368579536676407
8,262,[1.1 0.  0.1 1.  0.  0.  0.9 0.2],0.14368585497140884
8,263,[1.1 0.  0.1 1.  0.  0.  0.9 0.2],0.14368712902069092
8,264,[1.1 0.  0.1 1.  0.  0.  0.9 0.2],0.1436876356601715
8,265,[1.1 0.  0.1 1.  0.  0.  0.9 0.2],0.14368842542171478
8,266,[1.1 0.  0.1 1.  0.  0.  0.9 0.2],0.14368870109319687
8,267,[1.1 0.  0.1 1.  0.  0.  0.9 0.2],0.1436893790960312
8,268,[1.1 0.  0.1 1.  0.  0.  0.9 0.2],0.1436895877122879
8,269,[1.1 0.  0.1 1.  0.  0.  0.9 0.2],0.14369017630815506
8,270,[1.1 0.  0.1 1.  0.  0.  0.9 0.2],0.14369110018014908
8,271,[1.1 0.  0.1 1.  0.  0.  0.9 0.2],0.14369256794452667
8,272,[1.1 0.  0.1 1.  0.  0.  0.9 0.2],0.14369287341833115
8,273,[1.1 0.  0.1 1.  0.  0.  0.9 0.2],0.14369671791791916
8,274,[1.1 0.  0.1 1.  0.  0.  0.9 0.2],0.14369748532772064
8,275,[1.1 0.  0.1 1.  0.  0.  0.9 0.2],0.14369823038578033
8,276,[1.1 0.  0.1 1.  0.  0.  0.9 0.2],0.14369992911815643
8,277,[1.1 0.  0.1 1.  0.  0.  0.9 0.2],0.14370379596948624
8,278,[1.1 0.  0.1 1.  0.  0.  0.9 0.2],0.1437048614025116
8,279,[1.1 0.  0.1 1.  0.  0.  0.9 0.2],0.14370742440223694
8,280,[1.1 0.  0.1 1.  0.  0.  0.9 0.2],0.14370791614055634
8,281,[1.1 0.  0.1 1.  0.  0.  0.9 0.2],0.14370854943990707
8,282,[1.1 0.  0.1 1.  0.  0.  0.9 0.2],0.14370910823345184
8,283,[1.1 0.  0.1 1.  0.  0.  0.9 0.2],0.14370999485254288
8,284,[1.1 0.  0.1 1.  0.  0.  0.9 0.2],0.14371231198310852
8,285,[1.1 0.  0.1 1.  0.  0.  0.9 0.2],0.14371301978826523
8,286,[1.1 0.  0.1 1.  0.  0.  0.9 0.2],0.14371411502361298
8,287,[1.1 0.  0.1 1.  0.  0.  0.9 0.2],0.14371472597122192
8,288,[1.1 0.  0.1 1.  0.  0.  0.9 0.2],0.14371507614850998
8,289,[1.1 0.  0.1 1.  0.  0.  0.9 0.2],0.1437152698636055
8,290,[1.1 0.  0.1 1.  0.  0.  0.9 0.2],0.1437152847647667
8,291,[1.1 0.  0.1 1.  0.  0.  0.9 0.2],0.14371826499700546
8,292,[1.1 0.  0.1 1.  0.  0.  0.9 0.2],0.1437184065580368
8,293,[1.1 0.  0.1 1.  0.  0.  0.9 0.2],0.14371946454048157
8,294,[1.1 0.  0.1 1.  0.  0.  0.9 0.2],0.1437218263745308
8,295,[1.1 0.  0.1 1.  0.  0.  0.9 0.2],0.1437222957611084
8,296,[1.1 0.  0.1 1.  0.  0.  0.9 0.2],0.14372295886278152
8,297,[1.1 0.  0.1 1.  0.  0.  0.9 0.2],0.14372339099645615
8,298,[1.1 0.  0.1 1.  0.  0.  0.9 0.2],0.14372530579566956
8,299,[1.1 0.  0.1 1.  0.  0.  0.9 0.2],0.1437261551618576
8,300,[1.1 0.  0.1 1.  0.  0.  0.9 0.2],0.14372680336236954
8,301,[1.1 0.  0.1 1.  0.  0.  0.9 0.2],0.1437269002199173
8,302,[1.1 0.  0.1 1.  0.  0.  0.9 0.2],0.1437269151210785
8,303,[1.1 0.  0.1 1.  0.  0.  0.9 0.2],0.14372771233320236
8,304,[1.1 0.  0.1 1.  0.  0.  0.9 0.2],0.14372819662094116
8,305,[1.1 0.  0.1 1.  0.  0.  0.9 0.2],0.14372843503952026
8,306,[1.1 0.  0.1 1.  0.  0.  0.9 0.2],0.14372916519641876
8,307,[1.1 0.  0.1 1.  0.  0.  0.9 0.2],0.14372924715280533
8,308,[1.1 0.  0.1 1.  0.  0.  0.9 0.2],0.14373008161783218
8,309,[1.1 0.  0.1 1.  0.  0.  0.9 0.2],0.14373038709163666
8,310,[1.1 0.  0.1 1.  0.  0.  0.9 0.2],0.14373181015253067
8,311,[1.1 0.  0.1 1.  0.  0.  0.9 0.2],0.14373232424259186
8,312,[1.1 0.  0.1 1.  0.  0.  0.9 0.2],0.1437334418296814
8,313,[1.1 0.  0.1 1.  0.  0.  0.9 0.2],0.14373371750116348
8,314,[1.1 0.  0.1 1.  0.  0.  0.9 0.2],0.14373431354761124
8,315,[1.1 0.  0.1 1.  0.  0.  0.9 0.2],0.14373569935560226
8,316,[1.1 0.  0.1 1.  0.  0.  0.9 0.2],0.14373720437288284
8,317,[1.1 0.  0.1 1.  0.  0.  0.9 0.2],0.1437380611896515
8,318,[1.1 0.  0.1 1.  0.  0.  0.9 0.2],0.14373821020126343
8,319,[1.1 0.  0.1 1.  0.  0.  0.9 0.2],0.14373958110809326
8,320,[1.1 0.  0.1 1.  0.  0.  0.9 0.2],0.14374063909053802
8,321,[1.1 0.  0.1 1.  0.  0.  0.9 0.2],0.1437409222126007
8,322,[1.1 0.  0.1 1.  0.  0.  0.9 0.2],0.1437452733516693
8,323,[1.1 0.  0.1 1.  0.  0.  0.9 0.2],0.14374921470880508
8,324,[1.1 0.  0.1 1.  0.  0.  0.9 0.2],0.14374937117099762
8,325,[1.1 0.  0.1 1.  0.  0.  0.9 0.2],0.14374975860118866
8,326,[1.1 0.  0.1 1.  0.  0.  0.9 0.2],0.14375007152557373
8,327,[1.1 0.  0.1 1.  0.  0.  0.9 0.2],0.14375046640634537
8,328,[1.1 0.  0.1 1.  0.  0.  0.9 0.2],0.14375121891498566
8,329,[1.1 0.  0.1 1.  0.  0.  0.9 0.2],0.14375175535678864
8,330,[1.1 0.  0.1 1.  0.  0.  0.9 0.2],0.14375558495521545
8,331,[1.1 0.  0.1 1.  0.  0.  0.9 0.2],0.14375688135623932
8,332,[1.1 0.  0.1 1.  0.  0.  0.9 0.2],0.14375804364681244
8,333,[1.1 0.  0.1 1.  0.  0.  0.9 0.2],0.1437585949897766
8,334,[1.1 0.  0.1 1.  0.  0.  0.9 0.2],0.1437593176960945
8,335,[1.1 0.  0.1 1.  0.  0.  0.9 0.2],0.14376027137041092
8,336,[1.1 0.  0.1 1.  0.  0.  0.9 0.2],0.1437624841928482
8,337,[1.1 0.  0.1 1.  0.  0.  0.9 0.2],0.14376282691955566
8,338,[1.1 0.  0.1 1.  0.  0.  0.9 0.2],0.1437646746635437
8,339,[1.1 0.  0.1 1.  0.  0.  0.9 0.2],0.14376553148031235
8,340,[1.1 0.  0.1 1.  0.  0.  0.9 0.2],0.14376557618379593
8,341,[1.1 0.  0.1 1.  0.  0.  0.9 0.2],0.14376558363437653
8,342,[1.1 0.  0.1 1.  0.  0.  0.9 0.2],0.1437661051750183
8,343,[1.1 0.  0.1 1.  0.  0.  0.9 0.2],0.14376641064882278
8,344,[1.1 0.  0.1 1.  0.  0.  0.9 0.2],0.14376648515462875
8,345,[1.1 0.  0.1 1.  0.  0.  0.9 0.2],0.14376825094223022
8,346,[1.1 0.  0.1 1.  0.  0.  0.9 0.2],0.14376825839281082
8,347,[1.1 0.  0.1 1.  0.  0.  0.9 0.2],0.1437687799334526
8,348,[1.1 0.  0.1 1.  0.  0.  0.9 0.2],0.14377307146787643
8,349,[1.1 0.  0.1 1.  0.  0.  0.9 0.2],0.1437736302614212
8,350,[1.1 0.  0.1 1.  0.  0.  0.9 0.2],0.14377490431070328
8,351,[1.1 0.  0.1 1.  0.  0.  0.9 0.2],0.1437760666012764
8,352,[1.1 0.  0.1 1.  0.  0.  0.9 0.2],0.14377803355455399
8,353,[1.1 0.  0.1 1.  0.  0.  0.9 0.2],0.14377924799919128
8,354,[1.1 0.  0.1 1.  0.  0.  0.9 0.2],0.14378048479557037
8,355,[1.1 0.  0.1 1.  0.  0.  0.9 0.2],0.1437816396355629
8,356,[1.1 0.  0.1 1.  0.  0.  0.9 0.2],0.14378219842910767
8,357,[1.1 0.  0.1 1.  0.  0.  0.9 0.2],0.1437828689813614
8,358,[1.1 0.  0.1 1.  0.  0.  0.9 0.2],0.1437833160161972
8,359,[1.1 0.  0.1 1.  0.  0.  0.9 0.2],0.14378341287374496
8,360,[1.  0.  0.1 0.8 0.  0.  0.9 0.2],0.14378341287374496
8,361,[1.1 0.  0.1 1.  0.  0.  0.9 0.2],0.14378414303064346
8,362,[1.1 0.  0.1 1.  0.  0.  0.9 0.2],0.14378450065851212
8,363,[1.1 0.  0.1 1.  0.  0.  0.9 0.2],0.14378584176301956
8,364,[1.1 0.  0.1 1.  0.  0.  0.9 0.2],0.1437867060303688
8,365,[1.1 0.  0.1 1.  0.  0.  0.9 0.2],0.14378709346055984
8,366,[1.1 0.  0.1 1.  0.  0.  0.9 0.2],0.14378853887319565
8,367,[1.1 0.  0.1 1.  0.  0.  0.9 0.2],0.14379066228866577
8,368,[1.1 0.  0.1 1.  0.  0.  0.9 0.2],0.14379092305898666
8,369,[1.1 0.  0.1 1.  0.  0.  0.9 0.2],0.1437925025820732
8,370,[1.1 0.  0.1 1.  0.  0.  0.9 0.2],0.14379259943962097
8,371,[1.1 0.  0.1 1.  0.  0.  0.9 0.2],0.1437928006052971
8,372,[1.1 0.  0.1 1.  0.  0.  0.9 0.2],0.14379341900348663
8,373,[1.1 0.  0.1 1.  0.  0.  0.9 0.2],0.143793985247612
8,374,[1.1 0.  0.1 1.  0.  0.  0.9 0.2],0.14379465579986572
8,375,[1.1 0.  0.1 1.  0.  0.  0.9 0.2],0.1437954306602478
8,376,[1.1 0.  0.1 1.  0.  0.  0.9 0.2],0.1437964215874672
8,377,[1.1 0.  0.1 1.  0.  0.  0.9 0.2],0.14379725605249405
8,378,[1.1 0.  0.1 1.  0.  0.  0.9 0.2],0.14379733055830002
8,379,[1.1 0.  0.1 1.  0.  0.  0.9 0.2],0.1437978744506836
8,380,[1.1 0.  0.1 1.  0.  0.  0.9 0.2],0.14379842579364777
8,381,[1.1 0.  0.1 1.  0.  0.  0.9 0.2],0.14379914849996567
8,382,[1.1 0.  0.1 1.  0.  0.  0.9 0.2],0.14379926025867462
8,383,[1.1 0.  0.1 1.  0.  0.  0.9 0.2],0.1437997967004776
8,384,[1.1 0.  0.1 1.  0.  0.  0.9 0.2],0.14380139112472534
8,385,[1.1 0.  0.1 1.  0.  0.  0.9 0.2],0.14380203932523727
8,386,[1.1 0.  0.1 1.  0.  0.  0.9 0.2],0.14380291104316711
8,387,[1.1 0.  0.1 1.  0.  0.  0.9 0.2],0.14380410313606262
8,388,[1.1 0.  0.1 1.  0.  0.  0.9 0.2],0.14380452781915665
8,389,[1.1 0.  0.1 1.  0.  0.  0.9 0.2],0.1438051164150238
8,390,[1.1 0.  0.1 1.  0.  0.  0.9 0.2],0.14380544424057007
8,391,[1.1 0.  0.1 1.  0.  0.  0.9 0.2],0.143805630505085
8,392,[1.1 0.  0.1 1.  0.  0.  0.9 0.2],0.14380855113267899
8,393,[1.1 0.  0.1 1.  0.  0.  0.9 0.2],0.14380872249603271
8,394,[1.1 0.  0.1 1.  0.  0.  0.9 0.2],0.14380903542041779
8,395,[1.1 0.  0.1 1.  0.  0.  0.9 0.2],0.14381101727485657
8,396,[1.1 0.  0.1 1.  0.  0.  0.9 0.2],0.14381156116724014
8,397,[1.1 0.  0.1 1.  0.  0.  0.9 0.2],0.14381211251020432
8,398,[1.1 0.  0.1 1.  0.  0.  0.9 0.2],0.14381414651870728
8,399,[1.1 0.  0.1 1.  0.  0.  0.9 0.2],0.14381781220436096
8,400,[1.1 0.  0.1 1.  0.  0.  0.9 0.2],0.14381925016641617
8,401,[1.1 0.  0.1 1.  0.  0.  0.9 0.2],0.14381970465183258
8,402,[1.1 0.  0.1 1.  0.  0.  0.9 0.2],0.1438203752040863
8,403,[1.1 0.  0.1 1.  0.  0.  0.9 0.2],0.14382049441337585
8,404,[1.1 0.  0.1 1.  0.  0.  0.9 0.2],0.1438211351633072
8,405,[1.1 0.  0.1 1.  0.  0.  0.9 0.2],0.14382166415452957
8,406,[1.1 0.  0.1 1.  0.  0.  0.9 0.2],0.14382324367761612
8,407,[1.1 0.  0.1 1.  0.  0.  0.9 0.2],0.1438232660293579
8,408,[1.1 0.  0.1 1.  0.  0.  0.9 0.2],0.14382385462522507
8,409,[1.1 0.  0.1 1.  0.  0.  0.9 0.2],0.14382410049438477
8,410,[1.1 0.  0.1 1.  0.  0.  0.9 0.2],0.14382436126470566
8,411,[1.1 0.  0.1 1.  0.  0.  0.9 0.2],0.14382442086935043
8,412,[1.1 0.  0.1 1.  0.  0.  0.9 0.2],0.14382623881101608
8,413,[1.1 0.  0.1 1.  0.  0.  0.9 0.2],0.1438281238079071
8,414,[1.1 0.  0.1 1.  0.  0.  0.9 0.2],0.14382833987474442
8,415,[1.1 0.  0.1 1.  0.  0.  0.9 0.2],0.14382873475551605
8,416,[1.1 0.  0.1 1.  0.  0.  0.9 0.2],0.14382893592119217
8,417,[1.1 0.  0.1 1.  0.  0.  0.9 0.2],0.14382974803447723
8,418,[1.1 0.  0.1 1.  0.  0.  0.9 0.2],0.1438302844762802
8,419,[1.1 0.  0.1 1.  0.  0.  0.9 0.2],0.14383284002542496
8,420,[1.1 0.  0.1 1.  0.  0.  0.9 0.2],0.143833190202713
8,421,[1.1 0.  0.1 1.  0.  0.  0.9 0.2],0.14383363723754883
8,422,[1.1 0.  0.1 1.  0.  0.  0.9 0.2],0.1438339501619339
8,423,[1.1 0.  0.1 1.  0.  0.  0.9 0.2],0.1438346430659294
8,424,[1.1 0.  0.1 1.  0.  0.  0.9 0.2],0.1438365802168846
8,425,[1.1 0.  0.1 1.  0.  0.  0.9 0.2],0.14383727312088013
8,426,[1.1 0.  0.1 1.  0.  0.  0.9 0.2],0.1438400000333786
8,427,[1.1 0.  0.1 1.  0.  0.  0.9 0.2],0.14384082704782486
8,428,[1.1 0.  0.1 1.  0.  0.  0.9 0.2],0.1438409686088562
8,429,[1.1 0.  0.1 1.  0.  0.  0.9 0.2],0.1438428983092308
8,430,[1.1 0.  0.1 1.  0.  0.  0.9 0.2],0.14384706318378448
8,431,[1.1 0.  0.1 1.  0.  0.  0.9 0.2],0.14384742081165314
8,432,[1.1 0.  0.1 1.  0.  0.  0.9 0.2],0.14384820312261581
8,433,[1.1 0.  0.1 1.  0.  0.  0.9 0.2],0.14385034888982773
8,434,[1.1 0.  0.1 1.  0.  0.  0.9 0.2],0.14385397732257843
8,435,[1.1 0.  0.1 1.  0.  0.  0.9 0.2],0.1438557580113411
8,436,[1.1 0.  0.1 1.  0.  0.  0.9 0.2],0.14385606348514557
8,437,[1.1 0.  0.1 1.  0.  0.  0.9 0.2],0.1438562050461769
8,438,[1.1 0.  0.1 1.  0.  0.  0.9 0.2],0.1438569724559784
8,439,[1.1 0.  0.1 1.  0.  0.  0.9 0.2],0.1438579484820366
8,440,[1.1 0.  0.1 1.  0.  0.  0.9 0.2],0.14385859668254852
8,441,[1.1 0.  0.1 1.  0.  0.  0.9 0.2],0.14385978132486343
8,442,[1.1 0.  0.1 1.  0.  0.  0.9 0.2],0.14386221766471863
8,443,[1.1 0.  0.1 1.  0.  0.  0.9 0.2],0.14386559277772903
8,444,[1.1 0.  0.1 1.  0.  0.  0.9 0.2],0.14386913180351257
8,445,[1.1 0.  0.1 1.  0.  0.  0.9 0.2],0.14386967569589615
8,446,[1.1 0.  0.1 1.  0.  0.  0.9 0.2],0.1438736990094185
8,447,[1.1 0.  0.1 1.  0.  0.  0.9 0.2],0.14387571811676025
8,448,[1.1 0.  0.1 1.  0.  0.  0.9 0.2],0.14387615025043488
8,449,[1.1 0.  0.1 1.  0.  0.  0.9 0.2],0.1438777595758438
8,450,[1.1 0.  0.1 1.  0.  0.  0.9 0.2],0.14388693124055862
8,451,[1.1 0.  0.1 1.  0.  0.  0.9 0.2],0.14389143884181976
8,452,[1.1 0.  0.1 1.  0.  0.  0.9 0.2],0.14389393478631973
8,453,[1.1 0.  0.1 1.  0.  0.  0.9 0.2],0.14389707893133163
8,454,[1.1 0.  0.1 1.  0.  0.  0.9 0.2],0.1438998207449913
8,455,[1.1 0.  0.1 1.  0.  0.  0.9 0.2],0.14390065521001816
8,456,[1.1 0.  0.1 1.  0.  0.  0.9 0.2],0.14391198009252548
8,457,[1.1 0.  0.1 1.  0.  0.  0.9 0.2],0.14391499757766724
8,458,[1.1 0.  0.1 1.  0.  0.  0.9 0.2],0.1439238339662552
8,459,[1.1 0.  0.1 1.  0.  0.  0.9 0.2],0.1439261958003044
8,460,[1.1 0.  0.1 1.  0.  0.  0.9 0.2],0.14393100887537003
8,461,[1.1 0.  0.1 1.  0.  0.  0.9 0.2],0.14393487572669983
8,462,[1.1 0.  0.1 1.  0.  0.  0.9 0.2],0.143934927880764
8,463,[1.1 0.  0.1 1.  0.  0.  0.9 0.2],0.1439380869269371
8,464,[1.1 0.  0.1 1.  0.  0.  0.9 0.2],0.14394083619117737
8,465,[1.1 0.  0.1 1.  0.  0.  0.9 0.2],0.1439436823129654
8,466,[1.1 0.  0.1 1.  0.  0.  0.9 0.2],0.1439453735947609
8,467,[1.1 0.  0.1 1.  0.  0.  0.9 0.2],0.14395234733819962
8,468,[1.1 0.  0.1 1.  0.  0.  0.9 0.2],0.1439540535211563
8,469,[1.1 0.  0.1 1.  0.  0.  0.9 0.2],0.14395851641893387
8,470,[1.1 0.  0.1 1.  0.  0.  0.9 0.2],0.14396701753139496
8,471,[1.1 0.  0.1 1.  0.  0.  0.9 0.2],0.14397809654474258
8,472,[1.1 0.  0.1 1.  0.  0.  0.9 0.2],0.14397934824228287
8,473,[1.1 0.  0.1 1.  0.  0.  0.9 0.2],0.14405285567045212
8,474,[1.1 0.  0.1 1.  0.  0.  0.9 0.2],0.14405468851327896
8,475,[1.1 0.  0.1 1.  0.  0.  0.9 0.2],0.14407102763652802
8,476,[0.5 0.  0.1 1.  0.  0.  0.9 0.7],0.146181121468544
8,477,[0.5 0.  0.1 1.  0.  0.  0.9 0.7],0.14635946601629257
8,478,[1.1 0.1 0.1 1.  0.  0.  0.9 0.6],0.1472269594669342
8,479,[1.1 0.1 0.1 1.  0.  0.  0.9 0.6],0.1472613662481308
8,480,[1.1 0.1 0.1 1.  0.  0.  0.9 0.6],0.14731811732053757
8,481,[1.1 0.1 0.1 1.  0.  0.  0.7 0.5],0.15024437755346298
8,482,[1.1 0.1 0.1 1.  0.  0.  0.7 0.5],0.15025544911623
8,483,[1.1 0.1 0.1 1.  0.  0.  0.7 0.5],0.15027806907892227
8,484,[1.1 0.1 0.1 1.  0.  0.  0.7 0.5],0.15028176456689835
8,485,[1.1 0.1 0.1 1.  0.  0.  0.7 0.5],0.15031971782445908
8,486,[1.1 0.1 0.1 1.  0.  0.  0.7 0.5],0.15033289045095444
8,487,[1.1 0.1 0.1 1.  0.  0.  0.7 0.5],0.15033702552318573
8,488,[1.1 0.1 0.1 1.  0.  0.  0.7 0.5],0.15034039318561554
8,489,[1.1 0.1 0.1 1.  0.  0.  0.7 0.5],0.15037541836500168
8,490,[1.1 0.1 0.1 1.  0.  0.  0.7 0.5],0.15039053559303284
8,491,[1.1 0.1 0.1 1.  0.  0.  0.7 0.5],0.1504220888018608
8,492,[1.1 0.1 0.1 1.  0.  0.  0.7 0.5],0.15050428360700607
8,493,[1.1 0.1 0.1 1.  0.  0.  0.7 0.5],0.15051201730966568
8,494,[1.3 0.1 0.1 1.1 0.  0.  0.7 0.2],0.1568084955215454
8,495,[1.3 0.1 0.1 1.1 0.  0.  0.7 0.2],0.15683739632368088
8,496,[1.3 0.1 0.1 1.1 0.  0.  0.7 0.2],0.15689927339553833
8,497,[1.3 0.1 0.1 1.1 0.  0.  0.7 0.2],0.15690674632787704
8,498,[1.3 0.1 0.1 1.1 0.  0.  0.7 0.2],0.15693145990371704
8,499,[1.3 0.1 0.1 1.1 0.  0.  0.7 0.2],0.15693970769643784
8,500,[1.3 0.1 0.1 1.1 0.  0.  0.7 0.2],0.15694208443164825
8,501,[1.3 0.1 0.1 1.1 0.  0.  0.7 0.2],0.15701233595609665
8,502,[1.3 0.1 0.1 1.1 0.  0.  0.7 0.2],0.15703482180833817
8,503,[1.3 0.1 0.1 1.1 0.  0.  0.7 0.2],0.1571136862039566
8,504,[1.1 0.5 0.1 1.  0.  0.  1.3 0.2],0.15961886942386627
8,505,[1.1 0.5 0.1 1.  0.  0.  1.3 0.2],0.15967734158039093
8,506,[1.1 0.5 0.1 1.  0.  0.  1.3 0.2],0.15972203761339188
8,507,[1.1 0.5 0.1 1.  0.  0.  1.3 0.2],0.15973318368196487
8,508,[1.1 0.5 0.1 1.  0.  0.  1.3 0.2],0.15976525843143463
8,509,[1.1 0.5 0.1 1.  0.  0.  1.3 0.2],0.1598193123936653
8,510,[0.1 0.  0.1 1.  0.  0.  0.1 0.2],0.16616524010896683
8,511,[0.1 0.  0.1 1.  0.  0.  0.1 0.2],0.1661931499838829
8,512,[1.1 0.1 0.1 1.  0.  0.1 0.7 0.6],0.16729306429624557
8,513,[1.1 0.1 0.1 1.  0.  0.1 0.7 0.6],0.1673237830400467
8,514,[1.1 0.1 0.1 1.  0.  0.1 0.7 0.6],0.16734182089567184
8,515,[1.1 0.1 0.1 1.  0.  0.1 0.7 0.6],0.16735288500785828
8,516,[1.1 0.1 0.1 1.  0.  0.1 0.7 0.6],0.1673533171415329
8,517,[1.1 0.1 0.1 1.  0.  0.1 0.7 0.6],0.1673702597618103
8,518,[1.1 0.1 0.1 1.  0.  0.1 0.7 0.6],0.16739146411418915
8,519,[1.1 0.1 0.1 1.  0.  0.1 0.7 0.6],0.16739960759878159
8,520,[1.1 0.1 0.1 1.  0.  0.1 0.7 0.6],0.1674080565571785
8,521,[1.1 0.1 0.1 1.  0.  0.1 0.7 0.6],0.16740836203098297
8,522,[1.1 0.1 0.1 1.  0.  0.1 0.7 0.6],0.167416512966156
8,523,[1.1 0.1 0.1 1.  0.  0.1 0.7 0.6],0.16743294894695282
8,524,[1.1 0.1 0.1 1.  0.  0.1 0.7 0.6],0.1674768105149269
8,525,[1.1 0.1 0.1 1.  0.  0.1 0.7 0.6],0.16748050600290298
8,526,[1.1 0.1 0.1 1.  0.  0.1 0.7 0.6],0.16748232394456863
8,527,[1.1 0.1 0.1 1.  0.  0.1 0.7 0.6],0.16748976707458496
8,528,[1.1 0.1 0.1 1.  0.  0.1 0.7 0.6],0.16749674081802368
8,529,[1.1 0.1 0.1 1.  0.  0.1 0.7 0.6],0.16753828525543213
8,530,[1.1 0.1 0.1 1.  0.  0.1 0.7 0.6],0.1675814613699913
8,531,[1.1 0.1 0.1 1.  0.  0.1 0.7 0.6],0.16758587956428528
8,532,[1.1 0.1 0.1 1.  0.  0.1 0.7 0.6],0.16766691207885742
8,533,[1.1 0.7 0.1 1.  0.  0.  0.9 0.6],0.1728351190686226
8,534,[1.1 0.7 0.1 1.  0.  0.  0.9 0.6],0.17285406589508057
8,535,[1.1 0.7 0.1 1.  0.  0.  0.9 0.6],0.1729278787970543
8,536,[1.1 0.7 0.1 1.  0.  0.  0.9 0.6],0.17299458384513855
8,537,[1.1 0.7 0.1 1.  0.  0.  0.9 0.6],0.17301414906978607
8,538,[1.1 0.7 0.1 1.  0.  0.  0.9 0.6],0.1730593964457512
8,539,[1.1 0.7 0.1 1.  0.  0.  0.9 0.6],0.17309214174747467
8,540,[1.1 0.7 0.1 1.  0.  0.  0.9 0.6],0.17310967296361923
8,541,[1.1 0.7 0.1 1.  0.  0.  0.9 0.6],0.17315953969955444
8,542,[1.1 0.6 0.1 1.  0.  0.  0.4 0.2],0.17742852121591568
8,543,[1.1 0.6 0.1 1.  0.  0.  0.4 0.2],0.17743556946516037
8,544,[1.1 0.6 0.1 1.  0.  0.  0.4 0.2],0.17743941396474838
8,545,[1.1 0.6 0.1 1.  0.  0.  0.4 0.2],0.1775851845741272
8,546,[0.8 1.  0.  1.  1.2 0.  0.9 0.9],0.18526120483875275
8,547,[1.1 0.9 0.1 1.  0.  0.  0.9 1.1],0.18564795702695847
8,548,[1.1 0.9 0.1 1.  0.  0.  0.9 1.1],0.18571897596120834
8,549,[1.3 0.1 0.1 1.3 0.  0.  1.3 0.3],0.18897570669651031
8,550,[1.3 0.1 0.1 1.3 0.  0.  1.3 0.3],0.1891491487622261
8,551,[1.3 0.1 0.1 1.3 0.  0.  1.3 0.3],0.18915044516324997
8,552,[1.3 0.1 0.1 1.3 0.  0.  1.3 0.3],0.1891959309577942
8,553,[0.8 1.  0.  1.  1.2 0.  0.9 0.9],0.19627533853054047
8,554,[0.5 0.1 0.1 0.4 0.  0.  1.1 0.4],0.20080012828111649
8,555,[1.3 1.1 0.1 0.8 0.  0.  1.3 0.1],0.20131365954875946
8,556,[1.3 1.1 0.1 0.8 0.  0.  1.3 0.1],0.20136607438325882
8,557,[1.3 1.1 0.1 0.8 0.  0.  1.3 0.1],0.20137543976306915
8,558,[1.3 1.1 0.1 0.8 0.  0.  1.3 0.1],0.20140357315540314
8,559,[1.3 1.1 0.1 0.8 0.  0.  1.3 0.1],0.20140420645475388
8,560,[1.3 1.1 0.1 0.8 0.  0.  1.3 0.1],0.20145349949598312
8,561,[1.3 1.1 0.1 0.8 0.  0.  1.3 0.1],0.2014656513929367
8,562,[1.3 1.1 0.1 0.8 0.  0.  1.3 0.1],0.20155905932188034
8,563,[1.3 1.1 0.1 0.8 0.  0.  1.3 0.1],0.20159510523080826
8,564,[0.5 0.1 0.1 0.4 0.  0.  1.1 0.4],0.20576856285333633
8,565,[0.5 0.1 0.1 0.4 0.  0.  1.1 0.4],0.20581673830747604
8,566,[0.5 0.1 0.1 0.4 0.  0.  1.1 0.4],0.20582616329193115
8,567,[0.5 0.1 0.1 0.4 0.  0.  1.1 0.4],0.20585503429174423
8,568,[0.5 0.1 0.1 0.4 0.  0.  1.1 0.4],0.2058638632297516
8,569,[0.5 0.1 0.1 0.4 0.  0.  1.1 0.4],0.2058691531419754
8,570,[0.5 0.1 0.1 0.4 0.  0.  1.1 0.4],0.2058698907494545
8,571,[0.5 0.1 0.1 0.4 0.  0.  1.1 0.4],0.20592934638261795
8,572,[0.5 0.1 0.1 0.4 0.  0.  1.1 0.4],0.2059551179409027
8,573,[0.3 1.3 0.  1.  0.  0.  1.3 0.2],0.21715379506349564
8,574,[0.3 1.3 0.  1.  0.  0.  1.3 0.2],0.21718645840883255
8,575,[0.3 1.3 0.  1.  0.  0.  1.3 0.2],0.2172248288989067
8,576,[0.3 1.3 0.  1.  0.  0.  1.3 0.2],0.21723582595586777
8,577,[0.3 1.3 0.  1.  0.  0.  1.3 0.2],0.21723603457212448
8,578,[0.3 1.3 0.  1.  0.  0.  1.3 0.2],0.21728219091892242
8,579,[0.3 1.3 0.  1.  0.  0.  1.3 0.2],0.21733037382364273
8,580,[0.3 1.3 0.  1.  0.  0.  1.3 0.2],0.21733667701482773
8,581,[0.3 1.3 0.  1.  0.  0.  1.3 0.2],0.21744264662265778
8,582,[0.3 1.3 0.  1.  0.  0.  1.3 0.2],0.21745869517326355
8,583,[0.3 1.3 0.  1.  0.  0.  1.3 0.2],0.21746894717216492
8,584,[1.3 0.1 0.  0.8 0.  0.3 1.3 1.3],0.22283794730901718
8,585,[1.1 0.  0.7 1.  0.  0.  0.6 0.2],0.22309206426143646
8,586,[1.1 0.  0.7 1.  0.  0.  0.6 0.2],0.22322414815425873
8,587,[1.1 0.  0.7 1.  0.  0.  0.6 0.2],0.22326555103063583
8,588,[1.1 0.  0.7 1.  0.  0.  0.6 0.2],0.22329027950763702
8,589,[1.1 0.  0.7 1.  0.  0.  0.6 0.2],0.22331001609563828
8,590,[1.1 0.  0.7 1.  0.  0.  0.6 0.2],0.22332198172807693
8,591,[1.1 0.  0.7 1.  0.  0.  0.6 0.2],0.2233400121331215
8,592,[1.3 0.1 0.  0.8 0.  0.3 1.3 1.3],0.23923548310995102
8,593,[1.3 0.1 0.  0.8 0.  0.3 1.3 1.3],0.2393772378563881
8,594,[1.3 0.1 0.  0.8 0.  0.3 1.3 1.3],0.2394234761595726
8,595,[1.3 0.1 0.  0.8 0.  0.3 1.3 1.3],0.23945128917694092
8,596,[1.3 0.1 0.  0.8 0.  0.3 1.3 1.3],0.23946715891361237
8,597,[1.3 0.1 0.  0.8 0.  0.3 1.3 1.3],0.23947296291589737
8,598,[1.3 0.1 0.  0.8 0.  0.3 1.3 1.3],0.23947513848543167
8,599,[1.3 0.1 0.  0.8 0.  0.3 1.3 1.3],0.23947546631097794
8,600,[1.3 0.1 0.  0.8 0.  0.3 1.3 1.3],0.23953460156917572
8,601,[1.3 0.1 0.  0.8 0.  0.3 1.3 1.3],0.2395545095205307
8,602,[1.3 0.1 0.  0.8 0.  0.3 1.3 1.3],0.23956842720508575
8,603,[1.3 0.1 0.8 0.8 0.  0.  0.5 0.4],0.24949369579553604
8,604,[1.3 0.1 0.8 0.8 0.  0.  0.5 0.4],0.2672433853149414
8,605,[1.3 0.1 0.8 0.8 0.  0.  0.5 0.4],0.26727692782878876
8,606,[1.3 0.1 0.8 0.8 0.  0.  0.5 0.4],0.2674080431461334
8,607,[1.3 0.1 0.8 0.8 0.  0.  0.5 0.4],0.2674509584903717
8,608,[1.3 0.1 0.8 0.8 0.  0.  0.5 0.4],0.2674720585346222
8,609,[1.3 0.1 0.8 0.8 0.  0.  0.5 0.4],0.26747894287109375
8,610,[1.3 0.1 0.8 0.8 0.  0.  0.5 0.4],0.2675458639860153
8,611,[1.3 0.1 0.8 0.8 0.  0.  0.5 0.4],0.2675749361515045
8,612,[1.1 0.  0.6 1.  0.3 0.  0.9 0.2],0.31016528606414795
8,613,[1.1 0.  0.6 1.  0.3 0.  0.9 0.2],0.3102335184812546
8,614,[1.1 0.  0.6 1.  0.3 0.  0.9 0.2],0.3102594465017319
8,615,[1.1 0.  0.6 1.  0.3 0.  0.9 0.2],0.3104386180639267
8,616,[0.4 0.1 0.1 1.  0.4 0.  1.2 0. ],0.317152202129364
8,617,[0.4 0.1 0.1 1.  0.4 0.  1.2 0. ],0.3194059133529663
8,618,[0.4 0.1 0.1 1.  0.4 0.  1.2 0. ],0.3194064646959305
8,619,[0.4 0.1 0.1 1.  0.4 0.  1.2 0. ],0.3195638805627823
8,620,[0.4 0.1 0.1 1.  0.4 0.  1.2 0. ],0.3195667862892151
8,621,[0.4 0.1 0.1 1.  0.4 0.  1.2 0. ],0.3197863847017288
8,622,[0.4 0.1 0.1 1.  0.4 0.  1.2 0. ],0.31984250247478485
8,623,[0.4 0.1 0.1 1.  0.4 0.  1.2 0. ],0.3198830485343933
8,624,[1.1 0.  0.1 0.1 0.  0.  0.4 0.2],0.3396911770105362
8,625,[1.1 0.  0.1 0.1 0.  0.  0.4 0.2],0.3397218585014343
8,626,[1.1 0.  0.1 0.1 0.  0.  0.4 0.2],0.3397505283355713
8,627,[1.1 0.  0.1 0.1 0.  0.  0.4 0.2],0.33978071808815
8,628,[1.1 0.  0.1 0.1 0.  0.  0.4 0.2],0.33979634940624237
8,629,[1.1 0.  0.1 1.  0.  0.6 0.9 0.3],0.348538339138031
8,630,[1.1 0.  0.1 1.  0.  0.6 0.9 0.3],0.3486388474702835
8,631,[1.3 0.1 0.1 0.8 0.  0.6 1.2 0.2],0.35785460472106934
8,632,[1.3 0.1 0.1 0.8 0.  0.6 1.2 0.2],0.35790345072746277
8,633,[1.3 0.1 0.1 0.8 0.  0.6 1.2 0.2],0.3579382002353668
8,634,[1.3 0.1 0.1 0.8 0.  0.6 1.2 0.2],0.3581141382455826
8,635,[1.3 0.1 0.1 0.8 0.  0.6 1.2 0.2],0.3581463396549225
8,636,[1.3 0.1 0.1 0.8 0.  0.6 1.2 0.2],0.35826361179351807
8,637,[1.1 0.3 0.6 0.2 0.  0.  0.7 1.2],0.35898368060588837
8,638,[1.1 0.3 0.6 0.2 0.  0.  0.7 1.2],0.35898706316947937
8,639,[1.1 0.3 0.6 0.2 0.  0.  0.7 1.2],0.35899677872657776
8,640,[1.1 0.3 0.6 0.2 0.  0.  0.7 1.2],0.35902662575244904
8,641,[1.1 0.3 0.6 0.2 0.  0.  0.7 1.2],0.3590352386236191
8,642,[1.1 0.3 0.6 0.2 0.  0.  0.7 1.2],0.35905732214450836
8,643,[1.1 0.3 0.6 0.2 0.  0.  0.7 1.2],0.3590880483388901
8,644,[1.1 0.3 0.6 0.2 0.  0.  0.7 1.2],0.3590881824493408
8,645,[1.1 0.3 0.6 0.2 0.  0.  0.7 1.2],0.35914020240306854
8,646,[1.1 0.  0.1 0.4 0.3 0.  0.9 0.2],0.36399444937705994
8,647,[1.1 0.  0.1 0.4 0.3 0.  0.9 0.2],0.3640519678592682
8,648,[1.1 0.  0.1 0.4 0.3 0.  0.9 0.2],0.3640795201063156
8,649,[1.1 0.  0.1 0.4 0.3 0.  0.9 0.2],0.3641247898340225
8,650,[1.1 0.  0.1 0.4 0.3 0.  0.9 0.2],0.36429841816425323
8,651,[1.1 0.  0.1 0.4 0.3 0.  0.9 0.2],0.36435219645500183
8,652,[1.1 0.  0.1 0.4 0.3 0.  0.9 0.2],0.36439286172389984
8,653,[1.1 0.  0.1 0.4 0.3 0.  0.9 0.2],0.3643946200609207
8,654,[1.1 0.  0.1 0.4 0.3 0.  0.9 0.2],0.36456114053726196
8,655,[1.1 0.  0.1 1.  0.5 0.  0.9 0.2],0.3789127916097641
8,656,[1.1 0.9 0.8 0.7 0.3 0.  1.2 0.1],0.4776461273431778
8,657,[1.1 0.9 0.8 0.7 0.3 0.  1.2 0.1],0.47767892479896545
8,658,[1.1 0.9 0.8 0.7 0.3 0.  1.2 0.1],0.47769467532634735
8,659,[1.1 0.9 0.8 0.7 0.3 0.  1.2 0.1],0.4778634309768677
8,660,[1.1 0.9 0.8 0.7 0.3 0.  1.2 0.1],0.4778711795806885
8,661,[1.1 0.9 0.8 0.7 0.3 0.  1.2 0.1],0.47790180146694183
8,662,[1.1 0.9 0.8 0.7 0.3 0.  1.2 0.1],0.477917343378067
8,663,[1.1 0.9 0.8 0.7 0.3 0.  1.2 0.1],0.47795793414115906
8,664,[1.3 0.1 0.1 0.8 0.  1.  1.3 0.7],0.6326720714569092
8,665,[1.3 0.1 0.1 0.8 0.  1.  1.3 0.7],0.6328592300415039
8,666,[1.3 0.1 0.1 0.8 0.  1.  1.3 0.7],0.6328737437725067
8,667,[1.3 0.1 0.1 0.8 0.  1.  1.3 0.7],0.6329410970211029
8,668,[1.3 0.1 0.1 0.8 0.  1.  1.3 0.7],0.6333349347114563
8,669,[1.3 0.1 0.1 0.8 0.  1.  1.3 0.7],0.6334138512611389
8,670,[1.1 0.  0.1 1.3 0.  1.  0.9 0.2],0.6518204212188721
8,671,[1.1 0.  0.1 1.3 0.  1.  0.9 0.2],0.6519818902015686
8,672,[1.1 0.  0.1 1.3 0.  1.  0.9 0.2],0.6521332561969757
8,673,[1.1 0.  0.1 1.3 0.  1.  0.9 0.2],0.6522592604160309
8,674,[1.1 0.  0.1 1.3 0.  1.  0.9 0.2],0.6523121893405914
8,675,[1.1 0.9 0.1 1.  0.9 0.  0.9 1.2],0.7326917946338654
8,676,[1.1 0.9 0.1 1.  0.9 0.  0.9 1.2],0.7377923130989075
8,677,[1.1 0.9 0.1 1.  0.9 0.  0.9 1.2],0.7383936941623688
8,678,[1.1 0.1 0.1 1.  0.  1.2 0.7 0. ],0.7765318751335144
8,679,[1.1 0.1 0.1 1.  0.  1.2 0.7 0. ],0.7765997350215912
8,680,[1.1 0.1 0.1 1.  0.  1.2 0.7 0. ],0.7767956554889679
8,681,[1.1 0.1 0.1 1.  0.  1.2 0.7 0. ],0.7768357992172241
8,682,[1.1 0.1 0.1 1.  0.  1.2 0.7 0. ],0.7768620252609253
8,683,[1.1 0.1 0.1 1.  0.  1.2 0.7 0. ],0.7768685817718506
8,684,[1.1 0.1 0.1 1.  0.  1.2 0.7 0. ],0.7768778502941132
8,685,[1.1 0.1 0.1 1.  0.  1.2 0.7 0. ],0.776983767747879
8,686,[1.1 0.1 0.1 1.  0.  1.2 0.7 0. ],0.7769888043403625
8,687,[1.1 0.1 0.1 1.  0.  1.2 0.7 0. ],0.7771233320236206
8,688,[1.1 0.1 0.1 1.  0.  1.2 0.7 0. ],0.7771323025226593
8,689,[1.1 0.1 0.1 1.  0.  1.2 0.7 0. ],0.7771557867527008
8,690,[1.1 0.1 0.1 1.  0.  1.2 0.7 0. ],0.777247965335846
8,691,[1.1 0.1 0.1 1.  0.  1.2 0.7 0. ],0.7773101031780243
8,692,[1.1 0.1 0.1 1.  0.  1.2 0.7 0. ],0.7776520550251007
8,693,[1.1 0.  0.1 1.  0.  1.2 1.2 0.2],0.7997918725013733
8,694,[1.1 0.  0.1 1.  0.  1.2 1.2 0.2],0.8000553250312805
8,695,[1.1 0.  0.9 1.  0.9 0.  0.9 0.2],0.8067217767238617
8,696,[1.1 0.  0.9 1.  0.9 0.  0.9 0.2],0.8069995939731598
8,697,[1.1 0.  0.9 1.  0.9 0.  0.9 0.2],0.8071101307868958
8,698,[1.1 0.  0.9 1.  0.9 0.  0.9 0.2],0.8071195185184479
8,699,[1.1 0.  0.9 1.  0.9 0.  0.9 0.2],0.8072929084300995
8,700,[1.1 0.  0.9 1.  0.9 0.  0.9 0.2],0.8072943687438965
8,701,[1.1 0.  0.9 1.  0.9 0.  0.9 0.2],0.8075536787509918
8,702,[1.1 0.  0.9 1.  0.9 0.  0.9 0.2],0.8076089024543762
8,703,[0.8 0.  0.1 1.  0.  1.3 0.9 0.2],0.8795268833637238
8,704,[0.8 0.  0.1 1.  0.  1.3 0.9 0.2],0.8797473013401031
8,705,[0.8 0.  0.1 1.  0.  1.3 0.9 0.2],0.8799379765987396
8,706,[0.8 0.  0.1 1.  0.  1.3 0.9 0.2],0.8799696266651154
8,707,[0.8 0.  0.1 1.  0.  1.3 0.9 0.2],0.8799991607666016
8,708,[1.1 0.  0.6 1.  0.8 0.8 0.9 0.2],0.8803285658359528
8,709,[1.1 0.  0.6 1.  0.8 0.8 0.9 0.2],0.8805540204048157
8,710,[1.1 0.  0.6 1.  0.8 0.8 0.9 0.2],0.8805911242961884
8,711,[1.1 0.  0.6 1.  0.8 0.8 0.9 0.2],0.8806445002555847
8,712,[1.1 0.  0.6 1.  0.8 0.8 0.9 0.2],0.880817174911499
8,713,[1.1 0.  0.6 1.  0.8 0.8 0.9 0.2],0.8809152245521545
8,714,[1.1 0.  0.6 1.  0.8 0.8 0.9 0.2],0.8809428215026855
8,715,[1.1 0.  0.6 1.  0.8 0.8 0.9 0.2],0.8809637427330017
8,716,[1.1 0.  0.6 1.  0.8 0.8 0.9 0.2],0.8810072839260101
8,717,[1.1 0.  0.6 1.  0.8 0.8 0.9 0.2],0.881020188331604
8,718,[1.1 0.  0.6 1.  0.8 0.8 0.9 0.2],0.8811363577842712
8,719,[1.1 0.  0.6 1.  0.8 0.8 0.9 0.2],0.8812636733055115
8,720,[1.1 0.  0.6 1.  0.8 0.8 0.9 0.2],0.8813237547874451
8,721,[0.2 0.1 0.3 1.  0.6 1.  0.3 1.3],0.8943379819393158
8,722,[0.2 0.1 0.3 1.  0.6 1.  0.3 1.3],0.8943386375904083
8,723,[0.2 0.1 0.3 1.  0.6 1.  0.3 1.3],0.8945130407810211
8,724,[0.2 0.1 0.3 1.  0.6 1.  0.3 1.3],0.8945919275283813
8,725,[0.2 0.1 0.3 1.  0.6 1.  0.3 1.3],0.8947123289108276
8,726,[0.2 0.1 0.3 1.  0.6 1.  0.3 1.3],0.8947180211544037
8,727,[0.2 0.1 0.3 1.  0.6 1.  0.3 1.3],0.8947999775409698
8,728,[0.2 0.1 0.3 1.  0.6 1.  0.3 1.3],0.8949516117572784
8,729,[0.2 0.1 0.3 1.  0.6 1.  0.3 1.3],0.8949535489082336
8,730,[0.2 0.1 0.3 1.  0.6 1.  0.3 1.3],0.8950369358062744
8,731,[0.2 0.1 0.3 1.  0.6 1.  0.3 1.3],0.8951553106307983
8,732,[0.2 0.1 0.3 1.  0.6 1.  0.3 1.3],0.8951685726642609
8,733,[0.2 0.1 0.3 1.  0.6 1.  0.3 1.3],0.895275354385376
8,734,[0.8 1.  0.  1.  1.2 0.  0.9 0.9],1.0387588739395142
8,735,[0.8 1.  0.  1.  1.2 0.  0.9 0.9],1.0388070940971375
8,736,[0.8 1.  0.  1.  1.2 0.  0.9 0.9],1.0389058589935303
8,737,[0.8 1.  0.  1.  1.2 0.  0.9 0.9],1.0390664339065552
8,738,[0.8 1.  0.  1.  1.2 0.  0.9 0.9],1.0393423736095428
8,739,[0.8 1.  0.  1.  1.2 0.  0.9 0.9],1.0394327640533447
8,740,[0.8 1.  0.  1.  1.2 0.  0.9 0.9],1.039466142654419
8,741,[0.8 1.  0.  1.  1.2 0.  0.9 0.9],1.0394738018512726
8,742,[0.8 1.  0.  1.  1.2 0.  0.9 0.9],1.0394874215126038
8,743,[0.8 1.  0.  1.  1.2 0.  0.9 0.9],1.0395053029060364
8,744,[0.8 1.  0.  1.  1.2 0.  0.9 0.9],1.0395556092262268
8,745,[0.8 1.  0.  1.  1.2 0.  0.9 0.9],1.0395574271678925
8,746,[0.8 1.  0.  1.  1.2 0.  0.9 0.9],1.03959122300148
8,747,[0.8 1.  0.  1.  1.2 0.  0.9 0.9],1.0396061837673187
8,748,[0.8 1.  0.  1.  1.2 0.  0.9 0.9],1.039658099412918
8,749,[0.8 1.  0.  1.  1.2 0.  0.9 0.9],1.0397484600543976
8,750,[0.8 1.  0.  1.  1.2 0.  0.9 0.9],1.0397799015045166
8,751,[0.8 1.  0.  1.  1.2 0.  0.9 0.9],1.0397983193397522
8,752,[0.8 1.  0.  1.  1.2 0.  0.9 0.9],1.0398003458976746
8,753,[0.8 1.  0.  1.  1.2 0.  0.9 0.9],1.040054976940155
8,754,[0.8 1.  0.  1.  1.2 0.  0.9 0.9],1.0400699377059937
8,755,[0.8 1.  0.  1.  1.2 0.  0.9 0.9],1.0400853753089905
8,756,[0.8 1.  0.  1.  1.2 0.  0.9 0.9],1.0401115417480469
8,757,[0.8 1.  0.  1.  1.2 0.  0.9 0.9],1.0402022004127502
8,758,[0.8 1.  0.  1.  1.2 0.  0.9 0.9],1.0402072072029114
8,759,[0.8 1.  0.  1.  1.2 0.  0.9 0.9],1.0402671694755554
8,760,[0.8 1.  0.  1.  1.2 0.  0.9 0.9],1.0402982831001282
8,761,[0.8 1.  0.  1.  1.2 0.  0.9 0.9],1.040298342704773
8,762,[0.8 1.  0.  1.  1.2 0.  0.9 0.9],1.040373682975769
8,763,[0.8 1.  0.  1.  1.2 0.  0.9 0.9],1.0404008626937866
8,764,[0.8 1.  0.  1.  1.2 0.  0.9 0.9],1.0404217541217804
8,765,[0.8 1.  0.  1.  1.2 0.  0.9 0.9],1.0404319167137146
8,766,[0.8 1.  0.  1.  1.2 0.  0.9 0.9],1.0404786467552185
8,767,[0.8 1.  0.  1.  1.2 0.  0.9 0.9],1.04048091173172
8,768,[0.8 1.  0.  1.  1.2 0.  0.9 0.9],1.0405354797840118
8,769,[0.8 1.  0.  1.  1.2 0.  0.9 0.9],1.0405447781085968
8,770,[0.8 1.  0.  1.  1.2 0.  0.9 0.9],1.040589988231659
8,771,[0.8 1.  0.  1.  1.2 0.  0.9 0.9],1.040610283613205
8,772,[0.8 1.  0.  1.  1.2 0.  0.9 0.9],1.0406339764595032
8,773,[0.8 1.  0.  1.  1.2 0.  0.9 0.9],1.0407800376415253
8,774,[0.8 1.  0.  1.  1.2 0.  0.9 0.9],1.0408771634101868
8,775,[0.8 1.  0.  1.  1.2 0.  0.9 0.9],1.041034072637558
8,776,[0.8 1.  0.  1.  1.2 0.  0.9 0.9],1.0411143600940704
8,777,[0.8 1.  0.  1.  1.2 0.  0.9 0.9],1.0417069494724274
8,778,[0.8 1.  0.  1.  1.2 0.  0.9 0.9],1.041740745306015
8,779,[1.1 0.6 0.  1.1 1.1 0.5 0.1 1.3],1.106352984905243
8,780,[1.1 0.6 0.  1.1 1.1 0.5 0.1 1.3],1.106368362903595
8,781,[1.1 0.6 0.  1.1 1.1 0.5 0.1 1.3],1.1065163612365723
8,782,[1.1 0.6 0.  1.1 1.1 0.5 0.1 1.3],1.1065484881401062
8,783,[1.1 0.6 0.  1.1 1.1 0.5 0.1 1.3],1.106801688671112
8,784,[1.1 0.6 0.  1.1 1.1 0.5 0.1 1.3],1.1068739295005798
8,785,[1.1 0.6 0.  1.1 1.1 0.5 0.1 1.3],1.1069247126579285
8,786,[1.1 0.6 0.  1.1 1.1 0.5 0.1 1.3],1.106929063796997
8,787,[1.1 0.6 0.  1.1 1.1 0.5 0.1 1.3],1.106961190700531
8,788,[1.1 0.6 0.  1.1 1.1 0.5 0.1 1.3],1.1073732376098633
8,789,[1.1 0.6 0.  1.1 1.1 0.5 0.1 1.3],1.107584834098816
8,790,[0.8 1.1 0.1 0.  1.  0.5 0.7 0.2],1.4274524450302124
8,791,[0.8 1.1 0.1 0.  1.  0.5 0.7 0.2],1.4275277853012085
8,792,[0.8 1.1 0.1 0.  1.  0.5 0.7 0.2],1.427824854850769
8,793,[0.8 1.1 0.1 0.  1.  0.5 0.7 0.2],1.427910566329956
8,794,[0.8 1.1 0.1 0.  1.  0.5 0.7 0.2],1.4280394911766052
8,795,[0.8 1.1 0.1 0.  1.  0.5 0.7 0.2],1.4282424449920654
8,796,[0.8 1.1 0.1 0.  1.  0.5 0.7 0.2],1.4287118911743164
8,797,[0.8 1.1 0.1 0.  1.  0.5 0.7 0.2],1.4288854598999023
8,798,[0.8 1.1 0.1 0.  1.  0.5 0.7 0.2],1.4290268421173096
8,799,[0.8 1.1 0.1 0.  1.  0.5 0.7 0.2],1.4292821884155273
9,0,[1.1 1.  0.1 0.  0.3 0.1 0.4 0.5],0.02707246132194996
9,1,[1.1 1.  0.1 0.  0.3 0.1 0.4 0.5],0.02707246132194996
9,2,[1.1 0.9 0.8 0.8 0.3 1.  1.2 0.1],0.027295686304569244
9,3,[1.1 0.9 0.8 0.8 0.3 1.  1.2 0.1],0.027295686304569244
9,4,[1.1 0.1 0.1 0.1 0.  0.  0.9 0.6],0.03697552904486656
9,5,[1.1 0.1 0.1 0.1 0.  0.  0.9 0.6],0.03697552904486656
9,6,[1.3 0.1 0.1 0.8 0.  0.  1.3 0.2],0.038567427545785904
9,7,[1.3 0.1 0.1 0.8 0.  0.  1.3 0.2],0.038567427545785904
9,8,[0.7 0.1 0.1 0.7 0.  0.  0.4 1.1],0.04093141481280327
9,9,[0.7 0.1 0.1 0.7 0.  0.  0.4 1.1],0.04093141481280327
9,10,[1.1 0.9 0.1 0.4 0.3 0.  1.1 0.2],0.04144789092242718
9,11,[1.1 0.  0.1 1.  0.  0.  0.7 0.8],0.04617495648562908
9,12,[1.1 0.  0.6 1.  0.8 0.8 0.9 0.2],0.04621066711843014
9,13,[1.1 0.  0.1 1.  0.  0.  1.3 0.2],0.05255183205008507
9,14,[1.1 0.  0.1 1.  0.  0.  1.3 0.2],0.05255183205008507
9,15,[1.1 0.  0.1 1.  0.  0.  0.9 0.2],0.05921580083668232
9,16,[1.1 0.  0.1 0.2 0.  0.  0.9 0.2],0.059667618945240974
9,17,[1.1 0.  0.1 1.  0.  0.  0.9 0.2],0.05967237986624241
9,18,[1.1 0.  0.1 1.  0.  0.  0.9 0.2],0.05970391817390919
9,19,[1.3 0.1 0.1 0.8 0.  0.  1.3 0.2],0.06808654218912125
9,20,[1.1 0.1 0.1 0.  0.  0.  1.3 0.2],0.06826353818178177
9,21,[1.1 0.  0.1 1.  0.  0.  1.3 0.2],0.08396367356181145
9,22,[1.3 0.1 0.1 0.8 0.  0.  1.3 0.2],0.09851086512207985
9,23,[1.3 0.1 0.1 0.8 0.  0.  1.3 0.2],0.09859419241547585
9,24,[1.3 0.1 0.1 0.8 0.  0.  1.3 0.2],0.09861574694514275
9,25,[1.3 0.1 0.1 0.8 0.  0.  1.3 0.2],0.09862498566508293
9,26,[1.3 0.1 0.4 0.8 1.2 0.  1.3 0.2],0.09864327684044838
9,27,[1.3 0.1 0.1 0.8 0.  0.  1.3 0.2],0.09865245968103409
9,28,[1.3 0.1 0.1 0.8 0.  0.  1.3 0.2],0.09865260124206543
9,29,[1.3 0.1 0.1 0.8 0.  0.  1.3 0.2],0.09865852817893028
9,30,[1.3 0.1 0.1 0.8 0.  0.  1.3 0.2],0.0986771248281002
9,31,[1.3 0.1 0.1 0.8 0.  0.  1.3 0.2],0.09868021681904793
9,32,[1.3 0.1 0.1 0.8 0.  0.  1.3 0.2],0.0986899584531784
9,33,[1.3 0.1 0.1 0.8 0.  0.  1.3 0.2],0.09871772304177284
9,34,[1.3 0.1 0.1 0.8 0.  0.  1.3 0.2],0.09871849417686462
9,35,[1.3 0.1 0.1 0.8 0.  0.  1.3 0.2],0.09874148666858673
9,36,[1.3 0.1 0.1 0.8 0.  0.  1.3 0.2],0.09875931218266487
9,37,[1.3 0.1 0.1 0.8 0.  0.  1.3 0.2],0.0987793616950512
9,38,[1.3 0.1 0.6 0.8 0.8 0.  1.3 0.2],0.09891673177480698
9,39,[1.3 0.1 0.1 0.8 0.  0.  1.3 0.2],0.09900636225938797
9,40,[1.3 0.1 0.1 0.9 0.  0.  1.3 0.2],0.14015832543373108
9,41,[1.3 0.1 0.1 0.9 0.  0.  1.3 0.2],0.14016101509332657
9,42,[1.3 0.1 0.1 0.9 0.  0.  1.3 0.2],0.14016905426979065
9,43,[1.3 0.1 0.1 0.9 0.  0.  1.3 0.2],0.14018085598945618
9,44,[1.3 0.1 0.1 0.9 0.  0.  1.3 0.2],0.1402241736650467
9,45,[1.3 0.1 0.1 0.9 0.  0.  1.3 0.2],0.14027201384305954
9,46,[1.3 0.1 0.1 0.9 0.  0.  1.3 0.2],0.14029628783464432
9,47,[1.3 0.1 0.1 0.9 0.  0.  1.3 0.2],0.14033520221710205
9,48,[1.3 0.1 0.1 0.9 0.  0.  1.3 0.2],0.14035636186599731
9,49,[1.3 0.1 0.1 0.9 0.  0.  1.3 0.2],0.14041594415903091
9,50,[1.3 0.1 0.3 0.8 0.  0.  1.3 0.6],0.1405755802989006
9,51,[1.3 0.1 0.3 0.8 0.  0.  1.3 0.6],0.14057856798171997
9,52,[1.3 0.1 0.3 0.8 0.  0.  1.3 0.6],0.14068172872066498
9,53,[1.3 0.1 0.3 0.8 0.  0.  1.3 0.6],0.14069480448961258
9,54,[1.1 0.  0.1 1.  0.  0.  1.3 0.2],0.14145801961421967
9,55,[1.1 0.  0.1 1.  0.  0.  1.3 0.2],0.14146622270345688
9,56,[1.1 0.  0.1 1.  0.  0.  1.3 0.2],0.14154894649982452
9,57,[1.1 0.  0.1 1.  0.  0.  1.3 0.2],0.1415518820285797
9,58,[1.1 0.  0.1 1.  0.  0.  1.3 0.2],0.14157350361347198
9,59,[1.1 0.  0.1 1.  0.  0.  1.3 0.2],0.14158420264720917
9,60,[1.1 0.  0.1 1.  0.  0.  1.3 0.2],0.1415906697511673
9,61,[1.1 0.  0.1 1.  0.  0.  1.3 0.2],0.14159668236970901
9,62,[1.1 0.  0.1 1.  0.  0.  1.3 0.2],0.14160100370645523
9,63,[1.1 0.  0.1 1.  0.  0.  1.3 0.2],0.1416058912873268
9,64,[1.1 0.  0.1 1.  0.  0.  1.3 0.2],0.14161911606788635
9,65,[1.1 0.  0.1 1.  0.  0.  1.3 0.2],0.14162924140691757
9,66,[1.1 0.  0.1 1.  0.  0.  1.3 0.2],0.1416318416595459
9,67,[1.1 0.  0.1 1.  0.  0.  1.3 0.2],0.14166685193777084
9,68,[1.1 0.  0.1 1.  0.  0.  1.3 0.2],0.14169950783252716
9,69,[1.1 0.  0.1 1.  0.  0.  1.3 0.2],0.1417594999074936
9,70,[1.3 0.1 0.1 0.8 0.  0.  1.3 0. ],0.14191296696662903
9,71,[1.3 0.1 0.1 0.8 0.  0.  1.3 0.2],0.1420639157295227
9,72,[1.3 0.1 0.1 0.8 0.  0.  1.3 0. ],0.14206486195325851
9,73,[1.3 0.1 0.1 0.8 0.  0.  1.3 0.2],0.14206640422344208
9,74,[1.3 0.1 0.1 0.8 0.  0.  1.3 0.2],0.1420726776123047
9,75,[1.3 0.1 0.1 0.8 0.  0.  1.3 0.2],0.1420767679810524
9,76,[1.3 0.1 0.1 0.8 0.  0.  1.3 0.2],0.14207840710878372
9,77,[1.3 0.1 0.1 0.8 0.  0.  1.3 0.2],0.1420791670680046
9,78,[1.3 0.1 0.1 0.8 0.  0.  1.3 0.2],0.14208261668682098
9,79,[1.3 0.1 0.1 0.8 0.  0.  1.3 0.2],0.1420833021402359
9,80,[1.3 0.1 0.1 0.8 0.  0.  1.3 0.2],0.14209698885679245
9,81,[1.3 0.1 0.1 0.8 0.  0.  1.3 0.2],0.1420973539352417
9,82,[1.3 0.1 0.1 0.8 0.  0.  1.3 0.2],0.14210189133882523
9,83,[1.3 0.1 0.1 0.8 0.  0.  1.3 0.2],0.14210273325443268
9,84,[1.3 0.1 0.1 0.8 0.  0.  1.3 0.2],0.14210325479507446
9,85,[1.3 0.1 0.1 0.8 0.  0.  1.3 0. ],0.14210575819015503
9,86,[1.3 0.1 0.1 0.8 0.  0.  1.3 0.2],0.14210686832666397
9,87,[1.3 0.1 0.1 0.8 0.  0.  1.3 0.2],0.14210888743400574
9,88,[1.3 0.1 0.1 0.8 0.  0.  1.3 0.2],0.14211036264896393
9,89,[1.3 0.1 0.1 0.8 0.  0.  1.3 0.2],0.14211391657590866
9,90,[1.3 0.1 0.1 0.8 0.  0.  1.3 0.2],0.14211758226156235
9,91,[1.3 0.1 0.1 0.8 0.  0.  1.3 0.2],0.14211995154619217
9,92,[1.3 0.1 0.1 0.8 0.  0.  1.3 0.2],0.1421249359846115
9,93,[1.3 0.1 0.1 0.8 0.  0.  1.3 0.2],0.14212533831596375
9,94,[1.3 0.1 0.1 0.8 0.  0.  1.3 0.2],0.14213066548109055
9,95,[1.3 0.1 0.1 0.8 0.  0.  1.3 0.2],0.142133429646492
9,96,[1.3 0.1 0.1 0.8 0.  0.  1.3 0.2],0.1421341449022293
9,97,[1.3 0.1 0.1 0.8 0.  0.  1.3 0.2],0.14213542640209198
9,98,[1.3 0.1 0.1 0.8 0.  0.  1.3 0.2],0.14213571697473526
9,99,[1.3 0.1 0.1 0.8 0.  0.  1.3 0.2],0.14213649183511734
9,100,[1.3 0.1 0.1 0.8 0.  0.  1.3 0.2],0.14213746041059494
9,101,[1.3 0.1 0.1 0.8 0.  0.  1.3 0.2],0.1421407237648964
9,102,[1.3 0.1 0.1 0.8 0.  0.  1.3 0.2],0.14214131236076355
9,103,[1.3 0.1 0.1 0.8 0.  0.  1.3 0.2],0.1421421840786934
9,104,[1.3 0.1 0.1 0.8 0.  0.  1.3 0.2],0.1421448364853859
9,105,[1.3 0.1 0.1 0.8 0.  0.  1.3 0.2],0.14214491844177246
9,106,[1.3 0.1 0.1 0.8 0.  0.  1.3 0.2],0.1421452984213829
9,107,[1.3 0.1 0.1 0.8 0.  0.  1.3 0.2],0.1421460509300232
9,108,[1.3 0.1 0.1 0.8 0.  0.  1.3 0.2],0.14214853942394257
9,109,[1.3 0.1 0.1 0.8 0.  0.  1.3 0.2],0.14214856922626495
9,110,[1.3 0.1 0.1 0.8 0.  0.  1.3 0.2],0.14215415716171265
9,111,[1.3 0.1 0.1 0.8 0.  0.  1.3 0.2],0.1421554759144783
9,112,[1.3 0.1 0.1 0.8 0.  0.  1.3 0.2],0.14215583354234695
9,113,[1.3 0.1 0.1 0.8 0.  0.  1.3 0.2],0.14215628802776337
9,114,[1.3 0.1 0.1 0.8 0.  0.  1.3 0.2],0.1421579271554947
9,115,[1.3 0.1 0.1 0.8 0.  0.  1.3 0.2],0.14215943217277527
9,116,[1.3 0.1 0.1 0.8 0.  0.  1.3 0.2],0.14215970784425735
9,117,[1.3 0.1 0.1 0.8 0.  0.  1.3 0.2],0.1421620175242424
9,118,[1.3 0.1 0.1 0.8 0.  0.  1.3 0.2],0.1421637088060379
9,119,[1.3 0.1 0.1 0.8 0.  0.  1.3 0.2],0.14216593652963638
9,120,[1.3 0.1 0.1 0.8 0.  0.  1.3 0.2],0.14216677099466324
9,121,[1.3 0.1 0.1 0.8 0.  0.  1.3 0.2],0.14216765016317368
9,122,[1.3 0.1 0.1 0.8 0.  0.  1.3 0.2],0.1421678364276886
9,123,[1.3 0.1 0.1 0.8 0.  0.  1.3 0.2],0.14216794818639755
9,124,[1.3 0.1 0.1 0.8 0.  0.  1.3 0.2],0.14216867834329605
9,125,[1.3 0.1 0.1 0.8 0.  0.  1.3 0.2],0.14216871559619904
9,126,[1.3 0.1 0.1 0.8 0.  0.  1.3 0.2],0.14216936379671097
9,127,[1.3 0.1 0.1 0.8 0.  0.  1.3 0.2],0.14216993749141693
9,128,[1.3 0.1 0.1 0.8 0.  0.  1.3 0.2],0.14217018336057663
9,129,[1.3 0.1 0.1 0.8 0.  0.  1.3 0.2],0.1421719789505005
9,130,[1.3 0.1 0.1 0.8 0.  0.  1.3 0.2],0.14217403531074524
9,131,[1.3 0.1 0.1 0.8 0.  0.  1.3 0.2],0.14217444509267807
9,132,[1.3 0.1 0.1 0.8 0.  0.  1.3 0.2],0.14217479526996613
9,133,[1.3 0.1 0.1 0.8 0.  0.  1.3 0.2],0.1421748325228691
9,134,[1.3 0.1 0.1 0.8 0.  0.  1.3 0.2],0.14217522740364075
9,135,[1.3 0.1 0.1 0.8 0.  0.  1.3 0.2],0.14217736572027206
9,136,[1.3 0.1 0.1 0.8 0.  0.  1.3 0.2],0.14217813313007355
9,137,[1.3 0.1 0.1 0.8 0.  0.  1.3 0.2],0.14217976480722427
9,138,[1.3 0.1 0.1 0.8 0.  0.  1.3 0.2],0.14217978715896606
9,139,[1.3 0.1 0.1 0.8 0.  0.  1.3 0.2],0.14218224585056305
9,140,[1.3 0.1 0.1 0.8 0.  0.  1.3 0.2],0.14218348264694214
9,141,[1.3 0.1 0.1 0.8 0.  0.  1.3 0.2],0.1421840786933899
9,142,[1.3 0.1 0.1 0.8 0.  0.  1.3 0.2],0.14218420535326004
9,143,[1.3 0.1 0.1 0.8 0.  0.  1.3 0.2],0.14218588173389435
9,144,[1.3 0.1 0.1 0.8 0.  0.  1.3 0.2],0.14218655973672867
9,145,[1.3 0.1 0.1 0.8 0.  0.  1.3 0.2],0.14218709617853165
9,146,[1.3 0.1 0.1 0.8 0.  0.  1.3 0.2],0.14218776673078537
9,147,[1.3 0.1 0.1 0.8 0.  0.  1.3 0.2],0.14218779653310776
9,148,[1.3 0.1 0.1 0.8 0.  0.  1.3 0.2],0.1421891376376152
9,149,[1.3 0.1 0.1 0.8 0.  0.  1.3 0.2],0.14218999445438385
9,150,[1.3 0.1 0.1 0.8 0.  0.  1.3 0.2],0.14219257235527039
9,151,[1.3 0.1 0.1 0.8 0.  0.  1.3 0.2],0.14219429343938828
9,152,[1.3 0.1 0.1 0.8 0.  0.  1.3 0.2],0.14219612628221512
9,153,[1.3 0.1 0.1 0.8 0.  0.  1.3 0.2],0.14219648391008377
9,154,[1.3 0.1 0.1 0.8 0.  0.  1.3 0.2],0.14219669997692108
9,155,[1.3 0.1 0.1 0.8 0.  0.  1.3 0.2],0.1421969085931778
9,156,[1.3 0.1 0.1 0.8 0.  0.  1.3 0.2],0.14219754934310913
9,157,[1.3 0.1 0.1 0.8 0.  0.  1.3 0.2],0.14219777286052704
9,158,[1.3 0.1 0.1 0.8 0.  0.  1.3 0.2],0.14219793677330017
9,159,[1.3 0.1 0.1 0.8 0.  0.  1.3 0.2],0.14219824969768524
9,160,[1.3 0.1 0.1 0.8 0.  0.  1.3 0.2],0.14219939708709717
9,161,[1.3 0.1 0.1 0.8 0.  0.  1.3 0.2],0.1421998217701912
9,162,[1.3 0.1 0.1 0.8 0.  0.  1.3 0.2],0.14220069348812103
9,163,[1.3 0.1 0.1 0.8 0.  0.  1.3 0.2],0.1422007456421852
9,164,[1.3 0.1 0.1 0.8 0.  0.  1.3 0.2],0.14220178127288818
9,165,[1.3 0.1 0.1 0.8 0.  0.  1.3 0.2],0.14220190793275833
9,166,[1.3 0.1 0.1 0.8 0.  0.  1.3 0.2],0.14220201969146729
9,167,[1.3 0.1 0.1 0.8 0.  0.  1.3 0.2],0.1422022134065628
9,168,[1.3 0.1 0.1 0.8 0.  0.  1.3 0.2],0.1422027125954628
9,169,[1.3 0.1 0.1 0.8 0.  0.  1.3 0.2],0.14220356941223145
9,170,[1.3 0.1 0.1 0.8 0.  0.  1.3 0.2],0.1422039046883583
9,171,[1.3 0.1 0.1 0.8 0.  0.  1.3 0.2],0.1422051638364792
9,172,[1.3 0.1 0.1 0.8 0.  0.  1.3 0.2],0.14220619201660156
9,173,[1.3 0.1 0.1 0.8 0.  0.  1.3 0.2],0.14220666885375977
9,174,[1.3 0.1 0.1 0.8 0.  0.  1.3 0.2],0.14220701158046722
9,175,[1.3 0.1 0.1 0.8 0.  0.  1.3 0.2],0.14220760762691498
9,176,[1.3 0.1 0.1 0.8 0.  0.  1.3 0.2],0.14220783859491348
9,177,[1.3 0.1 0.1 0.8 0.  0.  1.3 0.2],0.14220814406871796
9,178,[1.3 0.1 0.1 0.8 0.  0.  1.3 0.2],0.14220886677503586
9,179,[1.3 0.1 0.1 0.8 0.  0.  1.3 0.2],0.14220890402793884
9,180,[1.3 0.1 0.1 0.8 0.  0.  1.3 0.2],0.1422092765569687
9,181,[1.3 0.1 0.1 0.8 0.  0.  1.3 0.2],0.14220978319644928
9,182,[1.3 0.1 0.1 0.8 0.  0.  1.3 0.2],0.14221085608005524
9,183,[1.3 0.1 0.1 0.8 0.  0.  1.3 0.2],0.1422114223241806
9,184,[1.3 0.1 0.1 0.8 0.  0.  1.3 0.2],0.1422124132514
9,185,[1.3 0.1 0.1 0.8 0.  0.  1.3 0.2],0.14221352338790894
9,186,[1.3 0.1 0.1 0.8 0.  0.  1.3 0.2],0.1422135904431343
9,187,[1.3 0.1 0.1 0.8 0.  0.  1.3 0.2],0.14221422374248505
9,188,[1.3 0.1 0.1 0.8 0.  0.  1.3 0.2],0.14221487194299698
9,189,[1.3 0.1 0.1 0.8 0.  0.  1.3 0.2],0.1422167792916298
9,190,[1.3 0.1 0.1 0.8 0.  0.  1.3 0.2],0.1422177255153656
9,191,[1.3 0.1 0.1 0.8 0.  0.  1.3 0.2],0.14221812784671783
9,192,[1.3 0.1 0.1 0.8 0.  0.  1.3 0.2],0.14221913367509842
9,193,[1.3 0.1 0.1 0.8 0.  0.  1.3 0.2],0.14221960306167603
9,194,[1.3 0.1 0.1 0.8 0.  0.  1.3 0.2],0.142220139503479
9,195,[1.3 0.1 0.1 0.8 0.  0.  1.3 0.2],0.14222215861082077
9,196,[1.3 0.1 0.1 0.8 0.  0.  1.3 0.2],0.14222250878810883
9,197,[1.3 0.1 0.1 0.8 0.  0.  1.3 0.2],0.14222370088100433
9,198,[1.3 0.1 0.1 0.8 0.  0.  1.3 0.2],0.14222372323274612
9,199,[1.3 0.1 0.1 0.8 0.  0.  1.3 0.2],0.1422237530350685
9,200,[1.3 0.1 0.1 0.8 0.  0.  1.3 0.2],0.1422242522239685
9,201,[1.3 0.1 0.1 0.8 0.  0.  1.3 0.2],0.1422244980931282
9,202,[1.3 0.1 0.1 0.8 0.  0.  1.3 0.2],0.14222510159015656
9,203,[1.3 0.1 0.1 0.8 0.  0.  1.3 0.2],0.1422252431511879
9,204,[1.3 0.1 0.1 0.8 0.  0.  1.3 0.2],0.14222589880228043
9,205,[1.3 0.1 0.1 0.8 0.  0.  1.3 0.2],0.14222616702318192
9,206,[1.3 0.1 0.1 0.8 0.  0.  1.3 0.2],0.14222639054059982
9,207,[1.3 0.1 0.1 0.8 0.  0.  1.3 0.2],0.14222657680511475
9,208,[1.3 0.1 0.1 0.8 0.  0.  1.3 0.2],0.14222662895917892
9,209,[1.3 0.1 0.1 0.8 0.  0.  1.3 0.2],0.1422267109155655
9,210,[1.3 0.1 0.1 0.8 0.  0.  1.3 0.2],0.14222823828458786
9,211,[1.3 0.1 0.1 0.8 0.  0.  1.3 0.2],0.14222870767116547
9,212,[1.3 0.1 0.1 0.8 0.  0.  1.3 0.2],0.14223044365644455
9,213,[1.3 0.1 0.1 0.8 0.  0.  1.3 0.2],0.14223119616508484
9,214,[1.3 0.1 0.1 0.8 0.  0.  1.3 0.2],0.1422315016388893
9,215,[1.3 0.1 0.1 0.8 0.  0.  1.3 0.2],0.14223165810108185
9,216,[1.3 0.1 0.1 0.8 0.  0.  1.3 0.2],0.14223253726959229
9,217,[1.3 0.1 0.1 0.8 0.  0.  1.3 0.2],0.14223269373178482
9,218,[1.3 0.1 0.1 0.8 0.  0.  1.3 0.2],0.14223282784223557
9,219,[1.3 0.1 0.1 0.8 0.  0.  1.3 0.2],0.1422344371676445
9,220,[1.3 0.1 0.1 0.8 0.  0.  1.3 0.2],0.14223454147577286
9,221,[1.3 0.1 0.1 0.8 0.  0.  1.3 0.2],0.14223498106002808
9,222,[1.3 0.1 0.1 0.8 0.  0.  1.3 0.2],0.1422351971268654
9,223,[1.3 0.1 0.1 0.8 0.  0.  1.3 0.2],0.14223533868789673
9,224,[1.3 0.1 0.1 0.8 0.  0.  1.3 0.2],0.1422353982925415
9,225,[1.3 0.1 0.1 0.8 0.  0.  1.3 0.2],0.14223602414131165
9,226,[1.3 0.1 0.1 0.8 0.  0.  1.3 0.2],0.14223714172840118
9,227,[1.3 0.1 0.1 0.8 0.  0.  1.3 0.2],0.1422373503446579
9,228,[1.3 0.1 0.1 0.8 0.  0.  1.3 0.2],0.14223753660917282
9,229,[1.3 0.1 0.1 0.8 0.  0.  1.3 0.2],0.1422383412718773
9,230,[1.3 0.1 0.1 0.8 0.  0.  1.3 0.2],0.14223863929510117
9,231,[1.3 0.1 0.1 0.8 0.  0.  1.3 0.2],0.14223900437355042
9,232,[1.3 0.1 0.1 0.8 0.  0.  1.3 0.2],0.14223943650722504
9,233,[1.3 0.1 0.1 0.8 0.  0.  1.3 0.2],0.14223971217870712
9,234,[1.3 0.1 0.1 0.8 0.  0.  1.3 0.2],0.14223989844322205
9,235,[1.3 0.1 0.1 0.8 0.  0.  1.3 0.2],0.14223997294902802
9,236,[1.3 0.1 0.1 0.8 0.  0.  1.3 0.2],0.14224082976579666
9,237,[1.3 0.1 0.1 0.8 0.  0.  1.3 0.2],0.1422412469983101
9,238,[1.3 0.1 0.1 0.8 0.  0.  1.3 0.2],0.1422419622540474
9,239,[1.3 0.1 0.1 0.8 0.  0.  1.3 0.2],0.142241969704628
9,240,[1.3 0.1 0.1 0.8 0.  0.  1.3 0.2],0.1422433704137802
9,241,[1.3 0.1 0.1 0.8 0.  0.  1.3 0.2],0.14224467426538467
9,242,[1.3 0.1 0.1 0.8 0.  0.  1.3 0.2],0.14224471896886826
9,243,[1.3 0.1 0.1 0.8 0.  0.  1.3 0.2],0.14224505424499512
9,244,[1.3 0.1 0.1 0.8 0.  0.  1.3 0.2],0.1422458440065384
9,245,[1.3 0.1 0.1 0.8 0.  0.  1.3 0.2],0.14224660396575928
9,246,[1.3 0.1 0.1 0.8 0.  0.  1.3 0.2],0.14224807173013687
9,247,[1.3 0.1 0.1 0.8 0.  0.  1.3 0.2],0.14224864542484283
9,248,[1.3 0.1 0.1 0.8 0.  0.  1.3 0.2],0.1422489508986473
9,249,[1.3 0.1 0.1 0.8 0.  0.  1.3 0.2],0.14225047081708908
9,250,[1.3 0.1 0.1 0.8 0.  0.  1.3 0.2],0.14225050061941147
9,251,[1.3 0.1 0.1 0.8 0.  0.  1.3 0.2],0.1422521024942398
9,252,[1.3 0.1 0.1 0.8 0.  0.  1.3 0.2],0.1422521471977234
9,253,[1.3 0.1 0.1 0.8 0.  0.  1.3 0.2],0.14225269854068756
9,254,[1.3 0.1 0.1 0.8 0.  0.  1.3 0.2],0.1422533020377159
9,255,[1.3 0.1 0.1 0.8 0.  0.  1.3 0.2],0.14225371927022934
9,256,[1.3 0.1 0.1 0.8 0.  0.  1.3 0.2],0.14225401729345322
9,257,[1.3 0.1 0.1 0.8 0.  0.  1.3 0.2],0.14225414395332336
9,258,[1.3 0.1 0.1 0.8 0.  0.  1.3 0.2],0.14225465059280396
9,259,[1.3 0.1 0.1 0.8 0.  0.  1.3 0.2],0.14225748926401138
9,260,[1.3 0.1 0.1 0.8 0.  0.  1.3 0.2],0.1422581747174263
9,261,[1.3 0.1 0.1 0.8 0.  0.  1.3 0.2],0.1422584503889084
9,262,[1.3 0.1 0.1 0.8 0.  0.  1.3 0.2],0.14225846529006958
9,263,[1.3 0.1 0.1 0.8 0.  0.  1.3 0.2],0.14225869625806808
9,264,[1.3 0.1 0.1 0.8 0.  0.  1.3 0.2],0.14225877821445465
9,265,[1.3 0.1 0.1 0.8 0.  0.  1.3 0.2],0.14225982874631882
9,266,[1.3 0.1 0.1 0.8 0.  0.  1.3 0.2],0.14226070791482925
9,267,[1.3 0.1 0.1 0.8 0.  0.  1.3 0.2],0.14226111769676208
9,268,[1.3 0.1 0.1 0.8 0.  0.  1.3 0.2],0.1422615349292755
9,269,[1.3 0.1 0.1 0.8 0.  0.  1.3 0.2],0.14226236939430237
9,270,[1.3 0.1 0.1 0.8 0.  0.  1.3 0.2],0.14226268976926804
9,271,[1.3 0.1 0.1 0.8 0.  0.  1.3 0.2],0.1422640010714531
9,272,[1.3 0.1 0.1 0.8 0.  0.  1.3 0.2],0.1422642022371292
9,273,[1.3 0.1 0.1 0.8 0.  0.  1.3 0.2],0.14226427674293518
9,274,[1.3 0.1 0.1 0.8 0.  0.  1.3 0.2],0.14226440340280533
9,275,[1.3 0.1 0.1 0.8 0.  0.  1.3 0.2],0.14226489514112473
9,276,[1.3 0.1 0.1 0.8 0.  0.  1.3 0.2],0.1422659233212471
9,277,[1.3 0.1 0.1 0.8 0.  0.  1.3 0.2],0.1422688513994217
9,278,[1.3 0.1 0.1 0.8 0.  0.  1.3 0.2],0.14227096736431122
9,279,[1.3 0.1 0.1 0.8 0.  0.  1.3 0.2],0.14227155596017838
9,280,[1.3 0.1 0.1 0.8 0.  0.  1.3 0.2],0.14227180927991867
9,281,[1.3 0.1 0.1 0.8 0.  0.  1.3 0.2],0.14227275550365448
9,282,[1.3 0.1 0.1 0.8 0.  0.  1.3 0.2],0.14227277040481567
9,283,[1.3 0.1 0.1 0.8 0.  0.  1.3 0.2],0.14227429032325745
9,284,[1.3 0.1 0.1 0.8 0.  0.  1.3 0.2],0.1422744318842888
9,285,[1.3 0.1 0.1 0.8 0.  0.  1.3 0.2],0.14227544516324997
9,286,[1.3 0.1 0.1 0.8 0.  0.  1.3 0.2],0.14227568358182907
9,287,[1.3 0.1 0.1 0.8 0.  0.  1.3 0.2],0.14227594435214996
9,288,[1.3 0.1 0.1 0.8 0.  0.  1.3 0.2],0.14227648824453354
9,289,[1.3 0.1 0.1 0.8 0.  0.  1.3 0.2],0.14227664470672607
9,290,[1.3 0.1 0.1 0.8 0.  0.  1.3 0.2],0.14227799326181412
9,291,[1.3 0.1 0.1 0.8 0.  0.  1.3 0.2],0.14227820187807083
9,292,[1.3 0.1 0.1 0.8 0.  0.  1.3 0.2],0.1422782614827156
9,293,[1.3 0.1 0.1 0.8 0.  0.  1.3 0.2],0.14227912575006485
9,294,[1.3 0.1 0.1 0.8 0.  0.  1.3 0.2],0.14227979630231857
9,295,[1.3 0.1 0.1 0.8 0.  0.  1.3 0.2],0.1422804743051529
9,296,[1.3 0.1 0.1 0.8 0.  0.  1.3 0.2],0.1422835811972618
9,297,[1.3 0.1 0.1 0.8 0.  0.  1.3 0.2],0.14228396862745285
9,298,[1.3 0.1 0.1 0.8 0.  0.  1.3 0.2],0.14228438585996628
9,299,[1.3 0.1 0.1 0.8 0.  0.  1.3 0.2],0.1422853320837021
9,300,[1.3 0.1 0.1 0.8 0.  0.  1.3 0.2],0.14228744059801102
9,301,[1.3 0.1 0.1 0.8 0.  0.  1.3 0.2],0.14228755980730057
9,302,[1.3 0.1 0.1 0.8 0.  0.  1.3 0.2],0.14228961616754532
9,303,[1.3 0.1 0.1 0.8 0.  0.  1.3 0.2],0.1422896310687065
9,304,[1.3 0.1 0.1 0.8 0.  0.  1.3 0.2],0.14228974282741547
9,305,[1.3 0.1 0.1 0.8 0.  0.  1.3 0.2],0.14229004830121994
9,306,[1.3 0.1 0.1 0.8 0.  0.  1.3 0.2],0.14229067414999008
9,307,[1.3 0.1 0.1 0.8 0.  0.  1.3 0.2],0.14229093492031097
9,308,[1.3 0.1 0.1 0.8 0.  0.  1.3 0.2],0.14229125529527664
9,309,[1.3 0.1 0.1 0.8 0.  0.  1.3 0.2],0.1422915682196617
9,310,[1.3 0.1 0.1 0.8 0.  0.  1.3 0.2],0.14229167997837067
9,311,[1.3 0.1 0.1 0.8 0.  0.  1.3 0.2],0.14229223877191544
9,312,[1.3 0.1 0.1 0.8 0.  0.  1.3 0.2],0.14229225367307663
9,313,[1.3 0.1 0.1 0.8 0.  0.  1.3 0.2],0.1422933265566826
9,314,[1.3 0.1 0.1 0.8 0.  0.  1.3 0.2],0.14229363948106766
9,315,[1.3 0.1 0.1 0.8 0.  0.  1.3 0.2],0.14229363948106766
9,316,[1.3 0.1 0.1 0.8 0.  0.  1.3 0.2],0.14229374378919601
9,317,[1.3 0.1 0.1 0.8 0.  0.  1.3 0.2],0.14229390770196915
9,318,[1.3 0.1 0.1 0.8 0.  0.  1.3 0.2],0.14229412376880646
9,319,[1.3 0.1 0.1 0.8 0.  0.  1.3 0.2],0.14229432493448257
9,320,[1.3 0.1 0.1 0.8 0.  0.  1.3 0.2],0.142294742166996
9,321,[1.3 0.1 0.1 0.8 0.  0.  1.3 0.2],0.14229527115821838
9,322,[1.3 0.1 0.1 0.8 0.  0.  1.3 0.2],0.14229564368724823
9,323,[1.3 0.1 0.1 0.8 0.  0.  1.3 0.2],0.14229582995176315
9,324,[1.3 0.1 0.1 0.8 0.  0.  1.3 0.2],0.1422983780503273
9,325,[1.3 0.1 0.1 0.8 0.  0.  1.3 0.2],0.14229870587587357
9,326,[1.3 0.1 0.1 0.8 0.  0.  1.3 0.2],0.1422991380095482
9,327,[1.3 0.1 0.1 0.8 0.  0.  1.3 0.2],0.14229927957057953
9,328,[1.3 0.1 0.1 0.8 0.  0.  1.3 0.2],0.14229966700077057
9,329,[1.3 0.1 0.1 0.8 0.  0.  1.3 0.2],0.14229995012283325
9,330,[1.3 0.1 0.1 0.8 0.  0.  1.3 0.2],0.14230157434940338
9,331,[1.3 0.1 0.1 0.8 0.  0.  1.3 0.2],0.1423022821545601
9,332,[1.3 0.1 0.1 0.8 0.  0.  1.3 0.2],0.14230606704950333
9,333,[1.3 0.1 0.1 0.8 0.  0.  1.3 0.2],0.1423071250319481
9,334,[1.3 0.1 0.1 0.8 0.  0.  1.3 0.2],0.14230765402317047
9,335,[1.3 0.1 0.1 0.8 0.  0.  1.3 0.2],0.1423155963420868
9,336,[1.3 0.1 0.1 0.8 0.  0.  1.3 0.2],0.14231613278388977
9,337,[1.3 0.1 0.1 0.8 0.  0.  1.3 0.2],0.14231617003679276
9,338,[1.3 0.1 0.1 0.8 0.  0.  1.3 0.2],0.14231720566749573
9,339,[1.3 0.1 0.1 0.8 0.  0.  1.3 0.2],0.14231737703084946
9,340,[1.3 0.1 0.1 0.8 0.  0.  1.3 0.2],0.14231739193201065
9,341,[1.3 0.1 0.1 0.8 0.  0.  1.3 0.2],0.14231988787651062
9,342,[1.3 0.1 0.1 0.8 0.  0.  1.3 0.2],0.14232031255960464
9,343,[1.3 0.1 0.1 0.8 0.  0.  1.3 0.2],0.14232173562049866
9,344,[1.3 0.1 0.1 0.8 0.  0.  1.3 0.2],0.1423226222395897
9,345,[1.3 0.1 0.1 0.8 0.  0.  1.3 0.2],0.14232273399829865
9,346,[1.3 0.1 0.1 0.8 0.  0.  1.3 0.2],0.14232369512319565
9,347,[1.3 0.1 0.1 0.8 0.  0.  1.3 0.2],0.1423238217830658
9,348,[1.3 0.1 0.1 0.8 0.  0.  1.3 0.2],0.14232483506202698
9,349,[1.3 0.1 0.1 0.8 0.  0.  1.3 0.2],0.14232657104730606
9,350,[1.3 0.1 0.1 0.8 0.  0.  1.3 0.2],0.14232664555311203
9,351,[1.3 0.1 0.1 0.8 0.  0.  1.3 0.2],0.14232759177684784
9,352,[1.3 0.1 0.1 0.8 0.  0.  1.3 0.2],0.14232779294252396
9,353,[1.3 0.1 0.1 0.8 0.  0.  1.3 0.2],0.1423291340470314
9,354,[1.3 0.1 0.1 0.8 0.  0.  1.3 0.2],0.14233139902353287
9,355,[1.3 0.1 0.1 0.8 0.  0.  1.3 0.2],0.14233271777629852
9,356,[1.3 0.1 0.1 0.8 0.  0.  1.3 0.2],0.14233362674713135
9,357,[1.3 0.1 0.1 0.8 0.  0.  1.3 0.2],0.14233408868312836
9,358,[1.3 0.1 0.1 0.8 0.  0.  1.3 0.2],0.14233412593603134
9,359,[1.3 0.1 0.1 0.8 0.  0.  1.3 0.2],0.14233434200286865
9,360,[1.3 0.1 0.1 0.8 0.  0.  1.3 0.2],0.14233476668596268
9,361,[1.3 0.1 0.1 0.8 0.  0.  1.3 0.2],0.14233820885419846
9,362,[1.3 0.1 0.1 0.8 0.  0.  1.3 0.2],0.1423383206129074
9,363,[1.3 0.1 0.1 0.8 0.  0.  1.3 0.2],0.1423393040895462
9,364,[1.3 0.1 0.1 0.8 0.  0.  1.3 0.2],0.14234009385108948
9,365,[1.3 0.1 0.1 0.8 0.  0.  1.3 0.2],0.1423403024673462
9,366,[1.3 0.1 0.1 0.8 0.  0.  1.3 0.2],0.1423417627811432
9,367,[1.3 0.1 0.1 0.8 0.  0.  1.3 0.2],0.1423417627811432
9,368,[1.3 0.1 0.1 0.8 0.  0.  1.3 0.2],0.14234446734189987
9,369,[1.3 0.1 0.1 0.8 0.  0.  1.3 0.2],0.1423461139202118
9,370,[1.3 0.1 0.1 0.8 0.  0.  1.3 0.2],0.14235197007656097
9,371,[1.3 0.1 0.1 0.8 0.  0.  1.3 0.2],0.14235278964042664
9,372,[1.3 0.1 0.1 0.8 0.  0.  1.3 0.2],0.14235825836658478
9,373,[1.3 0.1 0.1 0.8 0.  0.  1.3 0.2],0.14235929399728775
9,374,[1.3 0.1 0.1 0.8 0.  0.  1.3 0.2],0.1423647552728653
9,375,[1.3 0.1 0.1 0.8 0.  0.  1.3 0.2],0.1423674076795578
9,376,[1.3 0.1 0.1 0.8 0.  0.  1.3 0.2],0.14236846938729286
9,377,[1.3 0.1 0.1 0.8 0.  0.  1.3 0.2],0.14237017184495926
9,378,[1.3 0.1 0.1 0.8 0.  0.  1.3 0.2],0.1423715427517891
9,379,[1.3 0.1 0.1 0.8 0.  0.  1.3 0.2],0.14237522333860397
9,380,[1.3 0.1 0.1 0.8 0.  0.  1.3 0.2],0.14237867295742035
9,381,[1.3 0.1 0.1 0.8 0.  0.  1.3 0.2],0.14238253235816956
9,382,[1.3 0.1 0.1 0.8 0.  0.  1.3 0.2],0.14238370954990387
9,383,[1.3 0.1 0.1 0.8 0.  0.  1.3 0.2],0.14239542931318283
9,384,[1.3 0.1 0.1 0.8 0.  0.  1.3 0.2],0.14239732921123505
9,385,[1.3 0.1 0.1 0.8 0.  0.  1.3 0.2],0.1424015387892723
9,386,[1.3 0.1 0.1 0.8 0.  0.  1.3 0.2],0.1424056738615036
9,387,[1.3 0.1 0.1 0.8 0.  0.  1.3 0.2],0.14242345839738846
9,388,[1.3 0.1 0.1 0.8 0.  0.  1.3 0.2],0.14242395758628845
9,389,[1.3 0.1 0.1 0.8 0.  0.  1.3 0.2],0.1424335613846779
9,390,[1.3 0.1 0.1 0.8 0.  0.  1.3 0.2],0.14243562519550323
9,391,[1.3 0.1 0.1 0.8 0.  0.  1.3 0.2],0.1424436718225479
9,392,[1.3 0.1 0.1 0.8 0.  0.  1.3 0.2],0.14250218868255615
9,393,[1.3 0.1 0.1 0.8 0.  0.  1.3 0.2],0.14252310246229172
9,394,[1.1 0.  0.1 1.  0.  0.  0.9 0.2],0.1435285359621048
9,395,[1.1 0.  0.1 1.  0.  0.  0.9 0.2],0.14353769272565842
9,396,[1.1 0.  0.1 1.  0.  0.  0.9 0.2],0.143560953438282
9,397,[1.1 0.  0.1 1.  0.  0.  0.9 0.2],0.14357033371925354
9,398,[1.1 0.  0.1 1.  0.  0.  0.9 0.2],0.14357604831457138
9,399,[1.1 0.  0.1 1.  0.  0.  0.9 0.2],0.14358749240636826
9,400,[1.1 0.  0.1 1.  0.  0.  0.9 0.2],0.14358779042959213
9,401,[1.1 0.  0.1 1.  0.  0.  0.9 0.2],0.14359933137893677
9,402,[1.1 0.  0.1 1.  0.  0.  0.9 0.2],0.14360276609659195
9,403,[1.1 0.  0.1 1.  0.  0.  0.9 0.2],0.14360564202070236
9,404,[1.1 0.  0.1 1.  0.  0.  0.9 0.2],0.14361122250556946
9,405,[1.1 0.  0.1 1.  0.  0.  0.9 0.2],0.14361124485731125
9,406,[1.1 0.  0.1 1.  0.  0.  0.9 0.2],0.1436161994934082
9,407,[1.1 0.  0.1 1.  0.  0.  0.9 0.2],0.14361978322267532
9,408,[1.1 0.  0.1 1.  0.  0.  0.9 0.2],0.14362049847841263
9,409,[1.1 0.  0.1 1.  0.  0.  0.9 0.2],0.14363893866539001
9,410,[1.1 0.  0.1 1.  0.  0.  0.9 0.2],0.1436467543244362
9,411,[1.1 0.  0.1 1.  0.  0.  0.9 0.2],0.14365865290164948
9,412,[1.1 0.  0.1 1.  0.  0.  0.9 0.2],0.1436643749475479
9,413,[1.1 0.  0.1 1.  0.  0.  0.9 0.2],0.14366624504327774
9,414,[1.1 0.  0.1 1.  0.  0.  0.9 0.2],0.14366715401411057
9,415,[1.1 0.  0.1 1.  0.  0.  0.9 0.2],0.1436743289232254
9,416,[1.1 0.  0.1 1.  0.  0.  0.9 0.2],0.14367737621068954
9,417,[1.1 0.  0.1 1.  0.  0.  0.9 0.2],0.1436827853322029
9,418,[1.1 0.  0.1 1.  0.  0.  0.9 0.2],0.14368478953838348
9,419,[1.1 0.  0.1 1.  0.  0.  0.9 0.2],0.14368689060211182
9,420,[1.1 0.  0.1 1.  0.  0.  0.9 0.2],0.1436876356601715
9,421,[1.1 0.  0.1 1.  0.  0.  0.9 0.2],0.14368870109319687
9,422,[1.1 0.  0.1 1.  0.  0.  0.9 0.2],0.14368903636932373
9,423,[1.1 0.  0.1 1.  0.  0.  0.9 0.2],0.14369018375873566
9,424,[1.1 0.  0.1 1.  0.  0.  0.9 0.2],0.14369110018014908
9,425,[1.1 0.  0.1 1.  0.  0.  0.9 0.2],0.14369679987430573
9,426,[1.1 0.  0.1 1.  0.  0.  0.9 0.2],0.14369823038578033
9,427,[1.1 0.  0.1 1.  0.  0.  0.9 0.2],0.14370045065879822
9,428,[1.1 0.  0.1 1.  0.  0.  0.9 0.2],0.14370277523994446
9,429,[1.1 0.  0.1 1.  0.  0.  0.9 0.2],0.14371258020401
9,430,[1.1 0.  0.1 1.  0.  0.  0.9 0.2],0.14371301978826523
9,431,[1.1 0.  0.1 1.  0.  0.  0.9 0.2],0.14371411502361298
9,432,[1.1 0.  0.1 1.  0.  0.  0.9 0.2],0.14371449500322342
9,433,[1.1 0.  0.1 1.  0.  0.  0.9 0.2],0.14371507614850998
9,434,[1.1 0.  0.1 1.  0.  0.  0.9 0.2],0.14372339099645615
9,435,[1.1 0.  0.1 1.  0.  0.  0.9 0.2],0.14372499287128448
9,436,[1.1 0.  0.1 1.  0.  0.  0.9 0.2],0.14372530579566956
9,437,[1.1 0.  0.1 1.  0.  0.  0.9 0.2],0.14372680336236954
9,438,[1.1 0.  0.1 1.  0.  0.  0.9 0.2],0.14372843503952026
9,439,[1.1 0.  0.1 1.  0.  0.  0.9 0.2],0.14373226463794708
9,440,[1.1 0.  0.1 1.  0.  0.  0.9 0.2],0.14373310655355453
9,441,[1.1 0.  0.1 1.  0.  0.  0.9 0.2],0.14373387396335602
9,442,[1.1 0.  0.1 1.  0.  0.  0.9 0.2],0.14373675733804703
9,443,[1.1 0.  0.1 1.  0.  0.  0.9 0.2],0.14373720437288284
9,444,[1.1 0.  0.1 1.  0.  0.  0.9 0.2],0.14373821020126343
9,445,[1.1 0.  0.1 1.  0.  0.  0.9 0.2],0.1437382474541664
9,446,[1.1 0.  0.1 1.  0.  0.  0.9 0.2],0.14373958110809326
9,447,[1.1 0.  0.1 1.  0.  0.  0.9 0.2],0.14374063909053802
9,448,[1.1 0.  0.1 1.  0.  0.  0.9 0.2],0.1437421515583992
9,449,[1.1 0.  0.1 1.  0.  0.  0.9 0.2],0.14374921470880508
9,450,[1.1 0.  0.1 1.  0.  0.  0.9 0.2],0.1437506452202797
9,451,[1.1 0.  0.1 1.  0.  0.  0.9 0.2],0.14375244081020355
9,452,[1.1 0.  0.1 1.  0.  0.  0.9 0.2],0.14375437051057816
9,453,[1.1 0.  0.1 1.  0.  0.  0.9 0.2],0.14375563710927963
9,454,[1.1 0.  0.1 1.  0.  0.  0.9 0.2],0.14375920593738556
9,455,[1.1 0.  0.1 1.  0.  0.  0.9 0.2],0.14375998824834824
9,456,[1.1 0.  0.1 1.  0.  0.  0.9 0.2],0.14376557618379593
9,457,[1.1 0.  0.1 1.  0.  0.  0.9 0.2],0.14376825094223022
9,458,[1.1 0.  0.1 1.  0.  0.  0.9 0.2],0.14376986026763916
9,459,[1.1 0.  0.1 1.  0.  0.  0.9 0.2],0.14377062767744064
9,460,[1.1 0.  0.1 1.  0.  0.  0.9 0.2],0.14377162605524063
9,461,[1.1 0.  0.1 1.  0.  0.  0.9 0.2],0.14377258718013763
9,462,[1.1 0.  0.1 1.  0.  0.  0.9 0.2],0.1437804251909256
9,463,[1.1 0.  0.1 1.  0.  0.  0.9 0.2],0.14378048479557037
9,464,[1.1 0.  0.1 1.  0.  0.  0.9 0.2],0.14378071576356888
9,465,[1.1 0.  0.1 1.  0.  0.  0.9 0.2],0.1437828689813614
9,466,[1.1 0.  0.1 1.  0.  0.  0.9 0.2],0.14378314465284348
9,467,[1.1 0.  0.1 1.  0.  0.  0.9 0.2],0.1437833160161972
9,468,[1.1 0.  0.1 1.  0.  0.  0.9 0.2],0.14378450065851212
9,469,[1.1 0.  0.1 1.  0.  0.  0.9 0.2],0.14378749579191208
9,470,[1.1 0.  0.1 1.  0.  0.  0.9 0.2],0.14378754794597626
9,471,[1.1 0.  0.1 1.  0.  0.  0.9 0.2],0.143793985247612
9,472,[1.1 0.  0.1 1.  0.  0.  0.9 0.2],0.14379926025867462
9,473,[1.1 0.  0.1 1.  0.  0.  0.9 0.2],0.14379949122667313
9,474,[1.1 0.  0.1 1.  0.  0.  0.9 0.2],0.14380139112472534
9,475,[1.1 0.  0.1 1.  0.  0.  0.9 0.2],0.14380291104316711
9,476,[1.1 0.  0.1 1.  0.  0.  0.9 0.2],0.14380410313606262
9,477,[1.1 0.  0.1 1.  0.  0.  0.9 0.2],0.1438048854470253
9,478,[1.1 0.  0.1 1.  0.  0.  0.9 0.2],0.14380645006895065
9,479,[1.1 0.  0.1 1.  0.  0.  0.9 0.2],0.14380855113267899
9,480,[1.1 0.  0.1 1.  0.  0.  0.9 0.2],0.1438167244195938
9,481,[1.1 0.  0.1 1.  0.  0.  0.9 0.2],0.14381799846887589
9,482,[1.1 0.  0.1 1.  0.  0.  0.9 0.2],0.14381837844848633
9,483,[1.1 0.  0.1 1.  0.  0.  0.9 0.2],0.14381970465183258
9,484,[1.1 0.  0.1 1.  0.  0.  0.9 0.2],0.14382385462522507
9,485,[1.1 0.  0.1 1.  0.  0.  0.9 0.2],0.14382503926753998
9,486,[1.1 0.  0.1 1.  0.  0.  0.9 0.2],0.14382822066545486
9,487,[1.1 0.  0.1 1.  0.  0.  0.9 0.2],0.14382974803447723
9,488,[1.1 0.  0.1 1.  0.  0.  0.9 0.2],0.14383307099342346
9,489,[1.1 0.  0.1 1.  0.  0.  0.9 0.2],0.14383363723754883
9,490,[1.1 0.  0.1 1.  0.  0.  0.9 0.2],0.14384742081165314
9,491,[1.1 0.  0.1 1.  0.  0.  0.9 0.2],0.14385537803173065
9,492,[1.1 0.  0.1 1.  0.  0.  0.9 0.2],0.1438557580113411
9,493,[1.1 0.  0.1 1.  0.  0.  0.9 0.2],0.1438562050461769
9,494,[1.1 0.  0.1 1.  0.  0.  0.9 0.2],0.14386575669050217
9,495,[1.1 0.  0.1 1.  0.  0.  0.9 0.2],0.14386792480945587
9,496,[1.1 0.  0.1 1.  0.  0.  0.9 0.2],0.14386967569589615
9,497,[1.1 0.  0.1 1.  0.  0.  0.9 0.2],0.1438724622130394
9,498,[1.1 0.  0.1 1.  0.  0.  0.9 0.2],0.1438777595758438
9,499,[1.1 0.  0.1 1.  0.  0.  0.9 0.2],0.14389808475971222
9,500,[1.1 0.  0.1 1.  0.  0.  0.9 0.2],0.1438998207449913
9,501,[1.1 0.  0.1 1.  0.  0.  0.9 0.2],0.14390065521001816
9,502,[1.1 0.  0.1 1.  0.  0.  0.9 0.2],0.1439032033085823
9,503,[1.1 0.  0.1 1.  0.  0.  0.9 0.2],0.14390386641025543
9,504,[1.1 0.  0.1 1.  0.  0.  0.9 0.2],0.14390456676483154
9,505,[1.1 0.  0.1 1.  0.  0.  0.9 0.2],0.1439095214009285
9,506,[1.1 0.  0.1 1.  0.  0.  0.9 0.2],0.14391354471445084
9,507,[1.1 0.  0.1 1.  0.  0.  0.9 0.2],0.14391733705997467
9,508,[1.1 0.  0.1 1.  0.  0.  0.9 0.2],0.1439380869269371
9,509,[1.1 0.  0.1 1.  0.  0.  0.9 0.2],0.1439637392759323
9,510,[1.1 0.  0.1 1.  0.  0.  0.9 0.2],0.14396392554044724
9,511,[1.1 0.  0.1 1.  0.  0.  0.9 0.2],0.14396552741527557
9,512,[1.1 0.  0.1 1.  0.  0.  0.9 0.2],0.14397934824228287
9,513,[1.1 0.  0.1 1.  0.  0.  0.9 0.2],0.14400917291641235
9,514,[1.1 0.  0.1 1.  0.  0.  0.9 0.2],0.1440289318561554
9,515,[0.8 0.  0.1 1.  0.  0.  0.9 0.2],0.14456433802843094
9,516,[1.1 0.  0.1 1.  0.  0.  0.7 0.8],0.1479455828666687
9,517,[1.1 0.  0.1 1.  0.  0.  0.7 0.8],0.1479458212852478
9,518,[1.1 0.  0.1 1.  0.  0.  0.7 0.8],0.14796454459428787
9,519,[1.1 0.  0.1 1.  0.  0.  0.7 0.8],0.14801988005638123
9,520,[1.1 0.  0.1 1.  0.  0.  0.7 0.8],0.14803239703178406
9,521,[1.1 0.  0.1 1.  0.  0.  0.7 0.8],0.1480584666132927
9,522,[1.1 0.  0.1 1.  0.  0.  0.7 0.8],0.14807622134685516
9,523,[1.1 0.  0.1 1.  0.  0.  0.7 0.8],0.14812183380126953
9,524,[1.1 0.  0.1 1.  0.  0.  0.7 0.8],0.14812743663787842
9,525,[1.1 0.  0.1 1.  0.  0.  0.7 0.8],0.1481701284646988
9,526,[0.1 0.1 0.1 0.8 0.  0.  1.  0.2],0.14935920387506485
9,527,[0.1 0.1 0.1 0.8 0.  0.  1.  0.2],0.14941996335983276
9,528,[0.1 0.1 0.1 0.8 0.  0.  1.  0.2],0.14949113130569458
9,529,[0.7 0.1 0.1 0.7 0.  0.  0.4 1.1],0.15944185107946396
9,530,[1.3 0.1 0.1 0.8 0.  0.  0.3 0.8],0.16489222645759583
9,531,[1.3 0.1 0.1 0.8 0.  0.  0.3 0.8],0.164960578083992
9,532,[1.3 0.1 0.1 0.8 0.  0.  0.3 0.8],0.16497356444597244
9,533,[1.3 0.1 0.1 0.8 0.  0.  0.3 0.8],0.1649918481707573
9,534,[0.7 0.1 0.1 0.7 0.  0.  0.4 1.1],0.17210732400417328
9,535,[0.7 0.1 0.1 0.7 0.  0.  0.4 1.1],0.17232083529233932
9,536,[0.7 0.1 0.1 0.7 0.  0.  0.4 1.1],0.17233538627624512
9,537,[0.7 0.1 0.1 0.7 0.  0.  0.4 1.1],0.17236120253801346
9,538,[0.7 0.1 0.1 0.7 0.  0.  0.4 1.1],0.17236164212226868
9,539,[0.7 0.1 0.1 0.7 0.  0.  0.4 1.1],0.1723693609237671
9,540,[0.7 0.1 0.1 0.7 0.  0.  0.4 1.1],0.1723884791135788
9,541,[0.7 0.1 0.1 0.7 0.  0.  0.4 1.1],0.17242592573165894
9,542,[0.7 0.1 0.1 0.7 0.  0.  0.4 1.1],0.17245998978614807
9,543,[0.7 0.1 0.1 0.7 0.  0.  0.4 1.1],0.1725691482424736
9,544,[0.7 0.1 0.1 0.7 0.  0.  0.4 1.1],0.17258581519126892
9,545,[1.1 0.7 0.1 1.  0.  0.  0.9 0.6],0.17289820313453674
9,546,[1.1 0.7 0.1 1.  0.  0.  0.9 0.6],0.1729961708188057
9,547,[1.1 0.7 0.1 1.  0.  0.  0.9 0.6],0.17305724322795868
9,548,[1.1 0.7 0.1 1.  0.  0.  0.9 0.6],0.17307397723197937
9,549,[1.1 0.7 0.1 1.  0.  0.  0.9 0.6],0.17313984036445618
9,550,[1.1 0.7 0.1 1.  0.  0.  0.9 0.6],0.17315968871116638
9,551,[1.1 0.7 0.1 1.  0.  0.  0.9 0.6],0.17321646213531494
9,552,[1.3 0.6 0.1 0.8 0.  0.  0.7 0.2],0.17563681304454803
9,553,[1.3 0.6 0.1 0.8 0.  0.  0.7 0.2],0.17568718641996384
9,554,[1.3 0.6 0.1 0.8 0.  0.  0.7 0.2],0.1756996437907219
9,555,[1.3 0.6 0.1 0.8 0.  0.  0.7 0.2],0.17573051899671555
9,556,[1.3 0.6 0.1 0.8 0.  0.  0.7 0.2],0.17577894777059555
9,557,[1.3 0.6 0.1 0.8 0.  0.  0.7 0.2],0.17578522861003876
9,558,[1.3 0.6 0.1 0.8 0.  0.  0.7 0.2],0.1758030503988266
9,559,[1.3 0.6 0.1 0.8 0.  0.  0.7 0.2],0.1758524477481842
9,560,[1.3 0.6 0.1 0.8 0.  0.  0.7 0.2],0.17595703899860382
9,561,[1.3 0.1 0.1 0.7 0.1 0.  1.3 0.2],0.18900934606790543
9,562,[1.3 0.1 0.1 0.7 0.1 0.  1.3 0.2],0.1890309900045395
9,563,[1.3 0.1 0.1 0.7 0.1 0.  1.3 0.2],0.18903734534978867
9,564,[1.3 0.1 0.1 0.7 0.1 0.  1.3 0.2],0.1890544593334198
9,565,[1.3 0.1 0.1 0.7 0.1 0.  1.3 0.2],0.1890965774655342
9,566,[1.3 0.1 0.1 0.7 0.1 0.  1.3 0.2],0.1891382709145546
9,567,[1.3 0.1 0.1 0.7 0.1 0.  1.3 0.2],0.18925772607326508
9,568,[1.3 1.2 0.1 0.8 0.  0.  1.3 0.4],0.20983384549617767
9,569,[0.6 1.3 0.1 0.8 0.  0.  1.3 0.2],0.22307848185300827
9,570,[0.6 1.3 0.1 0.8 0.  0.  1.3 0.2],0.22319190204143524
9,571,[0.6 1.3 0.1 0.8 0.  0.  1.3 0.2],0.22326800227165222
9,572,[0.6 1.3 0.1 0.8 0.  1.2 1.3 0.2],0.26218852400779724
9,573,[1.1 0.  0.1 0.2 0.  0.  0.9 0.2],0.27062566578388214
9,574,[1.1 0.  0.1 0.2 0.  0.  0.9 0.2],0.27067191898822784
9,575,[1.1 0.  0.1 0.2 0.  0.  0.9 0.2],0.2706878185272217
9,576,[1.1 0.  0.1 0.2 0.  0.  0.9 0.2],0.27070385217666626
9,577,[1.1 0.  0.1 0.2 0.  0.  0.9 0.2],0.27074743807315826
9,578,[1.1 0.  0.1 0.2 0.  0.  0.9 0.2],0.2707728296518326
9,579,[1.3 0.1 0.1 0.8 0.3 0.  1.3 0.2],0.27122242748737335
9,580,[1.3 0.1 0.1 0.8 0.3 0.  1.3 0.2],0.27128660678863525
9,581,[1.3 0.1 0.1 0.8 0.3 0.  1.3 0.2],0.2713455408811569
9,582,[1.3 0.1 0.1 0.8 0.3 0.  1.3 0.2],0.2713719606399536
9,583,[1.3 0.1 0.1 0.8 0.3 0.  1.3 0.2],0.2715587913990021
9,584,[1.3 0.1 0.1 0.8 0.3 0.  1.3 0.2],0.27156971395015717
9,585,[0.5 0.1 0.7 0.4 0.  0.  1.1 1.2],0.2867627739906311
9,586,[0.5 0.1 0.7 0.4 0.  0.  1.1 1.2],0.2868375778198242
9,587,[0.5 0.1 0.7 0.4 0.  0.  1.1 1.2],0.2868703603744507
9,588,[0.5 0.1 0.7 0.4 0.  0.  1.1 1.2],0.2868989408016205
9,589,[0.5 0.1 0.7 0.4 0.  0.  1.1 1.2],0.28690387308597565
9,590,[0.5 0.1 0.7 0.4 0.  0.  1.1 1.2],0.28691335022449493
9,591,[0.5 0.1 0.7 0.4 0.  0.  1.1 1.2],0.2869282215833664
9,592,[0.5 0.1 0.7 0.4 0.  0.  1.1 1.2],0.2869417369365692
9,593,[0.5 0.1 0.7 0.4 0.  0.  1.1 1.2],0.2869872748851776
9,594,[0.5 0.1 0.7 0.4 0.  0.  1.1 1.2],0.2870037406682968
9,595,[1.3 0.1 0.1 0.8 0.3 0.  0.7 0.2],0.2875158488750458
9,596,[1.1 0.1 0.1 0.1 0.  0.  0.9 0.6],0.3264417350292206
9,597,[1.1 0.1 0.1 0.1 0.  0.  0.9 0.6],0.32646477222442627
9,598,[1.1 0.1 0.1 0.1 0.  0.  0.9 0.6],0.3264753371477127
9,599,[1.1 0.1 0.1 0.1 0.  0.  0.9 0.6],0.3264797478914261
9,600,[1.1 0.1 0.1 0.1 0.  0.  0.9 0.6],0.32649534940719604
9,601,[1.1 0.1 0.1 0.1 0.  0.  0.9 0.6],0.3265027105808258
9,602,[1.1 0.1 0.1 0.1 0.  0.  0.9 0.6],0.3265126645565033
9,603,[1.1 0.1 0.1 0.1 0.  0.  0.9 0.6],0.3265129327774048
9,604,[1.1 0.1 0.1 0.1 0.  0.  0.9 0.6],0.3265196532011032
9,605,[1.1 0.1 0.1 0.1 0.  0.  0.9 0.6],0.32652589678764343
9,606,[1.1 0.1 0.1 0.1 0.  0.  0.9 0.6],0.3265356868505478
9,607,[1.1 0.1 0.1 0.1 0.  0.  0.9 0.6],0.3265428990125656
9,608,[1.1 0.1 0.1 0.1 0.  0.  0.9 0.6],0.32655203342437744
9,609,[1.1 0.1 0.1 0.1 0.  0.  0.9 0.6],0.3265555500984192
9,610,[1.1 0.1 0.1 0.1 0.  0.  0.9 0.6],0.32655684649944305
9,611,[1.1 0.1 0.1 0.1 0.  0.  0.9 0.6],0.32658278942108154
9,612,[1.1 0.1 0.1 0.1 0.  0.  0.9 0.6],0.32658448815345764
9,613,[1.1 0.1 0.1 0.1 0.  0.  0.9 0.6],0.32664844393730164
9,614,[1.1 0.1 0.1 0.1 0.  0.  0.9 0.6],0.3266965448856354
9,615,[1.1 0.1 0.1 0.1 0.  0.  0.9 0.6],0.3267267346382141
9,616,[1.1 0.1 0.1 0.  0.  0.  1.3 0.2],0.3645380735397339
9,617,[1.1 0.1 0.1 0.  0.  0.  1.3 0.2],0.36454860866069794
9,618,[1.1 0.1 0.1 0.  0.  0.  1.3 0.2],0.36466188728809357
9,619,[1.3 0.1 1.1 0.9 0.  0.  1.3 0.2],0.39020776748657227
9,620,[1.3 0.1 1.1 0.9 0.  0.  1.3 0.2],0.3903924226760864
9,621,[1.3 0.1 1.1 0.9 0.  0.  1.3 0.2],0.39040738344192505
9,622,[1.3 0.1 1.1 0.9 0.  0.  1.3 0.2],0.390487477183342
9,623,[0.1 0.1 0.1 0.8 0.  0.7 1.3 0.2],0.4232872873544693
9,624,[0.1 0.1 0.1 0.8 0.  0.7 1.3 0.2],0.4233798533678055
9,625,[0.1 0.1 0.1 0.8 0.  0.7 1.3 0.2],0.42351074516773224
9,626,[0.1 0.1 0.1 0.8 0.  0.7 1.3 0.2],0.42357440292835236
9,627,[1.1 0.9 0.1 0.4 0.3 0.  1.1 0.2],0.4305887222290039
9,628,[1.1 0.9 0.1 0.4 0.3 0.  1.1 0.2],0.43063826858997345
9,629,[1.1 0.9 0.1 0.4 0.3 0.  1.1 0.2],0.430646151304245
9,630,[1.1 0.9 0.1 0.4 0.3 0.  1.1 0.2],0.43071649968624115
9,631,[1.1 0.9 0.1 0.4 0.3 0.  1.1 0.2],0.4307766556739807
9,632,[1.1 0.9 0.1 0.4 0.3 0.  1.1 0.2],0.43078216910362244
9,633,[1.1 0.9 0.1 0.4 0.3 0.  1.1 0.2],0.4307907074689865
9,634,[1.1 0.9 0.1 0.4 0.3 0.  1.1 0.2],0.4308525323867798
9,635,[1.1 0.9 0.1 0.4 0.3 0.  1.1 0.2],0.43085649609565735
9,636,[1.1 0.9 0.1 0.4 0.3 0.  1.1 0.2],0.4308694452047348
9,637,[1.1 0.9 0.1 0.4 0.3 0.  1.1 0.2],0.43087632954120636
9,638,[1.1 0.9 0.1 0.4 0.3 0.  1.1 0.2],0.4308837354183197
9,639,[1.1 0.9 0.1 0.4 0.3 0.  1.1 0.2],0.43090754747390747
9,640,[1.1 0.9 0.1 0.4 0.3 0.  1.1 0.2],0.4309302121400833
9,641,[1.1 0.9 0.1 0.4 0.3 0.  1.1 0.2],0.43100225925445557
9,642,[1.1 0.9 0.1 0.4 0.3 0.  1.1 0.2],0.4310484230518341
9,643,[0.7 0.1 1.2 0.8 0.  0.  1.3 0.2],0.4542754292488098
9,644,[0.7 0.1 1.2 0.8 0.  0.  1.3 0.2],0.45445793867111206
9,645,[0.7 0.1 1.2 0.8 0.  0.  1.3 0.2],0.45467109978199005
9,646,[1.3 0.1 0.1 0.4 0.  0.7 1.3 0.2],0.48742954432964325
9,647,[1.3 0.1 0.1 0.4 0.  0.7 1.3 0.2],0.4874865859746933
9,648,[1.3 0.1 0.1 0.4 0.  0.7 1.3 0.2],0.4874928295612335
9,649,[1.3 0.1 0.1 0.4 0.  0.7 1.3 0.2],0.4874979108572006
9,650,[1.3 0.1 0.1 0.4 0.  0.7 1.3 0.2],0.4875151962041855
9,651,[1.3 0.1 0.1 0.4 0.  0.7 1.3 0.2],0.4875871390104294
9,652,[1.3 0.1 0.1 0.4 0.  0.7 1.3 0.2],0.48763857781887054
9,653,[1.3 0.1 1.1 0.8 0.5 0.  1.3 0.2],0.6255289614200592
9,654,[1.3 0.1 1.1 0.8 0.5 0.  1.3 0.2],0.6257047057151794
9,655,[1.3 0.1 1.1 0.8 0.5 0.  1.3 0.2],0.6257657706737518
9,656,[1.3 0.1 1.1 0.8 0.5 0.  1.3 0.2],0.625902384519577
9,657,[1.3 0.1 0.6 0.8 0.8 0.  1.3 0.2],0.6356847882270813
9,658,[1.3 0.1 0.6 0.8 0.8 0.  1.3 0.2],0.6357008516788483
9,659,[1.3 0.1 0.6 0.8 0.8 0.  1.3 0.2],0.6358587741851807
9,660,[1.3 0.1 0.6 0.8 0.8 0.  1.3 0.2],0.6359241902828217
9,661,[1.3 0.1 0.6 0.8 0.8 0.  1.3 0.2],0.6359611451625824
9,662,[1.3 0.1 0.6 0.8 0.8 0.  1.3 0.2],0.6360198259353638
9,663,[1.3 0.1 0.6 0.8 0.8 0.  1.3 0.2],0.6363880634307861
9,664,[1.3 0.1 0.6 0.8 0.8 0.  1.3 0.2],0.6366969347000122
9,665,[1.1 0.  0.1 1.  0.9 0.  0.7 0.2],0.6794374585151672
9,666,[1.1 1.  0.1 0.  0.3 0.1 0.4 0.5],0.6833809912204742
9,667,[1.1 1.  0.1 0.  0.3 0.1 0.4 0.5],0.6833934783935547
9,668,[1.1 1.  0.1 0.  0.3 0.1 0.4 0.5],0.6834702491760254
9,669,[1.1 1.  0.1 0.  0.3 0.1 0.4 0.5],0.6834788918495178
9,670,[1.1 1.  0.1 0.  0.3 0.1 0.4 0.5],0.6834977567195892
9,671,[1.1 1.  0.1 0.  0.3 0.1 0.4 0.5],0.6835473775863647
9,672,[1.1 1.  0.1 0.  0.3 0.1 0.4 0.5],0.6835491359233856
9,673,[1.1 1.  0.1 0.  0.3 0.1 0.4 0.5],0.6835545003414154
9,674,[1.1 1.  0.1 0.  0.3 0.1 0.4 0.5],0.683562308549881
9,675,[1.1 1.  0.1 0.  0.3 0.1 0.4 0.5],0.6835670173168182
9,676,[1.1 1.  0.1 0.  0.3 0.1 0.4 0.5],0.6835777759552002
9,677,[1.1 1.  0.1 0.  0.3 0.1 0.4 0.5],0.6835785210132599
9,678,[1.1 1.  0.1 0.  0.3 0.1 0.4 0.5],0.6835789382457733
9,679,[1.1 1.  0.1 0.  0.3 0.1 0.4 0.5],0.6835843920707703
9,680,[1.1 1.  0.1 0.  0.3 0.1 0.4 0.5],0.6835911273956299
9,681,[1.1 1.  0.1 0.  0.3 0.1 0.4 0.5],0.6836102902889252
9,682,[1.1 1.  0.1 0.  0.3 0.1 0.4 0.5],0.6836137175559998
9,683,[1.1 1.  0.1 0.  0.3 0.1 0.4 0.5],0.6836144626140594
9,684,[1.1 1.  0.1 0.  0.3 0.1 0.4 0.5],0.6836246848106384
9,685,[1.1 1.  0.1 0.  0.3 0.1 0.4 0.5],0.6836293339729309
9,686,[1.1 1.  0.1 0.  0.3 0.1 0.4 0.5],0.6836653053760529
9,687,[1.1 1.  0.1 0.  0.3 0.1 0.4 0.5],0.6836715340614319
9,688,[1.1 1.  0.1 0.  0.3 0.1 0.4 0.5],0.6836920380592346
9,689,[1.1 1.  0.1 0.  0.3 0.1 0.4 0.5],0.6837042272090912
9,690,[1.1 1.  0.1 0.  0.3 0.1 0.4 0.5],0.6837428510189056
9,691,[1.1 1.  0.1 0.  0.3 0.1 0.4 0.5],0.6837487816810608
9,692,[1.1 1.  0.1 0.  0.3 0.1 0.4 0.5],0.6837887465953827
9,693,[1.1 1.  0.1 0.  0.3 0.1 0.4 0.5],0.6838392317295074
9,694,[1.1 1.  0.1 0.  0.3 0.1 0.4 0.5],0.6839838624000549
9,695,[1.1 1.  0.1 0.  0.3 0.1 0.4 0.5],0.6840503811836243
9,696,[0.8 0.1 0.1 0.8 0.  1.1 1.3 0.2],0.7193143665790558
9,697,[0.8 0.1 0.1 0.8 0.  1.1 1.3 0.2],0.7193557322025299
9,698,[0.8 0.1 0.1 0.8 0.  1.1 1.3 0.2],0.7194033563137054
9,699,[0.8 0.1 0.1 0.8 0.  1.1 1.3 0.2],0.7194340825080872
9,700,[0.8 0.1 0.1 0.8 0.  1.1 1.3 0.2],0.7194904088973999
9,701,[0.8 0.1 0.1 0.8 0.  1.1 1.3 0.2],0.7196691930294037
9,702,[0.8 0.1 0.1 0.8 0.  1.1 1.3 0.2],0.7196727693080902
9,703,[0.8 0.1 0.1 0.8 0.  1.1 1.3 0.2],0.7196811735630035
9,704,[0.8 0.1 0.1 0.8 0.  1.1 1.3 0.2],0.7197272777557373
9,705,[1.1 0.9 0.8 0.8 0.3 1.  1.2 0.1],0.7934995889663696
9,706,[1.1 0.9 0.8 0.8 0.3 1.  1.2 0.1],0.7936866879463196
9,707,[1.1 0.9 0.8 0.8 0.3 1.  1.2 0.1],0.7937041521072388
9,708,[1.1 0.9 0.8 0.8 0.3 1.  1.2 0.1],0.7937047183513641
9,709,[1.1 0.9 0.8 0.8 0.3 1.  1.2 0.1],0.7937341630458832
9,710,[1.1 0.9 0.8 0.8 0.3 1.  1.2 0.1],0.7937450706958771
9,711,[1.1 0.9 0.8 0.8 0.3 1.  1.2 0.1],0.7937463223934174
9,712,[1.1 0.9 0.8 0.8 0.3 1.  1.2 0.1],0.793800562620163
9,713,[1.1 0.9 0.8 0.8 0.3 1.  1.2 0.1],0.7938177287578583
9,714,[1.1 0.9 0.8 0.8 0.3 1.  1.2 0.1],0.7938179671764374
9,715,[1.1 0.9 0.8 0.8 0.3 1.  1.2 0.1],0.7938373684883118
9,716,[1.1 0.9 0.8 0.8 0.3 1.  1.2 0.1],0.793893963098526
9,717,[1.1 0.9 0.8 0.8 0.3 1.  1.2 0.1],0.7939070463180542
9,718,[1.1 0.9 0.8 0.8 0.3 1.  1.2 0.1],0.7939248979091644
9,719,[1.1 0.9 0.8 0.8 0.3 1.  1.2 0.1],0.7939708828926086
9,720,[1.1 0.9 0.8 0.8 0.3 1.  1.2 0.1],0.7940243780612946
9,721,[1.1 0.9 0.8 0.8 0.3 1.  1.2 0.1],0.7940634787082672
9,722,[1.1 0.9 0.8 0.8 0.3 1.  1.2 0.1],0.79415363073349
9,723,[1.1 0.9 0.8 0.8 0.3 1.  1.2 0.1],0.7942003309726715
9,724,[1.1 0.  0.9 1.  0.9 0.  0.9 0.2],0.8067805171012878
9,725,[1.1 0.  0.9 1.  0.9 0.  0.9 0.2],0.807020515203476
9,726,[1.1 0.  0.9 1.  0.9 0.  0.9 0.2],0.8073769211769104
9,727,[0.6 1.3 0.1 0.8 0.  1.2 1.3 0.2],0.8721398115158081
9,728,[0.6 1.3 0.1 0.8 0.  1.2 1.3 0.2],0.8725344836711884
9,729,[0.6 1.3 0.1 0.8 0.  1.2 1.3 0.2],0.8727306425571442
9,730,[0.6 1.3 0.1 0.8 0.  1.2 1.3 0.2],0.8728131353855133
9,731,[0.6 1.3 0.1 0.8 0.  1.2 1.3 0.2],0.8728562295436859
9,732,[0.6 1.3 0.1 0.8 0.  1.2 1.3 0.2],0.8728771507740021
9,733,[0.6 1.3 0.1 0.8 0.  1.2 1.3 0.2],0.8728918731212616
9,734,[0.6 1.3 0.1 0.8 0.  1.2 1.3 0.2],0.8730685710906982
9,735,[1.1 0.  0.6 1.  0.8 0.8 0.9 0.2],0.8805111348628998
9,736,[1.1 0.  0.6 1.  0.8 0.8 0.9 0.2],0.8805339336395264
9,737,[1.1 0.  0.6 1.  0.8 0.8 0.9 0.2],0.8807205557823181
9,738,[1.1 0.  0.6 1.  0.8 0.8 0.9 0.2],0.8807568252086639
9,739,[1.1 0.  0.6 1.  0.8 0.8 0.9 0.2],0.8808706402778625
9,740,[1.1 0.  0.6 1.  0.8 0.8 0.9 0.2],0.8810872733592987
9,741,[1.1 0.  0.6 1.  0.8 0.8 0.9 0.2],0.881261557340622
9,742,[0.2 0.1 0.3 1.  0.6 1.  0.3 1.3],0.8940076231956482
9,743,[0.2 0.1 0.3 1.  0.6 1.  0.3 1.3],0.8943095207214355
9,744,[0.2 0.1 0.3 1.  0.6 1.  0.3 1.3],0.8943411707878113
9,745,[0.2 0.1 0.3 1.  0.6 1.  0.3 1.3],0.8944607973098755
9,746,[0.2 0.1 0.3 1.  0.6 1.  0.3 1.3],0.8945115804672241
9,747,[0.2 0.1 0.3 1.  0.6 1.  0.3 1.3],0.8945595324039459
9,748,[0.2 0.1 0.3 1.  0.6 1.  0.3 1.3],0.8946304321289062
9,749,[0.2 0.1 0.3 1.  0.6 1.  0.3 1.3],0.894688606262207
9,750,[0.2 0.1 0.3 1.  0.6 1.  0.3 1.3],0.8949113488197327
9,751,[0.2 0.1 0.3 1.  0.6 1.  0.3 1.3],0.8951553106307983
9,752,[1.3 0.1 0.1 0.8 0.4 1.1 1.3 0.2],0.9141019284725189
9,753,[1.3 0.1 0.1 0.8 0.4 1.1 1.3 0.2],0.9142514169216156
9,754,[1.3 0.1 0.1 0.8 0.4 1.1 1.3 0.2],0.9143370091915131
9,755,[1.3 0.1 0.1 0.8 0.4 1.1 1.3 0.2],0.914354532957077
9,756,[1.3 0.1 0.1 0.8 0.4 1.1 1.3 0.2],0.9143785834312439
9,757,[1.3 0.1 0.1 0.8 0.4 1.1 1.3 0.2],0.9143796861171722
9,758,[1.3 0.1 0.1 0.8 0.4 1.1 1.3 0.2],0.9144700169563293
9,759,[1.3 0.1 0.1 0.8 0.4 1.1 1.3 0.2],0.9148176908493042
9,760,[1.3 0.1 0.1 0.8 0.4 1.1 1.3 0.2],0.9149599075317383
9,761,[1.3 0.1 0.4 0.8 1.2 0.  1.3 0.2],0.9633572697639465
9,762,[1.3 0.1 0.4 0.8 1.2 0.  1.3 0.2],0.9634873569011688
9,763,[1.3 0.1 0.4 0.8 1.2 0.  1.3 0.2],0.9635705649852753
9,764,[1.3 0.1 0.4 0.8 1.2 0.  1.3 0.2],0.9637024402618408
9,765,[1.3 0.1 0.4 0.8 1.2 0.  1.3 0.2],0.9637376368045807
9,766,[1.3 0.1 0.4 0.8 1.2 0.  1.3 0.2],0.9637486040592194
9,767,[1.3 0.1 0.4 0.8 1.2 0.  1.3 0.2],0.9637831747531891
9,768,[1.3 0.1 0.4 0.8 1.2 0.  1.3 0.2],0.963833212852478
9,769,[0.8 1.  0.  1.  1.2 0.  0.9 0.9],1.0396061837673187
9,770,[0.8 1.  0.  1.  1.2 0.  0.9 0.9],1.039638102054596
9,771,[0.8 1.  0.  1.  1.2 0.  0.9 0.9],1.0397186279296875
9,772,[0.8 1.  0.  1.  1.2 0.  0.9 0.9],1.039899230003357
9,773,[0.8 1.  0.  1.  1.2 0.  0.9 0.9],1.0400725603103638
9,774,[0.8 1.  0.  1.  1.2 0.  0.9 0.9],1.0403419137001038
9,775,[0.8 1.  0.  1.  1.2 0.  0.9 0.9],1.0405400693416595
9,776,[1.3 0.1 0.1 0.8 1.3 0.  1.3 1. ],1.0718214511871338
9,777,[1.3 0.1 0.1 0.8 1.3 0.  1.3 1. ],1.0719063878059387
9,778,[1.3 0.1 0.1 0.8 1.3 0.  1.3 1. ],1.072396993637085
9,779,[1.3 0.1 0.1 0.8 1.3 0.  1.3 1. ],1.0725354552268982
9,780,[1.3 0.1 0.1 0.8 1.3 0.  1.3 1. ],1.0727073550224304
9,781,[1.1 1.  0.1 0.  0.3 0.1 0.4 0.5],1.0915788412094116
9,782,[1.1 0.6 0.  1.1 1.1 0.5 0.1 1.3],1.1065813302993774
9,783,[1.1 0.6 0.  1.1 1.1 0.5 0.1 1.3],1.106690526008606
9,784,[1.1 0.6 0.  1.1 1.1 0.5 0.1 1.3],1.1068753004074097
9,785,[1.1 0.6 0.  1.1 1.1 0.5 0.1 1.3],1.1069252490997314
9,786,[1.1 0.6 0.  1.1 1.1 0.5 0.1 1.3],1.1070494651794434
9,787,[1.1 0.6 0.  1.1 1.1 0.5 0.1 1.3],1.1070701479911804
9,788,[1.1 0.6 0.  1.1 1.1 0.5 0.1 1.3],1.1070849895477295
9,789,[1.1 0.6 0.  1.1 1.1 0.5 0.1 1.3],1.107737123966217
9,790,[1.1 0.6 0.  1.1 1.1 0.5 0.1 1.3],1.108657419681549
9,791,[1.3 0.1 0.4 1.2 1.2 1.  0.5 0.3],1.3811938166618347
9,792,[1.3 0.1 0.4 1.2 1.2 1.  0.5 0.3],1.3818231225013733
9,793,[1.3 0.1 0.4 1.2 1.2 1.  0.5 0.3],1.3820034861564636
9,794,[1.3 0.1 0.4 1.2 1.2 1.  0.5 0.3],1.3822301030158997
9,795,[1.3 0.1 0.4 1.2 1.2 1.  0.5 0.3],1.382679283618927
9,796,[1.3 0.1 0.4 1.2 1.2 1.  0.5 0.3],1.3829435110092163
9,797,[1.3 0.1 0.4 1.2 1.2 1.  0.5 0.3],1.4238227605819702
9,798,[1.3 0.1 0.4 1.2 1.2 1.  0.5 0.3],1.4893842339515686
9,799,[1.1 1.  0.1 0.  0.3 0.1 0.4 0.5],1.5219084024429321
10,0,[1.1 1.  0.1 0.  0.3 0.1 0.4 0.5],0.025086010806262493
10,1,[1.1 0.9 0.1 0.8 1.  0.4 0.8 0.1],0.02528982423245907
10,2,[1.1 0.  0.1 1.  0.  0.  1.3 0.2],0.030903398990631104
10,3,[1.1 0.  0.1 1.  0.  0.  1.3 0.2],0.030903398990631104
10,4,[1.1 0.  0.1 1.  0.  0.  1.3 0.2],0.030903398990631104
10,5,[1.1 0.5 0.1 0.6 0.  0.  1.3 0.4],0.0358034111559391
10,6,[1.3 0.6 0.9 0.1 0.  0.6 1.3 0.2],0.041956132277846336
10,7,[1.3 0.6 0.9 0.1 0.  0.6 1.3 0.2],0.041956132277846336
10,8,[1.1 0.7 0.1 0.6 0.  0.  0.9 0.2],0.04620663821697235
10,9,[1.1 0.  0.1 1.  0.  0.  0.9 0.2],0.046293215826153755
10,10,[1.1 0.  0.1 1.  0.  0.  1.3 0.2],0.052708977833390236
10,11,[1.3 0.1 1.2 1.3 0.  0.  0.3 0. ],0.06796693056821823
10,12,[1.3 0.1 1.2 1.3 0.  0.  0.3 0. ],0.06796693056821823
10,13,[1.3 0.3 0.1 0.8 0.  0.  1.3 0.2],0.06807897984981537
10,14,[0.6 0.1 0.6 0.8 0.  0.  1.3 0.2],0.06815264746546745
10,15,[1.3 0.3 0.1 0.8 0.  0.  0.8 0.2],0.0681791827082634
10,16,[1.3 0.1 0.1 0.8 0.  0.  1.3 0.2],0.06825412064790726
10,17,[1.3 0.1 0.1 0.8 0.  0.  1.3 0.2],0.06825412064790726
10,18,[1.3 0.1 0.1 0.8 0.  0.  1.3 0.2],0.06825876981019974
10,19,[1.3 0.1 0.1 0.8 0.  0.  1.3 0.2],0.0683518536388874
10,20,[1.1 0.  0.1 1.  0.  0.  1.3 0.2],0.08402800932526588
10,21,[1.1 0.  0.1 1.  0.  0.  1.3 0.2],0.08404562622308731
10,22,[1.1 0.  0.1 1.  0.  0.  1.3 0.2],0.08410487323999405
10,23,[1.1 0.  0.1 1.  0.  0.  1.3 0.2],0.08412276953458786
10,24,[1.3 0.1 0.8 0.8 0.  0.  0.3 0.6],0.09578140825033188
10,25,[1.3 0.1 0.1 0.8 0.  0.  1.3 0.2],0.09845971316099167
10,26,[1.3 0.1 0.1 0.8 0.  0.  1.3 0.2],0.09848769754171371
10,27,[1.3 0.1 0.1 0.8 0.  0.  1.3 0.2],0.09849853068590164
10,28,[1.3 0.1 0.1 0.8 0.  0.  1.3 0.2],0.09850606322288513
10,29,[1.3 0.1 0.1 0.8 0.  0.  1.3 0.2],0.09856289997696877
10,30,[1.3 0.1 0.1 0.8 0.  0.  1.3 0.2],0.09857318550348282
10,31,[1.3 0.1 0.1 0.8 0.  0.  1.3 0.2],0.09857848286628723
10,32,[1.3 0.1 0.1 0.8 0.  0.  1.3 0.2],0.0985896922647953
10,33,[1.3 0.1 0.1 0.8 0.  0.  1.3 0.2],0.09861212223768234
10,34,[1.3 0.1 0.1 0.8 0.  0.  1.3 0.2],0.09861363098025322
10,35,[1.3 0.1 0.1 0.8 0.  0.  1.3 0.2],0.09867585822939873
10,36,[1.3 0.1 0.1 0.8 0.  0.  1.3 0.2],0.09867598116397858
10,37,[1.3 0.1 0.1 0.8 0.  0.  1.3 0.2],0.0987793616950512
10,38,[1.3 0.1 0.1 0.8 0.  0.  1.3 0.2],0.09878457710146904
10,39,[1.3 0.1 0.1 0.8 0.  0.  1.3 0.2],0.09887963533401489
10,40,[1.3 0.1 0.3 0.9 0.  0.  1.3 0. ],0.1382163092494011
10,41,[1.3 0.1 0.3 0.9 0.  0.  1.3 0. ],0.1383138671517372
10,42,[1.3 0.1 0.3 0.9 0.  0.  1.3 0. ],0.13832010328769684
10,43,[1.3 0.1 0.3 0.9 0.  0.  1.3 0. ],0.13836035132408142
10,44,[1.3 0.1 0.3 0.9 0.  0.  1.3 0. ],0.13839789479970932
10,45,[1.3 0.1 0.1 0.9 0.  0.  1.3 0.2],0.14012937247753143
10,46,[1.3 0.1 0.1 0.9 0.  0.  1.3 0.2],0.1401715725660324
10,47,[1.3 0.1 0.1 0.9 0.  0.  1.3 0.2],0.14017508178949356
10,48,[1.3 0.1 0.1 0.9 0.  0.  1.3 0.2],0.14018436521291733
10,49,[1.3 0.1 0.1 0.9 0.  0.  1.3 0.2],0.14019059389829636
10,50,[1.3 0.1 0.1 0.9 0.  0.  1.3 0.2],0.1401979923248291
10,51,[1.3 0.1 0.1 0.9 0.  0.  1.3 0.2],0.14019861072301865
10,52,[1.3 0.1 0.1 0.9 0.  0.  1.3 0.2],0.1402185708284378
10,53,[1.3 0.1 0.1 0.9 0.  0.  1.3 0.2],0.1402309611439705
10,54,[1.3 0.1 0.1 0.9 0.  0.  1.3 0.2],0.1402319222688675
10,55,[1.3 0.1 0.1 0.9 0.  0.  1.3 0.2],0.14023606479167938
10,56,[1.3 0.1 0.1 0.9 0.  0.  1.3 0.2],0.14023751020431519
10,57,[1.3 0.1 0.1 0.9 0.  0.  1.3 0.2],0.1402411088347435
10,58,[1.3 0.1 0.1 0.9 0.  0.  1.3 0.2],0.14024174213409424
10,59,[1.3 0.1 0.1 0.9 0.  0.  1.3 0.2],0.14024826884269714
10,60,[1.3 0.1 0.1 0.9 0.  0.  1.3 0.2],0.14025332778692245
10,61,[1.3 0.1 0.1 0.9 0.  0.  1.3 0.2],0.14025595039129257
10,62,[1.3 0.1 0.1 0.9 0.  0.  1.3 0.2],0.14025915414094925
10,63,[1.3 0.1 0.1 0.9 0.  0.  1.3 0.2],0.14026077091693878
10,64,[1.3 0.1 0.1 0.9 0.  0.  1.3 0.2],0.14026103168725967
10,65,[1.3 0.1 0.1 0.9 0.  0.  1.3 0.2],0.14026397466659546
10,66,[1.3 0.1 0.1 0.9 0.  0.  1.3 0.2],0.14027563482522964
10,67,[1.3 0.1 0.1 0.9 0.  0.  1.3 0.2],0.14027968049049377
10,68,[1.3 0.1 0.1 0.9 0.  0.  1.3 0.2],0.14028257876634598
10,69,[1.3 0.1 0.1 0.9 0.  0.  1.3 0.2],0.14028915762901306
10,70,[1.3 0.1 0.1 0.9 0.  0.  1.3 0.2],0.14029203355312347
10,71,[1.3 0.1 0.1 0.9 0.  0.  1.3 0.2],0.14029628038406372
10,72,[1.3 0.1 0.1 0.9 0.  0.  1.3 0.2],0.14029744267463684
10,73,[1.3 0.1 0.1 0.9 0.  0.  1.3 0.2],0.1403040885925293
10,74,[1.3 0.1 0.1 0.9 0.  0.  1.3 0.2],0.14031031727790833
10,75,[1.3 0.1 0.1 0.9 0.  0.  1.3 0.2],0.14031369239091873
10,76,[1.3 0.1 0.1 0.9 0.  0.  1.3 0.2],0.1403191089630127
10,77,[1.3 0.1 0.1 0.9 0.  0.  1.3 0.2],0.1403239518404007
10,78,[1.3 0.1 0.1 0.9 0.  0.  1.3 0.2],0.1403520703315735
10,79,[1.3 0.1 0.1 0.9 0.  0.  1.3 0.2],0.14035636186599731
10,80,[1.3 0.1 0.1 0.9 0.  0.  1.3 0.2],0.1403590440750122
10,81,[1.3 0.1 0.1 0.9 0.  0.  1.3 0.2],0.14037803560495377
10,82,[1.3 0.1 0.1 0.9 0.  0.  1.3 0.2],0.14038418605923653
10,83,[1.3 0.1 0.1 0.9 0.  0.  1.3 0.2],0.14038900285959244
10,84,[1.3 0.1 0.1 0.9 0.  0.  1.3 0.2],0.14042706042528152
10,85,[1.3 0.1 0.1 0.9 0.  0.  1.3 0.2],0.14043233543634415
10,86,[1.3 0.1 0.1 0.9 0.  0.  1.3 0.2],0.1404653713107109
10,87,[1.3 0.1 0.3 0.8 0.  0.  1.3 0.6],0.14062423259019852
10,88,[1.3 0.1 0.3 0.8 0.  0.  1.3 0.6],0.14063510298728943
10,89,[1.3 0.1 0.3 0.8 0.  0.  1.3 0.6],0.14065200835466385
10,90,[1.3 0.1 0.3 0.8 0.  0.  1.3 0.6],0.14068681001663208
10,91,[1.3 0.1 0.3 0.8 0.  0.  1.3 0.6],0.14070087671279907
10,92,[1.3 0.1 0.3 0.8 0.  0.  1.3 0.6],0.14070812612771988
10,93,[1.3 0.1 0.3 0.8 0.  0.  1.3 0.6],0.14071670919656754
10,94,[1.1 0.  0.1 1.  0.  0.  1.3 0.2],0.14136017113924026
10,95,[1.1 0.  0.1 1.  0.  0.  1.3 0.2],0.14137496799230576
10,96,[1.1 0.  0.1 1.  0.  0.  1.3 0.2],0.14138897508382797
10,97,[1.1 0.  0.1 1.  0.  0.  1.3 0.2],0.14138901233673096
10,98,[1.1 0.  0.1 1.  0.  0.  1.3 0.2],0.1414061263203621
10,99,[1.1 0.  0.1 1.  0.  0.  1.3 0.2],0.1414097473025322
10,100,[1.1 0.  0.1 1.  0.  0.  1.3 0.2],0.14141099900007248
10,101,[1.1 0.  0.1 1.  0.  0.  1.3 0.2],0.14141375571489334
10,102,[1.1 0.  0.1 1.  0.  0.  1.3 0.2],0.141437366604805
10,103,[1.1 0.  0.1 1.  0.  0.  1.3 0.2],0.14143794029951096
10,104,[1.1 0.  0.1 1.  0.  0.  1.3 0.2],0.14145120978355408
10,105,[1.1 0.  0.1 1.  0.  0.  1.3 0.2],0.1414564624428749
10,106,[1.1 0.  0.1 1.  0.  0.  1.3 0.2],0.14145851135253906
10,107,[1.1 0.  0.1 1.  0.  0.  1.3 0.2],0.14146335422992706
10,108,[1.1 0.  0.1 1.  0.  0.  1.3 0.2],0.14146430790424347
10,109,[1.1 0.  0.1 1.  0.  0.  1.3 0.2],0.14147217571735382
10,110,[1.1 0.  0.1 1.  0.  0.  1.3 0.2],0.14147254079580307
10,111,[1.1 0.  0.1 1.  0.  0.  1.3 0.2],0.1414819359779358
10,112,[1.1 0.  0.1 1.  0.  0.  1.3 0.2],0.14148520678281784
10,113,[1.1 0.  0.1 1.  0.  0.  1.3 0.2],0.14149322360754013
10,114,[1.1 0.  0.1 1.  0.  0.  1.3 0.2],0.14149364829063416
10,115,[1.1 0.  0.1 1.  0.  0.  1.3 0.2],0.14149799197912216
10,116,[1.1 0.  0.1 1.  0.  0.  1.3 0.2],0.14149817824363708
10,117,[1.1 0.  0.1 1.  0.  0.  1.3 0.2],0.14150457084178925
10,118,[1.1 0.  0.1 1.  0.  0.  1.3 0.2],0.14150910824537277
10,119,[1.1 0.  0.1 1.  0.  0.  1.3 0.2],0.14151275157928467
10,120,[1.1 0.  0.1 1.  0.  0.  1.3 0.2],0.14152275025844574
10,121,[1.1 0.  0.1 1.  0.  0.  1.3 0.2],0.14152593165636063
10,122,[1.1 0.  0.1 1.  0.  0.  1.3 0.2],0.1415260136127472
10,123,[1.1 0.  0.1 1.  0.  0.  1.3 0.2],0.14152707904577255
10,124,[1.1 0.  0.1 1.  0.  0.  1.3 0.2],0.14152871817350388
10,125,[1.1 0.  0.1 1.  0.  0.  1.3 0.2],0.1415305808186531
10,126,[1.1 0.  0.1 1.  0.  0.  1.3 0.2],0.14153099805116653
10,127,[1.1 0.  0.1 1.  0.  0.  1.3 0.2],0.14153485000133514
10,128,[1.1 0.  0.1 1.  0.  0.  1.3 0.2],0.14153670519590378
10,129,[1.1 0.  0.1 1.  0.  0.  1.3 0.2],0.1415402963757515
10,130,[1.1 0.  0.1 1.  0.  0.  1.3 0.2],0.14154323190450668
10,131,[1.1 0.  0.1 1.  0.  0.  1.3 0.2],0.1415463462471962
10,132,[1.1 0.  0.1 1.  0.  0.  1.3 0.2],0.14155298471450806
10,133,[1.1 0.  0.1 1.  0.  0.  1.3 0.2],0.1415533721446991
10,134,[1.1 0.  0.1 1.  0.  0.  1.3 0.2],0.14155887067317963
10,135,[1.1 0.  0.1 1.  0.  0.  1.3 0.2],0.14156369864940643
10,136,[1.1 0.  0.1 1.  0.  0.  1.3 0.2],0.1415666714310646
10,137,[1.1 0.  0.1 1.  0.  0.  1.3 0.2],0.1415681317448616
10,138,[1.1 0.  0.1 1.  0.  0.  1.3 0.2],0.14156876504421234
10,139,[1.1 0.  0.1 1.  0.  0.  1.3 0.2],0.14157087355852127
10,140,[1.1 0.  0.1 1.  0.  0.  1.3 0.2],0.14157113432884216
10,141,[1.1 0.  0.1 1.  0.  0.  1.3 0.2],0.14157193154096603
10,142,[1.1 0.  0.1 1.  0.  0.  1.3 0.2],0.14157257974147797
10,143,[1.1 0.  0.1 1.  0.  0.  1.3 0.2],0.14157307147979736
10,144,[1.1 0.  0.1 1.  0.  0.  1.3 0.2],0.14157532900571823
10,145,[1.1 0.  0.1 1.  0.  0.  1.3 0.2],0.14157583564519882
10,146,[1.1 0.  0.1 1.  0.  0.  1.3 0.2],0.14158420264720917
10,147,[1.1 0.  0.1 1.  0.  0.  1.3 0.2],0.14158452302217484
10,148,[1.1 0.  0.1 1.  0.  0.  1.3 0.2],0.14158594608306885
10,149,[1.1 0.  0.1 1.  0.  0.  1.3 0.2],0.1415862739086151
10,150,[1.1 0.  0.1 1.  0.  0.  1.3 0.2],0.1415885016322136
10,151,[1.1 0.  0.1 1.  0.  0.  1.3 0.2],0.14158931374549866
10,152,[1.1 0.  0.1 1.  0.  0.  1.3 0.2],0.14159021526575089
10,153,[1.1 0.  0.1 1.  0.  0.  1.3 0.2],0.14159021526575089
10,154,[1.1 0.  0.1 1.  0.  0.  1.3 0.2],0.14159076660871506
10,155,[1.1 0.  0.1 1.  0.  0.  1.3 0.2],0.1415966898202896
10,156,[1.1 0.  0.1 1.  0.  0.  1.3 0.2],0.14160314947366714
10,157,[1.1 0.  0.1 1.  0.  0.  1.3 0.2],0.1416032686829567
10,158,[1.1 0.  0.1 1.  0.  0.  1.3 0.2],0.1416047140955925
10,159,[1.1 0.  0.1 1.  0.  0.  1.3 0.2],0.14160645008087158
10,160,[1.1 0.  0.1 1.  0.  0.  1.3 0.2],0.14160960167646408
10,161,[1.1 0.  0.1 1.  0.  0.  1.3 0.2],0.14161063730716705
10,162,[1.1 0.  0.1 1.  0.  0.  1.3 0.2],0.14161095768213272
10,163,[1.1 0.  0.1 1.  0.  0.  1.3 0.2],0.14161191880702972
10,164,[1.1 0.  0.1 1.  0.  0.  1.3 0.2],0.14161422103643417
10,165,[1.1 0.  0.1 1.  0.  0.  1.3 0.2],0.14161621779203415
10,166,[1.1 0.  0.1 1.  0.  0.  1.3 0.2],0.14161760360002518
10,167,[1.1 0.  0.1 1.  0.  0.  1.3 0.2],0.14161916822195053
10,168,[1.1 0.  0.1 1.  0.  0.  1.3 0.2],0.1416223645210266
10,169,[1.1 0.  0.1 1.  0.  0.  1.3 0.2],0.14162297546863556
10,170,[1.1 0.  0.1 1.  0.  0.  1.3 0.2],0.14162547886371613
10,171,[1.1 0.  0.1 1.  0.  0.  1.3 0.2],0.14162639528512955
10,172,[1.1 0.  0.1 1.  0.  0.  1.3 0.2],0.14162667840719223
10,173,[1.1 0.  0.1 1.  0.  0.  1.3 0.2],0.14162851125001907
10,174,[1.1 0.  0.1 1.  0.  0.  1.3 0.2],0.1416289359331131
10,175,[1.1 0.  0.1 1.  0.  0.  1.3 0.2],0.14163191616535187
10,176,[1.1 0.  0.1 1.  0.  0.  1.3 0.2],0.14163348823785782
10,177,[1.1 0.  0.1 1.  0.  0.  1.3 0.2],0.1416357234120369
10,178,[1.1 0.  0.1 1.  0.  0.  1.3 0.2],0.14163584262132645
10,179,[1.1 0.  0.1 1.  0.  0.  1.3 0.2],0.14163807779550552
10,180,[1.1 0.  0.1 1.  0.  0.  1.3 0.2],0.14164236932992935
10,181,[1.1 0.  0.1 1.  0.  0.  1.3 0.2],0.14164457470178604
10,182,[1.1 0.  0.1 1.  0.  0.  1.3 0.2],0.14164747297763824
10,183,[1.1 0.  0.1 1.  0.  0.  1.3 0.2],0.14164993911981583
10,184,[1.1 0.  0.1 1.  0.  0.  1.3 0.2],0.14165054261684418
10,185,[1.1 0.  0.1 1.  0.  0.  1.3 0.2],0.14165226370096207
10,186,[1.1 0.  0.1 1.  0.  0.  1.3 0.2],0.14165348559617996
10,187,[1.1 0.  0.1 1.  0.  0.  1.3 0.2],0.1416606605052948
10,188,[1.1 0.  0.1 1.  0.  0.  1.3 0.2],0.1416696459054947
10,189,[1.1 0.  0.1 1.  0.  0.  1.3 0.2],0.1416717767715454
10,190,[1.1 0.  0.1 1.  0.  0.  1.3 0.2],0.14168498665094376
10,191,[1.1 0.  0.1 1.  0.  0.  1.3 0.2],0.14168912917375565
10,192,[1.1 0.  0.1 1.  0.  0.  1.3 0.2],0.1416902095079422
10,193,[1.1 0.  0.1 1.  0.  0.  1.3 0.2],0.14169660210609436
10,194,[1.1 0.  0.1 1.  0.  0.  1.3 0.2],0.14169950783252716
10,195,[1.1 0.  0.1 1.  0.  0.  1.3 0.2],0.14170587807893753
10,196,[1.1 0.  0.1 1.  0.  0.  1.3 0.2],0.14170725643634796
10,197,[1.1 0.  0.1 1.  0.  0.  1.3 0.2],0.14171258360147476
10,198,[1.1 0.  0.1 1.  0.  0.  1.3 0.2],0.1417127400636673
10,199,[1.1 0.  0.1 1.  0.  0.  1.3 0.2],0.14171628654003143
10,200,[1.1 0.  0.1 1.  0.  0.  1.3 0.2],0.14171811193227768
10,201,[1.1 0.  0.1 1.  0.  0.  1.3 0.2],0.14172371476888657
10,202,[1.1 0.  0.1 1.  0.  0.  1.3 0.2],0.14172641187906265
10,203,[1.1 0.  0.1 1.  0.  0.  1.3 0.2],0.14174791425466537
10,204,[1.1 0.  0.1 1.  0.  0.  1.3 0.2],0.141750730574131
10,205,[1.1 0.  0.1 1.  0.  0.  1.3 0.2],0.14177099615335464
10,206,[1.1 0.  0.1 1.  0.  0.  1.3 0.2],0.1417766809463501
10,207,[1.1 0.  0.1 1.  0.  0.  1.3 0.2],0.14177971333265305
10,208,[1.1 0.  0.1 1.  0.  0.  1.3 0.2],0.14181195199489594
10,209,[1.1 0.  0.1 1.  0.  0.  1.3 0.2],0.1418132707476616
10,210,[1.3 0.1 0.1 0.8 0.  0.  1.3 0. ],0.14194706827402115
10,211,[1.3 0.1 0.1 0.8 0.  0.  1.3 0. ],0.1419900357723236
10,212,[1.3 0.1 0.1 0.8 0.  0.  1.3 0. ],0.14200443774461746
10,213,[1.3 0.1 0.1 0.8 0.  0.  1.3 0.2],0.14203277975320816
10,214,[1.3 0.1 0.1 0.8 0.  0.  1.3 0. ],0.14204299449920654
10,215,[1.3 0.1 0.1 0.8 0.  0.  1.3 0.2],0.1420639157295227
10,216,[1.3 0.1 0.1 0.8 0.  0.  1.3 0.2],0.14206403493881226
10,217,[1.3 0.1 0.1 0.8 0.  0.  1.3 0.2],0.14206640422344208
10,218,[1.3 0.1 0.1 0.8 0.  0.  1.3 0.2],0.14208261668682098
10,219,[1.3 0.1 0.1 0.8 0.  0.  1.3 0.2],0.14208277314901352
10,220,[1.3 0.1 0.1 0.8 0.  0.  1.3 0.2],0.14208661019802094
10,221,[1.3 0.1 0.1 0.8 0.  0.  1.3 0.2],0.1420915126800537
10,222,[1.3 0.1 0.1 0.8 0.  0.  1.3 0.2],0.1420973539352417
10,223,[1.3 0.1 0.1 0.8 0.  0.  1.3 0.2],0.14210432767868042
10,224,[1.3 0.1 0.1 0.8 0.  0.  1.3 0.2],0.142107255756855
10,225,[1.3 0.1 0.1 0.8 0.  0.  1.3 0.2],0.14210888743400574
10,226,[1.3 0.1 0.1 0.8 0.  0.  1.3 0.2],0.1421179622411728
10,227,[1.3 0.1 0.1 0.8 0.  0.  1.3 0.2],0.14212486147880554
10,228,[1.3 0.1 0.1 0.8 0.  0.  1.3 0.2],0.14212609082460403
10,229,[1.3 0.1 0.1 0.8 0.  0.  1.3 0.2],0.1421263962984085
10,230,[1.3 0.1 0.1 0.8 0.  0.  1.3 0.2],0.14212840050458908
10,231,[1.3 0.1 0.1 0.8 0.  0.  1.3 0.2],0.14213066548109055
10,232,[1.3 0.1 0.1 0.8 0.  0.  1.3 0.2],0.142133429646492
10,233,[1.3 0.1 0.1 0.8 0.  0.  1.3 0.2],0.1421341449022293
10,234,[1.3 0.1 0.1 0.8 0.  0.  1.3 0.2],0.142134390771389
10,235,[1.3 0.1 0.1 0.8 0.  0.  1.3 0.2],0.14213454723358154
10,236,[1.3 0.1 0.1 0.8 0.  0.  1.3 0.2],0.1421346813440323
10,237,[1.3 0.1 0.1 0.8 0.  0.  1.3 0.2],0.1421375796198845
10,238,[1.3 0.1 0.1 0.8 0.  0.  1.3 0.2],0.1421407014131546
10,239,[1.3 0.1 0.1 0.8 0.  0.  1.3 0.2],0.1421407237648964
10,240,[1.3 0.1 0.1 0.8 0.  0.  1.3 0.2],0.14214131236076355
10,241,[1.3 0.1 0.1 0.8 0.  0.  1.3 0.2],0.1421421840786934
10,242,[1.3 0.1 0.1 0.8 0.  0.  1.3 0.2],0.14214543253183365
10,243,[1.3 0.1 0.1 0.8 0.  0.  1.3 0.2],0.14214856922626495
10,244,[1.3 0.1 0.1 0.8 0.  0.  1.3 0.2],0.14215583354234695
10,245,[1.3 0.1 0.1 0.8 0.  0.  1.3 0.2],0.14215873181819916
10,246,[1.3 0.1 0.1 0.8 0.  0.  1.3 0.2],0.14215914905071259
10,247,[1.3 0.1 0.1 0.8 0.  0.  1.3 0.2],0.14215968549251556
10,248,[1.3 0.1 0.1 0.8 0.  0.  1.3 0.2],0.14216063916683197
10,249,[1.3 0.1 0.1 0.8 0.  0.  1.3 0.2],0.14216218143701553
10,250,[1.3 0.1 0.1 0.8 0.  0.  1.3 0.2],0.14216270297765732
10,251,[1.3 0.1 0.1 0.8 0.  0.  1.3 0.2],0.14216457307338715
10,252,[1.3 0.1 0.1 0.8 0.  0.  1.3 0.2],0.1421649008989334
10,253,[1.3 0.1 0.1 0.8 0.  0.  1.3 0.2],0.14216677099466324
10,254,[1.3 0.1 0.1 0.8 0.  0.  1.3 0.2],0.14216867834329605
10,255,[1.3 0.1 0.1 0.8 0.  0.  1.3 0.2],0.14216871559619904
10,256,[1.3 0.1 0.1 0.8 0.  0.  1.3 0.2],0.14216993749141693
10,257,[1.3 0.1 0.1 0.8 0.  0.  1.3 0.2],0.14217018336057663
10,258,[1.3 0.1 0.1 0.8 0.  0.  1.3 0.2],0.14217329770326614
10,259,[1.3 0.1 0.1 0.8 0.  0.  1.3 0.2],0.1421748325228691
10,260,[1.3 0.1 0.1 0.8 0.  0.  1.3 0.2],0.14217494428157806
10,261,[1.3 0.1 0.1 0.8 0.  0.  1.3 0.2],0.14217522740364075
10,262,[1.3 0.1 0.1 0.8 0.  0.  1.3 0.2],0.14217563718557358
10,263,[1.3 0.1 0.1 0.8 0.  0.  1.3 0.2],0.14217736572027206
10,264,[1.3 0.1 0.1 0.8 0.  0.  1.3 0.2],0.1421780064702034
10,265,[1.3 0.1 0.1 0.8 0.  0.  1.3 0.2],0.14217878878116608
10,266,[1.3 0.1 0.1 0.8 0.  0.  1.3 0.2],0.14218060672283173
10,267,[1.3 0.1 0.1 0.8 0.  0.  1.3 0.2],0.14218588173389435
10,268,[1.3 0.1 0.1 0.8 0.  0.  1.3 0.2],0.14218709617853165
10,269,[1.3 0.1 0.1 0.8 0.  0.  1.3 0.2],0.14218732714653015
10,270,[1.3 0.1 0.1 0.8 0.  0.  1.3 0.2],0.14218737930059433
10,271,[1.3 0.1 0.1 0.8 0.  0.  1.3 0.2],0.14218765497207642
10,272,[1.3 0.1 0.1 0.8 0.  0.  1.3 0.2],0.14218903332948685
10,273,[1.3 0.1 0.1 0.8 0.  0.  1.3 0.2],0.14218907058238983
10,274,[1.3 0.1 0.1 0.8 0.  0.  1.3 0.2],0.1421891376376152
10,275,[1.3 0.1 0.1 0.8 0.  0.  1.3 0.2],0.14218999445438385
10,276,[1.3 0.1 0.1 0.8 0.  0.  1.3 0.2],0.14219093322753906
10,277,[1.3 0.1 0.1 0.8 0.  0.  1.3 0.2],0.14219211786985397
10,278,[1.3 0.1 0.1 0.8 0.  0.  1.3 0.2],0.14219257235527039
10,279,[1.3 0.1 0.1 0.8 0.  0.  1.3 0.2],0.14219263195991516
10,280,[1.3 0.1 0.1 0.8 0.  0.  1.3 0.2],0.14219364523887634
10,281,[1.3 0.1 0.1 0.8 0.  0.  1.3 0.2],0.14219612628221512
10,282,[1.3 0.1 0.1 0.8 0.  0.  1.3 0.2],0.14219648391008377
10,283,[1.3 0.1 0.1 0.8 0.  0.  1.3 0.2],0.1421976238489151
10,284,[1.3 0.1 0.1 0.8 0.  0.  1.3 0.2],0.14219769835472107
10,285,[1.3 0.1 0.1 0.8 0.  0.  1.3 0.2],0.14219880849123
10,286,[1.3 0.1 0.1 0.8 0.  0.  1.3 0.2],0.14219939708709717
10,287,[1.3 0.1 0.1 0.8 0.  0.  1.3 0.2],0.14220039546489716
10,288,[1.3 0.1 0.1 0.8 0.  0.  1.3 0.2],0.14220044761896133
10,289,[1.3 0.1 0.1 0.8 0.  0.  1.3 0.2],0.1422007456421852
10,290,[1.3 0.1 0.1 0.8 0.  0.  1.3 0.2],0.1422019973397255
10,291,[1.3 0.1 0.1 0.8 0.  0.  1.3 0.2],0.14220279455184937
10,292,[1.3 0.1 0.1 0.8 0.  0.  1.3 0.2],0.14220406860113144
10,293,[1.3 0.1 0.1 0.8 0.  0.  1.3 0.2],0.1422051638364792
10,294,[1.3 0.1 0.1 0.8 0.  0.  1.3 0.2],0.14220613986253738
10,295,[1.3 0.1 0.1 0.8 0.  0.  1.3 0.2],0.14220666885375977
10,296,[1.3 0.1 0.1 0.8 0.  0.  1.3 0.2],0.14220676571130753
10,297,[1.3 0.1 0.1 0.8 0.  0.  1.3 0.2],0.14220678806304932
10,298,[1.3 0.1 0.1 0.8 0.  0.  1.3 0.2],0.14220701158046722
10,299,[1.3 0.1 0.1 0.8 0.  0.  1.3 0.2],0.14220737665891647
10,300,[1.3 0.1 0.1 0.8 0.  0.  1.3 0.2],0.14220760762691498
10,301,[1.3 0.1 0.1 0.8 0.  0.  1.3 0.2],0.14220793545246124
10,302,[1.3 0.1 0.1 0.8 0.  0.  1.3 0.2],0.14220814406871796
10,303,[1.3 0.1 0.1 0.8 0.  0.  1.3 0.2],0.14220886677503586
10,304,[1.3 0.1 0.1 0.8 0.  0.  1.3 0.2],0.14220890402793884
10,305,[1.3 0.1 0.1 0.8 0.  0.  1.3 0.2],0.1422092765569687
10,306,[1.3 0.1 0.1 0.8 0.  0.  1.3 0.2],0.14220938086509705
10,307,[1.3 0.1 0.1 0.8 0.  0.  1.3 0.2],0.142209991812706
10,308,[1.3 0.1 0.1 0.8 0.  0.  1.3 0.2],0.14221073687076569
10,309,[1.3 0.1 0.1 0.8 0.  0.  1.3 0.2],0.1422133520245552
10,310,[1.3 0.1 0.1 0.8 0.  0.  1.3 0.2],0.14221352338790894
10,311,[1.3 0.1 0.1 0.8 0.  0.  1.3 0.2],0.1422135829925537
10,312,[1.3 0.1 0.1 0.8 0.  0.  1.3 0.2],0.14221487194299698
10,313,[1.3 0.1 0.1 0.8 0.  0.  1.3 0.2],0.14221630990505219
10,314,[1.3 0.1 0.1 0.8 0.  0.  1.3 0.2],0.1422167792916298
10,315,[1.3 0.1 0.1 0.8 0.  0.  1.3 0.2],0.1422169730067253
10,316,[1.3 0.1 0.1 0.8 0.  0.  1.3 0.2],0.14221849292516708
10,317,[1.3 0.1 0.1 0.8 0.  0.  1.3 0.2],0.14221873134374619
10,318,[1.3 0.1 0.1 0.8 0.  0.  1.3 0.2],0.14222143590450287
10,319,[1.3 0.1 0.1 0.8 0.  0.  1.3 0.2],0.14222147315740585
10,320,[1.3 0.1 0.1 0.8 0.  0.  1.3 0.2],0.142222560942173
10,321,[1.3 0.1 0.1 0.8 0.  0.  1.3 0.2],0.1422237530350685
10,322,[1.3 0.1 0.1 0.8 0.  0.  1.3 0.2],0.14222383499145508
10,323,[1.3 0.1 0.1 0.8 0.  0.  1.3 0.2],0.14222510904073715
10,324,[1.3 0.1 0.1 0.8 0.  0.  1.3 0.2],0.14222527295351028
10,325,[1.3 0.1 0.1 0.8 0.  0.  1.3 0.2],0.1422257274389267
10,326,[1.3 0.1 0.1 0.8 0.  0.  1.3 0.2],0.14222657680511475
10,327,[1.3 0.1 0.1 0.8 0.  0.  1.3 0.2],0.1422271504998207
10,328,[1.3 0.1 0.1 0.8 0.  0.  1.3 0.2],0.14222721010446548
10,329,[1.3 0.1 0.1 0.8 0.  0.  1.3 0.2],0.14222823828458786
10,330,[1.3 0.1 0.1 0.8 0.  0.  1.3 0.2],0.14223124831914902
10,331,[1.3 0.1 0.1 0.8 0.  0.  1.3 0.2],0.14223157614469528
10,332,[1.3 0.1 0.1 0.8 0.  0.  1.3 0.2],0.14223168790340424
10,333,[1.3 0.1 0.1 0.8 0.  0.  1.3 0.2],0.14223282784223557
10,334,[1.3 0.1 0.1 0.8 0.  0.  1.3 0.2],0.14223317801952362
10,335,[1.3 0.1 0.1 0.8 0.  0.  1.3 0.2],0.14223350584506989
10,336,[1.3 0.1 0.1 0.8 0.  0.  1.3 0.2],0.14223602414131165
10,337,[1.3 0.1 0.1 0.8 0.  0.  1.3 0.2],0.1422363743185997
10,338,[1.3 0.1 0.1 0.8 0.  0.  1.3 0.2],0.1422370970249176
10,339,[1.3 0.1 0.1 0.8 0.  0.  1.3 0.2],0.14223738014698029
10,340,[1.3 0.1 0.1 0.8 0.  0.  1.3 0.2],0.14223793148994446
10,341,[1.3 0.1 0.1 0.8 0.  0.  1.3 0.2],0.14223863929510117
10,342,[1.3 0.1 0.1 0.8 0.  0.  1.3 0.2],0.14223869144916534
10,343,[1.3 0.1 0.1 0.8 0.  0.  1.3 0.2],0.14223971217870712
10,344,[1.3 0.1 0.1 0.8 0.  0.  1.3 0.2],0.14224082976579666
10,345,[1.3 0.1 0.1 0.8 0.  0.  1.3 0.2],0.1422443687915802
10,346,[1.3 0.1 0.1 0.8 0.  0.  1.3 0.2],0.14224443584680557
10,347,[1.3 0.1 0.1 0.8 0.  0.  1.3 0.2],0.14224455505609512
10,348,[1.3 0.1 0.1 0.8 0.  0.  1.3 0.2],0.14224471896886826
10,349,[1.3 0.1 0.1 0.8 0.  0.  1.3 0.2],0.14224527776241302
10,350,[1.3 0.1 0.1 0.8 0.  0.  1.3 0.2],0.14224708080291748
10,351,[1.3 0.1 0.1 0.8 0.  0.  1.3 0.2],0.14224807173013687
10,352,[1.3 0.1 0.1 0.8 0.  0.  1.3 0.2],0.14224864542484283
10,353,[1.3 0.1 0.1 0.8 0.  0.  1.3 0.2],0.1422489508986473
10,354,[1.3 0.1 0.1 0.8 0.  0.  1.3 0.2],0.1422494798898697
10,355,[1.3 0.1 0.1 0.8 0.  0.  1.3 0.2],0.14225050061941147
10,356,[1.3 0.1 0.1 0.8 0.  0.  1.3 0.2],0.14225073158740997
10,357,[1.3 0.1 0.1 0.8 0.  0.  1.3 0.2],0.1422521471977234
10,358,[1.3 0.1 0.1 0.8 0.  0.  1.3 0.2],0.14225223660469055
10,359,[1.3 0.1 0.1 0.8 0.  0.  1.3 0.2],0.14225268363952637
10,360,[1.3 0.1 0.1 0.8 0.  0.  1.3 0.2],0.14225269854068756
10,361,[1.3 0.1 0.1 0.8 0.  0.  1.3 0.2],0.1422528773546219
10,362,[1.3 0.1 0.1 0.8 0.  0.  1.3 0.2],0.1422528773546219
10,363,[1.3 0.1 0.1 0.8 0.  0.  1.3 0.2],0.1422533020377159
10,364,[1.3 0.1 0.1 0.8 0.  0.  1.3 0.2],0.1422533541917801
10,365,[1.3 0.1 0.1 0.8 0.  0.  1.3 0.2],0.14225374907255173
10,366,[1.3 0.1 0.1 0.8 0.  0.  1.3 0.2],0.14225401729345322
10,367,[1.3 0.1 0.1 0.8 0.  0.  1.3 0.2],0.14225414395332336
10,368,[1.3 0.1 0.1 0.8 0.  0.  1.3 0.2],0.14225465059280396
10,369,[1.3 0.1 0.1 0.8 0.  0.  1.3 0.2],0.14225587248802185
10,370,[1.3 0.1 0.1 0.8 0.  0.  1.3 0.2],0.14225592464208603
10,371,[1.3 0.1 0.1 0.8 0.  0.  1.3 0.2],0.14225627481937408
10,372,[1.3 0.1 0.1 0.8 0.  0.  1.3 0.2],0.1422579661011696
10,373,[1.3 0.1 0.1 0.8 0.  0.  1.3 0.2],0.14225857704877853
10,374,[1.3 0.1 0.1 0.8 0.  0.  1.3 0.2],0.14225869625806808
10,375,[1.3 0.1 0.1 0.8 0.  0.  1.3 0.2],0.14225877821445465
10,376,[1.3 0.1 0.1 0.8 0.  0.  1.3 0.2],0.14226113259792328
10,377,[1.3 0.1 0.1 0.8 0.  0.  1.3 0.2],0.1422615349292755
10,378,[1.3 0.1 0.1 0.8 0.  0.  1.3 0.2],0.14226190745830536
10,379,[1.3 0.1 0.1 0.8 0.  0.  1.3 0.2],0.14226236939430237
10,380,[1.3 0.1 0.1 0.8 0.  0.  1.3 0.2],0.14226268976926804
10,381,[1.3 0.1 0.1 0.8 0.  0.  1.3 0.2],0.14226365089416504
10,382,[1.3 0.1 0.1 0.8 0.  0.  1.3 0.2],0.1422640010714531
10,383,[1.3 0.1 0.1 0.8 0.  0.  1.3 0.2],0.14226410537958145
10,384,[1.3 0.1 0.1 0.8 0.  0.  1.3 0.2],0.14226440340280533
10,385,[1.3 0.1 0.1 0.8 0.  0.  1.3 0.2],0.14226453751325607
10,386,[1.3 0.1 0.1 0.8 0.  0.  1.3 0.2],0.14226489514112473
10,387,[1.3 0.1 0.1 0.8 0.  0.  1.3 0.2],0.142266146838665
10,388,[1.3 0.1 0.1 0.8 0.  0.  1.3 0.2],0.14226629585027695
10,389,[1.3 0.1 0.1 0.8 0.  0.  1.3 0.2],0.14226757735013962
10,390,[1.3 0.1 0.1 0.8 0.  0.  1.3 0.2],0.14226822555065155
10,391,[1.3 0.1 0.1 0.8 0.  0.  1.3 0.2],0.1422688513994217
10,392,[1.3 0.1 0.1 0.8 0.  0.  1.3 0.2],0.14227071404457092
10,393,[1.3 0.1 0.1 0.8 0.  0.  1.3 0.2],0.14227096736431122
10,394,[1.3 0.1 0.1 0.8 0.  0.  1.3 0.2],0.14227154850959778
10,395,[1.3 0.1 0.1 0.8 0.  0.  1.3 0.2],0.14227155596017838
10,396,[1.3 0.1 0.1 0.8 0.  0.  1.3 0.2],0.14227275550365448
10,397,[1.3 0.1 0.1 0.8 0.  0.  1.3 0.2],0.14227277040481567
10,398,[1.3 0.1 0.1 0.8 0.  0.  1.3 0.2],0.14227408170700073
10,399,[1.3 0.1 0.1 0.8 0.  0.  1.3 0.2],0.14227478951215744
10,400,[1.3 0.1 0.1 0.8 0.  0.  1.3 0.2],0.14227544516324997
10,401,[1.3 0.1 0.1 0.8 0.  0.  1.3 0.2],0.14227568358182907
10,402,[1.3 0.1 0.1 0.8 0.  0.  1.3 0.2],0.14227620512247086
10,403,[1.3 0.1 0.1 0.8 0.  0.  1.3 0.2],0.14227628707885742
10,404,[1.3 0.1 0.1 0.8 0.  0.  1.3 0.2],0.14227799326181412
10,405,[1.3 0.1 0.1 0.8 0.  0.  1.3 0.2],0.14227912575006485
10,406,[1.3 0.1 0.1 0.8 0.  0.  1.3 0.2],0.14228208363056183
10,407,[1.3 0.1 0.1 0.8 0.  0.  1.3 0.2],0.14228343963623047
10,408,[1.3 0.1 0.1 0.8 0.  0.  1.3 0.2],0.14228453487157822
10,409,[1.3 0.1 0.1 0.8 0.  0.  1.3 0.2],0.1422853097319603
10,410,[1.3 0.1 0.1 0.8 0.  0.  1.3 0.2],0.14228744059801102
10,411,[1.3 0.1 0.1 0.8 0.  0.  1.3 0.2],0.14228875935077667
10,412,[1.3 0.1 0.1 0.8 0.  0.  1.3 0.2],0.14228928089141846
10,413,[1.3 0.1 0.1 0.8 0.  0.  1.3 0.2],0.14228956401348114
10,414,[1.3 0.1 0.1 0.8 0.  0.  1.3 0.2],0.14228956401348114
10,415,[1.3 0.1 0.1 0.8 0.  0.  1.3 0.2],0.14228961616754532
10,416,[1.3 0.1 0.1 0.8 0.  0.  1.3 0.2],0.14229004830121994
10,417,[1.3 0.1 0.1 0.8 0.  0.  1.3 0.2],0.14229093492031097
10,418,[1.3 0.1 0.1 0.8 0.  0.  1.3 0.2],0.1422915682196617
10,419,[1.3 0.1 0.1 0.8 0.  0.  1.3 0.2],0.14229225367307663
10,420,[1.3 0.1 0.1 0.8 0.  0.  1.3 0.2],0.14229363948106766
10,421,[1.3 0.1 0.1 0.8 0.  0.  1.3 0.2],0.14229364693164825
10,422,[1.3 0.1 0.1 0.8 0.  0.  1.3 0.2],0.14229374378919601
10,423,[1.3 0.1 0.1 0.8 0.  0.  1.3 0.2],0.14229388535022736
10,424,[1.3 0.1 0.1 0.8 0.  0.  1.3 0.2],0.14229412376880646
10,425,[1.3 0.1 0.1 0.8 0.  0.  1.3 0.2],0.14229432493448257
10,426,[1.3 0.1 0.1 0.8 0.  0.  1.3 0.2],0.1422947570681572
10,427,[1.3 0.1 0.1 0.8 0.  0.  1.3 0.2],0.14229564368724823
10,428,[1.3 0.1 0.1 0.8 0.  0.  1.3 0.2],0.1422971859574318
10,429,[1.3 0.1 0.1 0.8 0.  0.  1.3 0.2],0.14229966700077057
10,430,[1.3 0.1 0.1 0.8 0.  0.  1.3 0.2],0.14229995012283325
10,431,[1.3 0.1 0.1 0.8 0.  0.  1.3 0.2],0.1423012986779213
10,432,[1.3 0.1 0.1 0.8 0.  0.  1.3 0.2],0.14230157434940338
10,433,[1.3 0.1 0.1 0.8 0.  0.  1.3 0.2],0.1423022821545601
10,434,[1.3 0.1 0.1 0.8 0.  0.  1.3 0.2],0.1423053815960884
10,435,[1.3 0.1 0.1 0.8 0.  0.  1.3 0.2],0.14230606704950333
10,436,[1.3 0.1 0.1 0.8 0.  0.  1.3 0.2],0.14230625331401825
10,437,[1.3 0.1 0.1 0.8 0.  0.  1.3 0.2],0.14230651408433914
10,438,[1.3 0.1 0.1 0.8 0.  0.  1.3 0.2],0.1423090398311615
10,439,[1.3 0.1 0.1 0.8 0.  0.  1.3 0.2],0.1423105001449585
10,440,[1.3 0.1 0.1 0.8 0.  0.  1.3 0.2],0.14231052994728088
10,441,[1.3 0.1 0.1 0.8 0.  0.  1.3 0.2],0.14231494069099426
10,442,[1.3 0.1 0.1 0.8 0.  0.  1.3 0.2],0.14231514185667038
10,443,[1.3 0.1 0.1 0.8 0.  0.  1.3 0.2],0.14231572300195694
10,444,[1.3 0.1 0.1 0.8 0.  0.  1.3 0.2],0.14231613278388977
10,445,[1.3 0.1 0.1 0.8 0.  0.  1.3 0.2],0.14231617003679276
10,446,[1.3 0.1 0.1 0.8 0.  0.  1.3 0.2],0.1423170492053032
10,447,[1.3 0.1 0.1 0.8 0.  0.  1.3 0.2],0.14231763780117035
10,448,[1.3 0.1 0.1 0.8 0.  0.  1.3 0.2],0.1423177793622017
10,449,[1.3 0.1 0.1 0.8 0.  0.  1.3 0.2],0.14232031255960464
10,450,[1.3 0.1 0.1 0.8 0.  0.  1.3 0.2],0.14232173562049866
10,451,[1.3 0.1 0.1 0.8 0.  0.  1.3 0.2],0.14232273399829865
10,452,[1.3 0.1 0.1 0.8 0.  0.  1.3 0.2],0.14232369512319565
10,453,[1.3 0.1 0.1 0.8 0.  0.  1.3 0.2],0.1423238217830658
10,454,[1.3 0.1 0.1 0.8 0.  0.  1.3 0.2],0.14232565462589264
10,455,[1.3 0.1 0.1 0.8 0.  0.  1.3 0.2],0.14232779294252396
10,456,[1.3 0.1 0.1 0.8 0.  0.  1.3 0.2],0.1423288732767105
10,457,[1.3 0.1 0.1 0.8 0.  0.  1.3 0.2],0.14233139902353287
10,458,[1.3 0.1 0.1 0.8 0.  0.  1.3 0.2],0.14233362674713135
10,459,[1.3 0.1 0.1 0.8 0.  0.  1.3 0.2],0.1423361375927925
10,460,[1.3 0.1 0.1 0.8 0.  0.  1.3 0.2],0.1423383206129074
10,461,[1.3 0.1 0.1 0.8 0.  0.  1.3 0.2],0.14234009385108948
10,462,[1.3 0.1 0.1 0.8 0.  0.  1.3 0.2],0.1423403024673462
10,463,[1.3 0.1 0.1 0.8 0.  0.  1.3 0.2],0.1423417329788208
10,464,[1.3 0.1 0.1 0.8 0.  0.  1.3 0.2],0.1423417627811432
10,465,[1.3 0.1 0.1 0.8 0.  0.  1.3 0.2],0.14234446734189987
10,466,[1.3 0.1 0.1 0.8 0.  0.  1.3 0.2],0.14234505593776703
10,467,[1.3 0.1 0.1 0.8 0.  0.  1.3 0.2],0.1423458233475685
10,468,[1.3 0.1 0.1 0.8 0.  0.  1.3 0.2],0.1423461139202118
10,469,[1.3 0.1 0.1 0.8 0.  0.  1.3 0.2],0.14235536754131317
10,470,[1.3 0.1 0.1 0.8 0.  0.  1.3 0.2],0.1423569694161415
10,471,[1.3 0.1 0.1 0.8 0.  0.  1.3 0.2],0.14235800504684448
10,472,[1.3 0.1 0.1 0.8 0.  0.  1.3 0.2],0.14235804975032806
10,473,[1.3 0.1 0.1 0.8 0.  0.  1.3 0.2],0.14235807210206985
10,474,[1.3 0.1 0.1 0.8 0.  0.  1.3 0.2],0.14236369729042053
10,475,[1.3 0.1 0.1 0.8 0.  0.  1.3 0.2],0.14236846938729286
10,476,[1.3 0.1 0.1 0.8 0.  0.  1.3 0.2],0.14237017184495926
10,477,[1.3 0.1 0.1 0.8 0.  0.  1.3 0.2],0.1423715427517891
10,478,[1.3 0.1 0.1 0.8 0.  0.  1.3 0.2],0.14237404614686966
10,479,[1.3 0.1 0.1 0.8 0.  0.  1.3 0.2],0.14238253235816956
10,480,[1.3 0.1 0.1 0.8 0.  0.  1.3 0.2],0.1423831433057785
10,481,[1.3 0.1 0.1 0.8 0.  0.  1.3 0.2],0.14238370954990387
10,482,[1.3 0.1 0.1 0.8 0.  0.  1.3 0.2],0.14239732921123505
10,483,[1.3 0.1 0.1 0.8 0.  0.  1.3 0.2],0.14239761233329773
10,484,[1.3 0.1 0.1 0.8 0.  0.  1.3 0.2],0.14241143316030502
10,485,[1.3 0.1 0.1 0.8 0.  0.  1.3 0.2],0.14242395758628845
10,486,[1.3 0.1 0.1 0.8 0.  0.  1.3 0.2],0.14243406802415848
10,487,[1.3 0.1 0.1 0.8 0.  0.  1.3 0.2],0.14244863390922546
10,488,[1.3 0.1 0.1 0.8 0.  0.  1.3 0.2],0.14246778935194016
10,489,[1.3 0.1 0.1 0.8 0.  0.  1.3 0.2],0.14250218868255615
10,490,[1.3 0.1 0.1 0.8 0.  0.  1.3 0.6],0.14265357702970505
10,491,[1.3 0.1 0.1 0.8 0.  0.  1.3 0.6],0.14267725497484207
10,492,[1.3 0.1 0.1 0.8 0.  0.  1.3 0.6],0.14271187782287598
10,493,[1.3 0.1 0.1 0.8 0.  0.  1.3 0.6],0.14273301512002945
10,494,[1.3 0.1 0.1 0.8 0.  0.  1.3 0.6],0.1427527591586113
10,495,[1.3 0.1 0.1 0.8 0.  0.  1.3 0.6],0.14275992661714554
10,496,[1.3 0.1 0.1 0.8 0.  0.  1.3 0.6],0.14276690781116486
10,497,[1.3 0.1 0.1 0.8 0.  0.  1.3 0.6],0.1427786648273468
10,498,[1.3 0.1 0.1 0.8 0.  0.  1.3 0.6],0.14278049021959305
10,499,[1.3 0.1 0.1 0.8 0.  0.  1.3 0.6],0.14281005412340164
10,500,[1.1 0.  0.1 1.  0.  0.  0.9 0.2],0.1435563936829567
10,501,[1.1 0.  0.1 1.  0.  0.  0.9 0.2],0.1436081826686859
10,502,[1.1 0.  0.1 1.  0.  0.  0.9 0.2],0.14367402344942093
10,503,[1.1 0.  0.1 1.  0.  0.  0.9 0.2],0.1436840370297432
10,504,[1.1 0.  0.1 1.  0.  0.  0.9 0.2],0.14370045065879822
10,505,[1.1 0.  0.1 1.  0.  0.  0.9 0.2],0.14374151825904846
10,506,[1.1 0.  0.1 1.  0.  0.  0.9 0.2],0.14374680817127228
10,507,[1.1 0.  0.1 1.  0.  0.  0.9 0.2],0.14374693483114243
10,508,[1.1 0.  0.1 1.  0.  0.  0.9 0.2],0.14375175535678864
10,509,[1.1 0.  0.1 1.  0.  0.  0.9 0.2],0.14375313371419907
10,510,[1.1 0.  0.1 1.  0.  0.  0.9 0.2],0.1437535285949707
10,511,[1.1 0.  0.1 1.  0.  0.  0.9 0.2],0.14376502484083176
10,512,[1.1 0.  0.1 1.  0.  0.  0.9 0.2],0.14378341287374496
10,513,[1.1 0.  0.1 1.  0.  0.  0.9 0.2],0.14378450065851212
10,514,[1.1 0.  0.1 1.  0.  0.  0.9 0.2],0.14378749579191208
10,515,[1.1 0.  0.1 1.  0.  0.  0.9 0.2],0.1437949389219284
10,516,[1.1 0.  0.1 1.  0.  0.  0.9 0.2],0.1437997967004776
10,517,[1.1 0.  0.1 1.  0.  0.  0.9 0.2],0.1438015103340149
10,518,[1.1 0.  0.1 1.  0.  0.  0.9 0.2],0.14380688965320587
10,519,[1.1 0.  0.1 1.  0.  0.  0.9 0.2],0.14382873475551605
10,520,[1.1 0.  0.1 1.  0.  0.  0.9 0.2],0.14382893592119217
10,521,[1.1 0.  0.1 1.  0.  0.  0.9 0.2],0.1438346430659294
10,522,[1.1 0.  0.1 1.  0.  0.  0.9 0.2],0.1438613012433052
10,523,[1.1 0.  0.1 1.  0.  0.  0.9 0.2],0.14386460185050964
10,524,[1.1 0.  0.1 1.  0.  0.  0.9 0.2],0.14388149976730347
10,525,[1.1 0.  0.1 1.  0.  0.  0.9 0.2],0.14390456676483154
10,526,[1.1 0.  0.1 1.  0.  0.  0.9 0.2],0.1439746394753456
10,527,[1.3 0.3 0.1 0.8 0.  0.  1.3 0.2],0.1507873386144638
10,528,[1.3 0.3 0.1 0.8 0.  0.  1.3 0.2],0.15087274461984634
10,529,[1.3 0.3 0.1 0.8 0.  0.  1.3 0.2],0.15087877959012985
10,530,[1.3 0.3 0.1 0.8 0.  0.  1.3 0.2],0.15090002864599228
10,531,[1.3 0.3 0.1 0.8 0.  0.  1.3 0.2],0.15094179660081863
10,532,[1.3 0.3 0.1 0.8 0.  0.  1.3 0.2],0.15098199248313904
10,533,[1.3 0.3 0.1 0.8 0.  0.  1.3 0.2],0.15101855248212814
10,534,[1.3 0.3 0.1 0.8 0.  0.  1.3 0.2],0.1510402336716652
10,535,[1.3 0.3 0.1 0.8 0.  0.  1.3 0.2],0.1510733738541603
10,536,[1.3 0.3 0.1 0.8 0.  0.  0.8 0.2],0.1572241634130478
10,537,[1.3 0.3 0.1 0.8 0.  0.  0.8 0.2],0.1572524681687355
10,538,[1.3 0.3 0.1 0.8 0.  0.  0.8 0.2],0.15725848078727722
10,539,[1.3 0.3 0.1 0.8 0.  0.  0.8 0.2],0.15729843080043793
10,540,[1.3 0.3 0.1 0.8 0.  0.  0.8 0.2],0.1573241576552391
10,541,[1.3 0.3 0.1 0.8 0.  0.  0.8 0.2],0.15743790566921234
10,542,[1.1 0.5 0.1 0.6 0.  0.  1.3 0.4],0.15847286581993103
10,543,[1.3 0.1 1.2 1.3 0.  0.  0.3 0. ],0.16216599941253662
10,544,[1.3 0.1 0.  0.8 0.  0.  0.1 0.2],0.17940785735845566
10,545,[1.3 0.1 0.  0.8 0.  0.  0.1 0.2],0.17944274842739105
10,546,[1.3 0.1 0.  0.8 0.  0.  0.1 0.2],0.17944960296154022
10,547,[1.3 0.1 0.  0.8 0.  0.  0.1 0.2],0.17950939387083054
10,548,[1.3 0.1 0.  0.8 0.  0.  0.1 0.2],0.17952418327331543
10,549,[1.3 0.1 0.  0.8 0.  0.  0.1 0.2],0.17955583333969116
10,550,[1.3 0.1 0.  0.8 0.  0.  0.1 0.2],0.17965127527713776
10,551,[1.1 0.5 0.1 0.6 0.  0.  1.3 0.4],0.18229272216558456
10,552,[1.1 0.5 0.1 0.6 0.  0.  1.3 0.4],0.18241938203573227
10,553,[1.1 0.5 0.1 0.6 0.  0.  1.3 0.4],0.1824265792965889
10,554,[1.1 0.5 0.1 0.6 0.  0.  1.3 0.4],0.18242772668600082
10,555,[1.1 0.5 0.1 0.6 0.  0.  1.3 0.4],0.18244129419326782
10,556,[1.1 0.5 0.1 0.6 0.  0.  1.3 0.4],0.18244419991970062
10,557,[1.1 0.5 0.1 0.6 0.  0.  1.3 0.4],0.18244459480047226
10,558,[1.1 0.5 0.1 0.6 0.  0.  1.3 0.4],0.18247493356466293
10,559,[1.1 0.5 0.1 0.6 0.  0.  1.3 0.4],0.1824791207909584
10,560,[1.1 0.5 0.1 0.6 0.  0.  1.3 0.4],0.18253616243600845
10,561,[1.1 0.5 0.1 0.6 0.  0.  1.3 0.4],0.18254052847623825
10,562,[1.1 0.5 0.1 0.6 0.  0.  1.3 0.4],0.18254533410072327
10,563,[1.1 0.5 0.1 0.6 0.  0.  1.3 0.4],0.18255334347486496
10,564,[1.1 0.5 0.1 0.6 0.  0.  1.3 0.4],0.18256109952926636
10,565,[1.1 0.5 0.1 0.6 0.  0.  1.3 0.4],0.18257459998130798
10,566,[1.1 0.5 0.1 0.6 0.  0.  1.3 0.4],0.1826041117310524
10,567,[1.1 0.5 0.1 0.6 0.  0.  1.3 0.4],0.1826304793357849
10,568,[1.1 0.5 0.1 0.6 0.  0.  1.3 0.4],0.18266012519598007
10,569,[1.1 0.5 0.1 0.6 0.  0.  1.3 0.4],0.18270999193191528
10,570,[1.1 0.5 0.1 0.6 0.  0.  1.3 0.4],0.1827247440814972
10,571,[0.6 0.1 0.6 0.8 0.  0.  1.3 0.2],0.18889273703098297
10,572,[0.6 0.1 0.6 0.8 0.  0.  1.3 0.2],0.1888972967863083
10,573,[0.6 0.1 0.6 0.8 0.  0.  1.3 0.2],0.18891067057847977
10,574,[0.6 0.1 0.6 0.8 0.  0.  1.3 0.2],0.18894384056329727
10,575,[0.6 0.1 0.6 0.8 0.  0.  1.3 0.2],0.18896249681711197
10,576,[0.6 0.1 0.6 0.8 0.  0.  1.3 0.2],0.18897493183612823
10,577,[0.6 0.1 0.6 0.8 0.  0.  1.3 0.2],0.1889776512980461
10,578,[0.6 0.1 0.6 0.8 0.  0.  1.3 0.2],0.18898272514343262
10,579,[0.6 0.1 0.6 0.8 0.  0.  1.3 0.2],0.18898321688175201
10,580,[0.6 0.1 0.6 0.8 0.  0.  1.3 0.2],0.18898728489875793
10,581,[0.6 0.1 0.6 0.8 0.  0.  1.3 0.2],0.18899092078208923
10,582,[0.6 0.1 0.6 0.8 0.  0.  1.3 0.2],0.18900004774332047
10,583,[1.1 0.7 0.1 0.6 0.  0.  0.9 0.2],0.20285630226135254
10,584,[1.1 0.7 0.1 0.6 0.  0.  0.9 0.2],0.20296624302864075
10,585,[1.1 0.7 0.1 0.6 0.  0.  0.9 0.2],0.2029844895005226
10,586,[1.1 0.7 0.1 0.6 0.  0.  0.9 0.2],0.2030271217226982
10,587,[1.1 0.7 0.1 0.6 0.  0.  0.9 0.2],0.20302822440862656
10,588,[1.1 0.7 0.1 0.6 0.  0.  0.9 0.2],0.20312339067459106
10,589,[1.1 0.7 0.1 0.6 0.  0.  0.9 0.2],0.20314522832632065
10,590,[1.1 0.7 0.1 0.6 0.  0.  0.9 0.2],0.20319566875696182
10,591,[1.1 0.7 0.1 0.6 0.  0.  0.9 0.2],0.20321152359247208
10,592,[1.1 0.7 0.1 0.6 0.  0.  0.9 0.2],0.2032494693994522
10,593,[1.1 0.7 0.1 0.6 0.  0.  0.9 0.2],0.20334818959236145
10,594,[1.3 1.2 0.1 0.8 0.  0.  1.3 0.6],0.21025748550891876
10,595,[1.3 0.1 0.7 0.7 0.  0.  1.3 0.2],0.21967961639165878
10,596,[1.3 0.1 0.7 0.7 0.  0.  1.3 0.2],0.2196967899799347
10,597,[1.3 0.1 0.7 0.7 0.  0.  1.3 0.2],0.21975715458393097
10,598,[1.3 0.1 0.6 0.8 0.  0.  0.  0.2],0.2243329957127571
10,599,[1.3 0.1 0.6 0.8 0.  0.  0.  0.2],0.22437351197004318
10,600,[1.3 0.1 0.1 0.3 0.  0.  1.3 1.1],0.23025764524936676
10,601,[1.3 0.1 0.1 0.9 0.2 0.  0.6 0.2],0.2325167879462242
10,602,[1.3 0.1 0.1 0.9 0.2 0.  0.6 0.2],0.2325763776898384
10,603,[1.3 0.1 0.1 0.9 0.2 0.  0.6 0.2],0.23258653283119202
10,604,[1.3 0.1 0.1 0.9 0.2 0.  0.6 0.2],0.23264731466770172
10,605,[1.3 0.1 0.1 0.9 0.2 0.  0.6 0.2],0.23271164298057556
10,606,[1.3 0.1 0.1 0.9 0.2 0.  0.6 0.2],0.23273563385009766
10,607,[1.3 0.1 0.1 0.9 0.2 0.  0.6 0.2],0.23274647444486618
10,608,[1.3 0.1 0.1 0.9 0.2 0.  0.6 0.2],0.23275672644376755
10,609,[1.3 0.1 0.1 0.9 0.2 0.  0.6 0.2],0.2327888458967209
10,610,[1.3 0.1 0.1 0.9 0.2 0.  0.6 0.2],0.2328002005815506
10,611,[1.3 0.1 0.1 0.9 0.2 0.  0.6 0.2],0.23281674832105637
10,612,[1.3 0.1 0.1 0.9 0.2 0.  0.6 0.2],0.23288636654615402
10,613,[1.3 0.5 0.1 0.8 0.  0.3 1.3 0.2],0.23978602141141891
10,614,[1.3 0.5 0.1 0.8 0.  0.3 1.3 0.2],0.23998380452394485
10,615,[1.3 0.5 0.1 0.8 0.  0.3 1.3 0.2],0.23998485505580902
10,616,[1.3 0.5 0.1 0.8 0.  0.3 1.3 0.2],0.24001146852970123
10,617,[1.3 0.5 0.1 0.8 0.  0.3 1.3 0.2],0.24002856016159058
10,618,[1.3 0.1 0.8 0.8 0.  0.  0.3 0.6],0.27618345618247986
10,619,[1.3 0.1 0.8 0.8 0.  0.  0.3 0.6],0.2762296348810196
10,620,[1.3 0.1 0.8 0.8 0.  0.  0.3 0.6],0.2762729376554489
10,621,[1.3 0.1 0.8 0.8 0.  0.  0.3 0.6],0.27630580961704254
10,622,[1.3 0.1 0.8 0.8 0.  0.  0.3 0.6],0.2763196676969528
10,623,[1.3 0.1 0.8 0.8 0.  0.  0.3 0.6],0.27635443210601807
10,624,[1.3 0.1 0.8 0.8 0.  0.  0.3 0.6],0.2763695865869522
10,625,[1.1 0.2 0.1 0.1 0.  0.  0.8 0.6],0.338533878326416
10,626,[1.1 0.2 0.1 0.1 0.  0.  0.8 0.6],0.33854468166828156
10,627,[1.1 0.2 0.1 0.1 0.  0.  0.8 0.6],0.3385760337114334
10,628,[1.1 0.2 0.1 0.1 0.  0.  0.8 0.6],0.3385946899652481
10,629,[1.1 0.2 0.1 0.1 0.  0.  0.8 0.6],0.3385958820581436
10,630,[1.1 0.2 0.1 0.1 0.  0.  0.8 0.6],0.3386041074991226
10,631,[1.1 0.2 0.1 0.1 0.  0.  0.8 0.6],0.3386315405368805
10,632,[1.1 0.2 0.1 0.1 0.  0.  0.8 0.6],0.3386570066213608
10,633,[1.1 0.2 0.1 0.1 0.  0.  0.8 0.6],0.3386835902929306
10,634,[1.1 0.2 0.1 0.1 0.  0.  0.8 0.6],0.3387025147676468
10,635,[1.1 0.2 0.1 0.1 0.  0.  0.8 0.6],0.3387029767036438
10,636,[1.1 0.2 0.1 0.1 0.  0.  0.8 0.6],0.33874523639678955
10,637,[1.1 0.2 0.1 0.1 0.  0.  0.8 0.6],0.338928684592247
10,638,[1.1 0.1 0.1 0.  0.  0.  1.3 0.2],0.36440588533878326
10,639,[1.1 0.1 0.1 0.  0.  0.  1.3 0.2],0.3644702583551407
10,640,[1.1 0.1 0.1 0.  0.  0.  1.3 0.2],0.36448827385902405
10,641,[1.1 0.1 0.1 0.  0.  0.  1.3 0.2],0.3645144999027252
10,642,[1.1 0.1 0.1 0.  0.  0.  1.3 0.2],0.3645155131816864
10,643,[1.1 0.1 0.1 0.  0.  0.  1.3 0.2],0.3645189553499222
10,644,[1.1 0.1 0.1 0.  0.  0.  1.3 0.2],0.364573210477829
10,645,[1.1 0.1 0.1 0.  0.  0.  1.3 0.2],0.36465276777744293
10,646,[1.3 0.2 0.1 0.  0.  1.1 1.3 0.2],0.36606889963150024
10,647,[1.3 0.1 0.1 0.8 0.5 0.  1.2 0.2],0.3879658281803131
10,648,[1.3 0.1 0.1 0.8 0.5 0.  1.2 0.2],0.388492614030838
10,649,[1.3 0.2 0.1 0.  0.  1.1 1.3 0.2],0.41595497727394104
10,650,[1.1 0.9 0.1 0.4 0.3 0.  1.1 0.2],0.4306165874004364
10,651,[1.1 0.9 0.1 0.4 0.3 0.  1.1 0.2],0.430736780166626
10,652,[1.1 0.9 0.1 0.4 0.3 0.  1.1 0.2],0.4307602494955063
10,653,[1.1 0.9 0.1 0.4 0.3 0.  1.1 0.2],0.43077608942985535
10,654,[1.1 0.9 0.1 0.4 0.3 0.  1.1 0.2],0.4307778477668762
10,655,[1.1 0.9 0.1 0.4 0.3 0.  1.1 0.2],0.43081922829151154
10,656,[1.1 0.9 0.1 0.4 0.3 0.  1.1 0.2],0.4308309406042099
10,657,[1.1 0.9 0.1 0.4 0.3 0.  1.1 0.2],0.4308478385210037
10,658,[1.1 0.9 0.1 0.4 0.3 0.  1.1 0.2],0.43086376786231995
10,659,[1.3 0.6 0.9 0.1 0.  0.6 1.3 0.2],0.4475466161966324
10,660,[1.1 0.1 0.1 1.  0.  0.8 0.7 0.8],0.46513037383556366
10,661,[1.1 0.1 0.1 1.  0.  0.8 0.7 0.8],0.46515603363513947
10,662,[1.1 0.1 0.1 1.  0.  0.8 0.7 0.8],0.4651949852705002
10,663,[1.1 0.1 0.1 1.  0.  0.8 0.7 0.8],0.46528835594654083
10,664,[1.1 0.1 0.1 1.  0.  0.8 0.7 0.8],0.4653814285993576
10,665,[1.1 0.1 0.1 1.  0.  0.8 0.7 0.8],0.4653981924057007
10,666,[1.1 0.1 0.1 1.  0.  0.8 0.7 0.8],0.4653986841440201
10,667,[1.1 0.1 0.1 1.  0.  0.8 0.7 0.8],0.4654248058795929
10,668,[1.1 0.1 0.1 1.  0.  0.8 0.7 0.8],0.46543164551258087
10,669,[0.2 0.6 1.2 0.1 0.6 0.  0.4 0.4],0.49630704522132874
10,670,[1.3 0.1 1.2 1.3 0.  0.  0.3 0. ],0.5275698006153107
10,671,[1.3 0.1 1.2 1.3 0.  0.  0.3 0. ],0.5277708470821381
10,672,[1.3 0.1 1.2 1.3 0.  0.  0.3 0. ],0.5277791917324066
10,673,[1.3 0.1 0.3 0.8 0.7 0.  0.5 0.6],0.559299647808075
10,674,[1.3 0.1 0.3 0.8 0.7 0.  0.5 0.6],0.5593478083610535
10,675,[1.3 0.1 0.3 0.8 0.7 0.  0.5 0.6],0.5595581531524658
10,676,[1.3 0.1 0.3 0.8 0.7 0.  0.5 0.6],0.5595709085464478
10,677,[1.3 0.1 0.3 0.8 0.7 0.  0.5 0.6],0.5596432387828827
10,678,[1.3 0.6 0.5 1.3 0.7 0.  1.3 1. ],0.5721691250801086
10,679,[1.3 0.6 0.5 1.3 0.7 0.  1.3 1. ],0.5746531188488007
10,680,[1.3 0.6 0.5 1.3 0.7 0.  1.3 1. ],0.5748012661933899
10,681,[1.3 0.6 0.5 1.3 0.7 0.  1.3 1. ],0.5748964846134186
10,682,[1.3 0.6 0.5 1.3 0.7 0.  1.3 1. ],0.5749090313911438
10,683,[1.3 0.6 0.5 1.3 0.7 0.  1.3 1. ],0.5751337707042694
10,684,[1.3 0.6 0.5 1.3 0.7 0.  1.3 1. ],0.5752591192722321
10,685,[1.3 0.6 0.5 1.3 0.7 0.  1.3 1. ],0.5757237374782562
10,686,[1.3 0.6 0.5 1.3 0.7 0.  1.3 1. ],0.5790582299232483
10,687,[1.3 0.6 0.9 0.1 0.  0.6 1.3 0.2],0.6263526380062103
10,688,[1.3 0.6 0.9 0.1 0.  0.6 1.3 0.2],0.6264205276966095
10,689,[1.3 0.6 0.9 0.1 0.  0.6 1.3 0.2],0.6264686286449432
10,690,[1.3 0.6 0.9 0.1 0.  0.6 1.3 0.2],0.6265039443969727
10,691,[1.3 0.6 0.9 0.1 0.  0.6 1.3 0.2],0.6265303790569305
10,692,[1.3 0.6 0.9 0.1 0.  0.6 1.3 0.2],0.6265477240085602
10,693,[1.3 0.6 0.9 0.1 0.  0.6 1.3 0.2],0.6265978217124939
10,694,[1.3 0.6 0.9 0.1 0.  0.6 1.3 0.2],0.6266399919986725
10,695,[1.3 0.6 0.9 0.1 0.  0.6 1.3 0.2],0.6266498267650604
10,696,[1.3 0.6 0.9 0.1 0.  0.6 1.3 0.2],0.6266498565673828
10,697,[1.3 0.6 0.9 0.1 0.  0.6 1.3 0.2],0.6266883015632629
10,698,[1.3 0.6 0.9 0.1 0.  0.6 1.3 0.2],0.626755028963089
10,699,[1.3 0.1 0.6 0.8 0.8 0.  1.3 0.2],0.6354643702507019
10,700,[1.3 0.1 0.6 0.8 0.8 0.  1.3 0.2],0.6358536183834076
10,701,[1.3 0.1 0.6 0.8 0.8 0.  1.3 0.2],0.6358815431594849
10,702,[1.3 0.1 0.1 0.8 0.8 0.  0.1 0.2],0.6683124303817749
10,703,[1.3 0.1 0.1 0.8 0.8 0.  0.1 0.2],0.6684299409389496
10,704,[1.3 0.1 0.1 0.8 0.8 0.  0.1 0.2],0.6692193150520325
10,705,[1.1 1.  0.1 0.  0.3 0.1 0.4 0.5],0.6833440065383911
10,706,[1.1 1.  0.1 0.  0.3 0.1 0.4 0.5],0.6833829879760742
10,707,[1.1 1.  0.1 0.  0.3 0.1 0.4 0.5],0.6833958923816681
10,708,[1.1 1.  0.1 0.  0.3 0.1 0.4 0.5],0.6833972930908203
10,709,[1.1 1.  0.1 0.  0.3 0.1 0.4 0.5],0.683397501707077
10,710,[1.1 1.  0.1 0.  0.3 0.1 0.4 0.5],0.6834295988082886
10,711,[1.1 1.  0.1 0.  0.3 0.1 0.4 0.5],0.6834953129291534
10,712,[1.1 1.  0.1 0.  0.3 0.1 0.4 0.5],0.6835013329982758
10,713,[1.1 1.  0.1 0.  0.3 0.1 0.4 0.5],0.683508425951004
10,714,[1.1 1.  0.1 0.  0.3 0.1 0.4 0.5],0.6835348308086395
10,715,[1.1 1.  0.1 0.  0.3 0.1 0.4 0.5],0.68355992436409
10,716,[1.1 1.  0.1 0.  0.3 0.1 0.4 0.5],0.6835674047470093
10,717,[1.1 1.  0.1 0.  0.3 0.1 0.4 0.5],0.6835771799087524
10,718,[1.1 1.  0.1 0.  0.3 0.1 0.4 0.5],0.6835836470127106
10,719,[1.1 1.  0.1 0.  0.3 0.1 0.4 0.5],0.6835954189300537
10,720,[1.1 1.  0.1 0.  0.3 0.1 0.4 0.5],0.6836095452308655
10,721,[1.1 1.  0.1 0.  0.3 0.1 0.4 0.5],0.6836214661598206
10,722,[1.1 1.  0.1 0.  0.3 0.1 0.4 0.5],0.6836398839950562
10,723,[1.1 1.  0.1 0.  0.3 0.1 0.4 0.5],0.6836438179016113
10,724,[1.1 1.  0.1 0.  0.3 0.1 0.4 0.5],0.68365278840065
10,725,[1.1 1.  0.1 0.  0.3 0.1 0.4 0.5],0.6837106943130493
10,726,[1.1 1.  0.1 0.  0.3 0.1 0.4 0.5],0.6837328672409058
10,727,[1.1 1.  0.1 0.  0.3 0.1 0.4 0.5],0.6837605237960815
10,728,[1.1 1.  0.1 0.  0.3 0.1 0.4 0.5],0.6837876737117767
10,729,[1.1 1.  0.1 0.  0.3 0.1 0.4 0.5],0.6837881207466125
10,730,[1.1 1.  0.1 0.  0.3 0.1 0.4 0.5],0.6839958429336548
10,731,[1.1 0.  0.6 1.  0.8 0.8 0.9 0.2],0.8806353509426117
10,732,[1.1 0.  0.6 1.  0.8 0.8 0.9 0.2],0.8806946575641632
10,733,[1.1 0.  0.6 1.  0.8 0.8 0.9 0.2],0.8808412849903107
10,734,[1.1 0.  0.6 1.  0.8 0.8 0.9 0.2],0.8808448314666748
10,735,[1.1 0.  0.6 1.  0.8 0.8 0.9 0.2],0.8809517025947571
10,736,[1.1 0.  0.6 1.  0.8 0.8 0.9 0.2],0.8809695839881897
10,737,[1.1 0.  0.6 1.  0.8 0.8 0.9 0.2],0.8811363577842712
10,738,[1.1 0.  0.1 1.  1.2 0.1 1.3 0.2],0.9449950456619263
10,739,[1.1 0.  0.1 1.  1.2 0.1 1.3 0.2],0.9451503455638885
10,740,[1.1 0.  0.1 1.  1.2 0.1 1.3 0.2],0.9453673958778381
10,741,[1.1 0.  0.1 1.  1.2 0.1 1.3 0.2],0.9454304277896881
10,742,[1.1 0.  0.1 1.  1.2 0.1 1.3 0.2],0.9462684094905853
10,743,[1.3 0.2 0.1 0.  0.  1.1 1.3 0.2],0.9583302140235901
10,744,[1.3 0.2 0.1 0.  0.  1.1 1.3 0.2],0.9583345055580139
10,745,[1.3 0.2 0.1 0.  0.  1.1 1.3 0.2],0.958366870880127
10,746,[1.3 0.2 0.1 0.  0.  1.1 1.3 0.2],0.9585202932357788
10,747,[1.3 0.2 0.1 0.  0.  1.1 1.3 0.2],0.9585697054862976
10,748,[1.3 0.2 0.1 0.  0.  1.1 1.3 0.2],0.9586367309093475
10,749,[1.3 0.1 0.4 0.8 1.2 0.  1.3 0.2],0.9633268713951111
10,750,[1.3 0.1 0.4 0.8 1.2 0.  1.3 0.2],0.9634028673171997
10,751,[1.3 0.1 0.4 0.8 1.2 0.  1.3 0.2],0.9634121060371399
10,752,[1.3 0.1 0.4 0.8 1.2 0.  1.3 0.2],0.9635906219482422
10,753,[1.3 0.1 0.4 0.8 1.2 0.  1.3 0.2],0.9640120267868042
10,754,[1.3 0.1 0.4 0.8 1.2 0.  1.3 0.2],0.9645436108112335
10,755,[1.1 0.9 0.1 0.8 1.  0.4 0.8 0.1],0.9833877086639404
10,756,[1.1 0.9 0.1 0.8 1.  0.4 0.8 0.1],0.9836502969264984
10,757,[1.1 0.9 0.1 0.8 1.  0.4 0.8 0.1],0.9836731255054474
10,758,[1.1 0.9 0.1 0.8 1.  0.4 0.8 0.1],0.983699232339859
10,759,[1.1 0.9 0.1 0.8 1.  0.4 0.8 0.1],0.9837238192558289
10,760,[1.1 0.9 0.1 0.8 1.  0.4 0.8 0.1],0.983968585729599
10,761,[1.1 0.9 0.1 0.8 1.  0.4 0.8 0.1],0.9840044379234314
10,762,[1.1 0.9 0.1 0.8 1.  0.4 0.8 0.1],0.9840134680271149
10,763,[1.1 0.9 0.1 0.8 1.  0.4 0.8 0.1],0.9842286705970764
10,764,[1.1 0.9 0.1 0.8 1.  0.4 0.8 0.1],0.9842643737792969
10,765,[1.1 0.9 0.1 0.8 1.  0.4 0.8 0.1],0.9842724502086639
10,766,[1.1 0.9 0.1 0.8 1.  0.4 0.8 0.1],0.9843129813671112
10,767,[1.1 0.9 0.1 0.8 1.  0.4 0.8 0.1],0.9843686521053314
10,768,[1.1 0.9 0.1 0.8 1.  0.4 0.8 0.1],0.9843709468841553
10,769,[1.1 0.9 0.1 0.8 1.  0.4 0.8 0.1],0.9844965040683746
10,770,[1.1 0.9 0.1 0.8 1.  0.4 0.8 0.1],0.9845387041568756
10,771,[1.1 0.9 0.1 0.8 1.  0.4 0.8 0.1],0.9845911860466003
10,772,[1.1 0.9 0.1 0.8 1.  0.4 0.8 0.1],0.9846045076847076
10,773,[1.1 0.9 0.1 0.8 1.  0.4 0.8 0.1],0.9846925139427185
10,774,[1.1 0.9 0.1 0.8 1.  0.4 0.8 0.1],0.9846946895122528
10,775,[1.1 0.9 0.1 0.8 1.  0.4 0.8 0.1],0.9849450886249542
10,776,[1.1 0.9 0.1 0.8 1.  0.4 0.8 0.1],0.9849710762500763
10,777,[1.1 0.9 0.1 0.8 1.  0.4 0.8 0.1],0.9851384162902832
10,778,[1.1 0.9 0.1 0.8 1.  0.4 0.8 0.1],0.9852193295955658
10,779,[0.2 0.6 1.2 0.1 0.6 0.  0.4 0.4],0.9869355261325836
10,780,[1.1 0.9 0.1 0.8 1.  0.4 0.8 0.1],1.0374996960163116
10,781,[1.3 0.6 0.5 1.3 0.7 0.  1.3 1. ],1.0605516135692596
10,782,[0.2 0.6 1.2 0.1 0.6 0.  0.4 0.4],1.1363260746002197
10,783,[0.2 0.6 1.2 0.1 0.6 0.  0.4 0.4],1.1363712549209595
10,784,[0.2 0.6 1.2 0.1 0.6 0.  0.4 0.4],1.1363826990127563
10,785,[0.2 0.6 1.2 0.1 0.6 0.  0.4 0.4],1.1364680528640747
10,786,[0.2 0.6 1.2 0.1 0.6 0.  0.4 0.4],1.1364811658859253
10,787,[0.2 0.6 1.2 0.1 0.6 0.  0.4 0.4],1.1365230679512024
10,788,[0.2 0.6 1.2 0.1 0.6 0.  0.4 0.4],1.1366198062896729
10,789,[0.2 0.6 1.2 0.1 0.6 0.  0.4 0.4],1.1366276741027832
10,790,[0.2 0.6 1.2 0.1 0.6 0.  0.4 0.4],1.1367233991622925
10,791,[0.2 0.6 1.2 0.1 0.6 0.  0.4 0.4],1.1367350816726685
10,792,[0.2 0.6 1.2 0.1 0.6 0.  0.4 0.4],1.1367592811584473
10,793,[0.2 0.6 1.2 0.1 0.6 0.  0.4 0.4],1.1369746923446655
10,794,[0.2 0.6 1.2 0.1 0.6 0.  0.4 0.4],1.137070894241333
10,795,[0.2 0.6 1.2 0.1 0.6 0.  0.4 0.4],1.1371639370918274
10,796,[0.2 0.6 1.2 0.1 0.6 0.  0.4 0.4],1.137168288230896
10,797,[0.2 0.6 1.2 0.1 0.6 0.  0.4 0.4],1.1372072100639343
10,798,[0.2 0.6 1.2 0.1 0.6 0.  0.4 0.4],1.2570204734802246
10,799,[0.2 0.6 1.2 0.1 0.6 0.  0.4 0.4],1.766251564025879
11,0,[1.1 1.  0.1 0.  0.3 0.1 0.4 0.5],0.02320938091725111
11,1,[0.5 0.9 0.1 0.9 1.  0.4 0.8 0.1],0.023276805877685547
11,2,[1.1 1.  0.1 1.  0.8 0.2 1.3 0.2],0.02820494771003723
11,3,[1.3 0.2 0.9 0.1 0.  0.6 1.3 0.2],0.03572116978466511
11,4,[1.3 0.2 0.9 0.1 0.  0.6 1.3 0.2],0.03572116978466511
11,5,[1.1 0.7 0.1 0.6 0.  0.  0.9 0.2],0.03764207847416401
11,6,[1.1 0.7 0.1 0.6 0.  0.  0.9 0.2],0.03764207847416401
11,7,[1.  0.  0.7 1.  0.  0.  1.3 0.2],0.03837583772838116
11,8,[1.  0.  0.7 1.  0.  0.  1.3 0.2],0.03837583772838116
11,9,[1.1 0.  0.1 1.  0.6 0.  1.3 0.2],0.03839854337275028
11,10,[1.3 0.1 0.1 0.8 0.  0.  1.3 0.2],0.049901826307177544
11,11,[1.3 0.1 0.1 0.8 0.  0.  1.3 0.2],0.049901826307177544
11,12,[0.8 0.  0.7 1.2 0.  0.  0.1 0.2],0.05231400206685066
11,13,[1.1 1.1 0.2 1.  0.3 0.1 1.  0.2],0.052554864436388016
11,14,[1.3 0.1 0.1 0.9 0.  0.  1.3 0.2],0.06057929992675781
11,15,[1.3 0.1 0.1 0.9 0.  0.  1.3 0.2],0.06057929992675781
11,16,[1.3 0.1 0.1 0.8 0.  0.  1.3 0.2],0.06808621436357498
11,17,[1.3 0.1 0.1 0.8 0.  0.  1.3 0.2],0.06813188642263412
11,18,[1.3 0.1 0.1 0.8 0.  0.  1.3 0.2],0.06822440773248672
11,19,[1.3 0.1 0.1 0.7 0.  0.  1.3 0. ],0.06856748834252357
11,20,[1.1 0.  0.1 1.  0.  0.  1.3 0.2],0.08383169397711754
11,21,[1.1 0.  0.1 1.  0.  0.  1.3 0.2],0.0839194804430008
11,22,[1.1 0.  0.1 1.  0.  0.  1.3 0.2],0.08392365649342537
11,23,[1.1 0.  0.1 1.  0.  0.  1.3 0.2],0.08392442017793655
11,24,[1.1 0.  0.1 1.  0.  0.  1.3 0.2],0.0839381143450737
11,25,[1.1 0.  0.1 1.  0.  0.  1.3 0.2],0.08393985405564308
11,26,[1.1 0.  0.1 1.  0.  0.  1.3 0.2],0.08394545316696167
11,27,[1.1 0.  0.1 1.  0.  0.  1.3 0.2],0.08401233702898026
11,28,[1.1 0.  0.1 1.  0.  0.  1.3 0.2],0.08401418849825859
11,29,[1.1 0.  0.1 1.  0.  0.  1.3 0.2],0.08401545509696007
11,30,[1.1 0.  0.1 1.  0.  0.  1.3 0.2],0.0840519554913044
11,31,[1.1 0.1 0.1 1.  0.  0.  1.3 0.9],0.0840659886598587
11,32,[1.3 0.1 0.3 0.9 0.  0.  1.3 0. ],0.08432222157716751
11,33,[1.3 0.1 0.2 0.9 0.  0.  1.3 1.2],0.0914243645966053
11,34,[1.3 0.1 0.1 0.9 0.  0.  1.3 0.2],0.0914534218609333
11,35,[1.3 0.1 0.1 0.9 1.3 1.  1.3 0.2],0.09145428985357285
11,36,[1.3 0.1 0.1 0.9 0.  0.  1.3 0.2],0.09148994460701942
11,37,[1.3 0.1 0.1 0.9 0.  0.  1.3 0.2],0.09149195998907089
11,38,[1.3 0.1 0.1 0.9 0.  0.  1.3 0.2],0.09153164178133011
11,39,[1.3 0.1 0.1 0.9 0.  0.  1.3 0.2],0.09153766557574272
11,40,[1.3 0.1 0.2 0.9 0.  0.  1.3 1.2],0.13713084906339645
11,41,[1.3 0.1 0.2 0.9 0.  0.  1.3 1.2],0.13713695108890533
11,42,[1.3 0.1 0.2 0.9 0.  0.  1.3 1.2],0.13714103400707245
11,43,[1.3 0.1 0.2 0.9 0.  0.  1.3 1.2],0.13715378195047379
11,44,[1.3 0.1 0.2 0.9 0.  0.  1.3 1.2],0.13715455681085587
11,45,[1.3 0.1 0.2 0.9 0.  0.  1.3 1.2],0.1371685490012169
11,46,[1.3 0.1 0.2 0.9 0.  0.  1.3 1.2],0.1371879205107689
11,47,[1.3 0.1 0.3 0.9 0.  0.  1.3 0. ],0.13821376115083694
11,48,[1.3 0.1 0.3 0.9 0.  0.  1.3 0. ],0.1382593810558319
11,49,[1.3 0.1 0.3 0.9 0.  0.  1.3 0. ],0.13831645995378494
11,50,[1.3 0.1 0.3 0.9 0.  0.  1.3 0. ],0.13832640647888184
11,51,[1.3 0.1 0.3 0.9 0.  0.  1.3 0. ],0.13833096623420715
11,52,[1.3 0.1 0.3 0.9 0.  0.  1.3 0. ],0.13833553344011307
11,53,[1.3 0.1 0.3 0.9 0.  0.  1.3 0. ],0.13836973160505295
11,54,[1.3 0.1 0.3 0.9 0.  0.  1.3 0. ],0.1383802443742752
11,55,[1.3 0.1 0.3 0.9 0.  0.  1.3 0. ],0.13838325440883636
11,56,[1.3 0.1 0.3 0.9 0.  0.  1.3 0. ],0.13838529586791992
11,57,[1.3 0.1 0.3 0.9 0.  0.  1.3 0. ],0.1383858397603035
11,58,[1.3 0.1 0.3 0.9 0.  0.  1.3 0. ],0.13839536905288696
11,59,[1.3 0.1 0.3 0.9 0.  0.  1.3 0. ],0.13840898126363754
11,60,[1.3 0.1 0.3 0.9 0.  0.  1.3 0. ],0.13842115551233292
11,61,[1.3 0.1 0.3 0.9 0.  0.  1.3 0. ],0.1384410262107849
11,62,[1.3 0.1 0.3 0.9 0.  0.  1.3 0. ],0.1384558454155922
11,63,[1.3 0.1 0.3 0.9 0.  0.  1.3 0. ],0.1384730041027069
11,64,[1.3 0.1 0.3 0.9 0.  0.  1.3 0. ],0.13850516080856323
11,65,[1.3 0.1 0.3 0.9 0.  0.  1.3 0. ],0.13853595405817032
11,66,[1.3 0.1 0.1 0.9 0.  0.  1.3 0.2],0.14004304260015488
11,67,[1.3 0.1 0.1 0.9 0.  0.  1.3 0.2],0.1401095986366272
11,68,[1.3 0.1 0.1 0.9 0.  0.  1.3 0.2],0.14011239260435104
11,69,[1.3 0.1 0.1 0.9 0.  0.  1.3 0.2],0.14013487100601196
11,70,[1.3 0.1 0.1 0.9 0.  0.  1.3 0.2],0.14014433324337006
11,71,[1.3 0.1 0.1 0.9 0.  0.  1.3 0.2],0.14014882594347
11,72,[1.3 0.1 0.1 0.9 0.  0.  1.3 0.2],0.14015543460845947
11,73,[1.3 0.1 0.1 0.9 0.  0.  1.3 0.2],0.14016231894493103
11,74,[1.3 0.1 0.1 0.9 0.  0.  1.3 0.2],0.14016259461641312
11,75,[1.3 0.1 0.1 0.9 0.  0.  1.3 0.2],0.14017312228679657
11,76,[1.3 0.1 0.1 0.9 0.  0.  1.3 0.2],0.14017803221940994
11,77,[1.3 0.1 0.1 0.9 0.  0.  1.3 0.2],0.14018375426530838
11,78,[1.3 0.1 0.1 0.9 0.  0.  1.3 0.2],0.14018765836954117
11,79,[1.3 0.1 0.1 0.9 0.  0.  1.3 0.2],0.1401878297328949
11,80,[1.3 0.1 0.1 0.9 0.  0.  1.3 0.2],0.14019043743610382
11,81,[1.3 0.1 0.1 0.9 0.  0.  1.3 0.2],0.14019440859556198
11,82,[1.3 0.1 0.1 0.9 0.  0.  1.3 0.2],0.14019544422626495
11,83,[1.3 0.1 0.1 0.9 0.  0.  1.3 0.2],0.14019550383090973
11,84,[1.3 0.1 0.1 0.9 0.  0.  1.3 0.2],0.1401979923248291
11,85,[1.3 0.1 0.1 0.9 0.  0.  1.3 0.2],0.14020876586437225
11,86,[1.3 0.1 0.1 0.9 0.  0.  1.3 0.2],0.1402115374803543
11,87,[1.3 0.1 0.1 0.9 0.  0.  1.3 0.2],0.1402122974395752
11,88,[1.3 0.1 0.1 0.9 0.  0.  1.3 0.2],0.14021982997655869
11,89,[1.3 0.1 0.1 0.9 0.  0.  1.3 0.2],0.14022337645292282
11,90,[1.3 0.1 0.1 0.9 0.  0.  1.3 0.2],0.14022406935691833
11,91,[1.3 0.1 0.1 0.9 0.  0.  1.3 0.2],0.1402241736650467
11,92,[1.3 0.1 0.1 0.9 0.  0.  1.3 0.2],0.1402319222688675
11,93,[1.3 0.1 0.1 0.9 0.  0.  1.3 0.2],0.1402355283498764
11,94,[1.3 0.1 0.1 0.9 0.  0.  1.3 0.2],0.14023856818675995
11,95,[1.3 0.1 0.1 0.9 0.  0.  1.3 0.2],0.14023862779140472
11,96,[1.3 0.1 0.1 0.9 0.  0.  1.3 0.2],0.1402391642332077
11,97,[1.3 0.1 0.1 0.9 0.  0.  1.3 0.2],0.14023984968662262
11,98,[1.3 0.1 0.1 0.9 0.  0.  1.3 0.2],0.14024057984352112
11,99,[1.3 0.1 0.1 0.9 0.  0.  1.3 0.2],0.1402522772550583
11,100,[1.3 0.1 0.1 0.9 0.  0.  1.3 0.2],0.14025483280420303
11,101,[1.3 0.1 0.1 0.9 0.  0.  1.3 0.2],0.14025504887104034
11,102,[1.3 0.1 0.1 0.9 0.  0.  1.3 0.2],0.14025694876909256
11,103,[1.3 0.1 0.1 0.9 0.  0.  1.3 0.2],0.1402582898736
11,104,[1.3 0.1 0.1 0.9 0.  0.  1.3 0.2],0.14025840163230896
11,105,[1.3 0.1 0.1 0.9 0.  0.  1.3 0.2],0.14025915414094925
11,106,[1.3 0.1 0.1 0.9 0.  0.  1.3 0.2],0.1402653083205223
11,107,[1.3 0.1 0.1 0.9 0.  0.  1.3 0.2],0.14027376472949982
11,108,[1.3 0.1 0.1 0.9 0.  0.  1.3 0.2],0.14027397334575653
11,109,[1.3 0.1 0.1 0.9 0.  0.  1.3 0.2],0.14027433842420578
11,110,[1.3 0.1 0.1 0.9 0.  0.  1.3 0.2],0.14027562737464905
11,111,[1.3 0.1 0.1 0.9 0.  0.  1.3 0.2],0.14027774333953857
11,112,[1.3 0.1 0.1 0.9 0.  0.  1.3 0.2],0.14027810841798782
11,113,[1.3 0.1 0.1 0.9 0.  0.  1.3 0.2],0.14027968049049377
11,114,[1.3 0.1 0.1 0.9 0.  0.  1.3 0.2],0.14027992635965347
11,115,[1.3 0.1 0.1 0.9 0.  0.  1.3 0.2],0.14028088748455048
11,116,[1.3 0.1 0.1 0.9 0.  0.  1.3 0.2],0.1402880698442459
11,117,[1.3 0.1 0.1 0.9 0.  0.  1.3 0.2],0.1402883604168892
11,118,[1.3 0.1 0.1 0.9 0.  0.  1.3 0.2],0.14029012620449066
11,119,[1.3 0.1 0.1 0.9 0.  0.  1.3 0.2],0.14029203355312347
11,120,[1.3 0.1 0.1 0.9 0.  0.  1.3 0.2],0.14029242098331451
11,121,[1.3 0.1 0.1 0.9 0.  0.  1.3 0.2],0.1402982920408249
11,122,[1.3 0.1 0.1 0.9 0.  0.  1.3 0.2],0.14029844850301743
11,123,[1.3 0.1 0.1 0.9 0.  0.  1.3 0.2],0.14030177146196365
11,124,[1.3 0.1 0.1 0.9 0.  0.  1.3 0.2],0.1403040885925293
11,125,[1.3 0.1 0.1 0.9 0.  0.  1.3 0.2],0.1403053179383278
11,126,[1.3 0.1 0.1 0.9 0.  0.  1.3 0.2],0.14030663669109344
11,127,[1.3 0.1 0.1 0.9 0.  0.  1.3 0.2],0.14031106978654861
11,128,[1.3 0.1 0.1 0.9 0.  0.  1.3 0.2],0.14031275361776352
11,129,[1.3 0.1 0.1 0.9 0.  0.  1.3 0.2],0.1403127908706665
11,130,[1.3 0.1 0.1 0.9 0.  0.  1.3 0.2],0.14031308889389038
11,131,[1.3 0.1 0.1 0.9 0.  0.  1.3 0.2],0.14031369239091873
11,132,[1.3 0.1 0.1 0.9 0.  0.  1.3 0.2],0.14031607657670975
11,133,[1.3 0.1 0.1 0.9 0.  0.  1.3 0.2],0.14031996577978134
11,134,[1.3 0.1 0.1 0.9 0.  0.  1.3 0.2],0.14032075554132462
11,135,[1.3 0.1 0.1 0.9 0.  0.  1.3 0.2],0.14032329618930817
11,136,[1.3 0.1 0.1 0.9 0.  0.  1.3 0.2],0.14032474905252457
11,137,[1.3 0.1 0.1 0.9 0.  0.  1.3 0.2],0.14032716304063797
11,138,[1.3 0.1 0.1 0.9 0.  0.  1.3 0.2],0.14032863825559616
11,139,[1.3 0.1 0.1 0.9 0.  0.  1.3 0.2],0.140335351228714
11,140,[1.3 0.1 0.1 0.9 0.  0.  1.3 0.2],0.14034021645784378
11,141,[1.3 0.1 0.1 0.9 0.  0.  1.3 0.2],0.14034121483564377
11,142,[1.3 0.1 0.1 0.9 0.  0.  1.3 0.2],0.14034369587898254
11,143,[1.3 0.1 0.1 0.9 0.  0.  1.3 0.2],0.14035670459270477
11,144,[1.3 0.1 0.1 0.9 0.  0.  1.3 0.2],0.14035674929618835
11,145,[1.3 0.1 0.1 0.9 0.  0.  1.3 0.2],0.14035683870315552
11,146,[1.3 0.1 0.1 0.9 0.  0.  1.3 0.2],0.14035812765359879
11,147,[1.3 0.1 0.1 0.9 0.  0.  1.3 0.2],0.14035844802856445
11,148,[1.3 0.1 0.1 0.9 0.  0.  1.3 0.2],0.1403735801577568
11,149,[1.3 0.1 0.1 0.9 0.  0.  1.3 0.2],0.14037494361400604
11,150,[1.3 0.1 0.1 0.9 0.  0.  1.3 0.2],0.14037999510765076
11,151,[1.3 0.1 0.1 0.9 0.  0.  1.3 0.2],0.14038166403770447
11,152,[1.3 0.1 0.1 0.9 0.  0.  1.3 0.2],0.14038299769163132
11,153,[1.3 0.1 0.1 0.9 0.  0.  1.3 0.2],0.14038830250501633
11,154,[1.3 0.1 0.1 0.9 0.  0.  1.3 0.2],0.1403949037194252
11,155,[1.3 0.1 0.1 0.9 0.  0.  1.3 0.2],0.14039494097232819
11,156,[1.3 0.1 0.1 0.9 0.  0.  1.3 0.2],0.14039746671915054
11,157,[1.3 0.1 0.1 0.9 0.  0.  1.3 0.2],0.14040103554725647
11,158,[1.3 0.1 0.1 0.9 0.  0.  1.3 0.2],0.14041739702224731
11,159,[1.3 0.1 0.1 0.9 0.  0.  1.3 0.2],0.14041925221681595
11,160,[1.3 0.1 0.1 0.9 0.  0.  1.3 0.2],0.14042172580957413
11,161,[1.3 0.1 0.1 0.9 0.  0.  1.3 0.2],0.14042741805315018
11,162,[1.3 0.1 0.1 0.9 0.  0.  1.3 0.2],0.14043299853801727
11,163,[1.3 0.1 0.1 0.9 0.  0.  1.3 0.2],0.1404653713107109
11,164,[1.3 0.1 0.1 0.9 0.  0.  1.3 0.2],0.14046799391508102
11,165,[1.3 0.1 0.3 0.8 0.  0.  1.3 0.6],0.14054999500513077
11,166,[1.3 0.1 0.3 0.8 0.  0.  1.3 0.6],0.14056556671857834
11,167,[1.3 0.1 0.3 0.8 0.  0.  1.3 0.6],0.14057555049657822
11,168,[1.3 0.1 0.3 0.8 0.  0.  1.3 0.6],0.1405755802989006
11,169,[1.3 0.1 0.3 0.8 0.  0.  1.3 0.6],0.14065200835466385
11,170,[1.3 0.1 0.3 0.8 0.  0.  1.3 0.6],0.14065226912498474
11,171,[1.3 0.1 0.3 0.8 0.  0.  1.3 0.6],0.14065228402614594
11,172,[1.3 0.1 0.3 0.8 0.  0.  1.3 0.6],0.1406528204679489
11,173,[1.3 0.1 0.3 0.8 0.  0.  1.3 0.6],0.1406574621796608
11,174,[1.3 0.1 0.3 0.8 0.  0.  1.3 0.6],0.14066509157419205
11,175,[1.3 0.1 0.3 0.8 0.  0.  1.3 0.6],0.1406661719083786
11,176,[1.3 0.1 0.3 0.8 0.  0.  1.3 0.6],0.1406678482890129
11,177,[1.3 0.1 0.3 0.8 0.  0.  1.3 0.6],0.14067280292510986
11,178,[1.3 0.1 0.3 0.8 0.  0.  1.3 0.6],0.140679731965065
11,179,[1.3 0.1 0.3 0.8 0.  0.  1.3 0.6],0.1406850591301918
11,180,[1.3 0.1 0.3 0.8 0.  0.  1.3 0.6],0.14068729430437088
11,181,[1.3 0.1 0.3 0.8 0.  0.  1.3 0.6],0.1406896933913231
11,182,[1.3 0.1 0.3 0.8 0.  0.  1.3 0.6],0.14071191102266312
11,183,[1.3 0.1 0.3 0.8 0.  0.  1.3 0.6],0.1407896876335144
11,184,[1.3 0.1 0.3 0.8 0.  0.  1.3 0.6],0.14081009477376938
11,185,[1.1 0.  0.1 1.  0.  0.  1.3 0.2],0.1413477584719658
11,186,[1.1 0.  0.1 1.  0.  0.  1.3 0.2],0.14137859642505646
11,187,[1.1 0.  0.1 1.  0.  0.  1.3 0.2],0.14139080792665482
11,188,[1.1 0.  0.1 1.  0.  0.  1.3 0.2],0.141391322016716
11,189,[1.1 0.  0.1 1.  0.  0.  1.3 0.2],0.14141210168600082
11,190,[1.1 0.  0.1 1.  0.  0.  1.3 0.2],0.14142034202814102
11,191,[1.1 0.  0.1 1.  0.  0.  1.3 0.2],0.14142397046089172
11,192,[1.1 0.  0.1 1.  0.  0.  1.3 0.2],0.14142625778913498
11,193,[1.1 0.  0.1 1.  0.  0.  1.3 0.2],0.1414310783147812
11,194,[1.1 0.  0.1 1.  0.  0.  1.3 0.2],0.14143971353769302
11,195,[1.1 0.  0.1 1.  0.  0.  1.3 0.2],0.141443632543087
11,196,[1.1 0.  0.1 1.  0.  0.  1.3 0.2],0.14146292954683304
11,197,[1.1 0.  0.1 1.  0.  0.  1.3 0.2],0.14147060364484787
11,198,[1.1 0.  0.1 1.  0.  0.  1.3 0.2],0.14147653430700302
11,199,[1.1 0.  0.1 1.  0.  0.  1.3 0.2],0.14148470014333725
11,200,[1.1 0.  0.1 1.  0.  0.  1.3 0.2],0.1414865329861641
11,201,[1.1 0.  0.1 1.  0.  0.  1.3 0.2],0.14148785173892975
11,202,[1.1 0.  0.1 1.  0.  0.  1.3 0.2],0.14149139821529388
11,203,[1.1 0.  0.1 1.  0.  0.  1.3 0.2],0.141493059694767
11,204,[1.1 0.  0.1 1.  0.  0.  1.3 0.2],0.14149616658687592
11,205,[1.1 0.  0.1 1.  0.  0.  1.3 0.2],0.14149713516235352
11,206,[1.1 0.  0.1 1.  0.  0.  1.3 0.2],0.14150147885084152
11,207,[1.1 0.  0.1 1.  0.  0.  1.3 0.2],0.14150386303663254
11,208,[1.1 0.  0.1 1.  0.  0.  1.3 0.2],0.14150535315275192
11,209,[1.1 0.  0.1 1.  0.  0.  1.3 0.2],0.14150705933570862
11,210,[1.1 0.  0.1 1.  0.  0.  1.3 0.2],0.14151032269001007
11,211,[1.1 0.  0.1 1.  0.  0.  1.3 0.2],0.14151226729154587
11,212,[1.1 0.  0.1 1.  0.  0.  1.3 0.2],0.1415133699774742
11,213,[1.1 0.  0.1 1.  0.  0.  1.3 0.2],0.1415185108780861
11,214,[1.1 0.  0.1 1.  0.  0.  1.3 0.2],0.1415218934416771
11,215,[1.1 0.  0.1 1.  0.  0.  1.3 0.2],0.14152193069458008
11,216,[1.1 0.  0.1 1.  0.  0.  1.3 0.2],0.14152447879314423
11,217,[1.1 0.  0.1 1.  0.  0.  1.3 0.2],0.1415255293250084
11,218,[1.1 0.  0.1 1.  0.  0.  1.3 0.2],0.14152593165636063
11,219,[1.1 0.  0.1 1.  0.  0.  1.3 0.2],0.14152825623750687
11,220,[1.1 0.  0.1 1.  0.  0.  1.3 0.2],0.14153090119361877
11,221,[1.1 0.  0.1 1.  0.  0.  1.3 0.2],0.14153099805116653
11,222,[1.1 0.  0.1 1.  0.  0.  1.3 0.2],0.14153196662664413
11,223,[1.1 0.  0.1 1.  0.  0.  1.3 0.2],0.14153283834457397
11,224,[1.1 0.  0.1 1.  0.  0.  1.3 0.2],0.14153288304805756
11,225,[1.1 0.  0.1 1.  0.  0.  1.3 0.2],0.14153631776571274
11,226,[1.1 0.  0.1 1.  0.  0.  1.3 0.2],0.14153778553009033
11,227,[1.1 0.  0.1 1.  0.  0.  1.3 0.2],0.14153914153575897
11,228,[1.1 0.  0.1 1.  0.  0.  1.3 0.2],0.1415402963757515
11,229,[1.1 0.  0.1 1.  0.  0.  1.3 0.2],0.14154169708490372
11,230,[1.1 0.  0.1 1.  0.  0.  1.3 0.2],0.14154353737831116
11,231,[1.1 0.  0.1 1.  0.  0.  1.3 0.2],0.14154894649982452
11,232,[1.1 0.  0.1 1.  0.  0.  1.3 0.2],0.1415524110198021
11,233,[1.1 0.  0.1 1.  0.  0.  1.3 0.2],0.14155371487140656
11,234,[1.1 0.  0.1 1.  0.  0.  1.3 0.2],0.14155881851911545
11,235,[1.1 0.  0.1 1.  0.  0.  1.3 0.2],0.14156042784452438
11,236,[1.1 0.  0.1 1.  0.  0.  1.3 0.2],0.14156293123960495
11,237,[1.1 0.  0.1 1.  0.  0.  1.3 0.2],0.14156301319599152
11,238,[1.1 0.  0.1 1.  0.  0.  1.3 0.2],0.14156591892242432
11,239,[1.1 0.  0.1 1.  0.  0.  1.3 0.2],0.14156701415777206
11,240,[1.1 0.  0.1 1.  0.  0.  1.3 0.2],0.14156711101531982
11,241,[1.1 0.  0.1 1.  0.  0.  1.3 0.2],0.14157257974147797
11,242,[1.1 0.  0.1 1.  0.  0.  1.3 0.2],0.14157332479953766
11,243,[1.1 0.  0.1 1.  0.  0.  1.3 0.2],0.14157512038946152
11,244,[1.1 0.  0.1 1.  0.  0.  1.3 0.2],0.14157818257808685
11,245,[1.1 0.  0.1 1.  0.  0.  1.3 0.2],0.1415792480111122
11,246,[1.1 0.  0.1 1.  0.  0.  1.3 0.2],0.14158008992671967
11,247,[1.1 0.  0.1 1.  0.  0.  1.3 0.2],0.14158420264720917
11,248,[1.1 0.  0.1 1.  0.  0.  1.3 0.2],0.14158452302217484
11,249,[1.1 0.  0.1 1.  0.  0.  1.3 0.2],0.14158501476049423
11,250,[1.1 0.  0.1 1.  0.  0.  1.3 0.2],0.14158564060926437
11,251,[1.1 0.  0.1 1.  0.  0.  1.3 0.2],0.14158757030963898
11,252,[1.1 0.  0.1 1.  0.  0.  1.3 0.2],0.14158931374549866
11,253,[1.1 0.  0.1 1.  0.  0.  1.3 0.2],0.14159021526575089
11,254,[1.1 0.  0.1 1.  0.  0.  1.3 0.2],0.14159021526575089
11,255,[1.1 0.  0.1 1.  0.  0.  1.3 0.2],0.1415906697511673
11,256,[1.1 0.  0.1 1.  0.  0.  1.3 0.2],0.14159076660871506
11,257,[1.1 0.  0.1 1.  0.  0.  1.3 0.2],0.1415916308760643
11,258,[1.1 0.  0.1 1.  0.  0.  1.3 0.2],0.14159522205591202
11,259,[1.1 0.  0.1 1.  0.  0.  1.3 0.2],0.1415974646806717
11,260,[1.1 0.  0.1 1.  0.  0.  1.3 0.2],0.14160100370645523
11,261,[1.1 0.  0.1 1.  0.  0.  1.3 0.2],0.14160268008708954
11,262,[1.1 0.  0.1 1.  0.  0.  1.3 0.2],0.14160342514514923
11,263,[1.1 0.  0.1 1.  0.  0.  1.3 0.2],0.1416058912873268
11,264,[1.1 0.  0.1 1.  0.  0.  1.3 0.2],0.141605906188488
11,265,[1.1 0.  0.1 1.  0.  0.  1.3 0.2],0.1416063979268074
11,266,[1.1 0.  0.1 1.  0.  0.  1.3 0.2],0.14160960167646408
11,267,[1.1 0.  0.1 1.  0.  0.  1.3 0.2],0.14160960167646408
11,268,[1.1 0.  0.1 1.  0.  0.  1.3 0.2],0.14160984009504318
11,269,[1.1 0.  0.1 1.  0.  0.  1.3 0.2],0.14161191880702972
11,270,[1.1 0.  0.1 1.  0.  0.  1.3 0.2],0.1416122019290924
11,271,[1.1 0.  0.1 1.  0.  0.  1.3 0.2],0.1416151076555252
11,272,[1.1 0.  0.1 1.  0.  0.  1.3 0.2],0.1416156068444252
11,273,[1.1 0.  0.1 1.  0.  0.  1.3 0.2],0.14161668717861176
11,274,[1.1 0.  0.1 1.  0.  0.  1.3 0.2],0.1416216865181923
11,275,[1.1 0.  0.1 1.  0.  0.  1.3 0.2],0.14162639528512955
11,276,[1.1 0.  0.1 1.  0.  0.  1.3 0.2],0.1416279599070549
11,277,[1.1 0.  0.1 1.  0.  0.  1.3 0.2],0.1416282281279564
11,278,[1.1 0.  0.1 1.  0.  0.  1.3 0.2],0.14162865281105042
11,279,[1.1 0.  0.1 1.  0.  0.  1.3 0.2],0.14163075387477875
11,280,[1.1 0.  0.1 1.  0.  0.  1.3 0.2],0.1416318267583847
11,281,[1.1 0.  0.1 1.  0.  0.  1.3 0.2],0.14163348823785782
11,282,[1.1 0.  0.1 1.  0.  0.  1.3 0.2],0.14163392782211304
11,283,[1.1 0.  0.1 1.  0.  0.  1.3 0.2],0.1416357234120369
11,284,[1.1 0.  0.1 1.  0.  0.  1.3 0.2],0.1416362151503563
11,285,[1.1 0.  0.1 1.  0.  0.  1.3 0.2],0.14163661003112793
11,286,[1.1 0.  0.1 1.  0.  0.  1.3 0.2],0.1416366696357727
11,287,[1.1 0.  0.1 1.  0.  0.  1.3 0.2],0.14163821190595627
11,288,[1.1 0.  0.1 1.  0.  0.  1.3 0.2],0.14163879305124283
11,289,[1.1 0.  0.1 1.  0.  0.  1.3 0.2],0.141640305519104
11,290,[1.1 0.  0.1 1.  0.  0.  1.3 0.2],0.14164457470178604
11,291,[1.1 0.  0.1 1.  0.  0.  1.3 0.2],0.14164501428604126
11,292,[1.1 0.  0.1 1.  0.  0.  1.3 0.2],0.14164793491363525
11,293,[1.1 0.  0.1 1.  0.  0.  1.3 0.2],0.14164860546588898
11,294,[1.1 0.  0.1 1.  0.  0.  1.3 0.2],0.14165054261684418
11,295,[1.1 0.  0.1 1.  0.  0.  1.3 0.2],0.14166360348463058
11,296,[1.1 0.  0.1 1.  0.  0.  1.3 0.2],0.14166540652513504
11,297,[1.1 0.  0.1 1.  0.  0.  1.3 0.2],0.14166870713233948
11,298,[1.1 0.  0.1 1.  0.  0.  1.3 0.2],0.14166979491710663
11,299,[1.1 0.  0.1 1.  0.  0.  1.3 0.2],0.14167461544275284
11,300,[1.1 0.  0.1 1.  0.  0.  1.3 0.2],0.14167596399784088
11,301,[1.1 0.  0.1 1.  0.  0.  1.3 0.2],0.14167949557304382
11,302,[1.1 0.  0.1 1.  0.  0.  1.3 0.2],0.14168095588684082
11,303,[1.1 0.  0.1 1.  0.  0.  1.3 0.2],0.14168236404657364
11,304,[1.1 0.  0.1 1.  0.  0.  1.3 0.2],0.14168385416269302
11,305,[1.1 0.  0.1 1.  0.  0.  1.3 0.2],0.14168698340654373
11,306,[1.1 0.  0.1 1.  0.  0.  1.3 0.2],0.14168930053710938
11,307,[1.1 0.  0.1 1.  0.  0.  1.3 0.2],0.1416902095079422
11,308,[1.1 0.  0.1 1.  0.  0.  1.3 0.2],0.14169041067361832
11,309,[1.1 0.  0.1 1.  0.  0.  1.3 0.2],0.14169660210609436
11,310,[1.1 0.  0.1 1.  0.  0.  1.3 0.2],0.14169781655073166
11,311,[1.1 0.  0.1 1.  0.  0.  1.3 0.2],0.14170046895742416
11,312,[1.1 0.  0.1 1.  0.  0.  1.3 0.2],0.14170493185520172
11,313,[1.1 0.  0.1 1.  0.  0.  1.3 0.2],0.14170725643634796
11,314,[1.1 0.  0.1 1.  0.  0.  1.3 0.2],0.14171811193227768
11,315,[1.1 0.  0.1 1.  0.  0.  1.3 0.2],0.14171987026929855
11,316,[1.1 0.  0.1 1.  0.  0.  1.3 0.2],0.14172745496034622
11,317,[1.1 0.  0.1 1.  0.  0.  1.3 0.2],0.14175374805927277
11,318,[1.1 0.  0.1 1.  0.  0.  1.3 0.2],0.14175377786159515
11,319,[1.1 0.  0.1 1.  0.  0.  1.3 0.2],0.14177099615335464
11,320,[1.1 0.  0.1 1.  0.  0.  1.3 0.2],0.1417766809463501
11,321,[1.1 0.  0.1 1.  0.  0.  1.3 0.2],0.14177971333265305
11,322,[1.1 0.  0.1 1.  0.  0.  1.3 0.2],0.14177972078323364
11,323,[1.1 0.  0.1 1.  0.  0.  1.3 0.2],0.14179451763629913
11,324,[1.1 0.  0.1 1.  0.  0.  1.3 0.2],0.14180587232112885
11,325,[1.1 0.  0.1 1.  0.  0.  1.3 0.2],0.14181270450353622
11,326,[1.1 0.  0.1 1.  0.  0.  1.3 0.2],0.1418132707476616
11,327,[1.1 0.  0.1 1.  0.  0.  1.3 0.2],0.14188992232084274
11,328,[1.3 0.1 0.1 0.8 0.  0.  1.3 0. ],0.14203793555498123
11,329,[1.3 0.1 0.1 0.8 0.  0.  1.3 0. ],0.14206299930810928
11,330,[1.3 0.1 0.1 0.8 0.  0.  1.3 0.2],0.14208277314901352
11,331,[1.3 0.1 0.1 0.8 0.  0.  1.3 0.2],0.1420833021402359
11,332,[1.3 0.1 0.1 0.8 0.  0.  1.3 0.2],0.14210189133882523
11,333,[1.3 0.1 0.1 0.8 0.  0.  1.3 0.2],0.14210306853055954
11,334,[1.3 0.1 0.1 0.8 0.  0.  1.3 0.2],0.142107255756855
11,335,[1.3 0.1 0.1 0.8 0.  0.  1.3 0.2],0.1421249359846115
11,336,[1.3 0.1 0.1 0.8 0.  0.  1.3 0.2],0.1421263962984085
11,337,[1.3 0.1 0.1 0.8 0.  0.  1.3 0.2],0.1421341449022293
11,338,[1.3 0.1 0.1 0.8 0.  0.  1.3 0.2],0.14213482290506363
11,339,[1.3 0.1 0.1 0.8 0.  0.  1.3 0.2],0.1421375796198845
11,340,[1.3 0.1 0.1 0.8 0.  0.  1.3 0.2],0.1421452984213829
11,341,[1.3 0.1 0.1 0.8 0.  0.  1.3 0.2],0.14215415716171265
11,342,[1.3 0.1 0.1 0.8 0.  0.  1.3 0.2],0.14216427505016327
11,343,[1.3 0.1 0.1 0.8 0.  0.  1.3 0.2],0.14216474443674088
11,344,[1.3 0.1 0.1 0.8 0.  0.  1.3 0.2],0.1421678364276886
11,345,[1.3 0.1 0.1 0.8 0.  0.  1.3 0.2],0.14217018336057663
11,346,[1.3 0.1 0.1 0.8 0.  0.  1.3 0.2],0.14218224585056305
11,347,[1.3 0.1 0.1 0.8 0.  0.  1.3 0.2],0.14218420535326004
11,348,[1.3 0.1 0.1 0.8 0.  0.  1.3 0.2],0.14218588173389435
11,349,[1.3 0.1 0.1 0.8 0.  0.  1.3 0.2],0.1421859785914421
11,350,[1.3 0.1 0.1 0.8 0.  0.  1.3 0.2],0.14218627661466599
11,351,[1.3 0.1 0.1 0.8 0.  0.  1.3 0.2],0.14218655973672867
11,352,[1.3 0.1 0.1 0.8 0.  0.  1.3 0.2],0.14218737930059433
11,353,[1.3 0.1 0.1 0.8 0.  0.  1.3 0.2],0.14218779653310776
11,354,[1.3 0.1 0.1 0.8 0.  0.  1.3 0.2],0.1421886458992958
11,355,[1.3 0.1 0.1 0.8 0.  0.  1.3 0.2],0.14218903332948685
11,356,[1.3 0.1 0.1 0.8 0.  0.  1.3 0.2],0.14219648391008377
11,357,[1.3 0.1 0.1 0.8 0.  0.  1.3 0.2],0.14220044761896133
11,358,[1.3 0.1 0.1 0.8 0.  0.  1.3 0.2],0.14220701158046722
11,359,[1.3 0.1 0.1 0.8 0.  0.  1.3 0.2],0.14220737665891647
11,360,[1.3 0.1 0.1 0.8 0.  0.  1.3 0.2],0.1422087401151657
11,361,[1.3 0.1 0.1 0.8 0.  0.  1.3 0.2],0.14221222698688507
11,362,[1.3 0.1 0.1 0.8 0.  0.  1.3 0.2],0.14221572875976562
11,363,[1.3 0.1 0.1 0.8 0.  0.  1.3 0.2],0.14221849292516708
11,364,[1.3 0.1 0.1 0.8 0.  0.  1.3 0.2],0.14221913367509842
11,365,[1.3 0.1 0.1 0.8 0.  0.  1.3 0.2],0.14222059398889542
11,366,[1.3 0.1 0.1 0.8 0.  0.  1.3 0.2],0.14222119003534317
11,367,[1.3 0.1 0.1 0.8 0.  0.  1.3 0.2],0.142222560942173
11,368,[1.3 0.1 0.1 0.8 0.  0.  1.3 0.2],0.1422230526804924
11,369,[1.3 0.1 0.1 0.8 0.  0.  1.3 0.2],0.14222370088100433
11,370,[1.3 0.1 0.1 0.8 0.  0.  1.3 0.2],0.1422244980931282
11,371,[1.3 0.1 0.1 0.8 0.  0.  1.3 0.2],0.14222510159015656
11,372,[1.3 0.1 0.1 0.8 0.  0.  1.3 0.2],0.1422257274389267
11,373,[1.3 0.1 0.1 0.8 0.  0.  1.3 0.2],0.14222616702318192
11,374,[1.3 0.1 0.1 0.8 0.  0.  1.3 0.2],0.14222657680511475
11,375,[1.3 0.1 0.1 0.8 0.  0.  1.3 0.2],0.14222662895917892
11,376,[1.3 0.1 0.1 0.8 0.  0.  1.3 0.2],0.14222870767116547
11,377,[1.3 0.1 0.1 0.8 0.  0.  1.3 0.2],0.14223124831914902
11,378,[1.3 0.1 0.1 0.8 0.  0.  1.3 0.2],0.14223753660917282
11,379,[1.3 0.1 0.1 0.8 0.  0.  1.3 0.2],0.14223943650722504
11,380,[1.3 0.1 0.1 0.8 0.  0.  1.3 0.2],0.14223997294902802
11,381,[1.3 0.1 0.1 0.8 0.  0.  1.3 0.2],0.1422443687915802
11,382,[1.3 0.1 0.1 0.8 0.  0.  1.3 0.2],0.14224471896886826
11,383,[1.3 0.1 0.1 0.8 0.  0.  1.3 0.2],0.14224708080291748
11,384,[1.3 0.1 0.1 0.8 0.  0.  1.3 0.2],0.14225323498249054
11,385,[1.3 0.1 0.1 0.8 0.  0.  1.3 0.2],0.1422533541917801
11,386,[1.3 0.1 0.1 0.8 0.  0.  1.3 0.2],0.1422537863254547
11,387,[1.3 0.1 0.1 0.8 0.  0.  1.3 0.2],0.14225414395332336
11,388,[1.3 0.1 0.1 0.8 0.  0.  1.3 0.2],0.14225459843873978
11,389,[1.3 0.1 0.1 0.8 0.  0.  1.3 0.2],0.14225523173809052
11,390,[1.3 0.1 0.1 0.8 0.  0.  1.3 0.2],0.14225654304027557
11,391,[1.3 0.1 0.1 0.8 0.  0.  1.3 0.2],0.14226113259792328
11,392,[1.3 0.1 0.1 0.8 0.  0.  1.3 0.2],0.14226190745830536
11,393,[1.3 0.1 0.1 0.8 0.  0.  1.3 0.2],0.14226268976926804
11,394,[1.3 0.1 0.1 0.8 0.  0.  1.3 0.2],0.14226440340280533
11,395,[1.3 0.1 0.1 0.8 0.  0.  1.3 0.2],0.14226757735013962
11,396,[1.3 0.1 0.1 0.8 0.  0.  1.3 0.2],0.14227090030908585
11,397,[1.3 0.1 0.1 0.8 0.  0.  1.3 0.2],0.14227327704429626
11,398,[1.3 0.1 0.1 0.8 0.  0.  1.3 0.2],0.14227408170700073
11,399,[1.3 0.1 0.1 0.8 0.  0.  1.3 0.2],0.14227626472711563
11,400,[1.3 0.1 0.1 0.8 0.  0.  1.3 0.2],0.14227664470672607
11,401,[1.3 0.1 0.1 0.8 0.  0.  1.3 0.2],0.1422768384218216
11,402,[1.3 0.1 0.1 0.8 0.  0.  1.3 0.2],0.14228448271751404
11,403,[1.3 0.1 0.1 0.8 0.  0.  1.3 0.2],0.14228512346744537
11,404,[1.3 0.1 0.1 0.8 0.  0.  1.3 0.2],0.1422896310687065
11,405,[1.3 0.1 0.1 0.8 0.  0.  1.3 0.2],0.14228974282741547
11,406,[1.3 0.1 0.1 0.8 0.  0.  1.3 0.2],0.1422910839319229
11,407,[1.3 0.1 0.1 0.8 0.  0.  1.3 0.2],0.14229125529527664
11,408,[1.3 0.1 0.1 0.8 0.  0.  1.3 0.2],0.14229290932416916
11,409,[1.3 0.1 0.1 0.8 0.  0.  1.3 0.2],0.14229363948106766
11,410,[1.3 0.1 0.1 0.8 0.  0.  1.3 0.2],0.14229412376880646
11,411,[1.3 0.1 0.1 0.8 0.  0.  1.3 0.2],0.14229564368724823
11,412,[1.3 0.1 0.1 0.8 0.  0.  1.3 0.2],0.1422983780503273
11,413,[1.3 0.1 0.1 0.8 0.  0.  1.3 0.2],0.14229946583509445
11,414,[1.3 0.1 0.1 0.8 0.  0.  1.3 0.2],0.14230157434940338
11,415,[1.3 0.1 0.1 0.8 0.  0.  1.3 0.2],0.14230606704950333
11,416,[1.3 0.1 0.1 0.8 0.  0.  1.3 0.2],0.14230651408433914
11,417,[1.3 0.1 0.1 0.8 0.  0.  1.3 0.2],0.14230936765670776
11,418,[1.3 0.1 0.1 0.8 0.  0.  1.3 0.2],0.1423170492053032
11,419,[1.3 0.1 0.1 0.8 0.  0.  1.3 0.2],0.1423177793622017
11,420,[1.3 0.1 0.1 0.8 0.  0.  1.3 0.2],0.1423226222395897
11,421,[1.3 0.1 0.1 0.8 0.  0.  1.3 0.2],0.14232273399829865
11,422,[1.3 0.1 0.1 0.8 0.  0.  1.3 0.2],0.14232508838176727
11,423,[1.3 0.1 0.1 0.8 0.  0.  1.3 0.2],0.14232664555311203
11,424,[1.3 0.1 0.1 0.8 0.  0.  1.3 0.2],0.14233408868312836
11,425,[1.3 0.1 0.1 0.8 0.  0.  1.3 0.2],0.14233412593603134
11,426,[1.3 0.1 0.1 0.8 0.  0.  1.3 0.2],0.14233818650245667
11,427,[1.3 0.1 0.1 0.8 0.  0.  1.3 0.2],0.14234678447246552
11,428,[1.3 0.1 0.1 0.8 0.  0.  1.3 0.2],0.14235197007656097
11,429,[1.3 0.1 0.1 0.8 0.  0.  1.3 0.2],0.14236187934875488
11,430,[1.3 0.1 0.1 0.8 0.  0.  1.3 0.2],0.1423746645450592
11,431,[1.3 0.1 0.1 0.8 0.  0.  1.3 0.2],0.14237550646066666
11,432,[1.3 0.1 0.1 0.8 0.  0.  1.3 0.2],0.1423831433057785
11,433,[1.3 0.1 0.1 0.8 0.  0.  1.3 0.2],0.1423996314406395
11,434,[1.3 0.1 0.1 0.8 0.  0.  1.3 0.2],0.14241008460521698
11,435,[1.1 0.  0.1 1.  0.  0.  0.9 0.2],0.14361944049596786
11,436,[1.1 0.  0.1 1.  0.  0.  0.9 0.2],0.14361990243196487
11,437,[1.1 0.  0.1 1.  0.  0.  0.9 0.2],0.14365865290164948
11,438,[1.1 0.  0.1 1.  0.  0.  0.9 0.2],0.14367029070854187
11,439,[1.1 0.  0.1 1.  0.  0.  0.9 0.2],0.1436825767159462
11,440,[1.1 0.  0.1 1.  0.  0.  0.9 0.2],0.14370370656251907
11,441,[1.1 0.  0.1 1.  0.  0.  0.9 0.2],0.14371411502361298
11,442,[1.1 0.  0.1 1.  0.  0.  0.9 0.2],0.1437152698636055
11,443,[1.1 0.  0.1 1.  0.  0.  0.9 0.2],0.14374060183763504
11,444,[1.1 0.  0.1 1.  0.  0.  0.9 0.2],0.1437661051750183
11,445,[1.1 0.  0.1 1.  0.  0.  0.9 0.2],0.14376641064882278
11,446,[1.1 0.  0.1 1.  0.  0.  0.9 0.2],0.14378970861434937
11,447,[1.1 0.  0.1 1.  0.  0.  0.9 0.2],0.14382385462522507
11,448,[1.1 0.  0.1 1.  0.  0.  0.9 0.2],0.14384564012289047
11,449,[1.1 0.  0.1 1.  0.  0.  0.9 0.2],0.14387571811676025
11,450,[1.1 0.  0.1 1.  0.  0.  0.9 0.2],0.14392220973968506
11,451,[0.1 0.  0.1 1.  0.  0.  1.3 0.4],0.1442629173398018
11,452,[0.1 0.  0.1 1.  0.  0.  1.3 0.4],0.14428148418664932
11,453,[1.1 0.1 0.1 1.  0.  0.  1.3 0.9],0.1448192149400711
11,454,[1.1 0.1 0.1 1.  0.  0.  1.3 0.9],0.1450052559375763
11,455,[0.7 0.1 0.1 0.9 0.  0.  0.8 0.2],0.14702824503183365
11,456,[0.7 0.1 0.1 0.9 0.  0.  0.8 0.2],0.1471177488565445
11,457,[0.7 0.1 0.1 0.9 0.  0.  0.8 0.2],0.14719286561012268
11,458,[1.3 0.1 0.1 0.7 0.  0.  1.3 0. ],0.14719972759485245
11,459,[1.3 0.1 0.1 0.7 0.  0.  1.3 0. ],0.14723386615514755
11,460,[1.3 0.1 0.1 0.7 0.  0.  1.3 0. ],0.1472574844956398
11,461,[1.3 0.1 0.1 0.7 0.  0.  1.3 0. ],0.14726019650697708
11,462,[1.3 0.1 0.1 0.7 0.  0.  1.3 0. ],0.1472649946808815
11,463,[1.3 0.1 0.1 0.7 0.  0.  1.3 0. ],0.14731574058532715
11,464,[1.3 0.1 0.1 0.7 0.  0.  1.3 0. ],0.14734063297510147
11,465,[1.3 0.1 0.1 0.7 0.  0.  1.3 0. ],0.1473945826292038
11,466,[1.3 0.1 0.1 0.7 0.  0.  1.3 0. ],0.14749909192323685
11,467,[0.  0.1 0.1 0.8 0.  0.  1.2 0.2],0.14758624881505966
11,468,[0.  0.1 0.1 0.8 0.  0.  1.2 0.2],0.14760684967041016
11,469,[0.  0.1 0.1 0.8 0.  0.  1.2 0.2],0.14761971682310104
11,470,[0.  0.1 0.1 0.8 0.  0.  1.2 0.2],0.14764683693647385
11,471,[0.  0.1 0.1 0.8 0.  0.  1.2 0.2],0.14771529287099838
11,472,[0.  0.1 0.1 0.8 0.  0.  1.2 0.2],0.14772146195173264
11,473,[0.  0.1 0.1 0.8 0.  0.  1.2 0.2],0.14774535596370697
11,474,[0.  0.1 0.1 0.8 0.  0.  1.2 0.2],0.14776159822940826
11,475,[1.3 0.3 0.1 0.8 0.  0.  1.3 0.2],0.1508232206106186
11,476,[1.3 0.3 0.1 0.8 0.  0.  1.3 0.2],0.15082667768001556
11,477,[1.3 0.3 0.1 0.8 0.  0.  1.3 0.2],0.15083087235689163
11,478,[1.3 0.3 0.1 0.8 0.  0.  1.3 0.2],0.1508527174592018
11,479,[1.3 0.3 0.1 0.8 0.  0.  1.3 0.2],0.15086013823747635
11,480,[1.3 0.3 0.1 0.8 0.  0.  1.3 0.2],0.1508711650967598
11,481,[1.3 0.3 0.1 0.8 0.  0.  1.3 0.2],0.15087710320949554
11,482,[1.3 0.3 0.1 0.8 0.  0.  1.3 0.2],0.15087998658418655
11,483,[1.3 0.3 0.1 0.8 0.  0.  1.3 0.2],0.1508810967206955
11,484,[1.3 0.3 0.1 0.8 0.  0.  1.3 0.2],0.15091322362422943
11,485,[1.3 0.3 0.1 0.8 0.  0.  1.3 0.2],0.1509244292974472
11,486,[1.3 0.3 0.1 0.8 0.  0.  1.3 0.2],0.15092457085847855
11,487,[1.3 0.3 0.1 0.8 0.  0.  1.3 0.2],0.15093673020601273
11,488,[1.3 0.3 0.1 0.8 0.  0.  1.3 0.2],0.1509493961930275
11,489,[1.3 0.3 0.1 0.8 0.  0.  1.3 0.2],0.15103720873594284
11,490,[1.3 0.1 0.1 0.7 0.  0.  0.9 0.2],0.15272578597068787
11,491,[1.3 0.1 0.1 0.7 0.  0.  0.9 0.2],0.15275990962982178
11,492,[1.3 0.1 0.1 0.7 0.  0.  0.9 0.2],0.15277091413736343
11,493,[1.3 0.1 0.1 0.7 0.  0.  0.9 0.2],0.15277225524187088
11,494,[1.3 0.1 0.1 0.7 0.  0.  0.9 0.2],0.15280500054359436
11,495,[1.3 0.1 0.1 0.7 0.  0.  0.9 0.2],0.1528862863779068
11,496,[1.3 0.1 0.1 0.7 0.  0.  0.9 0.2],0.15290174633264542
11,497,[1.3 0.3 0.1 0.8 0.  0.  0.8 0.2],0.1571611613035202
11,498,[1.3 0.3 0.1 0.8 0.  0.  0.8 0.2],0.15723108500242233
11,499,[1.3 0.3 0.1 0.8 0.  0.  0.8 0.2],0.15741951763629913
11,500,[1.3 0.3 0.1 0.8 0.  0.  0.8 0.2],0.15742824971675873
11,501,[1.3 0.7 0.1 0.9 0.  0.  1.3 0.2],0.16813953965902328
11,502,[1.3 0.7 0.1 0.9 0.  0.  1.3 0.2],0.1681574061512947
11,503,[1.3 0.7 0.1 0.9 0.  0.  1.3 0.2],0.16816333681344986
11,504,[1.3 0.7 0.1 0.9 0.  0.  1.3 0.2],0.16819296777248383
11,505,[1.3 0.7 0.1 0.9 0.  0.  1.3 0.2],0.16822201758623123
11,506,[1.3 0.7 0.1 0.9 0.  0.  1.3 0.2],0.16824662685394287
11,507,[1.3 0.7 0.1 0.9 0.  0.  1.3 0.2],0.16829628497362137
11,508,[1.3 0.7 0.1 0.9 0.  0.  1.3 1.3],0.1692458912730217
11,509,[1.3 0.7 0.1 0.9 0.  0.  1.3 1.3],0.16925137490034103
11,510,[1.3 0.7 0.1 0.9 0.  0.  1.3 1.3],0.16935016959905624
11,511,[1.3 0.7 0.1 0.9 0.  0.  1.3 1.3],0.1693563088774681
11,512,[1.3 0.7 0.1 0.9 0.  0.  1.3 1.3],0.16938314586877823
11,513,[1.3 0.7 0.1 0.9 0.  0.  1.3 1.3],0.1693834662437439
11,514,[1.3 0.7 0.1 0.9 0.  0.  1.3 1.3],0.16939323395490646
11,515,[1.3 0.7 0.1 0.9 0.  0.  1.3 1.3],0.16944190114736557
11,516,[1.3 0.1 0.3 0.9 0.  0.  0.  0. ],0.1695781722664833
11,517,[1.3 0.1 0.3 0.9 0.  0.  0.  0. ],0.16959630697965622
11,518,[1.3 0.1 0.3 0.9 0.  0.  0.  0. ],0.16960792243480682
11,519,[1.3 0.1 0.3 0.9 0.  0.  0.  0. ],0.16961774975061417
11,520,[1.3 0.1 0.3 0.9 0.  0.  0.  0. ],0.16967420279979706
11,521,[1.3 0.1 0.3 0.9 0.  0.  0.  0. ],0.16967498511075974
11,522,[1.3 0.1 0.3 0.9 0.  0.  0.  0. ],0.16974201798439026
11,523,[1.3 0.1 0.3 0.9 0.  0.  0.  0. ],0.1697717234492302
11,524,[1.3 0.1 0.3 0.9 0.  0.  0.  0. ],0.16978179663419724
11,525,[1.1 0.5 0.1 0.6 0.  0.  1.3 0.4],0.18238136917352676
11,526,[1.1 0.5 0.1 0.6 0.  0.  1.3 0.4],0.18238648027181625
11,527,[1.1 0.5 0.1 0.6 0.  0.  1.3 0.4],0.18241292983293533
11,528,[1.1 0.5 0.1 0.6 0.  0.  1.3 0.4],0.18241532146930695
11,529,[1.1 0.5 0.1 0.6 0.  0.  1.3 0.4],0.18241938203573227
11,530,[1.1 0.5 0.1 0.6 0.  0.  1.3 0.4],0.18243733048439026
11,531,[1.1 0.5 0.1 0.6 0.  0.  1.3 0.4],0.18244919925928116
11,532,[1.1 0.5 0.1 0.6 0.  0.  1.3 0.4],0.18245329707860947
11,533,[1.1 0.5 0.1 0.6 0.  0.  1.3 0.4],0.18247348070144653
11,534,[1.1 0.5 0.1 0.6 0.  0.  1.3 0.4],0.18248532712459564
11,535,[1.1 0.5 0.1 0.6 0.  0.  1.3 0.4],0.1824948936700821
11,536,[1.1 0.5 0.1 0.6 0.  0.  1.3 0.4],0.18259430676698685
11,537,[1.1 0.5 0.1 0.6 0.  0.  1.3 0.4],0.18266333639621735
11,538,[0.3 0.  0.6 1.  0.  0.  1.3 0.2],0.18746045231819153
11,539,[0.3 0.  0.6 1.  0.  0.  1.3 0.2],0.1874796375632286
11,540,[0.6 0.1 0.6 0.8 0.  0.  1.3 0.2],0.18894504755735397
11,541,[1.3 0.1 0.1 1.3 0.  0.  1.3 1.3],0.18897969275712967
11,542,[0.6 0.1 0.6 0.8 0.  0.  1.3 0.2],0.1889895647764206
11,543,[0.6 0.1 0.6 0.8 0.  0.  1.3 0.2],0.18900160491466522
11,544,[1.3 0.1 0.1 1.3 0.  0.  1.3 1.3],0.18901115655899048
11,545,[0.6 0.1 0.6 0.8 0.  0.  1.3 0.2],0.18906789273023605
11,546,[0.6 0.1 0.6 0.8 0.  0.  1.3 0.2],0.1890735998749733
11,547,[1.3 0.1 0.1 1.3 0.  0.  1.3 1.3],0.18908260762691498
11,548,[1.3 0.1 0.1 1.3 0.  0.  1.3 1.3],0.18909531831741333
11,549,[1.3 0.1 0.1 1.3 0.  0.  1.3 1.3],0.1891033947467804
11,550,[1.3 1.  0.1 0.8 0.  0.  1.3 0.2],0.19363243132829666
11,551,[1.3 1.  0.1 0.8 0.  0.  1.3 0.2],0.19363941252231598
11,552,[1.3 1.  0.1 0.8 0.  0.  1.3 0.2],0.19366613030433655
11,553,[1.3 1.  0.1 0.8 0.  0.  1.3 0.2],0.19371678680181503
11,554,[1.3 1.  0.1 0.8 0.  0.  1.3 0.2],0.1937427520751953
11,555,[1.3 1.  0.1 0.8 0.  0.  1.3 0.2],0.19375233352184296
11,556,[1.3 1.  0.1 0.8 0.  0.  1.3 0.2],0.193755105137825
11,557,[1.3 1.  0.1 0.8 0.  0.  1.3 0.2],0.19376904517412186
11,558,[1.3 1.  0.1 0.8 0.  0.  1.3 0.2],0.19377142935991287
11,559,[1.3 1.  0.1 0.8 0.  0.  1.3 0.2],0.1937781125307083
11,560,[1.3 1.  0.1 0.8 0.  0.  1.3 0.2],0.19377900660037994
11,561,[1.3 1.  0.1 0.8 0.  0.  1.3 0.2],0.19380392134189606
11,562,[1.3 1.  0.1 0.8 0.  0.  1.3 0.2],0.19382361322641373
11,563,[1.3 1.  0.1 0.8 0.  0.  1.3 0.2],0.19383671134710312
11,564,[1.3 1.  0.1 0.8 0.  0.  1.3 0.2],0.19384228438138962
11,565,[1.3 1.  0.1 0.8 0.  0.  1.3 0.2],0.19385671615600586
11,566,[1.3 1.  0.1 0.8 0.  0.  1.3 0.2],0.19385890662670135
11,567,[1.3 1.  0.1 0.8 0.  0.  1.3 0.2],0.19387292861938477
11,568,[1.3 1.  0.1 0.8 0.  0.  1.3 0.2],0.19390448927879333
11,569,[1.3 1.  0.1 0.8 0.  0.  1.3 0.2],0.19394409656524658
11,570,[1.3 1.  0.1 0.8 0.  0.  1.3 0.2],0.19395232200622559
11,571,[1.3 1.  0.1 0.8 0.  0.  1.3 0.2],0.19398074597120285
11,572,[1.1 0.7 0.1 0.6 0.  0.  0.9 0.2],0.20301518589258194
11,573,[1.1 0.7 0.1 0.6 0.  0.  0.9 0.2],0.20307600498199463
11,574,[1.1 0.7 0.1 0.6 0.  0.  0.9 0.2],0.2030780166387558
11,575,[1.1 0.7 0.1 0.6 0.  0.  0.9 0.2],0.2031061202287674
11,576,[1.1 0.7 0.1 0.6 0.  0.  0.9 0.2],0.20312168449163437
11,577,[1.1 0.7 0.1 0.6 0.  0.  0.9 0.2],0.20317307859659195
11,578,[1.1 0.7 0.1 0.6 0.  0.  0.9 0.2],0.20318331569433212
11,579,[1.1 0.7 0.1 0.6 0.  0.  0.9 0.2],0.20321879535913467
11,580,[1.1 0.7 0.1 0.6 0.  0.  0.9 0.2],0.20330428332090378
11,581,[1.  0.  0.7 1.  0.  0.  1.3 0.2],0.21255189180374146
11,582,[1.  0.  0.7 1.  0.  0.  1.3 0.2],0.21255312860012054
11,583,[1.  0.  0.7 1.  0.  0.  1.3 0.2],0.21256015449762344
11,584,[1.  0.  0.7 1.  0.  0.  1.3 0.2],0.21257131546735764
11,585,[1.  0.  0.7 1.  0.  0.  1.3 0.2],0.2125762775540352
11,586,[1.  0.  0.7 1.  0.  0.  1.3 0.2],0.21260054409503937
11,587,[1.  0.  0.7 1.  0.  0.  1.3 0.2],0.21261687576770782
11,588,[1.  0.  0.7 1.  0.  0.  1.3 0.2],0.2126215547323227
11,589,[1.  0.  0.7 1.  0.  0.  1.3 0.2],0.21267162263393402
11,590,[1.  0.  0.7 1.  0.  0.  1.3 0.2],0.21269777417182922
11,591,[1.  0.  0.7 1.  0.  0.  1.3 0.2],0.2127029448747635
11,592,[1.  0.  0.7 1.  0.  0.  1.3 0.2],0.21271111816167831
11,593,[0.8 0.  0.7 1.2 0.  0.  0.1 0.2],0.21351713687181473
11,594,[1.3 1.3 0.4 0.9 0.  0.  1.3 0.2],0.23905198276042938
11,595,[1.3 1.3 0.4 0.9 0.  0.  1.3 0.2],0.23905765265226364
11,596,[1.3 1.3 0.4 0.9 0.  0.  1.3 0.2],0.23907772451639175
11,597,[1.3 1.3 0.4 0.9 0.  0.  1.3 0.2],0.23908409476280212
11,598,[1.3 1.3 0.4 0.9 0.  0.  1.3 0.2],0.2391355112195015
11,599,[1.3 1.3 0.4 0.9 0.  0.  1.3 0.2],0.23925288021564484
11,600,[1.1 1.1 0.5 1.  0.  0.  1.3 0.2],0.24226883053779602
11,601,[1.1 1.1 0.5 1.  0.  0.  1.3 0.2],0.2425006926059723
11,602,[1.1 1.  0.1 1.  0.8 0.2 1.3 0.2],0.25308752059936523
11,603,[0.8 0.  0.7 1.2 0.  0.  0.1 0.2],0.26363490521907806
11,604,[0.8 0.  0.7 1.2 0.  0.  0.1 0.2],0.2636990398168564
11,605,[0.8 0.  0.7 1.2 0.  0.  0.1 0.2],0.26375357806682587
11,606,[0.8 0.  0.7 1.2 0.  0.  0.1 0.2],0.2637571543455124
11,607,[0.8 0.  0.7 1.2 0.  0.  0.1 0.2],0.26378333568573
11,608,[0.8 0.  0.7 1.2 0.  0.  0.1 0.2],0.26378677785396576
11,609,[0.8 0.  0.7 1.2 0.  0.  0.1 0.2],0.26380322873592377
11,610,[0.8 0.  0.7 1.2 0.  0.  0.1 0.2],0.26387761533260345
11,611,[0.8 0.  0.7 1.2 0.  0.  0.1 0.2],0.26388321816921234
11,612,[0.8 0.  0.7 1.2 0.  0.  0.1 0.2],0.26392680406570435
11,613,[0.8 0.  0.7 1.2 0.  0.  0.1 0.2],0.263938769698143
11,614,[0.8 0.  0.7 1.2 0.  0.  0.1 0.2],0.26394398510456085
11,615,[1.3 0.1 0.1 0.9 0.3 0.  0.8 0.2],0.2759552448987961
11,616,[1.3 0.1 0.1 0.9 0.3 0.  0.8 0.2],0.27598533034324646
11,617,[1.3 0.1 0.1 0.9 0.3 0.  0.8 0.2],0.2760270684957504
11,618,[1.3 0.1 0.1 0.9 0.3 0.  0.8 0.2],0.276058554649353
11,619,[1.3 0.1 0.8 0.8 0.  0.  0.3 0.6],0.2761479765176773
11,620,[1.3 0.1 0.8 0.8 0.  0.  0.3 0.6],0.2761640250682831
11,621,[1.3 0.1 0.8 0.8 0.  0.  0.3 0.6],0.2761662155389786
11,622,[1.3 0.1 0.8 0.8 0.  0.  0.3 0.6],0.2761751264333725
11,623,[1.3 0.1 0.1 0.9 0.3 0.  0.8 0.2],0.2761858254671097
11,624,[1.3 0.1 0.8 0.8 0.  0.  0.3 0.6],0.2762448489665985
11,625,[1.3 0.1 0.8 0.8 0.  0.  0.3 0.6],0.27628277242183685
11,626,[1.3 0.1 0.8 0.8 0.  0.  0.3 0.6],0.27629679441452026
11,627,[1.1 0.  0.1 0.8 0.4 0.  1.3 0.2],0.3213808387517929
11,628,[1.1 0.  0.1 0.8 0.4 0.  1.3 0.2],0.32160840928554535
11,629,[1.1 0.  0.1 0.8 0.4 0.  1.3 0.2],0.3219445198774338
11,630,[1.1 1.1 0.2 1.  0.3 0.1 1.  0.2],0.3232782632112503
11,631,[1.1 1.1 0.2 1.  0.3 0.1 1.  0.2],0.34275567531585693
11,632,[1.1 1.1 0.2 1.  0.3 0.1 1.  0.2],0.34654824435710907
11,633,[1.1 1.1 0.2 1.  0.3 0.1 1.  0.2],0.3465937525033951
11,634,[1.1 1.1 0.2 1.  0.3 0.1 1.  0.2],0.346708208322525
11,635,[1.1 1.1 0.2 1.  0.3 0.1 1.  0.2],0.346718892455101
11,636,[1.1 1.1 0.2 1.  0.3 0.1 1.  0.2],0.34686096012592316
11,637,[1.1 1.1 0.2 1.  0.3 0.1 1.  0.2],0.34695835411548615
11,638,[1.1 1.1 0.2 1.  0.3 0.1 1.  0.2],0.34699617326259613
11,639,[1.1 1.1 0.2 1.  0.3 0.1 1.  0.2],0.347024530172348
11,640,[1.1 1.1 0.2 1.  0.3 0.1 1.  0.2],0.3470640033483505
11,641,[1.1 0.  0.1 1.  0.6 0.  1.3 0.2],0.4298475682735443
11,642,[1.1 0.  0.1 1.  0.6 0.  1.3 0.2],0.42990976572036743
11,643,[1.1 0.  0.1 1.  0.6 0.  1.3 0.2],0.4299340695142746
11,644,[1.1 0.  0.1 1.  0.6 0.  1.3 0.2],0.4300987720489502
11,645,[1.1 0.  0.1 1.  0.6 0.  1.3 0.2],0.43012820184230804
11,646,[1.1 0.  0.1 1.  0.6 0.  1.3 0.2],0.43013714253902435
11,647,[1.1 0.  0.1 1.  0.6 0.  1.3 0.2],0.43020354211330414
11,648,[1.1 0.  0.1 1.  0.6 0.  1.3 0.2],0.4302465468645096
11,649,[1.1 0.  0.1 1.  0.6 0.  1.3 0.2],0.43026165664196014
11,650,[1.1 0.  0.1 1.  0.6 0.  1.3 0.2],0.4303046315908432
11,651,[1.1 0.  0.1 1.  0.6 0.  1.3 0.2],0.43030984699726105
11,652,[1.1 0.  0.1 1.  0.6 0.  1.3 0.2],0.4303293824195862
11,653,[1.1 0.  0.1 1.  0.6 0.  1.3 0.2],0.4304094910621643
11,654,[1.1 0.  0.1 1.  0.6 0.  1.3 0.2],0.43041302263736725
11,655,[1.1 0.  0.1 1.  0.6 0.  1.3 0.2],0.43041762709617615
11,656,[1.1 0.  0.1 1.  0.6 0.  1.3 0.2],0.43043267726898193
11,657,[1.1 0.  0.1 1.  0.6 0.  1.3 0.2],0.43067745864391327
11,658,[1.1 0.  0.1 1.  0.6 0.  1.3 0.2],0.4308476597070694
11,659,[1.1 0.  0.1 1.  0.6 0.  1.3 0.2],0.43090400099754333
11,660,[1.3 0.5 1.3 0.9 0.8 0.2 0.6 0.2],0.46260036528110504
11,661,[1.3 0.1 1.2 1.3 0.  0.  0.3 0. ],0.5274321436882019
11,662,[1.3 0.1 1.2 1.3 0.  0.  0.3 0. ],0.5274748802185059
11,663,[1.3 0.1 1.2 1.3 0.  0.  0.3 0. ],0.5274907946586609
11,664,[1.3 0.1 1.2 1.3 0.  0.  0.3 0. ],0.527534693479538
11,665,[1.3 0.1 1.2 1.3 0.  0.  0.3 0. ],0.5275423228740692
11,666,[1.3 0.1 1.2 1.3 0.  0.  0.3 0. ],0.5275557190179825
11,667,[1.3 0.1 1.2 1.3 0.  0.  0.3 0. ],0.5275690257549286
11,668,[1.3 0.1 1.2 1.3 0.  0.  0.3 0. ],0.5275776386260986
11,669,[1.3 0.1 1.2 1.3 0.  0.  0.3 0. ],0.5276089310646057
11,670,[1.3 0.1 1.2 1.3 0.  0.  0.3 0. ],0.5276182889938354
11,671,[1.3 0.1 1.2 1.3 0.  0.  0.3 0. ],0.5276623368263245
11,672,[1.3 0.1 1.2 1.3 0.  0.  0.3 0. ],0.5276625454425812
11,673,[1.3 0.1 1.2 1.3 0.  0.  0.3 0. ],0.5276809334754944
11,674,[1.3 0.1 1.2 1.3 0.  0.  0.3 0. ],0.5276823341846466
11,675,[1.3 0.1 1.2 1.3 0.  0.  0.3 0. ],0.5277018547058105
11,676,[1.3 0.1 1.2 1.3 0.  0.  0.3 0. ],0.5277101099491119
11,677,[1.3 0.1 1.2 1.3 0.  0.  0.3 0. ],0.5277177095413208
11,678,[1.3 0.1 1.2 1.3 0.  0.  0.3 0. ],0.527717798948288
11,679,[1.3 0.1 1.2 1.3 0.  0.  0.3 0. ],0.5277336835861206
11,680,[1.3 0.1 1.2 1.3 0.  0.  0.3 0. ],0.5277554094791412
11,681,[1.3 0.1 1.2 1.3 0.  0.  0.3 0. ],0.5277561545372009
11,682,[1.3 0.1 1.2 1.3 0.  0.  0.3 0. ],0.5277682840824127
11,683,[1.3 0.1 1.2 1.3 0.  0.  0.3 0. ],0.5277791321277618
11,684,[1.3 0.1 1.2 1.3 0.  0.  0.3 0. ],0.5278088748455048
11,685,[1.3 0.1 1.2 1.3 0.  0.  0.3 0. ],0.5278113484382629
11,686,[1.3 0.1 1.2 1.3 0.  0.  0.3 0. ],0.527814507484436
11,687,[1.3 0.1 1.2 1.3 0.  0.  0.3 0. ],0.5278158783912659
11,688,[1.3 0.1 1.2 1.3 0.  0.  0.3 0. ],0.5279230177402496
11,689,[1.3 0.1 1.2 1.3 0.  0.  0.3 0. ],0.5280619412660599
11,690,[1.3 0.1 1.2 1.3 0.  0.  0.3 0. ],0.5281942188739777
11,691,[1.1 0.  0.1 1.  0.  0.9 0.7 0.2],0.5317853689193726
11,692,[1.3 0.2 0.9 0.1 0.  0.6 1.3 0.2],0.57541424036026
11,693,[1.3 0.2 0.9 0.1 0.  0.6 1.3 0.2],0.5754368305206299
11,694,[1.3 0.2 0.9 0.1 0.  0.6 1.3 0.2],0.5754910409450531
11,695,[1.3 0.2 0.9 0.1 0.  0.6 1.3 0.2],0.5755127370357513
11,696,[1.3 0.2 0.9 0.1 0.  0.6 1.3 0.2],0.5755580067634583
11,697,[1.3 0.2 0.9 0.1 0.  0.6 1.3 0.2],0.57557213306427
11,698,[1.3 0.2 0.9 0.1 0.  0.6 1.3 0.2],0.5755722522735596
11,699,[1.3 0.2 0.9 0.1 0.  0.6 1.3 0.2],0.5755742192268372
11,700,[1.3 0.2 0.9 0.1 0.  0.6 1.3 0.2],0.5756007730960846
11,701,[1.3 0.2 0.9 0.1 0.  0.6 1.3 0.2],0.5756027102470398
11,702,[1.3 0.2 0.9 0.1 0.  0.6 1.3 0.2],0.5756053626537323
11,703,[1.3 0.2 0.9 0.1 0.  0.6 1.3 0.2],0.575619101524353
11,704,[1.3 0.2 0.9 0.1 0.  0.6 1.3 0.2],0.5756567418575287
11,705,[1.3 0.2 0.9 0.1 0.  0.6 1.3 0.2],0.5756626129150391
11,706,[1.3 0.2 0.9 0.1 0.  0.6 1.3 0.2],0.5756805539131165
11,707,[1.3 0.2 0.9 0.1 0.  0.6 1.3 0.2],0.5757226645946503
11,708,[1.3 0.2 0.9 0.1 0.  0.6 1.3 0.2],0.5757557153701782
11,709,[1.3 0.2 0.9 0.1 0.  0.6 1.3 0.2],0.575790524482727
11,710,[0.8 0.  0.7 1.2 0.  0.  0.1 0.2],0.6407324969768524
11,711,[1.3 0.5 1.3 0.9 0.8 0.2 0.6 0.2],0.662202924489975
11,712,[1.3 0.1 0.1 0.1 0.6 0.  1.3 0.2],0.678924024105072
11,713,[1.3 0.1 0.1 0.1 0.6 0.  1.3 0.2],0.6793223023414612
11,714,[1.3 0.1 0.1 0.1 0.6 0.  1.3 0.2],0.6795024871826172
11,715,[1.3 0.1 0.1 0.1 0.6 0.  1.3 0.2],0.6795272529125214
11,716,[1.3 0.1 0.1 0.1 0.6 0.  1.3 0.2],0.6797065734863281
11,717,[1.3 0.1 0.1 0.1 0.6 0.  1.3 0.2],0.6797484755516052
11,718,[1.3 0.1 0.1 0.1 0.6 0.  1.3 0.2],0.6797727644443512
11,719,[1.3 0.1 0.1 0.1 0.6 0.  1.3 0.2],0.679865837097168
11,720,[1.3 0.1 0.1 0.1 0.6 0.  1.3 0.2],0.679876446723938
11,721,[1.1 1.  0.1 0.  0.3 0.1 0.4 0.5],0.683434933423996
11,722,[1.1 1.  0.1 0.  0.3 0.1 0.4 0.5],0.6834987699985504
11,723,[1.1 1.  0.1 0.  0.3 0.1 0.4 0.5],0.6835911273956299
11,724,[1.1 1.  0.1 0.  0.3 0.1 0.4 0.5],0.6836242973804474
11,725,[1.1 1.  0.1 0.  0.3 0.1 0.4 0.5],0.6837895214557648
11,726,[1.1 1.  0.1 0.  0.3 0.1 0.4 0.5],0.6838725209236145
11,727,[1.1 1.  0.1 1.  0.8 0.2 1.3 0.2],0.6889797747135162
11,728,[1.1 1.  0.1 1.  0.8 0.2 1.3 0.2],0.6896388232707977
11,729,[1.1 1.  0.1 1.  0.8 0.2 1.3 0.2],0.6896815598011017
11,730,[1.1 1.  0.1 1.  0.8 0.2 1.3 0.2],0.6897737383842468
11,731,[1.1 1.  0.1 1.  0.8 0.2 1.3 0.2],0.6897927224636078
11,732,[1.1 1.  0.1 1.  0.8 0.2 1.3 0.2],0.6898273229598999
11,733,[1.1 1.  0.1 1.  0.8 0.2 1.3 0.2],0.6898677051067352
11,734,[1.1 1.  0.1 1.  0.8 0.2 1.3 0.2],0.68988898396492
11,735,[1.1 1.  0.1 1.  0.8 0.2 1.3 0.2],0.6899993121623993
11,736,[1.1 1.  0.1 1.  0.8 0.2 1.3 0.2],0.6900101602077484
11,737,[1.1 1.  0.1 1.  0.8 0.2 1.3 0.2],0.6900283992290497
11,738,[1.1 1.  0.1 1.  0.8 0.2 1.3 0.2],0.6900502443313599
11,739,[1.1 1.  0.1 1.  0.8 0.2 1.3 0.2],0.6901219487190247
11,740,[1.1 1.  0.1 1.  0.8 0.2 1.3 0.2],0.6901887357234955
11,741,[1.1 1.  0.1 1.  0.8 0.2 1.3 0.2],0.6902333498001099
11,742,[1.1 1.  0.1 1.  0.8 0.2 1.3 0.2],0.6902529299259186
11,743,[1.1 1.  0.1 1.  0.8 0.2 1.3 0.2],0.6902612149715424
11,744,[1.1 1.  0.1 1.  0.8 0.2 1.3 0.2],0.690264880657196
11,745,[1.1 1.  0.1 1.  0.8 0.2 1.3 0.2],0.6902669668197632
11,746,[1.1 1.  0.1 1.  0.8 0.2 1.3 0.2],0.6902700662612915
11,747,[1.1 1.  0.1 1.  0.8 0.2 1.3 0.2],0.6903666853904724
11,748,[1.1 1.  0.1 1.  0.8 0.2 1.3 0.2],0.6904022395610809
11,749,[1.1 1.  0.1 1.  0.8 0.2 1.3 0.2],0.690408855676651
11,750,[1.1 1.  0.1 1.  0.8 0.2 1.3 0.2],0.6904262900352478
11,751,[1.1 1.  0.1 1.  0.8 0.2 1.3 0.2],0.6905046105384827
11,752,[1.1 1.  0.1 1.  0.8 0.2 1.3 0.2],0.6905550956726074
11,753,[1.1 1.  0.1 1.  0.8 0.2 1.3 0.2],0.6905647218227386
11,754,[1.1 1.  0.1 1.  0.8 0.2 1.3 0.2],0.6906190514564514
11,755,[1.1 1.  0.1 1.  0.8 0.2 1.3 0.2],0.6906191408634186
11,756,[1.1 1.  0.1 1.  0.8 0.2 1.3 0.2],0.6906588673591614
11,757,[1.1 1.  0.1 1.  0.8 0.2 1.3 0.2],0.6907249093055725
11,758,[1.1 1.  0.1 1.  0.8 0.2 1.3 0.2],0.6908041536808014
11,759,[1.1 1.  0.1 1.  0.8 0.2 1.3 0.2],0.6908564865589142
11,760,[1.1 1.  0.1 1.  0.8 0.2 1.3 0.2],0.6909548342227936
11,761,[1.1 1.  0.1 1.  0.8 0.2 1.3 0.2],0.691066712141037
11,762,[1.3 0.7 0.1 0.9 0.9 0.  1.3 0.2],0.7091010212898254
11,763,[1.3 0.7 0.1 0.9 0.9 0.  1.3 0.2],0.7101013362407684
11,764,[1.3 0.1 0.5 0.2 0.  1.2 1.3 0. ],0.8087891340255737
11,765,[1.3 0.1 0.5 0.2 0.  1.2 1.3 0. ],0.8598819673061371
11,766,[1.3 0.1 0.5 0.2 0.  1.2 1.3 0. ],0.8600710928440094
11,767,[1.3 0.1 0.5 0.2 0.  1.2 1.3 0. ],0.8601774871349335
11,768,[1.3 0.1 0.5 0.2 0.  1.2 1.3 0. ],0.8602356612682343
11,769,[1.3 0.1 0.5 0.2 0.  1.2 1.3 0. ],0.8602405786514282
11,770,[1.3 0.1 0.5 0.2 0.  1.2 1.3 0. ],0.8602961897850037
11,771,[1.3 0.1 0.5 0.2 0.  1.2 1.3 0. ],0.86030113697052
11,772,[1.3 0.1 0.5 0.2 0.  1.2 1.3 0. ],0.8605334162712097
11,773,[1.1 0.  0.1 1.  0.9 0.7 1.3 0.2],0.9438871145248413
11,774,[1.1 0.  0.1 1.  0.9 0.7 1.3 0.2],0.9441772103309631
11,775,[0.5 0.9 0.1 0.9 1.  0.4 0.8 0.1],0.9653938412666321
11,776,[0.5 0.9 0.1 0.9 1.  0.4 0.8 0.1],0.9656463861465454
11,777,[0.5 0.9 0.1 0.9 1.  0.4 0.8 0.1],0.9656629860401154
11,778,[0.5 0.9 0.1 0.9 1.  0.4 0.8 0.1],0.9657264947891235
11,779,[0.5 0.9 0.1 0.9 1.  0.4 0.8 0.1],0.9658519327640533
11,780,[0.5 0.9 0.1 0.9 1.  0.4 0.8 0.1],0.9661001265048981
11,781,[0.5 0.9 0.1 0.9 1.  0.4 0.8 0.1],0.9669803082942963
11,782,[1.3 0.5 1.3 0.9 0.8 0.2 0.6 0.2],1.0351716578006744
11,783,[1.3 0.5 1.3 0.9 0.8 0.2 0.6 0.2],1.0352279245853424
11,784,[1.3 0.5 1.3 0.9 0.8 0.2 0.6 0.2],1.0356809496879578
11,785,[1.3 0.5 1.3 0.9 0.8 0.2 0.6 0.2],1.0356919169425964
11,786,[1.3 0.5 1.3 0.9 0.8 0.2 0.6 0.2],1.0358958840370178
11,787,[1.3 0.5 1.3 0.9 0.8 0.2 0.6 0.2],1.035933792591095
11,788,[1.3 0.1 0.1 0.9 1.3 0.  1.3 0.8],1.0483084917068481
11,789,[1.3 0.1 0.1 0.9 1.3 0.  1.3 0.8],1.0487709045410156
11,790,[1.3 0.1 0.1 0.9 1.3 0.  1.3 0.8],1.0490654110908508
11,791,[1.3 0.1 0.1 0.9 1.3 0.  1.3 0.8],1.0494026243686676
11,792,[1.3 0.1 0.1 0.9 1.3 0.  1.3 0.8],1.049473911523819
11,793,[1.3 0.1 0.1 0.9 1.3 0.  1.3 0.8],1.0495228171348572
11,794,[1.3 0.1 0.1 0.9 1.3 1.  1.3 0.2],1.5715413093566895
11,795,[1.3 0.1 0.1 0.9 1.3 1.  1.3 0.2],1.5724931955337524
11,796,[1.3 0.1 0.1 0.9 1.3 1.  1.3 0.2],1.5732411742210388
11,797,[1.3 0.1 0.1 0.9 1.3 1.  1.3 0.2],1.573282778263092
11,798,[1.3 0.1 0.1 0.9 1.3 1.  1.3 0.2],1.5734864473342896
11,799,[1.3 0.1 0.1 0.9 1.3 1.  1.3 0.2],1.5735105872154236
12,0,[1.1 1.  1.2 1.  0.8 0.6 1.3 0.2],0.026071952655911446
12,1,[1.1 0.1 0.1 1.  0.8 0.7 1.3 0.9],0.030864132568240166
12,2,[1.1 0.1 0.1 1.  0.8 0.7 1.3 0.9],0.030864132568240166
12,3,[1.1 0.1 0.1 1.  0.8 0.7 1.3 0.9],0.030864132568240166
12,4,[1.1 0.1 0.1 1.  0.8 0.7 1.3 0.9],0.030864132568240166
12,5,[1.3 0.2 0.9 0.1 0.  0.6 1.3 0.2],0.03337419219315052
12,6,[1.  0.  0.7 1.  0.  0.  1.3 0.2],0.034092068672180176
12,7,[1.1 0.7 0.7 1.2 0.  0.7 0.9 0.2],0.03431279957294464
12,8,[0.8 0.  0.7 1.2 0.  0.  0.1 0.2],0.038306063041090965
12,9,[1.1 0.  0.1 1.  0.  0.  1.3 0.2],0.03833762928843498
12,10,[1.1 0.  0.1 1.  0.  0.  1.3 0.2],0.03833762928843498
12,11,[1.1 1.1 0.2 1.  0.7 0.1 0.  0.2],0.03837013244628906
12,12,[1.3 0.1 0.1 1.  0.4 0.  0.9 0.2],0.04204295575618744
12,13,[1.3 0.1 0.1 0.8 0.  0.  1.3 0.2],0.04961336776614189
12,14,[1.1 0.  0.1 1.  0.  0.  1.3 0.2],0.05240842141211033
12,15,[1.1 0.  0.1 1.  0.  0.  1.3 0.2],0.05252346396446228
12,16,[1.2 1.  0.1 1.  0.3 0.5 0.9 0.6],0.05260901339352131
12,17,[1.1 0.  0.1 1.  0.  0.  1.3 0.2],0.05267651192843914
12,18,[1.3 0.1 0.1 0.9 0.3 0.  1.3 1. ],0.06044098734855652
12,19,[1.3 0.1 0.1 0.9 0.3 0.  1.3 1. ],0.06044098734855652
12,20,[1.3 0.1 0.1 0.9 0.  0.  1.3 0.2],0.06054979749023914
12,21,[1.3 0.1 0.1 0.9 0.  0.  1.3 0.2],0.06062403507530689
12,22,[1.1 0.  0.1 1.  0.  0.  1.3 0.2],0.0839424692094326
12,23,[1.3 0.1 0.3 0.9 0.  0.  1.3 0. ],0.08419328927993774
12,24,[1.3 0.1 0.3 0.9 0.  0.  1.3 0. ],0.08419724926352501
12,25,[1.3 0.1 0.3 0.9 0.  1.  0.1 0. ],0.0842101201415062
12,26,[1.3 0.1 1.  0.9 0.  0.  0.8 0. ],0.08422432839870453
12,27,[1.3 1.2 0.3 0.9 0.  0.  0.8 0. ],0.08428924530744553
12,28,[0.4 0.2 0.8 1.3 0.  0.  1.3 0. ],0.08429118245840073
12,29,[1.3 0.1 0.2 0.9 0.  0.  1.3 1.2],0.08676491305232048
12,30,[1.3 0.1 0.1 0.9 0.  0.  1.3 0.2],0.09135610237717628
12,31,[1.3 0.1 0.1 0.9 0.  0.  1.3 0.2],0.09137796238064766
12,32,[1.3 0.1 0.1 0.9 0.  0.  1.3 0.2],0.09138474985957146
12,33,[1.3 0.1 0.1 0.9 0.  0.  1.3 0.2],0.09139807522296906
12,34,[1.3 0.1 0.1 0.9 0.  0.  1.3 0.2],0.09141051024198532
12,35,[1.3 0.1 0.1 0.9 0.  0.  1.3 0.2],0.09143360331654549
12,36,[1.3 0.1 0.1 0.9 0.  0.  1.3 0.2],0.09143710136413574
12,37,[1.3 0.1 0.1 0.9 0.  0.  1.3 0.2],0.09148263558745384
12,38,[1.3 0.1 0.1 0.9 0.  0.  1.3 0.2],0.09150468558073044
12,39,[1.3 0.1 0.1 0.9 0.  0.  1.3 0.2],0.09152398258447647
12,40,[1.3 0.1 0.2 0.9 0.  0.  1.3 1.2],0.1370137482881546
12,41,[1.3 0.1 0.2 0.9 0.  0.  1.3 1.2],0.1370198205113411
12,42,[1.3 0.1 0.2 0.9 0.  0.  1.3 1.2],0.13702698051929474
12,43,[1.3 0.1 0.2 0.9 0.  0.  1.3 1.2],0.13704755157232285
12,44,[1.3 0.1 0.2 0.9 0.  0.  1.3 1.2],0.13704779744148254
12,45,[1.3 0.1 0.2 0.9 0.  0.  1.3 1.2],0.13706818222999573
12,46,[1.3 0.1 0.2 0.9 0.  0.  1.3 1.2],0.13709858059883118
12,47,[1.3 0.1 0.2 0.9 0.  0.  1.3 1.2],0.1371009647846222
12,48,[1.3 0.1 0.2 0.9 0.  0.  1.3 1.2],0.1371026337146759
12,49,[1.3 0.1 0.2 0.9 0.  0.  1.3 1.2],0.13710680603981018
12,50,[1.3 0.1 0.2 0.9 0.  0.  1.3 1.2],0.13711246848106384
12,51,[1.3 0.1 0.2 0.9 0.  0.  1.3 1.2],0.137129507958889
12,52,[1.3 0.1 0.2 0.9 0.  0.  1.3 1.2],0.13713663816452026
12,53,[1.3 0.1 0.2 0.9 0.  0.  1.3 1.2],0.1371392384171486
12,54,[1.3 0.1 0.2 0.9 0.  0.  1.3 1.2],0.13714539259672165
12,55,[1.3 0.1 0.2 0.9 0.  0.  1.3 1.2],0.13714595884084702
12,56,[1.3 0.1 0.2 0.9 0.  0.  1.3 1.2],0.13715936988592148
12,57,[1.3 0.1 0.2 0.9 0.  0.  1.3 1.2],0.13717114925384521
12,58,[1.3 0.1 0.2 0.9 0.  0.  1.3 1.2],0.1371818259358406
12,59,[1.3 0.1 0.2 0.9 0.  0.  1.3 1.2],0.1371845304965973
12,60,[1.3 0.1 0.2 0.9 0.  0.  1.3 1.2],0.13719072937965393
12,61,[1.3 0.1 0.2 0.9 0.  0.  1.3 1.2],0.1372009888291359
12,62,[1.3 0.1 0.2 0.9 0.  0.  1.3 1.2],0.13721303641796112
12,63,[1.3 0.1 0.2 0.9 0.  0.  1.3 1.2],0.13722176104784012
12,64,[1.3 0.1 0.2 0.9 0.  0.  1.3 1.2],0.13722265511751175
12,65,[1.3 0.1 0.2 0.9 0.  0.  1.3 1.2],0.1372535675764084
12,66,[1.3 0.1 0.2 0.9 0.  0.  1.3 1.2],0.1372622326016426
12,67,[1.3 0.1 0.2 0.9 0.  0.  1.3 1.2],0.13733676075935364
12,68,[1.3 0.1 0.3 0.9 0.  0.  1.3 0. ],0.13820254057645798
12,69,[1.3 0.1 0.3 0.9 0.  0.  1.3 0. ],0.13822738826274872
12,70,[1.3 0.1 0.3 0.9 0.  0.  1.3 0. ],0.13823650777339935
12,71,[1.3 0.1 0.3 0.9 0.  0.  1.3 0. ],0.1382400169968605
12,72,[1.3 0.1 0.3 0.9 0.  0.  1.3 0. ],0.1382402777671814
12,73,[1.3 0.1 0.3 0.9 0.  0.  1.3 0. ],0.13825450837612152
12,74,[1.3 0.1 0.3 0.9 0.  0.  1.3 0. ],0.13825573027133942
12,75,[1.3 0.1 0.3 0.9 0.  0.  1.3 0. ],0.13825874030590057
12,76,[1.3 0.1 0.3 0.9 0.  0.  1.3 0. ],0.13826830685138702
12,77,[1.3 0.1 0.3 0.9 0.  0.  1.3 0. ],0.1382729783654213
12,78,[1.3 0.1 0.3 0.9 0.  0.  1.3 0. ],0.13827546685934067
12,79,[1.3 0.1 0.3 0.9 0.  0.  1.3 0. ],0.13827549666166306
12,80,[1.3 0.1 0.3 0.9 0.  0.  1.3 0. ],0.13827810436487198
12,81,[1.3 0.1 0.3 0.9 0.  0.  1.3 0. ],0.13828347623348236
12,82,[1.3 0.1 0.3 0.9 0.  0.  1.3 0. ],0.13828831911087036
12,83,[1.3 0.1 0.3 0.9 0.  0.  1.3 0. ],0.13828931748867035
12,84,[1.3 0.1 0.3 0.9 0.  0.  1.3 0. ],0.13829216361045837
12,85,[1.3 0.1 0.3 0.9 0.  0.  1.3 0. ],0.13829413801431656
12,86,[1.3 0.1 0.3 0.9 0.  0.  1.3 0. ],0.13829487562179565
12,87,[1.3 0.1 0.3 0.9 0.  0.  1.3 0. ],0.13829783350229263
12,88,[1.3 0.1 0.3 0.9 0.  0.  1.3 0. ],0.1383001133799553
12,89,[1.3 0.1 0.3 0.9 0.  0.  1.3 0. ],0.13830284774303436
12,90,[1.3 0.1 0.3 0.9 0.  0.  1.3 0. ],0.1383029967546463
12,91,[1.3 0.1 0.3 0.9 0.  0.  1.3 0. ],0.1383095532655716
12,92,[1.3 0.1 0.3 0.9 0.  0.  1.3 0. ],0.13831499963998795
12,93,[1.3 0.1 0.3 0.9 0.  0.  1.3 0. ],0.13832010328769684
12,94,[1.3 0.1 0.3 0.9 0.  0.  1.3 0. ],0.13832183182239532
12,95,[1.3 0.1 0.3 0.9 0.  0.  1.3 0. ],0.13832592219114304
12,96,[1.3 0.1 0.3 0.9 0.  0.  1.3 0. ],0.1383301466703415
12,97,[1.3 0.1 0.3 0.9 0.  0.  1.3 0. ],0.13833096623420715
12,98,[1.3 0.1 0.3 0.9 0.  0.  1.3 0. ],0.13833323866128922
12,99,[1.3 0.1 0.3 0.9 0.  0.  1.3 0. ],0.1383403092622757
12,100,[1.3 0.1 0.3 0.9 0.  0.  1.3 0. ],0.138343445956707
12,101,[1.3 0.1 0.3 0.9 0.  0.  1.3 0. ],0.13834483176469803
12,102,[1.3 0.1 0.3 0.9 0.  0.  1.3 0. ],0.138345867395401
12,103,[1.3 0.1 0.3 0.9 0.  0.  1.3 0. ],0.13834701478481293
12,104,[1.3 0.1 0.3 0.9 0.  0.  1.3 0. ],0.13835705816745758
12,105,[1.3 0.1 0.3 0.9 0.  0.  1.3 0. ],0.13835715502500534
12,106,[1.3 0.1 0.3 0.9 0.  0.  1.3 0. ],0.13836020231246948
12,107,[1.3 0.1 0.3 0.9 0.  0.  1.3 0. ],0.13836506754159927
12,108,[1.3 0.1 0.3 0.9 0.  0.  1.3 0. ],0.13836605846881866
12,109,[1.3 0.1 0.3 0.9 0.  0.  1.3 0. ],0.13836634159088135
12,110,[1.3 0.1 0.3 0.9 0.  0.  1.3 0. ],0.13836669921875
12,111,[1.3 0.1 0.3 0.9 0.  0.  1.3 0. ],0.13836929947137833
12,112,[1.3 0.1 0.3 0.9 0.  0.  1.3 0. ],0.13836973160505295
12,113,[1.3 0.1 0.3 0.9 0.  0.  1.3 0. ],0.13837020099163055
12,114,[1.3 0.1 0.3 0.9 0.  0.  1.3 0. ],0.1383725255727768
12,115,[1.3 0.1 0.3 0.9 0.  0.  1.3 0. ],0.13837309181690216
12,116,[1.3 0.1 0.3 0.9 0.  0.  1.3 0. ],0.13838031142950058
12,117,[1.3 0.1 0.3 0.9 0.  0.  1.3 0. ],0.13838288933038712
12,118,[1.3 0.1 0.3 0.9 0.  0.  1.3 0. ],0.13839077204465866
12,119,[1.3 0.1 0.3 0.9 0.  0.  1.3 0. ],0.13839194178581238
12,120,[1.3 0.1 0.3 0.9 0.  0.  1.3 0. ],0.13839245587587357
12,121,[1.3 0.1 0.3 0.9 0.  0.  1.3 0. ],0.13839536905288696
12,122,[1.3 0.1 0.3 0.9 0.  0.  1.3 0. ],0.13840261101722717
12,123,[1.3 0.1 0.3 0.9 0.  0.  1.3 0. ],0.13840898126363754
12,124,[1.3 0.1 0.3 0.9 0.  0.  1.3 0. ],0.13840914517641068
12,125,[1.3 0.1 0.3 0.9 0.  0.  1.3 0. ],0.1384103149175644
12,126,[1.3 0.1 0.3 0.9 0.  0.  1.3 0. ],0.13841333985328674
12,127,[1.3 0.1 0.3 0.9 0.  0.  1.3 0. ],0.138413704931736
12,128,[1.3 0.1 0.3 0.9 0.  0.  1.3 0. ],0.13842996209859848
12,129,[1.3 0.1 0.3 0.9 0.  0.  1.3 0. ],0.13843099772930145
12,130,[1.3 0.1 0.3 0.9 0.  0.  1.3 0. ],0.1384316235780716
12,131,[1.3 0.1 0.3 0.9 0.  0.  1.3 0. ],0.13843407481908798
12,132,[1.3 0.1 0.3 0.9 0.  0.  1.3 0. ],0.1384415328502655
12,133,[1.3 0.1 0.3 0.9 0.  0.  1.3 0. ],0.13846378028392792
12,134,[1.3 0.1 0.3 0.9 0.  0.  1.3 0. ],0.13847265392541885
12,135,[1.3 0.1 0.3 0.9 0.  0.  1.3 0. ],0.13848605751991272
12,136,[1.3 0.1 0.3 0.9 0.  0.  1.3 0. ],0.1384931206703186
12,137,[1.3 0.1 0.3 0.9 0.  0.  1.3 0. ],0.13850011676549911
12,138,[1.3 0.1 0.3 0.9 0.  0.  1.3 0. ],0.13852886110544205
12,139,[1.3 0.1 0.1 0.9 0.  0.  1.3 0.2],0.13994289934635162
12,140,[1.3 0.1 0.1 0.9 0.  0.  1.3 0.2],0.14006619900465012
12,141,[1.3 0.1 0.1 0.9 0.  0.  1.3 0.2],0.1400785595178604
12,142,[1.3 0.1 0.1 0.9 0.  0.  1.3 0.2],0.14009395241737366
12,143,[1.3 0.1 0.1 0.9 0.  0.  1.3 0.2],0.14009586721658707
12,144,[1.3 0.1 0.1 0.9 0.  0.  1.3 0.2],0.14012203365564346
12,145,[1.3 0.1 0.1 0.9 0.  0.  1.3 0.2],0.1401265412569046
12,146,[1.3 0.1 0.1 0.9 0.  0.  1.3 0.2],0.14013069868087769
12,147,[1.3 0.1 0.1 0.9 0.  0.  1.3 0.2],0.14013541489839554
12,148,[1.3 0.1 0.1 0.9 0.  0.  1.3 0.2],0.14014416188001633
12,149,[1.3 0.1 0.1 0.9 0.  0.  1.3 0.2],0.14014882594347
12,150,[1.3 0.1 0.1 0.9 0.  0.  1.3 0.2],0.1401529163122177
12,151,[1.3 0.1 0.1 0.9 0.  0.  1.3 0.2],0.14015623927116394
12,152,[1.3 0.1 0.1 0.9 0.  0.  1.3 0.2],0.14017245173454285
12,153,[1.3 0.1 0.1 0.9 0.  0.  1.3 0.2],0.14017275720834732
12,154,[1.3 0.1 0.1 0.9 0.  0.  1.3 0.2],0.14017364382743835
12,155,[1.3 0.1 0.1 0.9 0.  0.  1.3 0.2],0.14017519354820251
12,156,[1.3 0.1 0.1 0.9 0.  0.  1.3 0.2],0.14017681032419205
12,157,[1.3 0.1 0.1 0.9 0.  0.  1.3 0.2],0.14017795026302338
12,158,[1.3 0.1 0.1 0.9 0.  0.  1.3 0.2],0.14017803221940994
12,159,[1.3 0.1 0.1 0.9 0.  0.  1.3 0.2],0.14018027484416962
12,160,[1.3 0.1 0.1 0.9 0.  0.  1.3 0.2],0.14018089324235916
12,161,[1.3 0.1 0.1 0.9 0.  0.  1.3 0.2],0.14018197357654572
12,162,[1.3 0.1 0.1 0.9 0.  0.  1.3 0.2],0.140183687210083
12,163,[1.3 0.1 0.1 0.9 0.  0.  1.3 0.2],0.14018375426530838
12,164,[1.3 0.1 0.1 0.9 0.  0.  1.3 0.2],0.1401841714978218
12,165,[1.3 0.1 0.1 0.9 0.  0.  1.3 0.2],0.14018765836954117
12,166,[1.3 0.1 0.1 0.9 0.  0.  1.3 0.2],0.14018803089857101
12,167,[1.3 0.1 0.1 0.9 0.  0.  1.3 0.2],0.14019207656383514
12,168,[1.3 0.1 0.1 0.9 0.  0.  1.3 0.2],0.1401943862438202
12,169,[1.3 0.1 0.1 0.9 0.  0.  1.3 0.2],0.14019501954317093
12,170,[1.3 0.1 0.1 0.9 0.  0.  1.3 0.2],0.14019550383090973
12,171,[1.3 0.1 0.1 0.9 0.  0.  1.3 0.2],0.14019760489463806
12,172,[1.3 0.1 0.1 0.9 0.  0.  1.3 0.2],0.14020001143217087
12,173,[1.3 0.1 0.1 0.9 0.  0.  1.3 0.2],0.1402009278535843
12,174,[1.3 0.1 0.1 0.9 0.  0.  1.3 0.2],0.14020447432994843
12,175,[1.3 0.1 0.1 0.9 0.  0.  1.3 0.2],0.14020714908838272
12,176,[1.3 0.1 0.1 0.9 0.  0.  1.3 0.2],0.14020876586437225
12,177,[1.3 0.1 0.1 0.9 0.  0.  1.3 0.2],0.1402096152305603
12,178,[1.3 0.1 0.1 0.9 0.  0.  1.3 0.2],0.14021099358797073
12,179,[1.3 0.1 0.1 0.9 0.  0.  1.3 0.2],0.1402135044336319
12,180,[1.3 0.1 0.1 0.9 0.  0.  1.3 0.2],0.1402137652039528
12,181,[1.3 0.1 0.1 0.9 0.  0.  1.3 0.2],0.1402185708284378
12,182,[1.3 0.1 0.1 0.9 0.  0.  1.3 0.2],0.14021872729063034
12,183,[1.3 0.1 0.1 0.9 0.  0.  1.3 0.2],0.14021939039230347
12,184,[1.3 0.1 0.1 0.9 0.  0.  1.3 0.2],0.1402195394039154
12,185,[1.3 0.1 0.1 0.9 0.  0.  1.3 0.2],0.14022134244441986
12,186,[1.3 0.1 0.1 0.9 0.  0.  1.3 0.2],0.14022233337163925
12,187,[1.3 0.1 0.1 0.9 0.  0.  1.3 0.2],0.14022337645292282
12,188,[1.3 0.1 0.1 0.9 0.  0.  1.3 0.2],0.14022337645292282
12,189,[1.3 0.1 0.1 0.9 0.  0.  1.3 0.2],0.14022431522607803
12,190,[1.3 0.1 0.1 0.9 0.  0.  1.3 0.2],0.14022499322891235
12,191,[1.3 0.1 0.1 0.9 0.  0.  1.3 0.2],0.14022764563560486
12,192,[1.3 0.1 0.1 0.9 0.  0.  1.3 0.2],0.14022812992334366
12,193,[1.3 0.1 0.1 0.9 0.  0.  1.3 0.2],0.1402294859290123
12,194,[1.3 0.1 0.1 0.9 0.  0.  1.3 0.2],0.1402309611439705
12,195,[1.3 0.1 0.1 0.9 0.  0.  1.3 0.2],0.1402314528822899
12,196,[1.3 0.1 0.1 0.9 0.  0.  1.3 0.2],0.1402324065566063
12,197,[1.3 0.1 0.1 0.9 0.  0.  1.3 0.2],0.14023353159427643
12,198,[1.3 0.1 0.1 0.9 0.  0.  1.3 0.2],0.14023375511169434
12,199,[1.3 0.1 0.1 0.9 0.  0.  1.3 0.2],0.14023485779762268
12,200,[1.3 0.1 0.1 0.9 0.  0.  1.3 0.2],0.1402355283498764
12,201,[1.3 0.1 0.1 0.9 0.  0.  1.3 0.2],0.1402372419834137
12,202,[1.3 0.1 0.1 0.9 0.  0.  1.3 0.2],0.14023751020431519
12,203,[1.3 0.1 0.1 0.9 0.  0.  1.3 0.2],0.1402376964688301
12,204,[1.3 0.1 0.1 0.9 0.  0.  1.3 0.2],0.14023827016353607
12,205,[1.3 0.1 0.1 0.9 0.  0.  1.3 0.2],0.14023856818675995
12,206,[1.3 0.1 0.1 0.9 0.  0.  1.3 0.2],0.14023862779140472
12,207,[1.3 0.1 0.1 0.9 0.  0.  1.3 0.2],0.1402391642332077
12,208,[1.3 0.1 0.1 0.9 0.  0.  1.3 0.2],0.14024030417203903
12,209,[1.3 0.1 0.1 0.9 0.  0.  1.3 0.2],0.14024057984352112
12,210,[1.3 0.1 0.1 0.9 0.  0.  1.3 0.2],0.14024096727371216
12,211,[1.3 0.1 0.1 0.9 0.  0.  1.3 0.2],0.14024154096841812
12,212,[1.3 0.1 0.1 0.9 0.  0.  1.3 0.2],0.14024174213409424
12,213,[1.3 0.1 0.1 0.9 0.  0.  1.3 0.2],0.14024312794208527
12,214,[1.3 0.1 0.1 0.9 0.  0.  1.3 0.2],0.14024776965379715
12,215,[1.3 0.1 0.1 0.9 0.  0.  1.3 0.2],0.14024803787469864
12,216,[1.3 0.1 0.1 0.9 0.  0.  1.3 0.2],0.1402490735054016
12,217,[1.3 0.1 0.1 0.9 0.  0.  1.3 0.2],0.14024976640939713
12,218,[1.3 0.1 0.1 0.9 0.  0.  1.3 0.2],0.14025133848190308
12,219,[1.3 0.1 0.1 0.9 0.  0.  1.3 0.2],0.14025194942951202
12,220,[1.3 0.1 0.1 0.9 0.  0.  1.3 0.2],0.14025284349918365
12,221,[1.3 0.1 0.1 0.9 0.  0.  1.3 0.2],0.14025326818227768
12,222,[1.3 0.1 0.1 0.9 0.  0.  1.3 0.2],0.14025338739156723
12,223,[1.3 0.1 0.1 0.9 0.  0.  1.3 0.2],0.14025457948446274
12,224,[1.3 0.1 0.1 0.9 0.  0.  1.3 0.2],0.14025483280420303
12,225,[1.3 0.1 0.1 0.9 0.  0.  1.3 0.2],0.14025632292032242
12,226,[1.3 0.1 0.1 0.9 0.  0.  1.3 0.2],0.14025694876909256
12,227,[1.3 0.1 0.1 0.9 0.  0.  1.3 0.2],0.14025795459747314
12,228,[1.3 0.1 0.1 0.9 0.  0.  1.3 0.2],0.1402582898736
12,229,[1.3 0.1 0.1 0.9 0.  0.  1.3 0.2],0.14025863260030746
12,230,[1.3 0.1 0.1 0.9 0.  0.  1.3 0.2],0.14025875180959702
12,231,[1.3 0.1 0.1 0.9 0.  0.  1.3 0.2],0.14025915414094925
12,232,[1.3 0.1 0.1 0.9 0.  0.  1.3 0.2],0.1402592733502388
12,233,[1.3 0.1 0.1 0.9 0.  0.  1.3 0.2],0.14026249200105667
12,234,[1.3 0.1 0.1 0.9 0.  0.  1.3 0.2],0.14026305824518204
12,235,[1.3 0.1 0.1 0.9 0.  0.  1.3 0.2],0.14026352763175964
12,236,[1.3 0.1 0.1 0.9 0.  0.  1.3 0.2],0.14026397466659546
12,237,[1.3 0.1 0.1 0.9 0.  0.  1.3 0.2],0.1402643620967865
12,238,[1.3 0.1 0.1 0.9 0.  0.  1.3 0.2],0.1402648687362671
12,239,[1.3 0.1 0.1 0.9 0.  0.  1.3 0.2],0.14026527851819992
12,240,[1.3 0.1 0.1 0.9 0.  0.  1.3 0.2],0.14026997238397598
12,241,[1.3 0.1 0.1 0.9 0.  0.  1.3 0.2],0.1402701437473297
12,242,[1.3 0.1 0.1 0.9 0.  0.  1.3 0.2],0.1402723491191864
12,243,[1.3 0.1 0.1 0.9 0.  0.  1.3 0.2],0.14027338474988937
12,244,[1.3 0.1 0.1 0.9 0.  0.  1.3 0.2],0.14027399569749832
12,245,[1.3 0.1 0.1 0.9 0.  0.  1.3 0.2],0.1402748078107834
12,246,[1.3 0.1 0.1 0.9 0.  0.  1.3 0.2],0.14027558267116547
12,247,[1.3 0.1 0.1 0.9 0.  0.  1.3 0.2],0.14027783274650574
12,248,[1.3 0.1 0.1 0.9 0.  0.  1.3 0.2],0.14027968049049377
12,249,[1.3 0.1 0.1 0.9 0.  0.  1.3 0.2],0.1402810662984848
12,250,[1.3 0.1 0.1 0.9 0.  0.  1.3 0.2],0.14028126001358032
12,251,[1.3 0.1 0.1 0.9 0.  0.  1.3 0.2],0.14028214663267136
12,252,[1.3 0.1 0.1 0.9 0.  0.  1.3 0.2],0.14028388261795044
12,253,[1.3 0.1 0.1 0.9 0.  0.  1.3 0.2],0.14028394222259521
12,254,[1.3 0.1 0.1 0.9 0.  0.  1.3 0.2],0.14028450101613998
12,255,[1.3 0.1 0.1 0.9 0.  0.  1.3 0.2],0.1402849406003952
12,256,[1.3 0.1 0.1 0.9 0.  0.  1.3 0.2],0.14028552174568176
12,257,[1.3 0.1 0.1 0.9 0.  0.  1.3 0.2],0.14028670638799667
12,258,[1.3 0.1 0.1 0.9 0.  0.  1.3 0.2],0.14028774946928024
12,259,[1.3 0.1 0.1 0.9 0.  0.  1.3 0.2],0.14029012620449066
12,260,[1.3 0.1 0.1 0.9 0.  0.  1.3 0.2],0.14029154926538467
12,261,[1.3 0.1 0.1 0.9 0.  0.  1.3 0.2],0.14029251784086227
12,262,[1.3 0.1 0.1 0.9 0.  0.  1.3 0.2],0.1402939409017563
12,263,[1.3 0.1 0.1 0.9 0.  0.  1.3 0.2],0.1402944177389145
12,264,[1.3 0.1 0.1 0.9 0.  0.  1.3 0.2],0.14029573649168015
12,265,[1.3 0.1 0.1 0.9 0.  0.  1.3 0.2],0.14029628783464432
12,266,[1.3 0.1 0.1 0.9 0.  0.  1.3 0.2],0.1402963474392891
12,267,[1.3 0.1 0.1 0.9 0.  0.  1.3 0.2],0.14029765874147415
12,268,[1.3 0.1 0.1 0.9 0.  0.  1.3 0.2],0.1402982920408249
12,269,[1.3 0.1 0.1 0.9 0.  0.  1.3 0.2],0.14029844850301743
12,270,[1.3 0.1 0.1 0.9 0.  0.  1.3 0.2],0.14029960334300995
12,271,[1.3 0.1 0.1 0.9 0.  0.  1.3 0.2],0.1403009444475174
12,272,[1.3 0.1 0.1 0.9 0.  0.  1.3 0.2],0.1403014287352562
12,273,[1.3 0.1 0.1 0.9 0.  0.  1.3 0.2],0.14030290395021439
12,274,[1.3 0.1 0.1 0.9 0.  0.  1.3 0.2],0.1403040885925293
12,275,[1.3 0.1 0.1 0.9 0.  0.  1.3 0.2],0.14030475914478302
12,276,[1.3 0.1 0.1 0.9 0.  0.  1.3 0.2],0.14030498266220093
12,277,[1.3 0.1 0.1 0.9 0.  0.  1.3 0.2],0.14030658453702927
12,278,[1.3 0.1 0.1 0.9 0.  0.  1.3 0.2],0.14030737429857254
12,279,[1.3 0.1 0.1 0.9 0.  0.  1.3 0.2],0.14030811935663223
12,280,[1.3 0.1 0.1 0.9 0.  0.  1.3 0.2],0.14030823856592178
12,281,[1.3 0.1 0.1 0.9 0.  0.  1.3 0.2],0.14030864089727402
12,282,[1.3 0.1 0.1 0.9 0.  0.  1.3 0.2],0.140309140086174
12,283,[1.3 0.1 0.1 0.9 0.  0.  1.3 0.2],0.1403101459145546
12,284,[1.3 0.1 0.1 0.9 0.  0.  1.3 0.2],0.14031031727790833
12,285,[1.3 0.1 0.1 0.9 0.  0.  1.3 0.2],0.14031149446964264
12,286,[1.3 0.1 0.1 0.9 0.  0.  1.3 0.2],0.1403120830655098
12,287,[1.3 0.1 0.1 0.9 0.  0.  1.3 0.2],0.14031273126602173
12,288,[1.3 0.1 0.1 0.9 0.  0.  1.3 0.2],0.14031369239091873
12,289,[1.3 0.1 0.1 0.9 0.  0.  1.3 0.2],0.14031504839658737
12,290,[1.3 0.1 0.1 0.9 0.  0.  1.3 0.2],0.14031622558832169
12,291,[1.3 0.1 0.1 0.9 0.  0.  1.3 0.2],0.14031687378883362
12,292,[1.3 0.1 0.1 0.9 0.  0.  1.3 0.2],0.14032049477100372
12,293,[1.3 0.1 0.1 0.9 0.  0.  1.3 0.2],0.14032094925642014
12,294,[1.3 0.1 0.1 0.9 0.  0.  1.3 0.2],0.1403227299451828
12,295,[1.3 0.1 0.1 0.9 0.  0.  1.3 0.2],0.14032287150621414
12,296,[1.3 0.1 0.1 0.9 0.  0.  1.3 0.2],0.14032329618930817
12,297,[1.3 0.1 0.1 0.9 0.  0.  1.3 0.2],0.1403239518404007
12,298,[1.3 0.1 0.1 0.9 0.  0.  1.3 0.2],0.14032398164272308
12,299,[1.3 0.1 0.1 0.9 0.  0.  1.3 0.2],0.14032487571239471
12,300,[1.3 0.1 0.1 0.9 0.  0.  1.3 0.2],0.1403251588344574
12,301,[1.3 0.1 0.1 0.9 0.  0.  1.3 0.2],0.14032556861639023
12,302,[1.3 0.1 0.1 0.9 0.  0.  1.3 0.2],0.14032591879367828
12,303,[1.3 0.1 0.1 0.9 0.  0.  1.3 0.2],0.14032693952322006
12,304,[1.3 0.1 0.1 0.9 0.  0.  1.3 0.2],0.14032714068889618
12,305,[1.3 0.1 0.1 0.9 0.  0.  1.3 0.2],0.14032716304063797
12,306,[1.3 0.1 0.1 0.9 0.  0.  1.3 0.2],0.1403297707438469
12,307,[1.3 0.1 0.1 0.9 0.  0.  1.3 0.2],0.1403307542204857
12,308,[1.3 0.1 0.1 0.9 0.  0.  1.3 0.2],0.14033197611570358
12,309,[1.3 0.1 0.1 0.9 0.  0.  1.3 0.2],0.14033326506614685
12,310,[1.3 0.1 0.1 0.9 0.  0.  1.3 0.2],0.14033382385969162
12,311,[1.3 0.1 0.1 0.9 0.  0.  1.3 0.2],0.1403338611125946
12,312,[1.3 0.1 0.1 0.9 0.  0.  1.3 0.2],0.14033447206020355
12,313,[1.3 0.1 0.1 0.9 0.  0.  1.3 0.2],0.14033527672290802
12,314,[1.3 0.1 0.1 0.9 0.  0.  1.3 0.2],0.14033793658018112
12,315,[1.3 0.1 0.1 0.9 0.  0.  1.3 0.2],0.14033876359462738
12,316,[1.3 0.1 0.1 0.9 0.  0.  1.3 0.2],0.14033927768468857
12,317,[1.3 0.1 0.1 0.9 0.  0.  1.3 0.2],0.14033959060907364
12,318,[1.3 0.1 0.1 0.9 0.  0.  1.3 0.2],0.14034121483564377
12,319,[1.3 0.1 0.1 0.9 0.  0.  1.3 0.2],0.14034198224544525
12,320,[1.3 0.1 0.1 0.9 0.  0.  1.3 0.2],0.1403428092598915
12,321,[1.3 0.1 0.1 0.9 0.  0.  1.3 0.2],0.14034508168697357
12,322,[1.3 0.1 0.1 0.9 0.  0.  1.3 0.2],0.14034809172153473
12,323,[1.3 0.1 0.1 0.9 0.  0.  1.3 0.2],0.14034871757030487
12,324,[1.3 0.1 0.1 0.9 0.  0.  1.3 0.2],0.1403520703315735
12,325,[1.3 0.1 0.1 0.9 0.  0.  1.3 0.2],0.14035304635763168
12,326,[1.3 0.1 0.1 0.9 0.  0.  1.3 0.2],0.14035381376743317
12,327,[1.3 0.1 0.1 0.9 0.  0.  1.3 0.2],0.14035626500844955
12,328,[1.3 0.1 0.1 0.9 0.  0.  1.3 0.2],0.14035670459270477
12,329,[1.3 0.1 0.1 0.9 0.  0.  1.3 0.2],0.14035683870315552
12,330,[1.3 0.1 0.1 0.9 0.  0.  1.3 0.2],0.14035862684249878
12,331,[1.3 0.1 0.1 0.9 0.  0.  1.3 0.2],0.14035960286855698
12,332,[1.3 0.1 0.1 0.9 0.  0.  1.3 0.2],0.1403607800602913
12,333,[1.3 0.1 0.1 0.9 0.  0.  1.3 0.2],0.1403641253709793
12,334,[1.3 0.1 0.1 0.9 0.  0.  1.3 0.2],0.140364408493042
12,335,[1.3 0.1 0.1 0.9 0.  0.  1.3 0.2],0.14036758244037628
12,336,[1.3 0.1 0.1 0.9 0.  0.  1.3 0.2],0.14037466794252396
12,337,[1.3 0.1 0.1 0.9 0.  0.  1.3 0.2],0.14037615060806274
12,338,[1.3 0.1 0.1 0.9 0.  0.  1.3 0.2],0.1403828039765358
12,339,[1.3 0.1 0.1 0.9 0.  0.  1.3 0.2],0.1403830125927925
12,340,[1.3 0.1 0.1 0.9 0.  0.  1.3 0.2],0.1403845176100731
12,341,[1.3 0.1 0.1 0.9 0.  0.  1.3 0.2],0.1403871849179268
12,342,[1.3 0.1 0.1 0.9 0.  0.  1.3 0.2],0.14038772135972977
12,343,[1.3 0.1 0.1 0.9 0.  0.  1.3 0.2],0.140388585627079
12,344,[1.3 0.1 0.1 0.9 0.  0.  1.3 0.2],0.14038900285959244
12,345,[1.3 0.1 0.1 0.9 0.  0.  1.3 0.2],0.1403949037194252
12,346,[1.3 0.1 0.1 0.9 0.  0.  1.3 0.2],0.14039494097232819
12,347,[1.3 0.1 0.1 0.9 0.  0.  1.3 0.2],0.14039583131670952
12,348,[1.3 0.1 0.1 0.9 0.  0.  1.3 0.2],0.14039631932973862
12,349,[1.3 0.1 0.1 0.9 0.  0.  1.3 0.2],0.1403968334197998
12,350,[1.3 0.1 0.1 0.9 0.  0.  1.3 0.2],0.14040234684944153
12,351,[1.3 0.1 0.1 0.9 0.  0.  1.3 0.2],0.14040859788656235
12,352,[1.3 0.1 0.1 0.9 0.  0.  1.3 0.2],0.14040998369455338
12,353,[1.3 0.1 0.1 0.9 0.  0.  1.3 0.2],0.14041201025247574
12,354,[1.3 0.1 0.1 0.9 0.  0.  1.3 0.2],0.14041509479284286
12,355,[1.3 0.1 0.1 0.9 0.  0.  1.3 0.2],0.14041846990585327
12,356,[1.3 0.1 0.1 0.9 0.  0.  1.3 0.2],0.14042172580957413
12,357,[1.3 0.1 0.1 0.9 0.  0.  1.3 0.2],0.14042247831821442
12,358,[1.3 0.1 0.1 0.9 0.  0.  1.3 0.2],0.1404237374663353
12,359,[1.3 0.1 0.1 0.9 0.  0.  1.3 0.2],0.14042741805315018
12,360,[1.3 0.1 0.1 0.9 0.  0.  1.3 0.2],0.140428576618433
12,361,[1.3 0.1 0.1 0.9 0.  0.  1.3 0.2],0.1404285803437233
12,362,[1.3 0.1 0.1 0.9 0.  0.  1.3 0.2],0.14043299853801727
12,363,[1.3 0.1 0.1 0.9 0.  0.  1.3 0.2],0.14043357968330383
12,364,[1.3 0.1 0.1 0.9 0.  0.  1.3 0.2],0.14044413715600967
12,365,[1.3 0.1 0.1 0.9 0.  0.  1.3 0.2],0.14046885818243027
12,366,[1.3 0.1 0.1 0.9 0.  0.  1.3 0.2],0.1404736563563347
12,367,[1.3 0.1 0.1 0.9 0.  0.  1.3 0.2],0.14048658311367035
12,368,[1.3 0.1 0.1 0.9 0.  0.  1.3 0.2],0.14048834890127182
12,369,[1.3 0.1 0.1 0.9 0.  0.  1.3 0.2],0.14050213247537613
12,370,[1.3 0.1 0.1 0.9 0.  0.  1.3 0.2],0.1405218541622162
12,371,[1.3 0.1 0.3 0.8 0.  0.  1.3 0.6],0.14054863154888153
12,372,[1.3 0.1 0.1 0.9 0.  0.  1.3 0.2],0.14055797457695007
12,373,[1.3 0.1 0.3 0.8 0.  0.  1.3 0.6],0.14056622982025146
12,374,[1.3 0.1 0.1 0.9 0.  0.  1.3 0.2],0.14057207852602005
12,375,[1.3 0.1 0.3 0.8 0.  0.  1.3 0.6],0.14060183614492416
12,376,[1.3 0.1 0.3 0.8 0.  0.  1.3 0.6],0.14061732590198517
12,377,[1.3 0.1 0.3 0.8 0.  0.  1.3 0.6],0.1406191661953926
12,378,[1.3 0.1 0.3 0.8 0.  0.  1.3 0.6],0.1406196802854538
12,379,[1.3 0.1 0.3 0.8 0.  0.  1.3 0.6],0.14066266268491745
12,380,[1.3 0.1 0.3 0.8 0.  0.  1.3 0.6],0.14066702127456665
12,381,[1.3 0.1 0.3 0.8 0.  0.  1.3 0.6],0.1406702697277069
12,382,[1.3 0.1 0.3 0.8 0.  0.  1.3 0.6],0.1406807377934456
12,383,[1.3 0.1 0.3 0.8 0.  0.  1.3 0.6],0.1406850591301918
12,384,[1.3 0.1 0.3 0.8 0.  0.  1.3 0.6],0.14068704843521118
12,385,[1.3 0.1 0.3 0.8 0.  0.  1.3 0.6],0.14075808227062225
12,386,[1.3 0.1 0.3 0.8 0.  0.  1.3 0.6],0.1407647356390953
12,387,[1.3 0.1 0.3 0.8 0.  0.  1.3 0.6],0.14076544344425201
12,388,[1.1 0.  0.1 1.  0.  0.  1.3 0.2],0.14130760729312897
12,389,[1.1 0.  0.1 1.  0.  0.  1.3 0.2],0.1413477584719658
12,390,[1.1 0.  0.1 1.  0.  0.  1.3 0.2],0.14137496799230576
12,391,[1.3 0.1 0.1 0.9 0.  0.  1.2 1. ],0.14143791049718857
12,392,[1.1 0.  0.1 1.  0.  0.  1.3 0.2],0.1414407715201378
12,393,[1.1 0.  0.1 1.  0.  0.  1.3 0.2],0.14144155383110046
12,394,[1.1 0.  0.1 1.  0.  0.  1.3 0.2],0.141443632543087
12,395,[1.1 0.  0.1 1.  0.  0.  1.3 0.2],0.14145959168672562
12,396,[1.1 0.  0.1 1.  0.  0.  1.3 0.2],0.14146335422992706
12,397,[1.1 0.  0.1 1.  0.  0.  1.3 0.2],0.14146824181079865
12,398,[1.1 0.  0.1 1.  0.  0.  1.3 0.2],0.14146967977285385
12,399,[1.1 0.  0.1 1.  0.  0.  1.3 0.2],0.14147653430700302
12,400,[1.1 0.  0.1 1.  0.  0.  1.3 0.2],0.1414828673005104
12,401,[1.1 0.  0.1 1.  0.  0.  1.3 0.2],0.14148299396038055
12,402,[1.1 0.  0.1 1.  0.  0.  1.3 0.2],0.14148630946874619
12,403,[1.3 0.1 0.1 0.9 0.  0.  1.2 1. ],0.14148924499750137
12,404,[1.1 0.  0.1 1.  0.  0.  1.3 0.2],0.14149554818868637
12,405,[1.3 0.1 0.1 0.9 0.  0.  1.2 1. ],0.14149786531925201
12,406,[1.1 0.  0.1 1.  0.  0.  1.3 0.2],0.14150160551071167
12,407,[1.1 0.  0.1 1.  0.  0.  1.3 0.2],0.14150457084178925
12,408,[1.3 0.1 0.1 0.9 0.  0.  1.2 1. ],0.14150694757699966
12,409,[1.1 0.  0.1 1.  0.  0.  1.3 0.2],0.14151275157928467
12,410,[1.1 0.  0.1 1.  0.  0.  1.3 0.2],0.1415185108780861
12,411,[1.1 0.  0.1 1.  0.  0.  1.3 0.2],0.14152027666568756
12,412,[1.1 0.  0.1 1.  0.  0.  1.3 0.2],0.14152038097381592
12,413,[1.1 0.  0.1 1.  0.  0.  1.3 0.2],0.14152193069458008
12,414,[1.1 0.  0.1 1.  0.  0.  1.3 0.2],0.14152344316244125
12,415,[1.1 0.  0.1 1.  0.  0.  1.3 0.2],0.14152488857507706
12,416,[1.1 0.  0.1 1.  0.  0.  1.3 0.2],0.1415262296795845
12,417,[1.1 0.  0.1 1.  0.  0.  1.3 0.2],0.14152827858924866
12,418,[1.1 0.  0.1 1.  0.  0.  1.3 0.2],0.1415323242545128
12,419,[1.1 0.  0.1 1.  0.  0.  1.3 0.2],0.14153283834457397
12,420,[1.1 0.  0.1 1.  0.  0.  1.3 0.2],0.14154894649982452
12,421,[1.1 0.  0.1 1.  0.  0.  1.3 0.2],0.14155220985412598
12,422,[1.1 0.  0.1 1.  0.  0.  1.3 0.2],0.14155559241771698
12,423,[1.1 0.  0.1 1.  0.  0.  1.3 0.2],0.14156264811754227
12,424,[1.1 0.  0.1 1.  0.  0.  1.3 0.2],0.1415666714310646
12,425,[1.1 0.  0.1 1.  0.  0.  1.3 0.2],0.1415667161345482
12,426,[1.1 0.  0.1 1.  0.  0.  1.3 0.2],0.1415681317448616
12,427,[1.1 0.  0.1 1.  0.  0.  1.3 0.2],0.14157052338123322
12,428,[1.1 0.  0.1 1.  0.  0.  1.3 0.2],0.14157067239284515
12,429,[1.3 0.1 0.1 0.9 0.  0.  1.2 1. ],0.14157335460186005
12,430,[1.1 0.  0.1 1.  0.  0.  1.3 0.2],0.14157583564519882
12,431,[1.1 0.  0.1 1.  0.  0.  1.3 0.2],0.14158064126968384
12,432,[1.1 0.  0.1 1.  0.  0.  1.3 0.2],0.1415824592113495
12,433,[1.1 0.  0.1 1.  0.  0.  1.3 0.2],0.14158452302217484
12,434,[1.1 0.  0.1 1.  0.  0.  1.3 0.2],0.1415862739086151
12,435,[1.1 0.  0.1 1.  0.  0.  1.3 0.2],0.141596257686615
12,436,[1.1 0.  0.1 1.  0.  0.  1.3 0.2],0.14159774780273438
12,437,[1.1 0.  0.1 1.  0.  0.  1.3 0.2],0.14159812033176422
12,438,[1.1 0.  0.1 1.  0.  0.  1.3 0.2],0.1415986642241478
12,439,[1.1 0.  0.1 1.  0.  0.  1.3 0.2],0.1415996327996254
12,440,[1.1 0.  0.1 1.  0.  0.  1.3 0.2],0.14160268008708954
12,441,[1.1 0.  0.1 1.  0.  0.  1.3 0.2],0.1416129469871521
12,442,[1.1 0.  0.1 1.  0.  0.  1.3 0.2],0.14161422103643417
12,443,[1.1 0.  0.1 1.  0.  0.  1.3 0.2],0.1416161209344864
12,444,[1.1 0.  0.1 1.  0.  0.  1.3 0.2],0.14161911606788635
12,445,[1.1 0.  0.1 1.  0.  0.  1.3 0.2],0.1416197344660759
12,446,[1.1 0.  0.1 1.  0.  0.  1.3 0.2],0.14162006974220276
12,447,[1.3 0.1 0.1 0.9 0.  0.  1.2 1. ],0.1416221186518669
12,448,[1.1 0.  0.1 1.  0.  0.  1.3 0.2],0.1416228786110878
12,449,[1.1 0.  0.1 1.  0.  0.  1.3 0.2],0.14162524789571762
12,450,[1.1 0.  0.1 1.  0.  0.  1.3 0.2],0.1416282281279564
12,451,[1.1 0.  0.1 1.  0.  0.  1.3 0.2],0.14162851125001907
12,452,[1.1 0.  0.1 1.  0.  0.  1.3 0.2],0.14163444191217422
12,453,[1.1 0.  0.1 1.  0.  0.  1.3 0.2],0.14163661003112793
12,454,[1.1 0.  0.1 1.  0.  0.  1.3 0.2],0.14164236932992935
12,455,[1.1 0.  0.1 1.  0.  0.  1.3 0.2],0.14164457470178604
12,456,[1.1 0.  0.1 1.  0.  0.  1.3 0.2],0.14164627343416214
12,457,[1.1 0.  0.1 1.  0.  0.  1.3 0.2],0.14164747297763824
12,458,[1.1 0.  0.1 1.  0.  0.  1.3 0.2],0.14164969325065613
12,459,[1.1 0.  0.1 1.  0.  0.  1.3 0.2],0.14165490865707397
12,460,[1.1 0.  0.1 1.  0.  0.  1.3 0.2],0.14166259765625
12,461,[1.1 0.  0.1 1.  0.  0.  1.3 0.2],0.14166979491710663
12,462,[1.1 0.  0.1 1.  0.  0.  1.3 0.2],0.14167091995477676
12,463,[1.1 0.  0.1 1.  0.  0.  1.3 0.2],0.14168540388345718
12,464,[1.1 0.  0.1 1.  0.  0.  1.3 0.2],0.14168690890073776
12,465,[1.1 0.  0.1 1.  0.  0.  1.3 0.2],0.14168987423181534
12,466,[1.1 0.  0.1 1.  0.  0.  1.3 0.2],0.1416902095079422
12,467,[1.1 0.  0.1 1.  0.  0.  1.3 0.2],0.14169041067361832
12,468,[1.1 0.  0.1 1.  0.  0.  1.3 0.2],0.14169227331876755
12,469,[1.1 0.  0.1 1.  0.  0.  1.3 0.2],0.14169803261756897
12,470,[1.1 0.  0.1 1.  0.  0.  1.3 0.2],0.1417238935828209
12,471,[1.1 0.  0.1 1.  0.  0.  1.3 0.2],0.14172745496034622
12,472,[1.1 0.  0.1 1.  0.  0.  1.3 0.2],0.14173632860183716
12,473,[1.1 0.  0.1 1.  0.  0.  1.3 0.2],0.14174699783325195
12,474,[1.1 0.  0.1 1.  0.  0.  1.3 0.2],0.14175374805927277
12,475,[1.1 0.  0.1 1.  0.  0.  1.3 0.2],0.14177969843149185
12,476,[1.1 0.  0.1 1.  0.  0.  1.3 0.2],0.14188937842845917
12,477,[1.3 0.1 0.1 0.8 0.  0.  1.3 0.2],0.14215873181819916
12,478,[1.3 0.1 0.1 0.8 0.  0.  1.3 0.2],0.14217106997966766
12,479,[1.3 0.1 0.1 0.8 0.  0.  1.3 0.2],0.1422051638364792
12,480,[1.3 0.1 0.1 0.8 0.  0.  1.3 0.2],0.14221012592315674
12,481,[1.3 0.1 0.1 0.8 0.  0.  1.3 0.2],0.14223124831914902
12,482,[1.3 0.1 0.1 0.8 0.  0.  1.3 0.2],0.14223714917898178
12,483,[1.3 0.1 0.1 0.8 0.  0.  1.3 0.2],0.1422373503446579
12,484,[1.3 0.1 0.1 0.8 0.  0.  1.3 0.2],0.14224082976579666
12,485,[1.3 0.1 0.1 0.8 0.  0.  1.3 0.2],0.14228343963623047
12,486,[1.3 0.1 0.1 0.8 0.  0.  1.3 0.2],0.14229527115821838
12,487,[1.  0.1 0.1 0.8 0.  0.  1.3 0.2],0.1431506872177124
12,488,[1.  0.1 0.1 0.8 0.  0.  1.3 0.2],0.143296480178833
12,489,[1.  0.1 0.1 0.8 0.  0.  1.3 0.2],0.1433177962899208
12,490,[1.  0.1 0.1 0.8 0.  0.  1.3 0.2],0.14332954585552216
12,491,[1.  0.1 0.1 0.8 0.  0.  1.3 0.2],0.1433461681008339
12,492,[1.  0.1 0.1 0.8 0.  0.  1.3 0.2],0.1433958113193512
12,493,[1.3 0.1 0.1 1.  0.4 0.  0.9 0.2],0.1460803970694542
12,494,[1.3 0.1 0.1 0.9 0.  0.  0.7 0.1],0.14688514918088913
12,495,[1.3 0.1 0.1 0.9 0.  0.  0.7 0.1],0.14693227410316467
12,496,[1.3 0.1 0.1 0.9 0.  0.  0.7 0.1],0.14693883806467056
12,497,[1.3 0.1 0.1 0.7 0.  0.  1.3 0. ],0.14700336754322052
12,498,[1.3 0.1 0.1 0.9 0.  0.  0.7 0.1],0.14703042060136795
12,499,[1.3 0.1 0.1 0.7 0.  0.  1.3 0. ],0.1471610888838768
12,500,[1.3 0.1 0.1 0.7 0.  0.  1.3 0. ],0.14720740169286728
12,501,[1.3 0.1 0.1 0.7 0.  0.  1.3 0. ],0.14722567051649094
12,502,[1.3 0.1 0.1 0.7 0.  0.  1.3 0. ],0.147282175719738
12,503,[1.3 0.1 0.1 0.7 0.  0.  1.3 0. ],0.1472940444946289
12,504,[1.3 0.1 0.1 0.7 0.  0.  1.3 0. ],0.1473047286272049
12,505,[1.3 0.1 0.1 0.7 0.  0.  1.3 0. ],0.14731304347515106
12,506,[1.3 0.1 0.1 0.7 0.  0.  1.3 0. ],0.1474384441971779
12,507,[1.3 0.1 0.1 0.7 0.  0.  1.3 0. ],0.14744048565626144
12,508,[1.3 0.1 0.1 0.7 0.  0.  1.3 0. ],0.14744609594345093
12,509,[1.3 0.3 0.1 0.9 0.9 0.7 0.4 1.3],0.14908599853515625
12,510,[0.8 0.1 0.2 0.6 0.  0.  1.3 0.8],0.15829884260892868
12,511,[0.8 0.1 0.2 0.6 0.  0.  1.3 0.8],0.1588514968752861
12,512,[0.8 0.1 0.2 0.6 0.  0.  1.3 0.8],0.1589130386710167
12,513,[1.1 0.  0.1 0.4 1.1 0.1 1.3 1.1],0.16218096017837524
12,514,[1.3 0.1 0.1 0.9 0.1 0.  1.3 0.2],0.17587414383888245
12,515,[1.3 0.1 0.1 0.9 0.1 0.  1.3 0.2],0.17602184414863586
12,516,[1.3 0.1 0.1 0.9 0.1 0.  1.3 0.2],0.1760367676615715
12,517,[1.3 0.1 0.1 0.9 0.1 0.  1.3 0.2],0.17625582963228226
12,518,[0.6 0.1 0.1 0.5 0.  0.  1.3 0.2],0.1773318499326706
12,519,[0.6 0.1 0.1 0.5 0.  0.  1.3 0.2],0.17735951393842697
12,520,[0.6 0.1 0.1 0.5 0.  0.  1.3 0.2],0.17736216634511948
12,521,[0.6 0.1 0.1 0.5 0.  0.  1.3 0.2],0.17739295959472656
12,522,[0.6 0.1 0.1 0.5 0.  0.  1.3 0.2],0.17739497870206833
12,523,[0.6 0.1 0.1 0.5 0.  0.  1.3 0.2],0.17742567509412766
12,524,[1.3 0.1 0.6 0.9 0.  0.  1.2 0.2],0.1851189211010933
12,525,[1.2 1.  0.1 1.  0.3 0.5 0.9 0.6],0.1905878558754921
12,526,[1.3 1.1 0.2 0.9 0.  0.  1.3 0.2],0.1964612603187561
12,527,[1.3 1.1 0.2 0.9 0.  0.  1.3 0.2],0.19661179184913635
12,528,[1.3 1.1 0.2 0.9 0.  0.  1.3 0.2],0.19664227217435837
12,529,[1.3 1.1 0.2 0.9 0.  0.  1.3 0.2],0.19666334241628647
12,530,[1.3 1.1 0.2 0.9 0.  0.  1.3 0.2],0.19668547809123993
12,531,[1.  0.  0.7 1.  0.  0.  1.3 0.2],0.21254190057516098
12,532,[1.  0.  0.7 1.  0.  0.  1.3 0.2],0.21254833042621613
12,533,[1.  0.  0.7 1.  0.  0.  1.3 0.2],0.21255480498075485
12,534,[1.  0.  0.7 1.  0.  0.  1.3 0.2],0.21257218718528748
12,535,[1.  0.  0.7 1.  0.  0.  1.3 0.2],0.2125745266675949
12,536,[1.  0.  0.7 1.  0.  0.  1.3 0.2],0.21257873624563217
12,537,[1.  0.  0.7 1.  0.  0.  1.3 0.2],0.21258845180273056
12,538,[1.  0.  0.7 1.  0.  0.  1.3 0.2],0.21259229630231857
12,539,[1.  0.  0.7 1.  0.  0.  1.3 0.2],0.2125982642173767
12,540,[1.  0.  0.7 1.  0.  0.  1.3 0.2],0.21260687708854675
12,541,[1.  0.  0.7 1.  0.  0.  1.3 0.2],0.2126203179359436
12,542,[1.  0.  0.7 1.  0.  0.  1.3 0.2],0.21262726932764053
12,543,[1.  0.  0.7 1.  0.  0.  1.3 0.2],0.21263884007930756
12,544,[1.  0.  0.7 1.  0.  0.  1.3 0.2],0.21264015138149261
12,545,[1.  0.  0.7 1.  0.  0.  1.3 0.2],0.21264036744832993
12,546,[1.  0.  0.7 1.  0.  0.  1.3 0.2],0.21264227479696274
12,547,[1.  0.  0.7 1.  0.  0.  1.3 0.2],0.21265393495559692
12,548,[1.  0.  0.7 1.  0.  0.  1.3 0.2],0.2126631811261177
12,549,[1.  0.  0.7 1.  0.  0.  1.3 0.2],0.21271036565303802
12,550,[1.  0.  0.7 1.  0.  0.  1.3 0.2],0.2127104103565216
12,551,[1.  0.  0.7 1.  0.  0.  1.3 0.2],0.21271317452192307
12,552,[1.3 0.1 0.1 0.5 0.  0.  0.  0.2],0.2171892449259758
12,553,[1.3 0.1 0.1 0.5 0.  0.  0.  0.2],0.2172657698392868
12,554,[1.3 0.1 0.1 0.5 0.  0.  0.  0.2],0.21728594601154327
12,555,[1.3 0.1 0.1 0.5 0.  0.  0.  0.2],0.2173352912068367
12,556,[1.3 1.2 0.3 0.9 0.  0.  0.8 0. ],0.2197873815894127
12,557,[1.3 1.2 0.3 0.9 0.  0.  0.8 0. ],0.21981310844421387
12,558,[1.3 1.2 0.3 0.9 0.  0.  0.8 0. ],0.2198704406619072
12,559,[1.3 1.2 0.3 0.9 0.  0.  0.8 0. ],0.21993330121040344
12,560,[1.3 1.2 0.3 0.9 0.  0.  0.8 0. ],0.2200295850634575
12,561,[1.3 1.2 0.3 0.9 0.  0.  0.8 0. ],0.22006302326917648
12,562,[1.1 1.2 0.4 1.  0.  0.  1.3 0.2],0.22964905202388763
12,563,[1.1 1.2 0.4 1.  0.  0.  1.3 0.2],0.22965242713689804
12,564,[1.1 1.2 0.4 1.  0.  0.  1.3 0.2],0.22968612611293793
12,565,[1.1 1.2 0.4 1.  0.  0.  1.3 0.2],0.22973325103521347
12,566,[1.1 1.2 0.4 1.  0.  0.  1.3 0.2],0.22977574169635773
12,567,[1.1 1.2 0.4 1.  0.  0.  1.3 0.2],0.2298203632235527
12,568,[0.4 0.2 0.8 1.3 0.  0.  1.3 0. ],0.25503650307655334
12,569,[0.8 0.  0.7 1.2 0.  0.  0.1 0.2],0.2636182904243469
12,570,[0.8 0.  0.7 1.2 0.  0.  0.1 0.2],0.26367713510990143
12,571,[0.8 0.  0.7 1.2 0.  0.  0.1 0.2],0.26367929577827454
12,572,[0.8 0.  0.7 1.2 0.  0.  0.1 0.2],0.26369577646255493
12,573,[0.8 0.  0.7 1.2 0.  0.  0.1 0.2],0.26370248198509216
12,574,[0.8 0.  0.7 1.2 0.  0.  0.1 0.2],0.2637377977371216
12,575,[0.8 0.  0.7 1.2 0.  0.  0.1 0.2],0.26374638080596924
12,576,[0.8 0.  0.7 1.2 0.  0.  0.1 0.2],0.26379425823688507
12,577,[0.8 0.  0.7 1.2 0.  0.  0.1 0.2],0.26379989087581635
12,578,[0.8 0.  0.7 1.2 0.  0.  0.1 0.2],0.263802707195282
12,579,[0.8 0.  0.7 1.2 0.  0.  0.1 0.2],0.26380835473537445
12,580,[0.8 0.  0.7 1.2 0.  0.  0.1 0.2],0.2638419419527054
12,581,[0.8 0.  0.7 1.2 0.  0.  0.1 0.2],0.2640042304992676
12,582,[0.8 0.  0.7 1.2 0.  0.  0.1 0.2],0.264037549495697
12,583,[1.3 0.1 0.1 0.9 0.3 0.  1.3 1. ],0.266218438744545
12,584,[1.3 0.1 0.1 0.9 0.3 0.  1.3 1. ],0.26624026894569397
12,585,[1.3 0.1 0.1 0.9 0.3 0.  1.3 1. ],0.2664646804332733
12,586,[1.3 0.1 0.1 0.9 0.3 0.  1.3 1. ],0.2665723115205765
12,587,[0.4 0.2 0.8 1.3 0.  0.  1.3 0. ],0.3127414435148239
12,588,[0.4 0.2 0.8 1.3 0.  0.  1.3 0. ],0.31279897689819336
12,589,[0.4 0.2 0.8 1.3 0.  0.  1.3 0. ],0.31288814544677734
12,590,[1.2 1.  0.1 1.  0.3 0.5 0.9 0.6],0.3229517638683319
12,591,[1.3 0.1 0.1 1.  0.4 0.  0.9 0.2],0.32341957092285156
12,592,[1.3 0.1 0.1 1.  0.4 0.  0.9 0.2],0.32345743477344513
12,593,[1.3 0.1 0.1 1.  0.4 0.  0.9 0.2],0.32351699471473694
12,594,[1.3 0.1 0.1 1.  0.4 0.  0.9 0.2],0.32354849576950073
12,595,[1.3 0.1 0.1 1.  0.4 0.  0.9 0.2],0.3236268013715744
12,596,[1.3 0.1 0.1 1.  0.4 0.  0.9 0.2],0.32363472878932953
12,597,[1.3 0.1 0.1 1.  0.4 0.  0.9 0.2],0.32374292612075806
12,598,[1.3 0.1 0.1 1.  0.4 0.  0.9 0.2],0.32374511659145355
12,599,[1.3 0.1 0.1 1.  0.4 0.  0.9 0.2],0.3237731605768204
12,600,[1.3 0.1 0.1 1.  0.4 0.  0.9 0.2],0.32380445301532745
12,601,[1.3 0.1 0.1 1.  0.4 0.  0.9 0.2],0.3238363713026047
12,602,[1.3 0.1 0.1 1.  0.4 0.  0.9 0.2],0.3238540291786194
12,603,[1.3 0.1 0.1 1.  0.4 0.  0.9 0.2],0.3238774389028549
12,604,[1.3 0.1 0.1 1.  0.4 0.  0.9 0.2],0.32394471764564514
12,605,[1.3 0.1 0.1 1.  0.4 0.  0.9 0.2],0.3239561915397644
12,606,[1.3 0.1 0.1 1.  0.4 0.  0.9 0.2],0.32403072714805603
12,607,[1.3 0.1 0.1 1.  0.4 0.  0.9 0.2],0.32407498359680176
12,608,[1.3 0.1 0.1 1.  0.4 0.  0.9 0.2],0.324090912938118
12,609,[1.3 0.1 0.1 1.  0.4 0.  0.9 0.2],0.3243587166070938
12,610,[1.3 0.1 0.7 0.8 0.3 0.  1.3 0.2],0.3395291417837143
12,611,[1.3 0.1 0.7 0.8 0.3 0.  1.3 0.2],0.3395729213953018
12,612,[1.3 0.1 0.7 0.8 0.3 0.  1.3 0.2],0.33959317207336426
12,613,[1.3 0.1 0.7 0.8 0.3 0.  1.3 0.2],0.33962614834308624
12,614,[1.3 0.1 0.7 0.8 0.3 0.  1.3 0.2],0.3396861255168915
12,615,[1.3 0.1 0.7 0.8 0.3 0.  1.3 0.2],0.33969321846961975
12,616,[1.3 0.1 0.7 0.8 0.3 0.  1.3 0.2],0.33973388373851776
12,617,[1.3 0.1 0.7 0.8 0.3 0.  1.3 0.2],0.33988887071609497
12,618,[1.3 0.1 0.7 0.8 0.3 0.  1.3 0.2],0.33992500603199005
12,619,[0.3 0.1 1.  0.9 0.  0.  1.3 0. ],0.3420669436454773
12,620,[0.3 0.1 1.  0.9 0.  0.  1.3 0. ],0.34217531979084015
12,621,[1.3 0.1 1.  0.9 0.  0.  0.8 0. ],0.34454938769340515
12,622,[1.3 0.1 1.  0.9 0.  0.  0.8 0. ],0.34477363526821136
12,623,[1.3 0.1 1.  0.9 0.  0.  0.8 0. ],0.3447810560464859
12,624,[1.3 0.1 1.  0.9 0.  0.  0.8 0. ],0.34481118619441986
12,625,[1.3 0.1 1.  0.9 0.  0.  0.8 0. ],0.3449539542198181
12,626,[1.1 1.  0.1 1.  0.  0.5 1.3 0.2],0.34666843712329865
12,627,[1.3 0.1 0.1 0.9 0.  0.6 1.2 0.2],0.3545858711004257
12,628,[1.3 0.1 0.1 0.9 0.  0.6 1.2 0.2],0.3547326475381851
12,629,[1.3 0.1 0.1 0.9 0.  0.6 1.2 0.2],0.35483863949775696
12,630,[1.3 0.1 0.1 0.9 0.  0.6 1.2 0.2],0.35500654578208923
12,631,[1.3 0.1 0.1 0.  0.  0.  1.1 0.2],0.3688749819993973
12,632,[1.3 0.1 0.1 0.  0.  0.  1.1 0.2],0.3689054548740387
12,633,[1.3 0.1 0.1 0.  0.  0.  1.1 0.2],0.36891572177410126
12,634,[1.3 0.1 0.1 0.  0.  0.  1.1 0.2],0.36926470696926117
12,635,[1.1 0.  0.1 1.  0.6 0.  1.3 0.2],0.4298706650733948
12,636,[1.1 0.  0.1 1.  0.6 0.  1.3 0.2],0.42995278537273407
12,637,[1.1 0.  0.1 1.  0.6 0.  1.3 0.2],0.43014588952064514
12,638,[1.1 0.  0.1 1.  0.6 0.  1.3 0.2],0.43018268048763275
12,639,[1.1 0.  0.1 1.  0.6 0.  1.3 0.2],0.43022914230823517
12,640,[1.1 0.  0.1 1.  0.6 0.  1.3 0.2],0.43023593723773956
12,641,[1.1 0.  0.1 1.  0.6 0.  1.3 0.2],0.43025821447372437
12,642,[1.1 0.  0.1 1.  0.6 0.  1.3 0.2],0.43028467893600464
12,643,[1.1 0.  0.1 1.  0.6 0.  1.3 0.2],0.4303808808326721
12,644,[1.1 0.  0.1 1.  0.6 0.  1.3 0.2],0.43040479719638824
12,645,[1.1 0.  0.1 1.  0.6 0.  1.3 0.2],0.4311300814151764
12,646,[1.1 0.7 0.7 1.2 0.  0.7 0.9 0.2],0.4366941750049591
12,647,[1.3 0.1 0.2 0.9 0.  0.8 0.4 1.2],0.43977369368076324
12,648,[1.3 0.1 0.2 0.9 0.  0.8 0.4 1.2],0.4399642050266266
12,649,[1.3 0.1 0.2 0.9 0.  0.8 0.4 1.2],0.43997226655483246
12,650,[1.3 0.1 0.2 0.9 0.  0.8 0.4 1.2],0.4399798810482025
12,651,[1.3 0.1 0.2 0.9 0.  0.8 0.4 1.2],0.43998150527477264
12,652,[1.3 0.1 0.2 0.9 0.  0.8 0.4 1.2],0.4400458335876465
12,653,[1.3 0.1 0.2 0.9 0.  0.8 0.4 1.2],0.44011881947517395
12,654,[1.3 0.1 0.2 0.9 0.  0.8 0.4 1.2],0.44015374779701233
12,655,[1.3 0.1 0.2 0.9 0.  0.8 0.4 1.2],0.44020888209342957
12,656,[1.3 0.1 0.2 0.9 0.  0.8 0.4 1.2],0.4403415322303772
12,657,[1.1 0.7 0.7 1.2 0.  0.7 0.9 0.2],0.45021043717861176
12,658,[1.1 0.7 0.7 1.2 0.  0.7 0.9 0.2],0.4502774029970169
12,659,[1.1 0.7 0.7 1.2 0.  0.7 0.9 0.2],0.45028145611286163
12,660,[1.1 0.7 0.7 1.2 0.  0.7 0.9 0.2],0.45031584799289703
12,661,[1.1 0.7 0.7 1.2 0.  0.7 0.9 0.2],0.45032235980033875
12,662,[1.1 0.7 0.7 1.2 0.  0.7 0.9 0.2],0.4503272622823715
12,663,[1.1 0.7 0.7 1.2 0.  0.7 0.9 0.2],0.4503522366285324
12,664,[1.1 0.7 0.7 1.2 0.  0.7 0.9 0.2],0.45039261877536774
12,665,[1.1 0.7 0.7 1.2 0.  0.7 0.9 0.2],0.4504036605358124
12,666,[1.1 0.7 0.7 1.2 0.  0.7 0.9 0.2],0.45040369033813477
12,667,[1.1 0.7 0.7 1.2 0.  0.7 0.9 0.2],0.4504059851169586
12,668,[1.1 0.7 0.7 1.2 0.  0.7 0.9 0.2],0.45040974020957947
12,669,[1.1 0.7 0.7 1.2 0.  0.7 0.9 0.2],0.45043662190437317
12,670,[1.1 0.7 0.7 1.2 0.  0.7 0.9 0.2],0.4504495710134506
12,671,[1.1 0.7 0.7 1.2 0.  0.7 0.9 0.2],0.4504902809858322
12,672,[1.1 0.7 0.7 1.2 0.  0.7 0.9 0.2],0.4506068229675293
12,673,[1.1 0.7 0.7 1.2 0.  0.7 0.9 0.2],0.4506070911884308
12,674,[1.2 1.  0.1 1.  0.3 0.5 0.9 0.6],0.47622720897197723
12,675,[1.2 1.  0.1 1.  0.3 0.5 0.9 0.6],0.4764639735221863
12,676,[1.2 1.  0.1 1.  0.3 0.5 0.9 0.6],0.4766010344028473
12,677,[1.2 1.  0.1 1.  0.3 0.5 0.9 0.6],0.47680315375328064
12,678,[1.2 1.  0.1 1.  0.3 0.5 0.9 0.6],0.4768393337726593
12,679,[1.2 1.  0.1 1.  0.3 0.5 0.9 0.6],0.4769211858510971
12,680,[1.2 1.  0.1 1.  0.3 0.5 0.9 0.6],0.4770374596118927
12,681,[1.2 1.  0.1 1.  0.3 0.5 0.9 0.6],0.47711940109729767
12,682,[1.3 0.1 0.3 0.9 0.  1.  0.1 0. ],0.5516901314258575
12,683,[1.3 0.1 0.3 0.9 0.  1.  0.1 0. ],0.5519202053546906
12,684,[1.3 0.1 0.3 0.9 0.  1.  0.1 0. ],0.5520202815532684
12,685,[1.3 0.1 0.3 0.9 0.  1.  0.1 0. ],0.5520443618297577
12,686,[1.3 0.1 0.3 0.9 0.  1.  0.1 0. ],0.5523034036159515
12,687,[1.3 0.1 0.3 0.9 0.  1.  0.1 0. ],0.5523509383201599
12,688,[1.3 0.1 0.3 0.9 0.  1.  0.1 0. ],0.5524711906909943
12,689,[1.3 0.1 0.3 0.9 0.  1.  0.1 0. ],0.5525291860103607
12,690,[1.3 0.3 0.1 0.9 0.9 0.7 0.4 1.3],0.5694603025913239
12,691,[1.3 0.2 0.9 0.1 0.  0.6 1.3 0.2],0.5754623413085938
12,692,[1.3 0.2 0.9 0.1 0.  0.6 1.3 0.2],0.5754933059215546
12,693,[1.3 0.2 0.9 0.1 0.  0.6 1.3 0.2],0.5755207240581512
12,694,[1.3 0.2 0.9 0.1 0.  0.6 1.3 0.2],0.5755226016044617
12,695,[1.3 0.2 0.9 0.1 0.  0.6 1.3 0.2],0.575530081987381
12,696,[1.3 0.2 0.9 0.1 0.  0.6 1.3 0.2],0.5755605101585388
12,697,[1.3 0.2 0.9 0.1 0.  0.6 1.3 0.2],0.5755623877048492
12,698,[1.3 0.2 0.9 0.1 0.  0.6 1.3 0.2],0.5755808353424072
12,699,[1.3 0.2 0.9 0.1 0.  0.6 1.3 0.2],0.5755966305732727
12,700,[1.3 0.2 0.9 0.1 0.  0.6 1.3 0.2],0.5756057798862457
12,701,[1.3 0.2 0.9 0.1 0.  0.6 1.3 0.2],0.5756197869777679
12,702,[1.3 0.2 0.9 0.1 0.  0.6 1.3 0.2],0.5756219327449799
12,703,[1.3 0.2 0.9 0.1 0.  0.6 1.3 0.2],0.5756253004074097
12,704,[1.3 0.2 0.9 0.1 0.  0.6 1.3 0.2],0.5756353735923767
12,705,[1.3 0.2 0.9 0.1 0.  0.6 1.3 0.2],0.575684666633606
12,706,[1.3 0.2 0.9 0.1 0.  0.6 1.3 0.2],0.5756993591785431
12,707,[1.3 0.2 0.9 0.1 0.  0.6 1.3 0.2],0.5757143795490265
12,708,[1.3 0.2 0.9 0.1 0.  0.6 1.3 0.2],0.5757205188274384
12,709,[1.3 0.2 0.9 0.1 0.  0.6 1.3 0.2],0.5757405757904053
12,710,[1.3 0.1 0.1 0.9 0.  1.  0.9 0.2],0.6131037473678589
12,711,[1.3 0.1 0.1 0.9 0.  1.  0.9 0.2],0.613390177488327
12,712,[1.3 0.1 0.1 0.9 0.  1.  0.9 0.2],0.614006370306015
12,713,[1.1 1.1 0.2 1.  0.7 0.1 0.  0.2],0.6550138294696808
12,714,[1.1 1.1 0.2 1.  0.7 0.1 0.  0.2],0.6551335752010345
12,715,[1.1 1.1 0.2 1.  0.7 0.1 0.  0.2],0.6551534831523895
12,716,[1.1 1.  0.1 0.  0.3 0.1 0.4 0.5],0.6834022402763367
12,717,[1.1 1.  0.1 0.  0.3 0.1 0.4 0.5],0.6834884583950043
12,718,[1.1 1.  0.1 0.  0.3 0.1 0.4 0.5],0.6835410892963409
12,719,[1.1 1.  0.1 0.  0.3 0.1 0.4 0.5],0.6835538446903229
12,720,[1.1 1.  0.1 0.  0.3 0.1 0.4 0.5],0.6836092472076416
12,721,[1.1 1.  0.1 0.  0.3 0.1 0.4 0.5],0.6836692690849304
12,722,[1.1 1.  0.1 0.  0.3 0.1 0.4 0.5],0.6836728155612946
12,723,[1.1 1.  0.1 0.  0.3 0.1 0.4 0.5],0.6838348805904388
12,724,[1.1 1.  0.1 0.  0.3 0.1 0.4 0.5],0.6838358640670776
12,725,[1.1 0.1 0.1 1.  0.8 0.7 1.3 0.9],0.8687619864940643
12,726,[1.1 0.1 0.1 1.  0.8 0.7 1.3 0.9],0.8689324259757996
12,727,[1.1 0.1 0.1 1.  0.8 0.7 1.3 0.9],0.8690709173679352
12,728,[1.1 0.1 0.1 1.  0.8 0.7 1.3 0.9],0.8690873980522156
12,729,[1.1 0.1 0.1 1.  0.8 0.7 1.3 0.9],0.8691047728061676
12,730,[1.1 0.1 0.1 1.  0.8 0.7 1.3 0.9],0.869160383939743
12,731,[1.1 0.1 0.1 1.  0.8 0.7 1.3 0.9],0.8691961169242859
12,732,[1.1 0.1 0.1 1.  0.8 0.7 1.3 0.9],0.8692651093006134
12,733,[1.1 0.1 0.1 1.  0.8 0.7 1.3 0.9],0.8693236112594604
12,734,[1.1 0.1 0.1 1.  0.8 0.7 1.3 0.9],0.8693389296531677
12,735,[1.1 0.1 0.1 1.  0.8 0.7 1.3 0.9],0.8693421185016632
12,736,[1.1 0.1 0.1 1.  0.8 0.7 1.3 0.9],0.8693489134311676
12,737,[1.1 0.1 0.1 1.  0.8 0.7 1.3 0.9],0.8696904182434082
12,738,[1.1 0.1 0.1 1.  0.8 0.7 1.3 0.9],0.8699566125869751
12,739,[0.5 0.9 0.1 0.9 1.  0.4 0.8 0.1],0.9654458165168762
12,740,[0.5 0.9 0.1 0.9 1.  0.4 0.8 0.1],0.9656224846839905
12,741,[0.5 0.9 0.1 0.9 1.  0.4 0.8 0.1],0.9657535552978516
12,742,[0.5 0.9 0.1 0.9 1.  0.4 0.8 0.1],0.9658174216747284
12,743,[0.5 0.9 0.1 0.9 1.  0.4 0.8 0.1],0.965829074382782
12,744,[0.5 0.9 0.1 0.9 1.  0.4 0.8 0.1],0.9658924639225006
12,745,[0.5 0.9 0.1 0.9 1.  0.4 0.8 0.1],0.9659253060817719
12,746,[0.5 0.9 0.1 0.9 1.  0.4 0.8 0.1],0.9659450054168701
12,747,[0.5 0.9 0.1 0.9 1.  0.4 0.8 0.1],0.9661166071891785
12,748,[0.5 0.9 0.1 0.9 1.  0.4 0.8 0.1],0.9661500155925751
12,749,[0.5 0.9 0.1 0.9 1.  0.4 0.8 0.1],0.9662044048309326
12,750,[0.5 0.9 0.1 0.9 1.  0.4 0.8 0.1],0.9662266075611115
12,751,[0.5 0.9 0.1 0.9 1.  0.4 0.8 0.1],0.9662266373634338
12,752,[1.3 0.3 0.1 0.9 0.9 0.7 0.4 1.3],0.9938793480396271
12,753,[1.3 0.3 0.1 0.9 0.9 0.7 0.4 1.3],0.9939123094081879
12,754,[1.3 0.3 0.1 0.9 0.9 0.7 0.4 1.3],0.994018942117691
12,755,[1.3 0.3 0.1 0.9 0.9 0.7 0.4 1.3],0.9941714107990265
12,756,[1.3 0.3 0.1 0.9 0.9 0.7 0.4 1.3],0.9941747188568115
12,757,[1.3 0.3 0.1 0.9 0.9 0.7 0.4 1.3],0.99420565366745
12,758,[1.3 0.3 0.1 0.9 0.9 0.7 0.4 1.3],0.9943853318691254
12,759,[1.3 0.3 0.1 0.9 0.9 0.7 0.4 1.3],0.9944472312927246
12,760,[1.3 0.3 0.1 0.9 0.9 0.7 0.4 1.3],0.9944752156734467
12,761,[1.3 0.3 0.1 0.9 0.9 0.7 0.4 1.3],0.9944840967655182
12,762,[1.3 0.3 0.1 0.9 0.9 0.7 0.4 1.3],0.9946557879447937
12,763,[1.3 0.3 0.1 0.9 0.9 0.7 0.4 1.3],0.9954993724822998
12,764,[1.3 0.3 0.1 0.9 0.9 0.7 0.4 1.3],0.9955396950244904
12,765,[1.3 0.3 0.1 0.9 0.9 0.7 0.4 1.3],0.9956610798835754
12,766,[1.1 0.  0.1 0.4 1.1 0.1 1.3 1.1],1.0190959572792053
12,767,[1.1 0.  0.1 0.4 1.1 0.1 1.3 1.1],1.019201010465622
12,768,[1.1 0.  0.1 0.4 1.1 0.1 1.3 1.1],1.0192587971687317
12,769,[1.1 0.  0.1 0.4 1.1 0.1 1.3 1.1],1.0192641019821167
12,770,[1.1 0.  0.1 0.4 1.1 0.1 1.3 1.1],1.019669771194458
12,771,[1.1 0.  0.1 0.4 1.1 0.1 1.3 1.1],1.0196905732154846
12,772,[1.1 0.  0.1 0.4 1.1 0.1 1.3 1.1],1.019788146018982
12,773,[1.1 1.  1.2 1.  0.8 0.6 1.3 0.2],1.0800216794013977
12,774,[1.1 1.  1.2 1.  0.8 0.6 1.3 0.2],1.0802879333496094
12,775,[1.1 1.  1.2 1.  0.8 0.6 1.3 0.2],1.080348551273346
12,776,[1.1 1.  1.2 1.  0.8 0.6 1.3 0.2],1.0804036855697632
12,777,[1.1 1.  1.2 1.  0.8 0.6 1.3 0.2],1.0804820656776428
12,778,[1.1 1.  1.2 1.  0.8 0.6 1.3 0.2],1.0806198120117188
12,779,[1.1 1.  1.2 1.  0.8 0.6 1.3 0.2],1.080656886100769
12,780,[1.1 1.  1.2 1.  0.8 0.6 1.3 0.2],1.080681562423706
12,781,[1.1 1.  1.2 1.  0.8 0.6 1.3 0.2],1.0806848406791687
12,782,[1.1 1.  1.2 1.  0.8 0.6 1.3 0.2],1.0807162523269653
12,783,[1.1 1.  1.2 1.  0.8 0.6 1.3 0.2],1.0807562470436096
12,784,[1.1 1.  1.2 1.  0.8 0.6 1.3 0.2],1.080812692642212
12,785,[1.1 1.  1.2 1.  0.8 0.6 1.3 0.2],1.0812653601169586
12,786,[1.3 0.1 0.3 0.9 1.1 1.  1.3 0. ],1.316114068031311
12,787,[1.3 0.1 0.3 0.9 1.1 1.  1.3 0. ],1.3162655234336853
12,788,[1.3 0.1 0.3 0.9 1.1 1.  1.3 0. ],1.3167865872383118
12,789,[1.3 0.1 0.3 0.9 1.1 1.  1.3 0. ],1.3168367743492126
12,790,[1.3 0.1 0.3 0.9 1.1 1.  1.3 0. ],1.3168999552726746
12,791,[1.3 0.1 0.3 0.9 1.1 1.  1.3 0. ],1.316928744316101
12,792,[1.3 0.1 0.3 0.9 1.1 1.  1.3 0. ],1.3169757723808289
12,793,[1.3 0.1 0.1 0.9 1.3 1.  1.3 0.2],1.5719839334487915
12,794,[1.3 0.1 0.1 0.9 1.3 1.  1.3 0.2],1.5728105902671814
12,795,[1.3 0.1 0.1 0.9 1.3 1.  1.3 0.2],1.5731223225593567
12,796,[1.3 0.1 0.1 0.9 1.3 1.  1.3 0.2],1.573474109172821
12,797,[1.3 0.1 0.1 0.9 1.3 1.  1.3 0.2],1.5736044049263
12,798,[1.3 0.1 0.1 0.9 1.3 1.  1.3 0.2],1.573721706867218
12,799,[1.3 0.1 0.1 0.9 1.3 1.  1.3 0.2],1.5741084814071655
13,0,[1.1 0.1 0.2 1.  0.8 0.  1.3 0.9],0.021538511849939823
13,1,[1.1 0.1 0.2 1.  0.8 0.  1.3 0.9],0.021538511849939823
13,2,[1.1 0.1 0.2 1.  0.8 0.  1.3 0.9],0.021538511849939823
13,3,[1.1 0.1 0.2 1.  0.8 0.  1.3 0.9],0.021538511849939823
13,4,[1.1 0.1 0.2 1.  0.8 0.  1.3 0.9],0.021538511849939823
13,5,[1.3 0.  0.7 1.  1.1 0.  1.3 0.2],0.02450020518153906
13,6,[1.3 0.  0.7 1.  1.1 0.  1.3 0.2],0.02450020518153906
13,7,[1.3 0.  0.7 1.  1.1 0.  1.3 0.2],0.02450020518153906
13,8,[1.3 0.  0.7 1.  1.1 0.  1.3 0.2],0.02450020518153906
13,9,[1.1 0.  0.1 0.9 1.  0.  1.3 1.1],0.0341414250433445
13,10,[0.7 0.6 0.6 1.2 0.3 0.5 1.3 1. ],0.03525610454380512
13,11,[0.7 0.6 0.6 1.2 0.3 0.5 1.3 1. ],0.03525610454380512
13,12,[0.7 0.6 0.6 1.2 0.3 0.5 1.3 1. ],0.03525610454380512
13,13,[0.2 1.2 0.1 0.8 0.  0.  1.3 0.2],0.0383534524589777
13,14,[0.2 1.2 0.1 0.8 0.  0.  1.3 0.2],0.0383534524589777
13,15,[1.2 1.  0.1 1.  0.3 0.5 0.9 0.6],0.03836248442530632
13,16,[1.1 0.  0.1 1.  0.  0.  1.3 0.2],0.05265495926141739
13,17,[1.2 0.1 0.3 1.  0.  0.  1.3 0. ],0.05448055639863014
13,18,[1.3 0.  0.1 0.9 0.  0.  0.8 0. ],0.05459124781191349
13,19,[1.3 0.1 0.3 0.9 0.  0.  1.3 0. ],0.05461973324418068
13,20,[1.3 0.1 0.2 0.9 0.  0.  1.3 1.2],0.05686620809137821
13,21,[1.3 0.1 0.2 0.9 0.  0.  1.3 1.2],0.05686620809137821
13,22,[1.3 0.1 0.1 0.9 0.  0.  1.3 0.2],0.060563353821635246
13,23,[1.3 0.1 0.1 0.9 0.  0.  1.3 0.2],0.060621967539191246
13,24,[1.3 0.1 0.3 0.7 0.6 0.  1.3 0. ],0.0841386467218399
13,25,[1.3 0.1 0.3 0.9 0.  1.1 1.3 0.8],0.08417649939656258
13,26,[1.3 0.1 0.3 0.9 0.  0.  1.3 0. ],0.08419567719101906
13,27,[1.3 0.1 0.3 0.9 0.  0.  1.3 0. ],0.08422739803791046
13,28,[1.3 0.1 0.2 0.9 0.  0.  0.  0.2],0.08671487122774124
13,29,[1.3 0.1 0.2 0.9 0.  0.  1.3 1.2],0.08674320578575134
13,30,[1.3 0.1 0.2 0.9 0.  0.  1.3 1.2],0.08675793558359146
13,31,[1.3 0.1 0.2 0.9 0.  0.  1.3 1.2],0.08677328750491142
13,32,[1.3 0.1 0.2 0.9 0.  0.  1.3 1.2],0.08685512095689774
13,33,[1.3 0.1 0.2 0.9 0.  0.  1.3 1.2],0.0868854708969593
13,34,[1.3 0.1 0.1 0.9 0.  0.  1.3 0.2],0.09135792031884193
13,35,[1.3 0.1 0.1 0.9 0.  0.  1.3 0.2],0.09140226989984512
13,36,[1.3 0.1 0.1 0.9 0.  0.  1.3 0.2],0.09143912047147751
13,37,[1.3 0.1 0.1 0.9 0.  0.  1.3 0.2],0.09146630764007568
13,38,[1.3 0.1 0.1 0.9 0.  0.  1.3 0.2],0.09148529171943665
13,39,[1.3 0.1 0.1 0.9 0.  0.  1.3 0.2],0.09154918789863586
13,40,[1.3 0.  0.3 0.9 0.  0.  1.3 1.2],0.13492585718631744
13,41,[1.3 0.  0.3 0.9 0.  0.  1.3 1.2],0.13499365001916885
13,42,[1.3 0.  0.3 0.9 0.  0.  1.3 1.2],0.13504094630479813
13,43,[1.3 0.1 0.2 0.9 0.  0.  1.3 1.2],0.13683291152119637
13,44,[1.3 0.1 0.2 0.9 0.  0.  1.3 1.2],0.13698984682559967
13,45,[1.3 0.1 0.2 0.9 0.  0.  1.3 1.2],0.1369931772351265
13,46,[1.3 0.1 0.2 0.9 0.  0.  1.3 1.2],0.13699521869421005
13,47,[1.3 0.1 0.2 0.9 0.  0.  1.3 1.2],0.1369968205690384
13,48,[1.3 0.1 0.2 0.9 0.  0.  1.3 1.2],0.13700450211763382
13,49,[1.3 0.1 0.2 0.9 0.  0.  1.3 1.2],0.13704566657543182
13,50,[1.3 0.1 0.2 0.9 0.  0.  1.3 1.2],0.1370462328195572
13,51,[1.3 0.1 0.2 0.9 0.  0.  1.3 1.2],0.13704855740070343
13,52,[1.3 0.1 0.2 0.9 0.  0.  1.3 1.2],0.13705158978700638
13,53,[1.3 0.1 0.2 0.9 0.  0.  1.3 1.2],0.1370522305369377
13,54,[1.3 0.1 0.2 0.9 0.  0.  1.3 1.2],0.13705528527498245
13,55,[1.3 0.1 0.2 0.9 0.  0.  1.3 1.2],0.13705679774284363
13,56,[1.3 0.1 0.2 0.9 0.  0.  1.3 1.2],0.13705968856811523
13,57,[1.3 0.1 0.2 0.9 0.  0.  1.3 1.2],0.13706226646900177
13,58,[1.3 0.1 0.2 0.9 0.  0.  1.3 1.2],0.13707125186920166
13,59,[1.3 0.1 0.2 0.9 0.  0.  1.3 1.2],0.13707149773836136
13,60,[1.3 0.1 0.2 0.9 0.  0.  1.3 1.2],0.13707789033651352
13,61,[1.3 0.1 0.2 0.9 0.  0.  1.3 1.2],0.1370789110660553
13,62,[1.3 0.1 0.2 0.9 0.  0.  1.3 1.2],0.13708046078681946
13,63,[1.3 0.1 0.2 0.9 0.  0.  1.3 1.2],0.13708218187093735
13,64,[1.3 0.1 0.2 0.9 0.  0.  1.3 1.2],0.13708943128585815
13,65,[1.3 0.1 0.2 0.9 0.  0.  1.3 1.2],0.13709139823913574
13,66,[1.3 0.1 0.2 0.9 0.  0.  1.3 1.2],0.13709347695112228
13,67,[1.3 0.1 0.2 0.9 0.  0.  1.3 1.2],0.13709582388401031
13,68,[1.3 0.1 0.2 0.9 0.  0.  1.3 1.2],0.13709911704063416
13,69,[1.3 0.1 0.2 0.9 0.  0.  1.3 1.2],0.13709958642721176
13,70,[1.3 0.1 0.2 0.9 0.  0.  1.3 1.2],0.1370997503399849
13,71,[1.3 0.1 0.2 0.9 0.  0.  1.3 1.2],0.1371000036597252
13,72,[1.3 0.1 0.2 0.9 0.  0.  1.3 1.2],0.1371021419763565
13,73,[1.3 0.1 0.2 0.9 0.  0.  1.3 1.2],0.13710269331932068
13,74,[1.3 0.1 0.2 0.9 0.  0.  1.3 1.2],0.13710612803697586
13,75,[1.3 0.1 0.2 0.9 0.  0.  1.3 1.2],0.13710851222276688
13,76,[1.3 0.1 0.2 0.9 0.  0.  1.3 1.2],0.13710857182741165
13,77,[1.3 0.1 0.2 0.9 0.  0.  1.3 1.2],0.13710936158895493
13,78,[1.3 0.1 0.2 0.9 0.  0.  1.3 1.2],0.1371132880449295
13,79,[1.3 0.1 0.2 0.9 0.  0.  1.3 1.2],0.1371139958500862
13,80,[1.3 0.1 0.2 0.9 0.  0.  1.3 1.2],0.13711903989315033
13,81,[1.3 0.1 0.2 0.9 0.  0.  1.3 1.2],0.137119360268116
13,82,[1.3 0.1 0.2 0.9 0.  0.  1.3 1.2],0.13712258636951447
13,83,[1.3 0.1 0.2 0.9 0.  0.  1.3 1.2],0.13712459802627563
13,84,[1.3 0.1 0.2 0.9 0.  0.  1.3 1.2],0.13712617009878159
13,85,[1.3 0.1 0.2 0.9 0.  0.  1.3 1.2],0.13712644577026367
13,86,[1.3 0.1 0.2 0.9 0.  0.  1.3 1.2],0.13712669909000397
13,87,[1.3 0.1 0.2 0.9 0.  0.  1.3 1.2],0.13712695986032486
13,88,[1.3 0.1 0.2 0.9 0.  0.  1.3 1.2],0.1371275559067726
13,89,[1.3 0.1 0.2 0.9 0.  0.  1.3 1.2],0.13712766766548157
13,90,[1.3 0.1 0.2 0.9 0.  0.  1.3 1.2],0.1371336355805397
13,91,[1.3 0.1 0.2 0.9 0.  0.  1.3 1.2],0.13713573664426804
13,92,[1.3 0.1 0.2 0.9 0.  0.  1.3 1.2],0.13713663816452026
13,93,[1.3 0.1 0.2 0.9 0.  0.  1.3 1.2],0.13713748008012772
13,94,[1.3 0.1 0.2 0.9 0.  0.  1.3 1.2],0.13713979721069336
13,95,[1.3 0.1 0.2 0.9 0.  0.  1.3 1.2],0.13714200258255005
13,96,[1.3 0.1 0.2 0.9 0.  0.  1.3 1.2],0.13714519888162613
13,97,[1.3 0.1 0.2 0.9 0.  0.  1.3 1.2],0.1371462121605873
13,98,[1.3 0.1 0.2 0.9 0.  0.  1.3 1.2],0.137149378657341
13,99,[1.3 0.1 0.2 0.9 0.  0.  1.3 1.2],0.13715066015720367
13,100,[1.3 0.1 0.2 0.9 0.  0.  1.3 1.2],0.13715245574712753
13,101,[1.3 0.1 0.2 0.9 0.  0.  1.3 1.2],0.13715443015098572
13,102,[1.3 0.1 0.2 0.9 0.  0.  1.3 1.2],0.1371566727757454
13,103,[1.3 0.1 0.2 0.9 0.  0.  1.3 1.2],0.13715776056051254
13,104,[1.3 0.1 0.2 0.9 0.  0.  1.3 1.2],0.1371612846851349
13,105,[1.3 0.1 0.2 0.9 0.  0.  1.3 1.2],0.13716302067041397
13,106,[1.3 0.1 0.2 0.9 0.  0.  1.3 1.2],0.13716358691453934
13,107,[1.3 0.1 0.2 0.9 0.  0.  1.3 1.2],0.13716482371091843
13,108,[1.3 0.1 0.2 0.9 0.  0.  1.3 1.2],0.13716623932123184
13,109,[1.3 0.1 0.2 0.9 0.  0.  1.3 1.2],0.1371716484427452
13,110,[1.3 0.1 0.2 0.9 0.  0.  1.3 1.2],0.1371724158525467
13,111,[1.3 0.1 0.2 0.9 0.  0.  1.3 1.2],0.1371765360236168
13,112,[1.3 0.1 0.2 0.9 0.  0.  1.3 1.2],0.13717973977327347
13,113,[1.3 0.1 0.2 0.9 0.  0.  1.3 1.2],0.13718245923519135
13,114,[1.3 0.1 0.2 0.9 0.  0.  1.3 1.2],0.13718429952859879
13,115,[1.3 0.1 0.2 0.9 0.  0.  1.3 1.2],0.13718437403440475
13,116,[1.3 0.1 0.2 0.9 0.  0.  1.3 1.2],0.13718440383672714
13,117,[1.3 0.1 0.2 0.9 0.  0.  1.3 1.2],0.1371845304965973
13,118,[1.3 0.1 0.2 0.9 0.  0.  1.3 1.2],0.1371856853365898
13,119,[1.3 0.1 0.2 0.9 0.  0.  1.3 1.2],0.1371978148818016
13,120,[1.3 0.1 0.2 0.9 0.  0.  1.3 1.2],0.13719803094863892
13,121,[1.3 0.1 0.2 0.9 0.  0.  1.3 1.2],0.1371980756521225
13,122,[1.3 0.1 0.2 0.9 0.  0.  1.3 1.2],0.1371992602944374
13,123,[1.3 0.1 0.2 0.9 0.  0.  1.3 1.2],0.13720155507326126
13,124,[1.3 0.1 0.2 0.9 0.  0.  1.3 1.2],0.13720179349184036
13,125,[1.3 0.1 0.2 0.9 0.  0.  1.3 1.2],0.13720495998859406
13,126,[1.3 0.1 0.2 0.9 0.  0.  1.3 1.2],0.13720672577619553
13,127,[1.3 0.1 0.2 0.9 0.  0.  1.3 1.2],0.13720689713954926
13,128,[1.3 0.1 0.2 0.9 0.  0.  1.3 1.2],0.1372145414352417
13,129,[1.3 0.1 0.2 0.9 0.  0.  1.3 1.2],0.13721516728401184
13,130,[1.3 0.1 0.2 0.9 0.  0.  1.3 1.2],0.13721951842308044
13,131,[1.3 0.1 0.2 0.9 0.  0.  1.3 1.2],0.1372215375304222
13,132,[1.3 0.1 0.2 0.9 0.  0.  1.3 1.2],0.1372266709804535
13,133,[1.3 0.1 0.2 0.9 0.  0.  1.3 1.2],0.13722959160804749
13,134,[1.3 0.1 0.2 0.9 0.  0.  1.3 1.2],0.13723833113908768
13,135,[1.3 0.1 0.2 0.9 0.  0.  1.3 1.2],0.1372399479150772
13,136,[1.3 0.1 0.2 0.9 0.  0.  1.3 1.2],0.13724103569984436
13,137,[1.3 0.1 0.2 0.9 0.  0.  1.3 1.2],0.13724491000175476
13,138,[1.3 0.1 0.2 0.9 0.  0.  1.3 1.2],0.13724925369024277
13,139,[1.3 0.1 0.2 0.9 0.  0.  1.3 1.2],0.1372504010796547
13,140,[1.3 0.1 0.2 0.9 0.  0.  1.3 1.2],0.13726361840963364
13,141,[1.3 0.1 0.2 0.9 0.  0.  1.3 1.2],0.13726603984832764
13,142,[1.3 0.1 0.2 0.9 0.  0.  1.3 1.2],0.1372765526175499
13,143,[1.3 0.1 0.2 0.9 0.  0.  1.3 1.2],0.13728249073028564
13,144,[1.3 0.1 0.2 0.9 0.  0.  1.3 1.2],0.13728687912225723
13,145,[1.3 0.1 0.2 0.9 0.  0.  1.3 1.2],0.1372903361916542
13,146,[1.3 0.1 0.2 0.9 0.  0.  1.3 1.2],0.13729152083396912
13,147,[1.3 0.1 0.2 0.9 0.  0.  1.3 1.2],0.13731595873832703
13,148,[1.3 0.1 0.2 0.9 0.  0.  1.3 1.2],0.1373434066772461
13,149,[1.3 0.1 0.2 0.9 0.  0.  1.3 1.2],0.13737458735704422
13,150,[1.3 0.1 0.3 0.9 0.  0.  1.3 0. ],0.13818487524986267
13,151,[1.3 0.1 0.3 0.9 0.  0.  1.3 0. ],0.13818945735692978
13,152,[1.3 0.1 0.3 0.9 0.  0.  1.3 0. ],0.13820186257362366
13,153,[1.3 0.1 0.3 0.9 0.  0.  1.3 0. ],0.13821281492710114
13,154,[1.3 0.1 0.3 0.9 0.  0.  1.3 0. ],0.13821450620889664
13,155,[1.3 0.1 0.3 0.9 0.  0.  1.3 0. ],0.13822076469659805
13,156,[1.3 0.1 0.3 0.9 0.  0.  1.3 0. ],0.13822738826274872
13,157,[1.3 0.1 0.3 0.9 0.  0.  1.3 0. ],0.13822972774505615
13,158,[1.3 0.1 0.3 0.9 0.  0.  1.3 0. ],0.13823585212230682
13,159,[1.3 0.1 0.3 0.9 0.  0.  1.3 0. ],0.1382400169968605
13,160,[1.3 0.1 0.3 0.9 0.  0.  1.3 0. ],0.13824239373207092
13,161,[1.3 0.1 0.3 0.9 0.  0.  1.3 0. ],0.13824556022882462
13,162,[1.3 0.1 0.3 0.9 0.  0.  1.3 0. ],0.13824764639139175
13,163,[1.3 0.1 0.3 0.9 0.  0.  1.3 0. ],0.13825450837612152
13,164,[1.3 0.1 0.3 0.9 0.  0.  1.3 0. ],0.1382557898759842
13,165,[1.3 0.1 0.3 0.9 0.  0.  1.3 0. ],0.13825718313455582
13,166,[1.3 0.1 0.3 0.9 0.  0.  1.3 0. ],0.1382572054862976
13,167,[1.3 0.1 0.3 0.9 0.  0.  1.3 0. ],0.1382613331079483
13,168,[1.3 0.1 0.3 0.9 0.  0.  1.3 0. ],0.13826203346252441
13,169,[1.3 0.1 0.3 0.9 0.  0.  1.3 0. ],0.1382632851600647
13,170,[1.3 0.1 0.3 0.9 0.  0.  1.3 0. ],0.13826437294483185
13,171,[1.3 0.1 0.3 0.9 0.  0.  1.3 0. ],0.13826821744441986
13,172,[1.3 0.1 0.3 0.9 0.  0.  1.3 0. ],0.13827382028102875
13,173,[1.3 0.1 0.3 0.9 0.  0.  1.3 0. ],0.13827455043792725
13,174,[1.3 0.1 0.3 0.9 0.  0.  1.3 0. ],0.13827548921108246
13,175,[1.3 0.1 0.3 0.9 0.  0.  1.3 0. ],0.13828091323375702
13,176,[1.3 0.1 0.3 0.9 0.  0.  1.3 0. ],0.13828209042549133
13,177,[1.3 0.1 0.3 0.9 0.  0.  1.3 0. ],0.1382828652858734
13,178,[1.3 0.1 0.3 0.9 0.  0.  1.3 0. ],0.13828511536121368
13,179,[1.3 0.1 0.3 0.9 0.  0.  1.3 0. ],0.13828623294830322
13,180,[1.3 0.1 0.3 0.9 0.  0.  1.3 0. ],0.13829204440116882
13,181,[1.3 0.1 0.3 0.9 0.  0.  1.3 0. ],0.13829219341278076
13,182,[1.3 0.1 0.3 0.9 0.  0.  1.3 0. ],0.13829413801431656
13,183,[1.3 0.1 0.3 0.9 0.  0.  1.3 0. ],0.13829613476991653
13,184,[1.3 0.1 0.3 0.9 0.  0.  1.3 0. ],0.13829805701971054
13,185,[1.3 0.1 0.3 0.9 0.  0.  1.3 0. ],0.13829847425222397
13,186,[1.3 0.1 0.3 0.9 0.  0.  1.3 0. ],0.13829917460680008
13,187,[1.3 0.1 0.3 0.9 0.  0.  1.3 0. ],0.13830117881298065
13,188,[1.3 0.1 0.3 0.9 0.  0.  1.3 0. ],0.13830284774303436
13,189,[1.3 0.1 0.3 0.9 0.  0.  1.3 0. ],0.1383029967546463
13,190,[1.3 0.1 0.3 0.9 0.  0.  1.3 0. ],0.13830390572547913
13,191,[1.3 0.1 0.3 0.9 0.  0.  1.3 0. ],0.13830392062664032
13,192,[1.3 0.1 0.3 0.9 0.  0.  1.3 0. ],0.13830464333295822
13,193,[1.3 0.1 0.3 0.9 0.  0.  1.3 0. ],0.1383056640625
13,194,[1.3 0.1 0.3 0.9 0.  0.  1.3 0. ],0.13830672204494476
13,195,[1.3 0.1 0.3 0.9 0.  0.  1.3 0. ],0.13830946385860443
13,196,[1.3 0.1 0.3 0.9 0.  0.  1.3 0. ],0.1383095309138298
13,197,[1.3 0.1 0.3 0.9 0.  0.  1.3 0. ],0.13831042498350143
13,198,[1.3 0.1 0.3 0.9 0.  0.  1.3 0. ],0.13831061869859695
13,199,[1.3 0.1 0.3 0.9 0.  0.  1.3 0. ],0.13831771910190582
13,200,[1.3 0.1 0.3 0.9 0.  0.  1.3 0. ],0.1383180022239685
13,201,[1.3 0.1 0.3 0.9 0.  0.  1.3 0. ],0.13831815123558044
13,202,[1.3 0.1 0.3 0.9 0.  0.  1.3 0. ],0.13831833004951477
13,203,[1.3 0.1 0.3 0.9 0.  0.  1.3 0. ],0.1383199840784073
13,204,[1.3 0.1 0.3 0.9 0.  0.  1.3 0. ],0.13832183182239532
13,205,[1.3 0.1 0.3 0.9 0.  0.  1.3 0. ],0.1383228823542595
13,206,[1.3 0.1 0.3 0.9 0.  0.  1.3 0. ],0.1383231356739998
13,207,[1.3 0.1 0.3 0.9 0.  0.  1.3 0. ],0.1383233144879341
13,208,[1.3 0.1 0.3 0.9 0.  0.  1.3 0. ],0.13832640647888184
13,209,[1.3 0.1 0.3 0.9 0.  0.  1.3 0. ],0.13832714408636093
13,210,[1.3 0.1 0.3 0.9 0.  0.  1.3 0. ],0.138327457010746
13,211,[1.3 0.1 0.3 0.9 0.  0.  1.3 0. ],0.1383301466703415
13,212,[1.3 0.1 0.3 0.9 0.  0.  1.3 0. ],0.13833019882440567
13,213,[1.3 0.1 0.3 0.9 0.  0.  1.3 0. ],0.13833072781562805
13,214,[1.3 0.1 0.3 0.9 0.  0.  1.3 0. ],0.13833299279212952
13,215,[1.3 0.1 0.3 0.9 0.  0.  1.3 0. ],0.13833323866128922
13,216,[1.3 0.1 0.3 0.9 0.  0.  1.3 0. ],0.13833432644605637
13,217,[1.3 0.1 0.3 0.9 0.  0.  1.3 0. ],0.13833436369895935
13,218,[1.3 0.1 0.3 0.9 0.  0.  1.3 0. ],0.13833515346050262
13,219,[1.3 0.1 0.3 0.9 0.  0.  1.3 0. ],0.13833771646022797
13,220,[1.3 0.1 0.3 0.9 0.  0.  1.3 0. ],0.1383388191461563
13,221,[1.3 0.1 0.3 0.9 0.  0.  1.3 0. ],0.13834012299776077
13,222,[1.3 0.1 0.3 0.9 0.  0.  1.3 0. ],0.1383402794599533
13,223,[1.3 0.1 0.3 0.9 0.  0.  1.3 0. ],0.1383415162563324
13,224,[1.3 0.1 0.3 0.9 0.  0.  1.3 0. ],0.1383434534072876
13,225,[1.3 0.1 0.3 0.9 0.  0.  1.3 0. ],0.13834403455257416
13,226,[1.3 0.1 0.3 0.9 0.  0.  1.3 0. ],0.138345867395401
13,227,[1.3 0.1 0.3 0.9 0.  0.  1.3 0. ],0.1383463367819786
13,228,[1.3 0.1 0.3 0.9 0.  0.  1.3 0. ],0.1383471116423607
13,229,[1.3 0.1 0.3 0.9 0.  0.  1.3 0. ],0.13834737986326218
13,230,[1.3 0.1 0.3 0.9 0.  0.  1.3 0. ],0.1383477821946144
13,231,[1.3 0.1 0.3 0.9 0.  0.  1.3 0. ],0.1383480727672577
13,232,[1.3 0.1 0.3 0.9 0.  0.  1.3 0. ],0.13835051655769348
13,233,[1.3 0.1 0.3 0.9 0.  0.  1.3 0. ],0.1383523941040039
13,234,[1.3 0.1 0.3 0.9 0.  0.  1.3 0. ],0.13835305720567703
13,235,[1.3 0.1 0.3 0.9 0.  0.  1.3 0. ],0.13835378736257553
13,236,[1.3 0.1 0.3 0.9 0.  0.  1.3 0. ],0.13835620135068893
13,237,[1.3 0.1 0.3 0.9 0.  0.  1.3 0. ],0.13835705816745758
13,238,[1.3 0.1 0.3 0.9 0.  0.  1.3 0. ],0.13835708796977997
13,239,[1.3 0.1 0.3 0.9 0.  0.  1.3 0. ],0.1383574903011322
13,240,[1.3 0.1 0.3 0.9 0.  0.  1.3 0. ],0.13835793733596802
13,241,[1.3 0.1 0.3 0.9 0.  0.  1.3 0. ],0.1383584439754486
13,242,[1.3 0.1 0.3 0.9 0.  0.  1.3 0. ],0.13835959881544113
13,243,[1.3 0.1 0.3 0.9 0.  0.  1.3 0. ],0.1383611559867859
13,244,[1.3 0.1 0.3 0.9 0.  0.  1.3 0. ],0.13836129009723663
13,245,[1.3 0.1 0.3 0.9 0.  0.  1.3 0. ],0.13836148381233215
13,246,[1.3 0.1 0.3 0.9 0.  0.  1.3 0. ],0.13836181908845901
13,247,[1.3 0.1 0.3 0.9 0.  0.  1.3 0. ],0.13836272060871124
13,248,[1.3 0.1 0.3 0.9 0.  0.  1.3 0. ],0.13836287707090378
13,249,[1.3 0.1 0.3 0.9 0.  0.  1.3 0. ],0.138363316655159
13,250,[1.3 0.1 0.3 0.9 0.  0.  1.3 0. ],0.13836415857076645
13,251,[1.3 0.1 0.3 0.9 0.  0.  1.3 0. ],0.13836458325386047
13,252,[1.3 0.1 0.3 0.9 0.  0.  1.3 0. ],0.13836487382650375
13,253,[1.3 0.1 0.3 0.9 0.  0.  1.3 0. ],0.13836504518985748
13,254,[1.3 0.1 0.3 0.9 0.  0.  1.3 0. ],0.13836514949798584
13,255,[1.3 0.1 0.3 0.9 0.  0.  1.3 0. ],0.13836634159088135
13,256,[1.3 0.1 0.3 0.9 0.  0.  1.3 0. ],0.13836656510829926
13,257,[1.3 0.1 0.3 0.9 0.  0.  1.3 0. ],0.13836669921875
13,258,[1.3 0.1 0.3 0.9 0.  0.  1.3 0. ],0.13836669921875
13,259,[1.3 0.1 0.3 0.9 0.  0.  1.3 0. ],0.13836679607629776
13,260,[1.3 0.1 0.3 0.9 0.  0.  1.3 0. ],0.13836953043937683
13,261,[1.3 0.1 0.3 0.9 0.  0.  1.3 0. ],0.13836970925331116
13,262,[1.3 0.1 0.3 0.9 0.  0.  1.3 0. ],0.13837098330259323
13,263,[1.3 0.1 0.3 0.9 0.  0.  1.3 0. ],0.1383722648024559
13,264,[1.3 0.1 0.3 0.9 0.  0.  1.3 0. ],0.13837291300296783
13,265,[1.3 0.1 0.3 0.9 0.  0.  1.3 0. ],0.13837602734565735
13,266,[1.3 0.1 0.3 0.9 0.  0.  1.3 0. ],0.13837672024965286
13,267,[1.3 0.1 0.3 0.9 0.  0.  1.3 0. ],0.13837679475545883
13,268,[1.3 0.1 0.3 0.9 0.  0.  1.3 0. ],0.13837724179029465
13,269,[1.3 0.1 0.3 0.9 0.  0.  1.3 0. ],0.13837747275829315
13,270,[1.3 0.1 0.3 0.9 0.  0.  1.3 0. ],0.13837869465351105
13,271,[1.3 0.1 0.3 0.9 0.  0.  1.3 0. ],0.13837959617376328
13,272,[1.3 0.1 0.3 0.9 0.  0.  1.3 0. ],0.13838031142950058
13,273,[1.3 0.1 0.3 0.9 0.  0.  1.3 0. ],0.1383810043334961
13,274,[1.3 0.1 0.3 0.9 0.  0.  1.3 0. ],0.13838166743516922
13,275,[1.3 0.1 0.3 0.9 0.  0.  1.3 0. ],0.13838280737400055
13,276,[1.3 0.1 0.3 0.9 0.  0.  1.3 0. ],0.1383913904428482
13,277,[1.3 0.1 0.3 0.9 0.  0.  1.3 0. ],0.13839323073625565
13,278,[1.3 0.1 0.3 0.9 0.  0.  1.3 0. ],0.13839349150657654
13,279,[1.3 0.1 0.3 0.9 0.  0.  1.3 0. ],0.13839435577392578
13,280,[1.3 0.1 0.3 0.9 0.  0.  1.3 0. ],0.1383945494890213
13,281,[1.3 0.1 0.3 0.9 0.  0.  1.3 0. ],0.1383955106139183
13,282,[1.3 0.1 0.3 0.9 0.  0.  1.3 0. ],0.13839803636074066
13,283,[1.3 0.1 0.3 0.9 0.  0.  1.3 0. ],0.13840004801750183
13,284,[1.3 0.1 0.3 0.9 0.  0.  1.3 0. ],0.1384020820260048
13,285,[1.3 0.1 0.3 0.9 0.  0.  1.3 0. ],0.13840222358703613
13,286,[1.3 0.1 0.3 0.9 0.  0.  1.3 0. ],0.1384023278951645
13,287,[1.3 0.1 0.3 0.9 0.  0.  1.3 0. ],0.1384061574935913
13,288,[1.3 0.1 0.3 0.9 0.  0.  1.3 0. ],0.13840633630752563
13,289,[1.3 0.1 0.3 0.9 0.  0.  1.3 0. ],0.13840670138597488
13,290,[1.3 0.1 0.3 0.9 0.  0.  1.3 0. ],0.13840700685977936
13,291,[1.3 0.1 0.3 0.9 0.  0.  1.3 0. ],0.1384085938334465
13,292,[1.3 0.1 0.3 0.9 0.  0.  1.3 0. ],0.138408862054348
13,293,[1.3 0.1 0.3 0.9 0.  0.  1.3 0. ],0.1384095996618271
13,294,[1.3 0.1 0.3 0.9 0.  0.  1.3 0. ],0.1384117305278778
13,295,[1.3 0.1 0.3 0.9 0.  0.  1.3 0. ],0.13841266185045242
13,296,[1.3 0.1 0.3 0.9 0.  0.  1.3 0. ],0.13841870427131653
13,297,[1.3 0.1 0.3 0.9 0.  0.  1.3 0. ],0.13842058181762695
13,298,[1.3 0.1 0.3 0.9 0.  0.  1.3 0. ],0.13842076063156128
13,299,[1.3 0.1 0.3 0.9 0.  0.  1.3 0. ],0.13842115551233292
13,300,[1.3 0.1 0.3 0.9 0.  0.  1.3 0. ],0.1384221836924553
13,301,[1.3 0.1 0.3 0.9 0.  0.  1.3 0. ],0.1384255290031433
13,302,[1.3 0.1 0.3 0.9 0.  0.  1.3 0. ],0.1384258270263672
13,303,[1.3 0.1 0.3 0.9 0.  0.  1.3 0. ],0.13842705637216568
13,304,[1.3 0.1 0.3 0.9 0.  0.  1.3 0. ],0.13842996209859848
13,305,[1.3 0.1 0.3 0.9 0.  0.  1.3 0. ],0.13843265175819397
13,306,[1.3 0.1 0.3 0.9 0.  0.  1.3 0. ],0.13843407481908798
13,307,[1.3 0.1 0.3 0.9 0.  0.  1.3 0. ],0.1384342983365059
13,308,[1.3 0.1 0.3 0.9 0.  0.  1.3 0. ],0.1384410262107849
13,309,[1.3 0.1 0.3 0.9 0.  0.  1.3 0. ],0.13844289630651474
13,310,[1.3 0.1 0.3 0.9 0.  0.  1.3 0. ],0.13844437152147293
13,311,[1.3 0.1 0.3 0.9 0.  0.  1.3 0. ],0.13844943791627884
13,312,[1.3 0.1 0.3 0.9 0.  0.  1.3 0. ],0.1384507417678833
13,313,[1.3 0.1 0.3 0.9 0.  0.  1.3 0. ],0.13845186680555344
13,314,[1.3 0.1 0.3 0.9 0.  0.  1.3 0. ],0.13846132159233093
13,315,[1.3 0.1 0.3 0.9 0.  0.  1.3 0. ],0.13846762478351593
13,316,[1.3 0.1 0.3 0.9 0.  0.  1.3 0. ],0.13847409933805466
13,317,[1.3 0.1 0.3 0.9 0.  0.  1.3 0. ],0.13847726583480835
13,318,[1.3 0.1 0.3 0.9 0.  0.  1.3 0. ],0.1384914368391037
13,319,[1.3 0.1 0.3 0.9 0.  0.  1.3 0. ],0.1384916864335537
13,320,[1.3 0.1 0.3 0.9 0.  0.  1.3 0. ],0.1385015770792961
13,321,[1.3 0.1 0.3 0.9 0.  0.  1.3 0. ],0.13851193338632584
13,322,[1.3 0.1 0.3 0.9 0.  0.  1.3 0. ],0.13851921260356903
13,323,[1.3 0.1 0.1 0.9 0.  0.  1.3 0.2],0.14013541489839554
13,324,[1.3 0.1 0.1 0.9 0.  0.  1.3 0.2],0.1401468813419342
13,325,[1.3 0.1 0.1 0.9 0.  0.  1.3 0.2],0.14014882594347
13,326,[1.3 0.1 0.1 0.9 0.  0.  1.3 0.2],0.14015543460845947
13,327,[1.3 0.1 0.1 0.9 0.  0.  1.3 0.2],0.1401665359735489
13,328,[1.3 0.1 0.1 0.9 0.  0.  1.3 0.2],0.14017519354820251
13,329,[1.3 0.1 0.1 0.9 0.  0.  1.3 0.2],0.14017651230096817
13,330,[1.3 0.1 0.1 0.9 0.  0.  1.3 0.2],0.14018085598945618
13,331,[1.3 0.1 0.1 0.9 0.  0.  1.3 0.2],0.140181303024292
13,332,[1.3 0.1 0.1 0.9 0.  0.  1.3 0.2],0.14018436521291733
13,333,[1.3 0.1 0.1 0.9 0.  0.  1.3 0.2],0.14018803089857101
13,334,[1.3 0.1 0.1 0.9 0.  0.  1.3 0.2],0.14018909633159637
13,335,[1.3 0.1 0.1 0.9 0.  0.  1.3 0.2],0.14019062370061874
13,336,[1.3 0.1 0.1 0.9 0.  0.  1.3 0.2],0.14019544422626495
13,337,[1.3 0.1 0.1 0.9 0.  0.  1.3 0.2],0.14019550383090973
13,338,[1.3 0.1 0.1 0.9 0.  0.  1.3 0.2],0.14019916951656342
13,339,[1.3 0.1 0.1 0.9 0.  0.  1.3 0.2],0.14020316302776337
13,340,[1.3 0.1 0.1 0.9 0.  0.  1.3 0.2],0.14020447432994843
13,341,[1.3 0.1 0.1 0.9 0.  0.  1.3 0.2],0.1402060016989708
13,342,[1.3 0.1 0.1 0.9 0.  0.  1.3 0.2],0.1402079164981842
13,343,[1.3 0.1 0.1 0.9 0.  0.  1.3 0.2],0.1402091458439827
13,344,[1.3 0.1 0.1 0.9 0.  0.  1.3 0.2],0.1402096152305603
13,345,[1.3 0.1 0.1 0.9 0.  0.  1.3 0.2],0.14021074771881104
13,346,[1.3 0.1 0.1 0.9 0.  0.  1.3 0.2],0.14021099358797073
13,347,[1.3 0.1 0.1 0.9 0.  0.  1.3 0.2],0.14021117240190506
13,348,[1.3 0.1 0.1 0.9 0.  0.  1.3 0.2],0.1402135044336319
13,349,[1.3 0.1 0.1 0.9 0.  0.  1.3 0.2],0.140217125415802
13,350,[1.3 0.1 0.1 0.9 0.  0.  1.3 0.2],0.1402185708284378
13,351,[1.3 0.1 0.1 0.9 0.  0.  1.3 0.2],0.14021939039230347
13,352,[1.3 0.1 0.1 0.9 0.  0.  1.3 0.2],0.14021971076726913
13,353,[1.3 0.1 0.1 0.9 0.  0.  1.3 0.2],0.14022093266248703
13,354,[1.3 0.1 0.1 0.9 0.  0.  1.3 0.2],0.14022161811590195
13,355,[1.3 0.1 0.1 0.9 0.  0.  1.3 0.2],0.14022337645292282
13,356,[1.3 0.1 0.1 0.9 0.  0.  1.3 0.2],0.14022500067949295
13,357,[1.3 0.1 0.1 0.9 0.  0.  1.3 0.2],0.14022649824619293
13,358,[1.3 0.1 0.1 0.9 0.  0.  1.3 0.2],0.14022764563560486
13,359,[1.3 0.1 0.1 0.9 0.  0.  1.3 0.2],0.14022988080978394
13,360,[1.3 0.1 0.1 0.9 0.  0.  1.3 0.2],0.14023057371377945
13,361,[1.3 0.1 0.1 0.9 0.  0.  1.3 0.2],0.1402319222688675
13,362,[1.3 0.1 0.1 0.9 0.  0.  1.3 0.2],0.1402355283498764
13,363,[1.3 0.1 0.1 0.9 0.  0.  1.3 0.2],0.1402391642332077
13,364,[1.3 0.1 0.1 0.9 0.  0.  1.3 0.2],0.14024030417203903
13,365,[1.3 0.1 0.1 0.9 0.  0.  1.3 0.2],0.14024050533771515
13,366,[1.3 0.1 0.1 0.9 0.  0.  1.3 0.2],0.14024310559034348
13,367,[1.3 0.1 0.1 0.9 0.  0.  1.3 0.2],0.14024312794208527
13,368,[1.3 0.1 0.1 0.9 0.  0.  1.3 0.2],0.14024803787469864
13,369,[1.3 0.1 0.1 0.9 0.  0.  1.3 0.2],0.14024914056062698
13,370,[1.3 0.1 0.1 0.9 0.  0.  1.3 0.2],0.14024971425533295
13,371,[1.3 0.1 0.1 0.9 0.  0.  1.3 0.2],0.1402522772550583
13,372,[1.3 0.1 0.1 0.9 0.  0.  1.3 0.2],0.14025326818227768
13,373,[1.3 0.1 0.1 0.9 0.  0.  1.3 0.2],0.14025863260030746
13,374,[1.3 0.1 0.1 0.9 0.  0.  1.3 0.2],0.14025912433862686
13,375,[1.3 0.1 0.1 0.9 0.  0.  1.3 0.2],0.14026130735874176
13,376,[1.3 0.1 0.1 0.9 0.  0.  1.3 0.2],0.14026714116334915
13,377,[1.3 0.1 0.1 0.9 0.  0.  1.3 0.2],0.14026746898889542
13,378,[1.3 0.1 0.1 0.9 0.  0.  1.3 0.2],0.14026916772127151
13,379,[1.3 0.1 0.1 0.9 0.  0.  1.3 0.2],0.14027134329080582
13,380,[1.3 0.1 0.1 0.9 0.  0.  1.3 0.2],0.1402748078107834
13,381,[1.3 0.1 0.1 0.9 0.  0.  1.3 0.2],0.14028088748455048
13,382,[1.3 0.1 0.1 0.9 0.  0.  1.3 0.2],0.14028272777795792
13,383,[1.3 0.1 0.1 0.9 0.  0.  1.3 0.2],0.14028304815292358
13,384,[1.3 0.1 0.1 0.9 0.  0.  1.3 0.2],0.14028523117303848
13,385,[1.3 0.1 0.1 0.9 0.  0.  1.3 0.2],0.14028702676296234
13,386,[1.3 0.1 0.1 0.9 0.  0.  1.3 0.2],0.14028774946928024
13,387,[1.3 0.1 0.1 0.9 0.  0.  1.3 0.2],0.14028982818126678
13,388,[1.3 0.1 0.1 0.9 0.  0.  1.3 0.2],0.14028996974229813
13,389,[1.3 0.1 0.1 0.9 0.  0.  1.3 0.2],0.14029012620449066
13,390,[1.3 0.1 0.1 0.9 0.  0.  1.3 0.2],0.14029138535261154
13,391,[1.3 0.1 0.1 0.9 0.  0.  1.3 0.2],0.14029140770435333
13,392,[1.3 0.1 0.1 0.9 0.  0.  1.3 0.2],0.1402914971113205
13,393,[1.3 0.1 0.1 0.9 0.  0.  1.3 0.2],0.14029251784086227
13,394,[1.3 0.1 0.1 0.9 0.  0.  1.3 0.2],0.14029379189014435
13,395,[1.3 0.1 0.1 0.9 0.  0.  1.3 0.2],0.1402948871254921
13,396,[1.3 0.1 0.1 0.9 0.  0.  1.3 0.2],0.1403019055724144
13,397,[1.3 0.1 0.1 0.9 0.  0.  1.3 0.2],0.1403048411011696
13,398,[1.3 0.1 0.1 0.9 0.  0.  1.3 0.2],0.14030663669109344
13,399,[1.3 0.1 0.1 0.9 0.  0.  1.3 0.2],0.14030737429857254
13,400,[1.3 0.1 0.1 0.9 0.  0.  1.3 0.2],0.14030811935663223
13,401,[1.3 0.1 0.1 0.9 0.  0.  1.3 0.2],0.140309140086174
13,402,[1.3 0.1 0.1 0.9 0.  0.  1.3 0.2],0.14031163603067398
13,403,[1.3 0.1 0.1 0.9 0.  0.  1.3 0.2],0.14031369239091873
13,404,[1.3 0.1 0.1 0.9 0.  0.  1.3 0.2],0.14031453430652618
13,405,[1.3 0.1 0.1 0.9 0.  0.  1.3 0.2],0.1403166502714157
13,406,[1.3 0.1 0.1 0.9 0.  0.  1.3 0.2],0.14032287150621414
13,407,[1.3 0.1 0.1 0.9 0.  0.  1.3 0.2],0.14032398164272308
13,408,[1.3 0.1 0.1 0.9 0.  0.  1.3 0.2],0.1403251588344574
13,409,[1.3 0.1 0.1 0.9 0.  0.  1.3 0.2],0.140325628221035
13,410,[1.3 0.1 0.1 0.9 0.  0.  1.3 0.2],0.14032863825559616
13,411,[1.3 0.1 0.1 0.9 0.  0.  1.3 0.2],0.1403297707438469
13,412,[1.3 0.1 0.1 0.9 0.  0.  1.3 0.2],0.14033063501119614
13,413,[1.3 0.1 0.1 0.9 0.  0.  1.3 0.2],0.1403307542204857
13,414,[1.3 0.1 0.1 0.9 0.  0.  1.3 0.2],0.14033280313014984
13,415,[1.3 0.1 0.1 0.9 0.  0.  1.3 0.2],0.14033447206020355
13,416,[1.3 0.1 0.1 0.9 0.  0.  1.3 0.2],0.14033471792936325
13,417,[1.3 0.1 0.1 0.9 0.  0.  1.3 0.2],0.140335351228714
13,418,[1.3 0.1 0.1 0.9 0.  0.  1.3 0.2],0.14033615589141846
13,419,[1.3 0.1 0.1 0.9 0.  0.  1.3 0.2],0.1403384581208229
13,420,[1.3 0.1 0.1 0.9 0.  0.  1.3 0.2],0.14033910632133484
13,421,[1.3 0.1 0.1 0.9 0.  0.  1.3 0.2],0.1403428539633751
13,422,[1.3 0.1 0.1 0.9 0.  0.  1.3 0.2],0.14034436643123627
13,423,[1.3 0.1 0.1 0.9 0.  0.  1.3 0.2],0.14035139232873917
13,424,[1.3 0.1 0.1 0.9 0.  0.  1.3 0.2],0.14035304635763168
13,425,[1.3 0.1 0.1 0.9 0.  0.  1.3 0.2],0.14035626500844955
13,426,[1.3 0.1 0.1 0.9 0.  0.  1.3 0.2],0.14035802334547043
13,427,[1.3 0.1 0.1 0.9 0.  0.  1.3 0.2],0.1403588354587555
13,428,[1.3 0.1 0.1 0.9 0.  0.  1.3 0.2],0.14038705080747604
13,429,[1.3 0.1 0.1 0.9 0.  0.  1.3 0.2],0.14038784056901932
13,430,[1.3 0.1 0.1 0.9 0.  0.  1.3 0.2],0.140388585627079
13,431,[1.3 0.1 0.1 0.9 0.  0.  1.3 0.2],0.14038900285959244
13,432,[1.3 0.1 0.1 0.9 0.  0.  1.3 0.2],0.14038951694965363
13,433,[1.3 0.1 0.1 0.9 0.  0.  1.3 0.2],0.1403902769088745
13,434,[1.3 0.1 0.1 0.9 0.  0.  1.3 0.2],0.14039631932973862
13,435,[1.3 0.1 0.1 0.9 0.  0.  1.3 0.2],0.1404007524251938
13,436,[1.3 0.1 0.1 0.9 0.  0.  1.3 0.2],0.14040742814540863
13,437,[1.3 0.1 0.1 0.9 0.  0.  1.3 0.2],0.1404109001159668
13,438,[1.3 0.1 0.1 0.9 0.  0.  1.3 0.2],0.1404159516096115
13,439,[1.3 0.1 0.1 0.9 0.  0.  1.3 0.2],0.14042077213525772
13,440,[1.3 0.1 0.1 0.9 0.  0.  1.3 0.2],0.140428576618433
13,441,[1.3 0.1 0.1 0.9 0.  0.  1.3 0.2],0.14043357968330383
13,442,[1.3 0.1 0.1 0.9 0.  0.  1.3 0.2],0.14046265184879303
13,443,[1.3 0.1 0.1 0.9 0.  0.  1.3 0.2],0.14046740531921387
13,444,[1.3 0.1 0.1 0.9 0.  0.  1.3 0.2],0.14047010987997055
13,445,[1.3 0.1 0.1 0.9 0.  0.  1.3 0.2],0.14050213247537613
13,446,[1.3 0.1 0.1 0.9 0.  0.  1.3 0.2],0.1405101865530014
13,447,[1.3 0.  0.1 0.9 0.  0.  0.8 0. ],0.14135227352380753
13,448,[1.3 0.  0.1 0.9 0.  0.  0.8 0. ],0.14141856878995895
13,449,[1.1 0.  0.1 1.  0.  0.  1.3 0.2],0.14142337441444397
13,450,[1.1 0.  0.1 1.  0.  0.  1.3 0.2],0.14142339676618576
13,451,[1.3 0.  0.1 0.9 0.  0.  0.8 0. ],0.1414249762892723
13,452,[1.1 0.  0.1 1.  0.  0.  1.3 0.2],0.14143013954162598
13,453,[1.3 0.  0.1 0.9 0.  0.  0.8 0. ],0.14143072068691254
13,454,[1.3 0.  0.1 0.9 0.  0.  0.8 0. ],0.14144958555698395
13,455,[1.3 0.  0.1 0.9 0.  0.  0.8 0. ],0.14146846532821655
13,456,[1.3 0.  0.1 0.9 0.  0.  0.8 0. ],0.14146976917982101
13,457,[1.1 0.  0.1 1.  0.  0.  1.3 0.2],0.14150484651327133
13,458,[1.1 0.  0.1 1.  0.  0.  1.3 0.2],0.1415255293250084
13,459,[1.3 0.  0.1 0.9 0.  0.  0.8 0. ],0.14153069257736206
13,460,[1.1 0.  0.1 1.  0.  0.  1.3 0.2],0.141533263027668
13,461,[1.1 0.  0.1 1.  0.  0.  1.3 0.2],0.14153677970170975
13,462,[1.1 0.  0.1 1.  0.  0.  1.3 0.2],0.14154795557260513
13,463,[1.3 0.  0.1 0.9 0.  0.  0.8 0. ],0.14155763387680054
13,464,[1.1 0.  0.1 1.  0.  0.  1.3 0.2],0.14157675951719284
13,465,[1.3 0.  0.1 0.9 0.  0.  0.8 0. ],0.14158472418785095
13,466,[1.1 0.  0.1 1.  0.  0.  1.3 0.2],0.14158757030963898
13,467,[1.1 0.  0.1 1.  0.  0.  1.3 0.2],0.14159021526575089
13,468,[1.1 0.  0.1 1.  0.  0.  1.3 0.2],0.14159045368433
13,469,[1.1 0.  0.1 1.  0.  0.  1.3 0.2],0.14159512519836426
13,470,[1.1 0.  0.1 1.  0.  0.  1.3 0.2],0.14159825444221497
13,471,[1.1 0.  0.1 1.  0.  0.  1.3 0.2],0.14160409569740295
13,472,[1.3 0.  0.1 0.9 0.  0.  0.8 0. ],0.14160601794719696
13,473,[1.1 0.  0.1 1.  0.  0.  1.3 0.2],0.14161037653684616
13,474,[1.1 0.  0.1 1.  0.  0.  1.3 0.2],0.14161095768213272
13,475,[1.1 0.  0.1 1.  0.  0.  1.3 0.2],0.14161298424005508
13,476,[1.1 0.  0.1 1.  0.  0.  1.3 0.2],0.1416151076555252
13,477,[1.1 0.  0.1 1.  0.  0.  1.3 0.2],0.14162401854991913
13,478,[1.1 0.  0.1 1.  0.  0.  1.3 0.2],0.1416318267583847
13,479,[1.1 0.  0.1 1.  0.  0.  1.3 0.2],0.14163420349359512
13,480,[1.1 0.  0.1 1.  0.  0.  1.3 0.2],0.14164144545793533
13,481,[1.1 0.  0.1 1.  0.  0.  1.3 0.2],0.14166177809238434
13,482,[1.1 0.  0.1 1.  0.  0.  1.3 0.2],0.14166979491710663
13,483,[1.1 0.  0.1 1.  0.  0.  1.3 0.2],0.14168252795934677
13,484,[1.1 0.  0.1 1.  0.  0.  1.3 0.2],0.14170725643634796
13,485,[1.1 0.  0.1 1.  0.  0.  1.3 0.2],0.14171860367059708
13,486,[1.1 0.  0.1 1.  0.  0.  1.3 0.2],0.1417304128408432
13,487,[1.1 0.  0.1 1.  0.  0.  1.3 0.2],0.14175377786159515
13,488,[1.1 0.  0.1 1.  0.  0.  1.3 0.2],0.14180587232112885
13,489,[1.2 0.1 0.3 1.  0.  0.  1.3 0. ],0.14270620048046112
13,490,[1.2 0.1 0.3 1.  0.  0.  1.3 0. ],0.14270929247140884
13,491,[0.2 0.1 0.2 0.9 0.  0.  1.1 1.2],0.1427140310406685
13,492,[1.2 0.1 0.3 1.  0.  0.  1.3 0. ],0.1427355334162712
13,493,[0.2 0.1 0.2 0.9 0.  0.  1.1 1.2],0.14275676012039185
13,494,[1.2 0.1 0.3 1.  0.  0.  1.3 0. ],0.14278176426887512
13,495,[0.2 0.1 0.2 0.9 0.  0.  1.1 1.2],0.14278432726860046
13,496,[0.2 0.1 0.2 0.9 0.  0.  1.1 1.2],0.1427934616804123
13,497,[1.2 0.1 0.3 1.  0.  0.  1.3 0. ],0.14281558245420456
13,498,[1.2 0.1 0.3 1.  0.  0.  1.3 0. ],0.14281727373600006
13,499,[1.2 0.1 0.3 1.  0.  0.  1.3 0. ],0.14283501356840134
13,500,[0.2 0.1 0.2 0.9 0.  0.  1.1 1.2],0.14284741133451462
13,501,[1.2 0.1 0.3 1.  0.  0.  1.3 0. ],0.142863430082798
13,502,[0.2 0.1 0.2 0.9 0.  0.  1.1 1.2],0.1429162472486496
13,503,[0.2 0.1 0.2 0.9 0.  0.  1.1 1.2],0.1429324373602867
13,504,[0.6 0.1 0.3 1.  0.  0.  1.3 0. ],0.1448592245578766
13,505,[0.6 0.1 0.3 1.  0.  0.  1.3 0. ],0.14487983286380768
13,506,[0.6 0.1 0.3 1.  0.  0.  1.3 0. ],0.144887275993824
13,507,[0.6 0.1 0.3 1.  0.  0.  1.3 0. ],0.1449064388871193
13,508,[0.6 0.1 0.3 1.  0.  0.  1.3 0. ],0.14502456784248352
13,509,[0.  0.1 0.1 0.9 0.  0.  0.7 0.2],0.1515074223279953
13,510,[0.4 0.1 0.3 0.9 0.  0.  0.6 0. ],0.1518135368824005
13,511,[0.4 0.1 0.3 0.9 0.  0.  0.6 0. ],0.15185433626174927
13,512,[0.4 0.1 0.3 0.9 0.  0.  0.6 0. ],0.15191886574029922
13,513,[0.4 0.1 0.3 0.9 0.  0.  0.6 0. ],0.1520545482635498
13,514,[1.  0.4 0.3 0.9 0.  0.  1.3 0. ],0.15545596927404404
13,515,[1.  0.4 0.3 0.9 0.  0.  1.3 0. ],0.15554261207580566
13,516,[1.  0.4 0.3 0.9 0.  0.  1.3 0. ],0.15555238723754883
13,517,[1.  0.4 0.3 0.9 0.  0.  1.3 0. ],0.15555265545845032
13,518,[1.  0.4 0.3 0.9 0.  0.  1.3 0. ],0.15556061267852783
13,519,[1.3 0.1 0.2 0.9 0.  0.  0.  0.2],0.16683512181043625
13,520,[1.3 0.1 0.2 0.9 0.  0.  0.  0.2],0.16686778515577316
13,521,[1.3 0.1 0.2 0.9 0.  0.  0.  0.2],0.16690582782030106
13,522,[1.3 0.1 0.2 0.9 0.  0.  0.  0.2],0.16700024157762527
13,523,[1.3 0.1 0.2 0.9 0.  0.  0.  0.2],0.16704892367124557
13,524,[1.3 0.1 0.1 0.5 0.  0.  1.3 0.3],0.17392411082983017
13,525,[1.3 1.3 0.1 0.9 0.  0.  1.1 0.2],0.21156027913093567
13,526,[1.3 1.3 0.1 0.9 0.  0.  1.1 0.2],0.21156249195337296
13,527,[1.3 1.3 0.1 0.9 0.  0.  1.1 0.2],0.211574524641037
13,528,[1.3 1.3 0.1 0.9 0.  0.  1.1 0.2],0.21158134192228317
13,529,[1.3 1.3 0.1 0.9 0.  0.  1.1 0.2],0.2115936204791069
13,530,[1.3 1.3 0.1 0.9 0.  0.  1.1 0.2],0.21166856586933136
13,531,[0.2 1.2 0.1 0.8 0.  0.  1.3 0.2],0.21711940318346024
13,532,[0.2 1.2 0.1 0.8 0.  0.  1.3 0.2],0.21714864671230316
13,533,[0.2 1.2 0.1 0.8 0.  0.  1.3 0.2],0.21722297370433807
13,534,[0.2 1.2 0.1 0.8 0.  0.  1.3 0.2],0.2172328382730484
13,535,[0.2 1.2 0.1 0.8 0.  0.  1.3 0.2],0.21724942326545715
13,536,[0.2 1.2 0.1 0.8 0.  0.  1.3 0.2],0.21725773811340332
13,537,[0.2 1.2 0.1 0.8 0.  0.  1.3 0.2],0.21731090545654297
13,538,[0.2 1.2 0.1 0.8 0.  0.  1.3 0.2],0.21731575578451157
13,539,[0.2 1.2 0.1 0.8 0.  0.  1.3 0.2],0.2173532396554947
13,540,[1.3 1.3 0.4 0.9 0.  0.  1.3 1.2],0.2401970475912094
13,541,[1.3 1.3 0.4 0.9 0.  0.  1.3 1.2],0.2402058243751526
13,542,[1.3 1.3 0.4 0.9 0.  0.  1.3 1.2],0.2402198240160942
13,543,[1.3 1.3 0.4 0.9 0.  0.  1.3 1.2],0.2403148114681244
13,544,[1.3 1.3 0.4 0.9 0.  0.  1.3 1.2],0.24033182859420776
13,545,[1.3 1.3 0.4 0.9 0.  0.  1.3 1.2],0.2403685599565506
13,546,[1.3 1.3 0.4 0.9 0.  0.  1.3 1.2],0.24041931331157684
13,547,[1.3 0.1 0.8 0.9 0.  0.  0.6 0.2],0.2609867453575134
13,548,[1.3 0.1 0.8 0.9 0.  0.  0.6 0.2],0.2611186355352402
13,549,[1.3 0.1 0.8 0.9 0.  0.  0.6 0.2],0.26112566888332367
13,550,[1.3 0.1 0.8 0.9 0.  0.  0.6 0.2],0.26114189624786377
13,551,[1.3 0.1 0.1 0.2 0.  0.  0.5 0.2],0.2927737385034561
13,552,[0.4 0.2 0.8 1.3 0.  0.  1.3 0. ],0.31264932453632355
13,553,[0.4 0.2 0.8 1.3 0.  0.  1.3 0. ],0.31277814507484436
13,554,[0.4 0.2 0.8 1.3 0.  0.  1.3 0. ],0.31281381845474243
13,555,[0.4 0.2 0.8 1.3 0.  0.  1.3 0. ],0.3128284811973572
13,556,[0.4 0.2 0.8 1.3 0.  0.  1.3 0. ],0.31284210085868835
13,557,[0.4 0.2 0.8 1.3 0.  0.  1.3 0. ],0.31285783648490906
13,558,[0.4 0.2 0.8 1.3 0.  0.  1.3 0. ],0.31288211047649384
13,559,[0.4 0.2 0.8 1.3 0.  0.  1.3 0. ],0.3130752593278885
13,560,[1.3 0.1 0.1 1.  0.4 0.  0.9 0.2],0.3238147497177124
13,561,[1.3 0.1 0.1 1.  0.4 0.  0.9 0.2],0.32384636998176575
13,562,[1.3 0.1 0.1 1.  0.4 0.  0.9 0.2],0.32415759563446045
13,563,[0.7 0.6 0.6 1.2 0.3 0.5 1.3 1. ],0.3284357935190201
13,564,[0.5 0.1 1.  0.9 0.  0.  1.3 1.2],0.34207336604595184
13,565,[0.5 0.1 1.  0.9 0.  0.  1.3 1.2],0.34213487803936005
13,566,[0.5 0.1 1.  0.9 0.  0.  1.3 1.2],0.3422127068042755
13,567,[0.5 0.1 1.  0.9 0.  0.  1.3 1.2],0.34221573173999786
13,568,[0.5 0.1 1.  0.9 0.  0.  1.3 1.2],0.3422203063964844
13,569,[0.5 0.1 1.  0.9 0.  0.  1.3 1.2],0.34230761229991913
13,570,[0.5 0.1 1.  0.9 0.  0.  1.3 1.2],0.34234359860420227
13,571,[0.5 0.1 1.  0.9 0.  0.  1.3 1.2],0.34252889454364777
13,572,[1.3 0.1 0.2 0.  0.  0.  1.3 1.2],0.36003266274929047
13,573,[1.3 0.1 0.2 0.  0.  0.  1.3 1.2],0.3600367456674576
13,574,[1.3 0.1 0.2 0.  0.  0.  1.3 1.2],0.3600548952817917
13,575,[1.3 0.1 0.2 0.  0.  0.  1.3 1.2],0.36005766689777374
13,576,[1.3 0.1 0.2 0.  0.  0.  1.3 1.2],0.3600721210241318
13,577,[1.3 0.1 0.2 0.  0.  0.  1.3 1.2],0.36021366715431213
13,578,[1.3 0.1 0.7 0.9 0.  0.7 1.3 1.2],0.39422740042209625
13,579,[1.3 0.1 0.7 0.9 0.  0.7 1.3 1.2],0.3944259583950043
13,580,[1.3 0.1 0.7 0.9 0.  0.7 1.3 1.2],0.3944401741027832
13,581,[1.3 0.1 0.7 0.9 0.  0.7 1.3 1.2],0.39449188113212585
13,582,[1.3 0.1 0.7 0.9 0.  0.7 1.3 1.2],0.39450503885746
13,583,[1.3 0.1 1.1 0.9 0.1 0.  1.3 0.2],0.4246920794248581
13,584,[1.3 0.1 1.1 0.9 0.  0.  0.1 0. ],0.4258408546447754
13,585,[1.3 0.1 1.1 0.9 0.  0.  0.1 0. ],0.4260388910770416
13,586,[1.3 0.1 1.1 0.9 0.  0.  0.1 1.2],0.43078942596912384
13,587,[1.3 0.1 1.1 0.9 0.  0.  0.1 1.2],0.4308113157749176
13,588,[1.3 0.1 1.1 0.9 0.  0.  0.1 1.2],0.43082675337791443
13,589,[1.1 0.7 0.7 1.2 0.  0.7 0.9 0.2],0.4502906948328018
13,590,[1.1 0.7 0.7 1.2 0.  0.7 0.9 0.2],0.45032235980033875
13,591,[1.1 0.7 0.7 1.2 0.  0.7 0.9 0.2],0.45034492015838623
13,592,[1.1 0.7 0.7 1.2 0.  0.7 0.9 0.2],0.45035263895988464
13,593,[1.1 0.7 0.7 1.2 0.  0.7 0.9 0.2],0.45035669207572937
13,594,[1.1 0.7 0.7 1.2 0.  0.7 0.9 0.2],0.4503648728132248
13,595,[1.1 0.7 0.7 1.2 0.  0.7 0.9 0.2],0.450369730591774
13,596,[1.1 0.7 0.7 1.2 0.  0.7 0.9 0.2],0.4503907412290573
13,597,[1.1 0.7 0.7 1.2 0.  0.7 0.9 0.2],0.45040546357631683
13,598,[1.1 0.7 0.7 1.2 0.  0.7 0.9 0.2],0.45041416585445404
13,599,[1.1 0.7 0.7 1.2 0.  0.7 0.9 0.2],0.45042426884174347
13,600,[1.1 0.7 0.7 1.2 0.  0.7 0.9 0.2],0.4504840821027756
13,601,[1.1 0.7 0.7 1.2 0.  0.7 0.9 0.2],0.45048651099205017
13,602,[1.1 0.7 0.7 1.2 0.  0.7 0.9 0.2],0.4504970610141754
13,603,[1.1 0.7 0.7 1.2 0.  0.7 0.9 0.2],0.4505254775285721
13,604,[1.1 0.7 0.7 1.2 0.  0.7 0.9 0.2],0.4505262076854706
13,605,[1.1 0.7 0.7 1.2 0.  0.7 0.9 0.2],0.45055167376995087
13,606,[1.1 0.7 0.7 1.2 0.  0.7 0.9 0.2],0.4505889266729355
13,607,[1.1 0.7 0.7 1.2 0.  0.7 0.9 0.2],0.45082512497901917
13,608,[1.3 0.1 0.3 0.7 0.6 0.  1.3 0. ],0.4626736044883728
13,609,[1.3 0.1 0.3 0.7 0.6 0.  1.3 0. ],0.4627087712287903
13,610,[1.3 0.1 0.3 0.7 0.6 0.  1.3 0. ],0.46274514496326447
13,611,[1.3 0.1 0.3 0.7 0.6 0.  1.3 0. ],0.46275876462459564
13,612,[1.3 0.1 0.3 0.7 0.6 0.  1.3 0. ],0.4628847986459732
13,613,[0.7 0.6 0.6 1.2 0.3 0.5 1.3 1. ],0.47118091583251953
13,614,[0.7 0.6 0.6 1.2 0.3 0.5 1.3 1. ],0.4711878001689911
13,615,[0.7 0.6 0.6 1.2 0.3 0.5 1.3 1. ],0.4712284356355667
13,616,[0.7 0.6 0.6 1.2 0.3 0.5 1.3 1. ],0.4712463319301605
13,617,[0.7 0.6 0.6 1.2 0.3 0.5 1.3 1. ],0.4713151603937149
13,618,[0.7 0.6 0.6 1.2 0.3 0.5 1.3 1. ],0.47132308781147003
13,619,[0.7 0.6 0.6 1.2 0.3 0.5 1.3 1. ],0.47134169936180115
13,620,[0.7 0.6 0.6 1.2 0.3 0.5 1.3 1. ],0.47134868800640106
13,621,[0.7 0.6 0.6 1.2 0.3 0.5 1.3 1. ],0.47136636078357697
13,622,[0.7 0.6 0.6 1.2 0.3 0.5 1.3 1. ],0.4714087098836899
13,623,[0.7 0.6 0.6 1.2 0.3 0.5 1.3 1. ],0.4714203327894211
13,624,[0.7 0.6 0.6 1.2 0.3 0.5 1.3 1. ],0.4715084284543991
13,625,[0.7 0.6 0.6 1.2 0.3 0.5 1.3 1. ],0.47152191400527954
13,626,[0.7 0.6 0.6 1.2 0.3 0.5 1.3 1. ],0.47346019744873047
13,627,[0.7 0.6 0.6 1.2 0.3 0.5 1.3 1. ],0.4740717262029648
13,628,[1.2 1.  0.1 1.  0.3 0.5 0.9 0.6],0.4766610860824585
13,629,[1.2 1.  0.1 1.  0.3 0.5 0.9 0.6],0.47696666419506073
13,630,[1.2 1.  0.1 1.  0.3 0.5 0.9 0.6],0.47708819806575775
13,631,[1.2 1.  0.1 1.  0.3 0.5 0.9 0.6],0.47715646028518677
13,632,[0.8 0.  0.7 1.  0.  1.  0.1 0.2],0.5388898849487305
13,633,[0.8 0.  0.7 1.  0.  1.  0.1 0.2],0.5390064120292664
13,634,[0.8 0.  0.7 1.  0.  1.  0.1 0.2],0.539007231593132
13,635,[0.8 0.  0.7 1.  0.  1.  0.1 0.2],0.5390186905860901
13,636,[0.8 0.  0.7 1.  0.  1.  0.1 0.2],0.5391553938388824
13,637,[0.8 0.  0.7 1.  0.  1.  0.1 0.2],0.5391606688499451
13,638,[0.8 0.  0.7 1.  0.  1.  0.1 0.2],0.5391700267791748
13,639,[0.8 0.  0.7 1.  0.  1.  0.1 0.2],0.5391788482666016
13,640,[0.8 0.  0.7 1.  0.  1.  0.1 0.2],0.5392056107521057
13,641,[0.8 0.  0.7 1.  0.  1.  0.1 0.2],0.5392507016658783
13,642,[0.8 0.  0.7 1.  0.  1.  0.1 0.2],0.5392662286758423
13,643,[0.8 0.  0.7 1.  0.  1.  0.1 0.2],0.5394048690795898
13,644,[0.8 0.  0.7 1.  0.  1.  0.1 0.2],0.5394659042358398
13,645,[1.3 0.1 1.  0.  0.  0.  0.8 0. ],0.55003622174263
13,646,[1.3 0.1 1.  0.  0.  0.  0.8 0. ],0.5500609278678894
13,647,[1.3 0.1 1.  0.  0.  0.  0.8 0. ],0.5501173138618469
13,648,[1.3 0.1 1.  0.  0.  0.  0.8 0. ],0.5501500964164734
13,649,[1.3 0.1 1.  0.  0.  0.  0.8 0. ],0.5502069592475891
13,650,[1.3 0.1 1.  0.  0.  0.  0.8 0. ],0.5502399802207947
13,651,[1.3 0.1 1.  0.  0.  0.  0.8 0. ],0.5502483546733856
13,652,[1.3 0.1 1.  0.  0.  0.  0.8 0. ],0.5502733588218689
13,653,[1.3 0.1 1.  0.  0.  0.  0.8 0. ],0.5502842366695404
13,654,[1.3 0.1 1.  0.  0.  0.  0.8 0. ],0.5502861142158508
13,655,[1.3 0.1 1.  0.  0.  0.  0.8 0. ],0.5503610372543335
13,656,[1.3 0.1 1.  0.  0.  0.  0.8 0. ],0.55036461353302
13,657,[1.3 0.1 1.  0.  0.  0.  0.8 0. ],0.5504618883132935
13,658,[1.3 0.1 0.3 0.9 0.  1.  0.1 0. ],0.5518022775650024
13,659,[1.3 0.1 0.3 0.9 0.  1.  0.1 0. ],0.5518335998058319
13,660,[1.3 0.1 0.3 0.9 0.  1.  0.1 0. ],0.5518680810928345
13,661,[1.3 0.1 0.3 0.9 0.  1.  0.1 0. ],0.552010178565979
13,662,[1.3 0.1 0.3 0.9 0.  1.  0.1 0. ],0.5520246028900146
13,663,[1.3 0.1 0.3 0.9 0.  1.  0.1 0. ],0.5521087348461151
13,664,[1.3 0.1 0.3 0.9 0.  1.  0.1 0. ],0.5521289706230164
13,665,[1.3 0.1 0.3 0.9 0.  1.  0.1 0. ],0.5522588491439819
13,666,[1.3 0.1 0.3 0.9 0.  1.  0.1 0. ],0.552302747964859
13,667,[1.3 0.1 0.3 0.9 0.  1.  0.1 0. ],0.5523144900798798
13,668,[1.3 0.1 0.3 0.9 0.  1.  0.1 0. ],0.5523925721645355
13,669,[1.3 0.1 1.1 0.9 0.  0.8 1.3 0. ],0.5540559887886047
13,670,[1.3 0.1 1.1 0.9 0.  0.8 1.3 0. ],0.5540892779827118
13,671,[1.1 0.1 0.2 1.  0.8 0.  1.3 0.9],0.5736491531133652
13,672,[1.1 0.1 0.2 1.  0.8 0.  1.3 0.9],0.5739204287528992
13,673,[1.1 0.1 0.2 1.  0.8 0.  1.3 0.9],0.5741262137889862
13,674,[1.1 0.1 0.2 1.  0.8 0.  1.3 0.9],0.5741445124149323
13,675,[1.1 0.1 0.2 1.  0.8 0.  1.3 0.9],0.5741521120071411
13,676,[1.1 0.1 0.2 1.  0.8 0.  1.3 0.9],0.5742679834365845
13,677,[1.1 0.1 0.2 1.  0.8 0.  1.3 0.9],0.5742809772491455
13,678,[1.1 0.1 0.2 1.  0.8 0.  1.3 0.9],0.5742853879928589
13,679,[1.1 0.1 0.2 1.  0.8 0.  1.3 0.9],0.5743085145950317
13,680,[1.1 0.1 0.2 1.  0.8 0.  1.3 0.9],0.5743229985237122
13,681,[1.1 0.1 0.2 1.  0.8 0.  1.3 0.9],0.5743550658226013
13,682,[1.1 0.1 0.2 1.  0.8 0.  1.3 0.9],0.5743736326694489
13,683,[1.1 0.1 0.2 1.  0.8 0.  1.3 0.9],0.5743854641914368
13,684,[1.1 0.1 0.2 1.  0.8 0.  1.3 0.9],0.5743915140628815
13,685,[1.1 0.1 0.2 1.  0.8 0.  1.3 0.9],0.5743935406208038
13,686,[1.1 0.1 0.2 1.  0.8 0.  1.3 0.9],0.5744390487670898
13,687,[1.1 0.1 0.2 1.  0.8 0.  1.3 0.9],0.5744671523571014
13,688,[1.1 0.1 0.2 1.  0.8 0.  1.3 0.9],0.5744756460189819
13,689,[1.1 0.1 0.2 1.  0.8 0.  1.3 0.9],0.5745021104812622
13,690,[1.1 0.1 0.2 1.  0.8 0.  1.3 0.9],0.5745061933994293
13,691,[1.1 0.1 0.2 1.  0.8 0.  1.3 0.9],0.5745957493782043
13,692,[1.1 0.1 0.2 1.  0.8 0.  1.3 0.9],0.574611634016037
13,693,[1.1 0.1 0.2 1.  0.8 0.  1.3 0.9],0.5746176838874817
13,694,[1.1 0.1 0.2 1.  0.8 0.  1.3 0.9],0.574624091386795
13,695,[1.1 0.1 0.2 1.  0.8 0.  1.3 0.9],0.5746698677539825
13,696,[1.1 0.1 0.2 1.  0.8 0.  1.3 0.9],0.5746930241584778
13,697,[1.1 0.1 0.2 1.  0.8 0.  1.3 0.9],0.5746979117393494
13,698,[1.1 0.1 0.2 1.  0.8 0.  1.3 0.9],0.5748049914836884
13,699,[1.1 0.1 0.2 1.  0.8 0.  1.3 0.9],0.574807345867157
13,700,[1.1 0.1 0.2 1.  0.8 0.  1.3 0.9],0.5748164355754852
13,701,[1.1 0.1 0.2 1.  0.8 0.  1.3 0.9],0.5748595297336578
13,702,[1.1 0.1 0.2 1.  0.8 0.  1.3 0.9],0.574866384267807
13,703,[1.1 0.1 0.2 1.  0.8 0.  1.3 0.9],0.5748716294765472
13,704,[1.1 0.1 0.2 1.  0.8 0.  1.3 0.9],0.5748822689056396
13,705,[1.1 0.1 0.2 1.  0.8 0.  1.3 0.9],0.5748854279518127
13,706,[1.1 0.1 0.2 1.  0.8 0.  1.3 0.9],0.5749533176422119
13,707,[1.1 0.1 0.2 1.  0.8 0.  1.3 0.9],0.5750053226947784
13,708,[1.1 0.1 0.2 1.  0.8 0.  1.3 0.9],0.5751571953296661
13,709,[1.1 0.1 0.2 1.  0.8 0.  1.3 0.9],0.5751757323741913
13,710,[1.1 0.1 0.2 1.  0.8 0.  1.3 0.9],0.5751785337924957
13,711,[1.1 0.1 0.2 1.  0.8 0.  1.3 0.9],0.5752706527709961
13,712,[1.3 0.2 0.9 0.1 0.  0.6 1.3 0.2],0.5754565894603729
13,713,[1.3 0.2 0.9 0.1 0.  0.6 1.3 0.2],0.5754667222499847
13,714,[1.3 0.2 0.9 0.1 0.  0.6 1.3 0.2],0.5754733383655548
13,715,[1.3 0.2 0.9 0.1 0.  0.6 1.3 0.2],0.5755162239074707
13,716,[1.1 0.1 0.2 1.  0.8 0.  1.3 0.9],0.5755532681941986
13,717,[1.3 0.2 0.9 0.1 0.  0.6 1.3 0.2],0.5756200551986694
13,718,[1.3 0.2 0.9 0.1 0.  0.6 1.3 0.2],0.575623631477356
13,719,[1.3 0.2 0.9 0.1 0.  0.6 1.3 0.2],0.575664222240448
13,720,[1.3 0.1 1.  0.9 0.8 1.2 1.3 0. ],0.579265683889389
13,721,[1.1 1.1 0.2 1.  0.7 0.  0.  1.3],0.6502332091331482
13,722,[1.1 1.1 0.2 1.  0.7 0.  0.  1.3],0.6503682434558868
13,723,[1.1 1.1 0.2 1.  0.7 0.  0.  1.3],0.6504279971122742
13,724,[1.1 1.1 0.2 1.  0.7 0.  0.  1.3],0.6504401564598083
13,725,[1.1 1.1 0.2 1.  0.7 0.  0.  1.3],0.6506917178630829
13,726,[1.1 1.1 0.2 1.  0.7 0.  0.  1.3],0.650694340467453
13,727,[1.1 1.1 0.2 1.  0.7 0.  0.  1.3],0.6507045030593872
13,728,[1.1 1.1 0.2 1.  0.7 0.  0.  1.3],0.6507461071014404
13,729,[1.1 1.1 0.2 1.  0.7 0.  0.  1.3],0.6507489383220673
13,730,[1.1 1.1 0.2 1.  0.7 0.  0.  1.3],0.6508435010910034
13,731,[1.1 1.1 0.2 1.  0.7 0.  0.  1.3],0.6508572399616241
13,732,[1.1 1.1 0.2 1.  0.7 0.  0.  1.3],0.6512652337551117
13,733,[1.3 0.1 0.3 0.9 0.  1.1 1.3 0.8],0.6625524163246155
13,734,[1.3 0.1 0.3 0.9 0.  1.1 1.3 0.8],0.6629216074943542
13,735,[1.3 0.1 0.3 0.9 0.  1.1 1.3 0.8],0.6629235446453094
13,736,[1.3 0.1 0.3 0.9 0.  1.1 1.3 0.8],0.6631468832492828
13,737,[1.3 0.1 0.3 0.9 0.9 0.  0.3 0. ],0.7174938023090363
13,738,[1.3 0.1 0.3 0.9 0.9 0.  0.3 0. ],0.7178435921669006
13,739,[1.3 0.1 0.3 0.9 0.9 0.  0.3 0. ],0.7180789709091187
13,740,[1.1 0.  0.1 0.9 1.  0.  1.3 1.1],0.7503018081188202
13,741,[1.1 0.  0.1 0.9 1.  0.  1.3 1.1],0.7503218650817871
13,742,[1.1 0.  0.1 0.9 1.  0.  1.3 1.1],0.7506228089332581
13,743,[1.1 0.  0.1 0.9 1.  0.  1.3 1.1],0.7508288025856018
13,744,[1.1 0.  0.1 0.9 1.  0.  1.3 1.1],0.7508446872234344
13,745,[1.1 0.  0.1 0.9 1.  0.  1.3 1.1],0.750868946313858
13,746,[1.1 0.  0.1 0.9 1.  0.  1.3 1.1],0.7508883476257324
13,747,[1.1 0.  0.1 0.9 1.  0.  1.3 1.1],0.7509044408798218
13,748,[1.1 0.  0.1 0.9 1.  0.  1.3 1.1],0.7509555518627167
13,749,[1.1 0.  0.1 0.9 1.  0.  1.3 1.1],0.7510695457458496
13,750,[1.1 0.  0.1 0.9 1.  0.  1.3 1.1],0.751303106546402
13,751,[1.1 0.  0.1 0.9 1.  0.  1.3 1.1],0.751442939043045
13,752,[1.1 0.  0.1 0.9 1.  0.  1.3 1.1],0.7514832317829132
13,753,[1.1 0.  0.1 0.9 1.  0.  1.3 1.1],0.7514862418174744
13,754,[1.1 0.  0.1 0.9 1.  0.  1.3 1.1],0.7515486180782318
13,755,[1.1 0.  0.1 0.9 1.  0.  1.3 1.1],0.7516107261180878
13,756,[1.1 0.  0.1 0.9 1.  0.  1.3 1.1],0.7516366243362427
13,757,[1.1 0.  0.1 0.9 1.  0.  1.3 1.1],0.7516692280769348
13,758,[1.1 0.  0.1 0.9 1.  0.  1.3 1.1],0.7518233358860016
13,759,[1.1 0.  0.1 0.9 1.  0.  1.3 1.1],0.7523910105228424
13,760,[1.3 0.  0.7 1.  1.1 0.  1.3 0.2],0.8850453794002533
13,761,[1.3 0.  0.7 1.  1.1 0.  1.3 0.2],0.8850904405117035
13,762,[1.3 0.  0.7 1.  1.1 0.  1.3 0.2],0.8853912651538849
13,763,[1.3 0.  0.7 1.  1.1 0.  1.3 0.2],0.8854199945926666
13,764,[1.3 0.  0.7 1.  1.1 0.  1.3 0.2],0.8856074512004852
13,765,[1.3 0.  0.7 1.  1.1 0.  1.3 0.2],0.8857487738132477
13,766,[1.3 0.  0.7 1.  1.1 0.  1.3 0.2],0.8858335912227631
13,767,[1.3 0.  0.7 1.  1.1 0.  1.3 0.2],0.8858866691589355
13,768,[1.3 0.  0.7 1.  1.1 0.  1.3 0.2],0.8859611749649048
13,769,[1.3 0.  0.7 1.  1.1 0.  1.3 0.2],0.8862571120262146
13,770,[1.1 0.  0.1 1.  0.  1.3 1.3 0.9],0.9004475772380829
13,771,[1.1 0.  0.1 1.  0.  1.3 1.3 0.9],0.9004979729652405
13,772,[1.1 0.  0.1 1.  0.  1.3 1.3 0.9],0.900576263666153
13,773,[1.1 0.  0.1 1.  0.  1.3 1.3 0.9],0.9007031917572021
13,774,[1.1 0.  0.1 1.  0.  1.3 1.3 0.9],0.9007720947265625
13,775,[1.1 0.  0.1 1.  0.  1.3 1.3 0.9],0.9008021056652069
13,776,[1.1 0.  0.1 1.  0.  1.3 1.3 0.9],0.9008266925811768
13,777,[1.1 0.  0.1 1.  0.  1.3 1.3 0.9],0.9009434282779694
13,778,[1.1 0.  0.1 1.  0.  1.3 1.3 0.9],0.900968611240387
13,779,[1.1 0.  0.1 1.  0.  1.3 1.3 0.9],0.9010747671127319
13,780,[1.1 0.  0.1 1.  0.  1.3 1.3 0.9],0.9011251926422119
13,781,[1.1 0.  0.1 1.  0.  1.3 1.3 0.9],0.9014836847782135
13,782,[1.3 0.1 0.2 0.9 1.3 0.  1.3 0. ],1.0370869636535645
13,783,[1.3 0.1 0.2 0.9 1.3 0.  1.3 0. ],1.0380793511867523
13,784,[1.1 0.  0.1 0.9 1.  0.  1.3 1.1],1.071677565574646
13,785,[1.1 1.  1.2 1.  0.8 0.6 1.3 0.2],1.0800216794013977
13,786,[1.1 1.  1.2 1.  0.8 0.6 1.3 0.2],1.0801029205322266
13,787,[1.1 1.  1.2 1.  0.8 0.6 1.3 0.2],1.080251306295395
13,788,[1.1 1.  1.2 1.  0.8 0.6 1.3 0.2],1.0802517533302307
13,789,[1.1 1.  1.2 1.  0.8 0.6 1.3 0.2],1.0803979635238647
13,790,[1.1 1.  1.2 1.  0.8 0.6 1.3 0.2],1.0805123448371887
13,791,[1.1 1.  1.2 1.  0.8 0.6 1.3 0.2],1.0805703401565552
13,792,[1.1 1.  1.2 1.  0.8 0.6 1.3 0.2],1.080576241016388
13,793,[1.1 1.  1.2 1.  0.8 0.6 1.3 0.2],1.0805854201316833
13,794,[1.1 1.  1.2 1.  0.8 0.6 1.3 0.2],1.0806149244308472
13,795,[1.1 1.  1.2 1.  0.8 0.6 1.3 0.2],1.080760896205902
13,796,[1.1 1.  1.2 1.  0.8 0.6 1.3 0.2],1.0807824730873108
13,797,[1.3 0.1 1.  0.9 0.8 1.2 1.3 0. ],1.2235771417617798
13,798,[1.3 0.1 1.  0.9 0.8 1.2 1.3 0. ],1.2236816883087158
13,799,[1.3 0.1 1.  0.9 0.8 1.2 1.3 0. ],1.2236823439598083
14,0,[0.3 0.9 0.2 0.7 0.9 0.  0.6 0.3],0.019101429730653763
14,1,[0.3 0.9 0.2 0.7 0.9 0.  0.6 0.3],0.019101429730653763
14,2,[0.3 0.8 1.2 1.  1.1 0.5 0.3 0.2],0.023117664270102978
14,3,[0.2 1.2 0.1 0.8 0.5 0.  1.3 1. ],0.03580388426780701
14,4,[1.3 0.1 0.2 0.9 0.  0.  1.3 1.2],0.036249006167054176
14,5,[1.3 0.1 0.2 0.9 0.  0.  1.3 1.2],0.036249006167054176
14,6,[1.2 0.1 0.3 1.  0.  0.  1.3 0. ],0.04031588137149811
14,7,[1.3 0.1 1.  0.9 0.8 0.  1.3 1.1],0.04114479199051857
14,8,[1.3 0.1 1.  0.9 0.8 0.  1.3 1.1],0.04114479199051857
14,9,[0.9 0.1 0.6 0.9 0.  0.  1.3 1.2],0.041202362626791
14,10,[0.9 0.1 0.6 0.9 0.  0.  1.3 1.2],0.041202362626791
14,11,[1.3 0.1 0.3 0.7 0.6 0.  1.3 0. ],0.05450189672410488
14,12,[1.3 0.1 0.3 0.9 0.  0.  1.3 0. ],0.054526012390851974
14,13,[1.3 0.1 0.3 0.9 0.  1.1 1.3 0.8],0.05458834581077099
14,14,[1.3 0.1 0.2 0.9 0.  0.  1.3 1.2],0.05687130056321621
14,15,[1.3 0.1 0.2 0.9 0.  0.  1.3 1.2],0.05687130056321621
14,16,[1.3 0.1 0.1 0.9 0.  0.  1.3 0.2],0.060482269152998924
14,17,[1.3 0.1 0.1 0.9 0.  1.  1.3 0.2],0.06054492108523846
14,18,[1.3 0.  0.3 0.9 0.  0.  1.3 1.2],0.08199122175574303
14,19,[1.3 0.1 0.3 0.9 0.  0.  1.3 0. ],0.08411439135670662
14,20,[1.3 0.1 0.3 0.9 0.  0.  1.3 0. ],0.0841776467859745
14,21,[1.3 0.1 0.3 0.9 0.  0.  1.3 0. ],0.08434154838323593
14,22,[1.3 0.1 0.2 0.9 0.  0.  1.3 1.2],0.08668733760714531
14,23,[1.3 1.3 0.9 0.9 0.  0.  1.3 1.2],0.08669495955109596
14,24,[1.3 0.1 0.2 0.9 0.  0.  1.3 1.2],0.08671445772051811
14,25,[1.3 0.1 0.2 0.9 0.  0.  1.3 1.2],0.08673281967639923
14,26,[0.1 0.1 0.2 0.9 0.6 0.  0.7 1.2],0.08674332872033119
14,27,[1.3 0.1 0.2 0.9 0.  0.  1.3 1.2],0.08675527572631836
14,28,[1.3 0.1 0.2 0.9 0.  0.  1.3 1.2],0.08676255121827126
14,29,[1.3 0.1 0.2 0.9 0.  0.  1.3 1.2],0.0867692157626152
14,30,[1.3 0.1 0.2 0.9 0.  0.  1.3 1.2],0.08676949515938759
14,31,[1.3 0.1 0.2 0.9 0.  0.  1.3 1.2],0.08678040653467178
14,32,[1.3 0.1 0.2 0.9 0.  0.  1.3 1.2],0.08678068220615387
14,33,[1.3 0.1 0.2 0.9 0.  0.  1.3 1.2],0.08680126816034317
14,34,[1.3 0.1 0.2 0.8 0.  1.2 1.3 1.2],0.08681248500943184
14,35,[1.3 0.1 0.2 0.9 0.  0.  1.3 1.2],0.08684375509619713
14,36,[1.3 0.1 0.2 0.9 0.  0.  1.3 1.2],0.08684441819787025
14,37,[1.3 0.1 0.2 0.9 0.  0.  1.3 1.2],0.0868583507835865
14,38,[1.3 0.1 0.2 0.9 0.  0.  1.3 1.2],0.08689926192164421
14,39,[1.3 0.1 0.2 0.9 0.  0.  1.3 1.2],0.08690446615219116
14,40,[1.3 0.  0.3 0.9 0.  0.  1.3 1.2],0.1349174976348877
14,41,[1.3 0.  0.3 0.9 0.  0.  1.3 1.2],0.13491970300674438
14,42,[1.3 0.  0.3 0.9 0.  0.  1.3 1.2],0.13492032140493393
14,43,[1.3 0.  0.3 0.9 0.  0.  1.3 1.2],0.13497839123010635
14,44,[1.3 0.  0.3 0.9 0.  0.  1.3 1.2],0.13498713076114655
14,45,[1.3 0.  0.3 0.9 0.  0.  1.3 1.2],0.1349949687719345
14,46,[1.3 0.  0.3 0.9 0.  0.  1.3 1.2],0.13500011712312698
14,47,[1.3 0.  0.3 0.9 0.  0.  1.3 1.2],0.1350013017654419
14,48,[1.3 0.  0.3 0.9 0.  0.  1.3 1.2],0.1350083351135254
14,49,[1.3 0.  0.3 0.9 0.  0.  1.3 1.2],0.1350170448422432
14,50,[1.3 0.  0.3 0.9 0.  0.  1.3 1.2],0.13502062112092972
14,51,[1.3 0.  0.3 0.9 0.  0.  1.3 1.2],0.13503647595643997
14,52,[1.3 0.  0.3 0.9 0.  0.  1.3 1.2],0.13503848016262054
14,53,[1.3 0.  0.3 0.9 0.  0.  1.3 1.2],0.13505113124847412
14,54,[1.3 0.  0.3 0.9 0.  0.  1.3 1.2],0.13505524396896362
14,55,[1.3 0.  0.3 0.9 0.  0.  1.3 1.2],0.1350553259253502
14,56,[1.3 0.  0.3 0.9 0.  0.  1.3 1.2],0.1350574791431427
14,57,[1.3 0.  0.3 0.9 0.  0.  1.3 1.2],0.13506446778774261
14,58,[1.3 0.  0.3 0.9 0.  0.  1.3 1.2],0.13506478816270828
14,59,[1.3 0.  0.3 0.9 0.  0.  1.3 1.2],0.13506482541561127
14,60,[1.3 0.  0.3 0.9 0.  0.  1.3 1.2],0.13508711010217667
14,61,[1.3 0.  0.3 0.9 0.  0.  1.3 1.2],0.13509280234575272
14,62,[1.3 0.  0.3 0.9 0.  0.  1.3 1.2],0.13516079634428024
14,63,[1.3 0.  0.3 0.9 0.  0.  1.3 1.2],0.1351708099246025
14,64,[1.3 0.  0.3 0.9 0.  0.  1.3 1.2],0.1351834237575531
14,65,[1.3 0.  0.3 0.9 0.  0.  1.3 1.2],0.13519630581140518
14,66,[1.3 0.1 0.2 0.9 0.  0.  1.3 1.2],0.13698729872703552
14,67,[1.3 0.1 0.2 0.9 0.  0.  1.3 1.2],0.13699205964803696
14,68,[1.3 0.1 0.2 0.9 0.  0.  1.3 1.2],0.13699296116828918
14,69,[1.3 0.1 0.2 0.9 0.  0.  1.3 1.2],0.13699912279844284
14,70,[1.3 0.1 0.2 0.9 0.  0.  1.3 1.2],0.13700450211763382
14,71,[1.3 0.1 0.2 0.9 0.  0.  1.3 1.2],0.1370198205113411
14,72,[1.3 0.1 0.2 0.9 0.  0.  1.3 1.2],0.13703761249780655
14,73,[1.3 0.1 0.2 0.9 0.  0.  1.3 1.2],0.13703913241624832
14,74,[1.3 0.1 0.2 0.9 0.  0.  1.3 1.2],0.1370423585176468
14,75,[1.3 0.1 0.2 0.9 0.  0.  1.3 1.2],0.13704779744148254
14,76,[1.3 0.1 0.2 0.9 0.  0.  1.3 1.2],0.13704848289489746
14,77,[1.3 0.1 0.2 0.9 0.  0.  1.3 1.2],0.13705018162727356
14,78,[1.3 0.1 0.2 0.9 0.  0.  1.3 1.2],0.1370505765080452
14,79,[1.3 0.1 0.2 0.9 0.  0.  1.3 1.2],0.13705133646726608
14,80,[1.3 0.1 0.2 0.9 0.  0.  1.3 1.2],0.1370556354522705
14,81,[1.3 0.1 0.2 0.9 0.  0.  1.3 1.2],0.13705679774284363
14,82,[1.3 0.1 0.2 0.9 0.  0.  1.3 1.2],0.13705873489379883
14,83,[1.3 0.1 0.2 0.9 0.  0.  1.3 1.2],0.13706394284963608
14,84,[1.3 0.1 0.2 0.9 0.  0.  1.3 1.2],0.1370648741722107
14,85,[1.3 0.1 0.2 0.9 0.  0.  1.3 1.2],0.13706602156162262
14,86,[1.3 0.1 0.2 0.9 0.  0.  1.3 1.2],0.1370672732591629
14,87,[1.3 0.1 0.2 0.9 0.  0.  1.3 1.2],0.13706743717193604
14,88,[1.3 0.1 0.2 0.9 0.  0.  1.3 1.2],0.13706903159618378
14,89,[1.3 0.1 0.2 0.9 0.  0.  1.3 1.2],0.13707097619771957
14,90,[1.3 0.1 0.2 0.9 0.  0.  1.3 1.2],0.13707125186920166
14,91,[1.3 0.1 0.2 0.9 0.  0.  1.3 1.2],0.13707149773836136
14,92,[1.3 0.1 0.2 0.9 0.  0.  1.3 1.2],0.1370737925171852
14,93,[1.3 0.1 0.2 0.9 0.  0.  1.3 1.2],0.1370750591158867
14,94,[1.3 0.1 0.2 0.9 0.  0.  1.3 1.2],0.1370767503976822
14,95,[1.3 0.1 0.2 0.9 0.  0.  1.3 1.2],0.13707809895277023
14,96,[1.3 0.1 0.2 0.9 0.  0.  1.3 1.2],0.1370803266763687
14,97,[1.3 0.1 0.2 0.9 0.  0.  1.3 1.2],0.13708046078681946
14,98,[1.3 0.1 0.2 0.9 0.  0.  1.3 1.2],0.13708074390888214
14,99,[1.3 0.1 0.2 0.9 0.  0.  1.3 1.2],0.13708096742630005
14,100,[1.3 0.1 0.2 0.9 0.  0.  1.3 1.2],0.1370844617486
14,101,[1.3 0.1 0.2 0.9 0.  0.  1.3 1.2],0.13708695024251938
14,102,[1.3 0.1 0.2 0.9 0.  0.  1.3 1.2],0.13708913326263428
14,103,[1.3 0.1 0.2 0.9 0.  0.  1.3 1.2],0.13708919286727905
14,104,[1.3 0.1 0.2 0.9 0.  0.  1.3 1.2],0.13708995282649994
14,105,[1.3 0.1 0.2 0.9 0.  0.  1.3 1.2],0.13709163665771484
14,106,[1.3 0.1 0.2 0.9 0.  0.  1.3 1.2],0.13709186017513275
14,107,[1.3 0.1 0.2 0.9 0.  0.  1.3 1.2],0.1370929777622223
14,108,[1.3 0.1 0.2 0.9 0.  0.  1.3 1.2],0.13709347695112228
14,109,[1.3 0.1 0.2 0.9 0.  0.  1.3 1.2],0.13709349185228348
14,110,[1.3 0.1 0.2 0.9 0.  0.  1.3 1.2],0.13709399849176407
14,111,[1.3 0.1 0.2 0.9 0.  0.  1.3 1.2],0.13709574937820435
14,112,[1.3 0.1 0.2 0.9 0.  0.  1.3 1.2],0.13709860295057297
14,113,[1.3 0.1 0.2 0.9 0.  0.  1.3 1.2],0.13709860295057297
14,114,[1.3 0.1 0.2 0.9 0.  0.  1.3 1.2],0.13709911704063416
14,115,[1.3 0.1 0.2 0.9 0.  0.  1.3 1.2],0.13709960132837296
14,116,[1.3 0.1 0.2 0.9 0.  0.  1.3 1.2],0.1370997503399849
14,117,[1.3 0.1 0.2 0.9 0.  0.  1.3 1.2],0.1370997577905655
14,118,[1.3 0.1 0.2 0.9 0.  0.  1.3 1.2],0.13710156828165054
14,119,[1.3 0.1 0.2 0.9 0.  0.  1.3 1.2],0.1371026337146759
14,120,[1.3 0.1 0.2 0.9 0.  0.  1.3 1.2],0.13710329681634903
14,121,[1.3 0.1 0.2 0.9 0.  0.  1.3 1.2],0.13710607588291168
14,122,[1.3 0.1 0.2 0.9 0.  0.  1.3 1.2],0.13710658252239227
14,123,[1.3 0.1 0.2 0.9 0.  0.  1.3 1.2],0.13710680603981018
14,124,[1.3 0.1 0.2 0.9 0.  0.  1.3 1.2],0.13710877299308777
14,125,[1.3 0.1 0.2 0.9 0.  0.  1.3 1.2],0.13711082935333252
14,126,[1.3 0.1 0.2 0.9 0.  0.  1.3 1.2],0.13711178302764893
14,127,[1.3 0.1 0.2 0.9 0.  0.  1.3 1.2],0.13711396604776382
14,128,[1.3 0.1 0.2 0.9 0.  0.  1.3 1.2],0.13711591809988022
14,129,[1.3 0.1 0.2 0.9 0.  0.  1.3 1.2],0.13711640238761902
14,130,[1.3 0.1 0.2 0.9 0.  0.  1.3 1.2],0.13711732625961304
14,131,[1.3 0.1 0.2 0.9 0.  0.  1.3 1.2],0.13711734861135483
14,132,[1.3 0.1 0.2 0.9 0.  0.  1.3 1.2],0.13711759448051453
14,133,[1.3 0.1 0.2 0.9 0.  0.  1.3 1.2],0.13711830228567123
14,134,[1.3 0.1 0.2 0.9 0.  0.  1.3 1.2],0.13711842894554138
14,135,[1.3 0.1 0.2 0.9 0.  0.  1.3 1.2],0.13711903989315033
14,136,[1.3 0.1 0.2 0.9 0.  0.  1.3 1.2],0.1371191069483757
14,137,[1.3 0.1 0.2 0.9 0.  0.  1.3 1.2],0.137119360268116
14,138,[1.3 0.1 0.2 0.9 0.  0.  1.3 1.2],0.13712061941623688
14,139,[1.3 0.1 0.2 0.9 0.  0.  1.3 1.2],0.1371213048696518
14,140,[1.3 0.1 0.2 0.9 0.  0.  1.3 1.2],0.13712157309055328
14,141,[1.3 0.1 0.2 0.9 0.  0.  1.3 1.2],0.13712196052074432
14,142,[1.3 0.1 0.2 0.9 0.  0.  1.3 1.2],0.13712232559919357
14,143,[1.3 0.1 0.2 0.9 0.  0.  1.3 1.2],0.13712459802627563
14,144,[1.3 0.1 0.2 0.9 0.  0.  1.3 1.2],0.1371256485581398
14,145,[1.3 0.1 0.2 0.9 0.  0.  1.3 1.2],0.13712617009878159
14,146,[1.3 0.1 0.2 0.9 0.  0.  1.3 1.2],0.13712644577026367
14,147,[1.3 0.1 0.2 0.9 0.  0.  1.3 1.2],0.13712650537490845
14,148,[1.3 0.1 0.2 0.9 0.  0.  1.3 1.2],0.13712669909000397
14,149,[1.3 0.1 0.2 0.9 0.  0.  1.3 1.2],0.1371275559067726
14,150,[1.3 0.1 0.2 0.9 0.  0.  1.3 1.2],0.13712766766548157
14,151,[1.3 0.1 0.2 0.9 0.  0.  1.3 1.2],0.13712793588638306
14,152,[1.3 0.1 0.2 0.9 0.  0.  1.3 1.2],0.137129507958889
14,153,[1.3 0.1 0.2 0.9 0.  0.  1.3 1.2],0.13713013380765915
14,154,[1.3 0.1 0.2 0.9 0.  0.  1.3 1.2],0.1371311917901039
14,155,[1.3 0.1 0.2 0.9 0.  0.  1.3 1.2],0.1371311917901039
14,156,[1.3 0.1 0.2 0.9 0.  0.  1.3 1.2],0.13713186979293823
14,157,[1.3 0.1 0.2 0.9 0.  0.  1.3 1.2],0.13713348656892776
14,158,[1.3 0.1 0.2 0.9 0.  0.  1.3 1.2],0.13713468611240387
14,159,[1.3 0.1 0.2 0.9 0.  0.  1.3 1.2],0.13713470101356506
14,160,[1.3 0.1 0.2 0.9 0.  0.  1.3 1.2],0.1371350958943367
14,161,[1.3 0.1 0.2 0.9 0.  0.  1.3 1.2],0.13713573664426804
14,162,[1.3 0.1 0.2 0.9 0.  0.  1.3 1.2],0.1371360719203949
14,163,[1.3 0.1 0.2 0.9 0.  0.  1.3 1.2],0.1371362805366516
14,164,[1.3 0.1 0.2 0.9 0.  0.  1.3 1.2],0.13713663816452026
14,165,[1.3 0.1 0.2 0.9 0.  0.  1.3 1.2],0.13713695108890533
14,166,[1.3 0.1 0.2 0.9 0.  0.  1.3 1.2],0.13713808357715607
14,167,[1.3 0.1 0.2 0.9 0.  0.  1.3 1.2],0.13713891059160233
14,168,[1.3 0.1 0.2 0.9 0.  0.  1.3 1.2],0.13713908195495605
14,169,[1.3 0.1 0.2 0.9 0.  0.  1.3 1.2],0.13713915646076202
14,170,[1.3 0.1 0.2 0.9 0.  0.  1.3 1.2],0.13714038580656052
14,171,[1.3 0.1 0.2 0.9 0.  0.  1.3 1.2],0.13714145123958588
14,172,[1.3 0.1 0.2 0.9 0.  0.  1.3 1.2],0.13714394718408585
14,173,[1.3 0.1 0.2 0.9 0.  0.  1.3 1.2],0.13714426010847092
14,174,[1.3 0.1 0.2 0.9 0.  0.  1.3 1.2],0.1371445283293724
14,175,[1.3 0.1 0.2 0.9 0.  0.  1.3 1.2],0.13714506477117538
14,176,[1.3 0.1 0.2 0.9 0.  0.  1.3 1.2],0.13714509457349777
14,177,[1.3 0.1 0.2 0.9 0.  0.  1.3 1.2],0.13714513927698135
14,178,[1.3 0.1 0.2 0.9 0.  0.  1.3 1.2],0.13714595884084702
14,179,[1.3 0.1 0.2 0.9 0.  0.  1.3 1.2],0.13714604824781418
14,180,[1.3 0.1 0.2 0.9 0.  0.  1.3 1.2],0.1371462121605873
14,181,[1.3 0.1 0.2 0.9 0.  0.  1.3 1.2],0.13714654743671417
14,182,[1.3 0.1 0.2 0.9 0.  0.  1.3 1.2],0.13714703172445297
14,183,[1.3 0.1 0.2 0.9 0.  0.  1.3 1.2],0.1371474340558052
14,184,[1.3 0.1 0.2 0.9 0.  0.  1.3 1.2],0.1371484324336052
14,185,[1.3 0.1 0.2 0.9 0.  0.  1.3 1.2],0.13715066015720367
14,186,[1.3 0.1 0.2 0.9 0.  0.  1.3 1.2],0.13715075701475143
14,187,[1.3 0.1 0.2 0.9 0.  0.  1.3 1.2],0.1371520459651947
14,188,[1.3 0.1 0.2 0.9 0.  0.  1.3 1.2],0.13715211302042007
14,189,[1.3 0.1 0.2 0.9 0.  0.  1.3 1.2],0.13715245574712753
14,190,[1.3 0.1 0.2 0.9 0.  0.  1.3 1.2],0.1371525526046753
14,191,[1.3 0.1 0.2 0.9 0.  0.  1.3 1.2],0.1371530219912529
14,192,[1.3 0.1 0.2 0.9 0.  0.  1.3 1.2],0.13715342432260513
14,193,[1.3 0.1 0.2 0.9 0.  0.  1.3 1.2],0.13715483993291855
14,194,[1.3 0.1 0.2 0.9 0.  0.  1.3 1.2],0.13715576380491257
14,195,[1.3 0.1 0.2 0.9 0.  0.  1.3 1.2],0.1371568664908409
14,196,[1.3 0.1 0.2 0.9 0.  0.  1.3 1.2],0.13715745508670807
14,197,[1.3 0.1 0.2 0.9 0.  0.  1.3 1.2],0.13715802878141403
14,198,[1.3 0.1 0.2 0.9 0.  0.  1.3 1.2],0.1371588408946991
14,199,[1.3 0.1 0.2 0.9 0.  0.  1.3 1.2],0.1371593400835991
14,200,[1.3 0.1 0.2 0.9 0.  0.  1.3 1.2],0.1371595486998558
14,201,[1.3 0.1 0.2 0.9 0.  0.  1.3 1.2],0.13715970516204834
14,202,[1.3 0.1 0.2 0.9 0.  0.  1.3 1.2],0.13716036081314087
14,203,[1.3 0.1 0.2 0.9 0.  0.  1.3 1.2],0.1371605023741722
14,204,[1.3 0.1 0.2 0.9 0.  0.  1.3 1.2],0.13716302067041397
14,205,[1.3 0.1 0.2 0.9 0.  0.  1.3 1.2],0.13716334104537964
14,206,[1.3 0.1 0.2 0.9 0.  0.  1.3 1.2],0.13716358691453934
14,207,[1.3 0.1 0.2 0.9 0.  0.  1.3 1.2],0.13716359436511993
14,208,[1.3 0.1 0.2 0.9 0.  0.  1.3 1.2],0.13716377317905426
14,209,[1.3 0.1 0.2 0.9 0.  0.  1.3 1.2],0.1371639370918274
14,210,[1.3 0.1 0.2 0.9 0.  0.  1.3 1.2],0.13716720044612885
14,211,[1.3 0.1 0.2 0.9 0.  0.  1.3 1.2],0.13716759532690048
14,212,[1.3 0.1 0.2 0.9 0.  0.  1.3 1.2],0.13716834783554077
14,213,[1.3 0.1 0.2 0.9 0.  0.  1.3 1.2],0.13716855645179749
14,214,[1.3 0.1 0.2 0.9 0.  0.  1.3 1.2],0.13716857880353928
14,215,[1.3 0.1 0.2 0.9 0.  0.  1.3 1.2],0.13717006891965866
14,216,[1.3 0.1 0.2 0.9 0.  0.  1.3 1.2],0.1371701881289482
14,217,[1.3 0.1 0.2 0.9 0.  0.  1.3 1.2],0.13717146962881088
14,218,[1.3 0.1 0.2 0.9 0.  0.  1.3 1.2],0.13717280328273773
14,219,[1.3 0.1 0.2 0.9 0.  0.  1.3 1.2],0.1371731385588646
14,220,[1.3 0.1 0.2 0.9 0.  0.  1.3 1.2],0.13717327266931534
14,221,[1.3 0.1 0.2 0.9 0.  0.  1.3 1.2],0.1371755301952362
14,222,[1.3 0.1 0.2 0.9 0.  0.  1.3 1.2],0.13717641681432724
14,223,[1.3 0.1 0.2 0.9 0.  0.  1.3 1.2],0.13717711716890335
14,224,[1.3 0.1 0.2 0.9 0.  0.  1.3 1.2],0.1371774524450302
14,225,[1.3 0.1 0.2 0.9 0.  0.  1.3 1.2],0.1371784582734108
14,226,[1.3 0.1 0.2 0.9 0.  0.  1.3 1.2],0.13717921823263168
14,227,[1.3 0.1 0.2 0.9 0.  0.  1.3 1.2],0.13717950135469437
14,228,[1.3 0.1 0.2 0.9 0.  0.  1.3 1.2],0.13718018680810928
14,229,[1.3 0.1 0.2 0.9 0.  0.  1.3 1.2],0.1371818259358406
14,230,[1.3 0.1 0.2 0.9 0.  0.  1.3 1.2],0.13718201220035553
14,231,[1.3 0.1 0.2 0.9 0.  0.  1.3 1.2],0.1371830478310585
14,232,[1.3 0.1 0.2 0.9 0.  0.  1.3 1.2],0.13718342036008835
14,233,[1.3 0.1 0.2 0.9 0.  0.  1.3 1.2],0.13718372583389282
14,234,[1.3 0.1 0.2 0.9 0.  0.  1.3 1.2],0.13718437403440475
14,235,[1.3 0.1 0.2 0.9 0.  0.  1.3 1.2],0.13718440383672714
14,236,[1.3 0.1 0.2 0.9 0.  0.  1.3 1.2],0.13718532025814056
14,237,[1.3 0.1 0.2 0.9 0.  0.  1.3 1.2],0.13718584924936295
14,238,[1.3 0.1 0.2 0.9 0.  0.  1.3 1.2],0.13718696683645248
14,239,[1.3 0.1 0.2 0.9 0.  0.  1.3 1.2],0.13718782365322113
14,240,[1.3 0.1 0.2 0.9 0.  0.  1.3 1.2],0.13718993961811066
14,241,[1.3 0.1 0.2 0.9 0.  0.  1.3 1.2],0.13719018548727036
14,242,[1.3 0.1 0.2 0.9 0.  0.  1.3 1.2],0.13719072937965393
14,243,[1.3 0.1 0.2 0.9 0.  0.  1.3 1.2],0.13719187676906586
14,244,[1.3 0.1 0.2 0.9 0.  0.  1.3 1.2],0.13719283044338226
14,245,[1.3 0.1 0.2 0.9 0.  0.  1.3 1.2],0.1371949091553688
14,246,[1.3 0.1 0.2 0.9 0.  0.  1.3 1.2],0.1371951401233673
14,247,[1.3 0.1 0.2 0.9 0.  0.  1.3 1.2],0.13719715923070908
14,248,[1.3 0.1 0.2 0.9 0.  0.  1.3 1.2],0.13719876110553741
14,249,[1.3 0.1 0.2 0.9 0.  0.  1.3 1.2],0.1371988281607628
14,250,[1.3 0.1 0.2 0.9 0.  0.  1.3 1.2],0.13720133155584335
14,251,[1.3 0.1 0.2 0.9 0.  0.  1.3 1.2],0.13720165938138962
14,252,[1.3 0.1 0.2 0.9 0.  0.  1.3 1.2],0.13720213621854782
14,253,[1.3 0.1 0.2 0.9 0.  0.  1.3 1.2],0.13720285892486572
14,254,[1.3 0.1 0.2 0.9 0.  0.  1.3 1.2],0.13720495998859406
14,255,[1.3 0.1 0.2 0.9 0.  0.  1.3 1.2],0.13720501214265823
14,256,[1.3 0.1 0.2 0.9 0.  0.  1.3 1.2],0.13720505684614182
14,257,[1.3 0.1 0.2 0.9 0.  0.  1.3 1.2],0.1372051015496254
14,258,[1.3 0.1 0.2 0.9 0.  0.  1.3 1.2],0.13720575720071793
14,259,[1.3 0.1 0.2 0.9 0.  0.  1.3 1.2],0.13720577210187912
14,260,[1.3 0.1 0.2 0.9 0.  0.  1.3 1.2],0.1372062712907791
14,261,[1.3 0.1 0.2 0.9 0.  0.  1.3 1.2],0.13720673322677612
14,262,[1.3 0.1 0.2 0.9 0.  0.  1.3 1.2],0.13720735162496567
14,263,[1.3 0.1 0.2 0.9 0.  0.  1.3 1.2],0.1372094601392746
14,264,[1.3 0.1 0.2 0.9 0.  0.  1.3 1.2],0.13721172511577606
14,265,[1.3 0.1 0.2 0.9 0.  0.  1.3 1.2],0.13721267879009247
14,266,[1.3 0.1 0.2 0.9 0.  0.  1.3 1.2],0.13721303641796112
14,267,[1.3 0.1 0.2 0.9 0.  0.  1.3 1.2],0.13721366226673126
14,268,[1.3 0.1 0.2 0.9 0.  0.  1.3 1.2],0.13721497356891632
14,269,[1.3 0.1 0.2 0.9 0.  0.  1.3 1.2],0.1372155249118805
14,270,[1.3 0.1 0.2 0.9 0.  0.  1.3 1.2],0.13721951842308044
14,271,[1.3 0.1 0.2 0.9 0.  0.  1.3 1.2],0.13721997290849686
14,272,[1.3 0.1 0.2 0.9 0.  0.  1.3 1.2],0.13722015917301178
14,273,[1.3 0.1 0.2 0.9 0.  0.  1.3 1.2],0.13722093403339386
14,274,[1.3 0.1 0.2 0.9 0.  0.  1.3 1.2],0.1372215375304222
14,275,[1.3 0.1 0.2 0.9 0.  0.  1.3 1.2],0.13722176104784012
14,276,[1.3 0.1 0.2 0.9 0.  0.  1.3 1.2],0.13722309470176697
14,277,[1.3 0.1 0.2 0.9 0.  0.  1.3 1.2],0.13722368329763412
14,278,[1.3 0.1 0.2 0.9 0.  0.  1.3 1.2],0.1372237168252468
14,279,[1.3 0.1 0.2 0.9 0.  0.  1.3 1.2],0.13722475618124008
14,280,[1.3 0.1 0.2 0.9 0.  0.  1.3 1.2],0.13722525537014008
14,281,[1.3 0.1 0.2 0.9 0.  0.  1.3 1.2],0.13722612708806992
14,282,[1.3 0.1 0.2 0.9 0.  0.  1.3 1.2],0.1372266709804535
14,283,[1.3 0.1 0.2 0.9 0.  0.  1.3 1.2],0.13722822815179825
14,284,[1.3 0.1 0.2 0.9 0.  0.  1.3 1.2],0.1372290626168251
14,285,[1.3 0.1 0.2 0.9 0.  0.  1.3 1.2],0.1372302919626236
14,286,[1.3 0.1 0.2 0.9 0.  0.  1.3 1.2],0.1372312605381012
14,287,[1.3 0.1 0.2 0.9 0.  0.  1.3 1.2],0.13723177462816238
14,288,[1.3 0.1 0.2 0.9 0.  0.  1.3 1.2],0.13723333179950714
14,289,[1.3 0.1 0.2 0.9 0.  0.  1.3 1.2],0.13723398745059967
14,290,[1.3 0.1 0.2 0.9 0.  0.  1.3 1.2],0.13723627477884293
14,291,[1.3 0.1 0.2 0.9 0.  0.  1.3 1.2],0.13724103569984436
14,292,[1.3 0.1 0.2 0.9 0.  0.  1.3 1.2],0.13724244385957718
14,293,[1.3 0.1 0.2 0.9 0.  0.  1.3 1.2],0.13724487274885178
14,294,[1.3 0.1 0.2 0.9 0.  0.  1.3 1.2],0.13724491000175476
14,295,[1.3 0.1 0.2 0.9 0.  0.  1.3 1.2],0.13724509626626968
14,296,[1.3 0.1 0.2 0.9 0.  0.  1.3 1.2],0.1372477263212204
14,297,[1.3 0.1 0.2 0.9 0.  0.  1.3 1.2],0.13724803179502487
14,298,[1.3 0.1 0.2 0.9 0.  0.  1.3 1.2],0.13725442066788673
14,299,[1.3 0.1 0.2 0.9 0.  0.  1.3 1.2],0.13725557178258896
14,300,[1.3 0.1 0.2 0.9 0.  0.  1.3 1.2],0.13725824654102325
14,301,[1.3 0.1 0.2 0.9 0.  0.  1.3 1.2],0.13725899159908295
14,302,[1.3 0.1 0.2 0.9 0.  0.  1.3 1.2],0.1372600421309471
14,303,[1.3 0.1 0.2 0.9 0.  0.  1.3 1.2],0.13726025819778442
14,304,[1.3 0.1 0.2 0.9 0.  0.  1.3 1.2],0.1372603103518486
14,305,[1.3 0.1 0.2 0.9 0.  0.  1.3 1.2],0.1372622326016426
14,306,[1.3 0.1 0.2 0.9 0.  0.  1.3 1.2],0.13726361840963364
14,307,[1.3 0.1 0.2 0.9 0.  0.  1.3 1.2],0.13726450502872467
14,308,[1.3 0.1 0.2 0.9 0.  0.  1.3 1.2],0.13726694136857986
14,309,[1.3 0.1 0.2 0.9 0.  0.  1.3 1.2],0.1372673586010933
14,310,[1.3 0.1 0.2 0.9 0.  0.  1.3 1.2],0.13726776093244553
14,311,[1.3 0.1 0.2 0.9 0.  0.  1.3 1.2],0.1372734233736992
14,312,[1.3 0.1 0.2 0.9 0.  0.  1.3 1.2],0.13727392256259918
14,313,[1.3 0.1 0.2 0.9 0.  0.  1.3 1.2],0.13727416843175888
14,314,[1.3 0.1 0.2 0.9 0.  0.  1.3 1.2],0.13727432489395142
14,315,[1.3 0.1 0.2 0.9 0.  0.  1.3 1.2],0.13728009164333344
14,316,[1.3 0.1 0.2 0.9 0.  0.  1.3 1.2],0.13728230446577072
14,317,[1.3 0.1 0.2 0.9 0.  0.  1.3 1.2],0.13728687912225723
14,318,[1.3 0.1 0.2 0.9 0.  0.  1.3 1.2],0.13729152083396912
14,319,[1.3 0.1 0.2 0.9 0.  0.  1.3 1.2],0.1372918337583542
14,320,[1.3 0.1 0.2 0.9 0.  0.  1.3 1.2],0.13729660958051682
14,321,[1.3 0.1 0.2 0.9 0.  0.  1.3 1.2],0.13729670643806458
14,322,[1.3 0.1 0.2 0.9 0.  0.  1.3 1.2],0.13729742169380188
14,323,[1.3 0.1 0.2 0.9 0.  0.  1.3 1.2],0.13729899376630783
14,324,[1.3 0.1 0.2 0.9 0.  0.  1.3 1.2],0.1372998207807541
14,325,[1.3 0.1 0.2 0.9 0.  0.  1.3 1.2],0.1373017430305481
14,326,[1.3 0.1 0.2 0.9 0.  0.  1.3 1.2],0.13730590045452118
14,327,[1.3 0.1 0.2 0.9 0.  0.  1.3 1.2],0.13731369376182556
14,328,[1.3 0.1 0.2 0.9 0.  0.  1.3 1.2],0.13731779158115387
14,329,[1.3 0.1 0.2 0.9 0.  0.  1.3 1.2],0.1373234987258911
14,330,[1.3 0.1 0.2 0.9 0.  0.  1.3 1.2],0.1373347043991089
14,331,[1.3 0.1 0.2 0.9 0.  0.  1.3 1.2],0.1373385414481163
14,332,[1.3 0.1 0.2 0.9 0.  0.  1.3 1.2],0.1373434066772461
14,333,[1.3 0.1 0.2 0.9 0.  0.  1.3 1.2],0.1373569294810295
14,334,[1.3 0.1 0.2 0.9 0.  0.  1.3 1.2],0.13737458735704422
14,335,[1.3 0.1 0.2 0.9 0.  0.  1.3 1.2],0.13740386068820953
14,336,[1.3 0.1 0.2 0.9 0.  0.  1.3 1.2],0.1374306045472622
14,337,[1.  0.1 0.2 0.9 0.  0.  1.3 1.2],0.1381124034523964
14,338,[1.3 0.1 0.3 0.9 0.  0.  1.3 0. ],0.13816053047776222
14,339,[1.3 0.1 0.3 0.9 0.  0.  1.3 0. ],0.1382116824388504
14,340,[1.3 0.1 0.3 0.9 0.  0.  1.3 0. ],0.13822076469659805
14,341,[1.3 0.1 0.3 0.9 0.  0.  1.3 0. ],0.13822738826274872
14,342,[1.3 0.1 0.3 0.9 0.  0.  1.3 0. ],0.13822892308235168
14,343,[1.3 0.1 0.3 0.9 0.  0.  1.3 0. ],0.13823413103818893
14,344,[1.3 0.1 0.3 0.9 0.  0.  1.3 0. ],0.13823513686656952
14,345,[1.3 0.1 0.3 0.9 0.  0.  1.3 0. ],0.138240285217762
14,346,[1.3 0.1 0.3 0.9 0.  0.  1.3 0. ],0.13824722915887833
14,347,[1.3 0.1 0.3 0.9 0.  0.  1.3 0. ],0.13824764639139175
14,348,[1.  0.1 0.2 0.9 0.  0.  1.3 1.2],0.1382484883069992
14,349,[1.3 0.1 0.3 0.9 0.  0.  1.3 0. ],0.13825446367263794
14,350,[1.3 0.1 0.3 0.9 0.  0.  1.3 0. ],0.13825887814164162
14,351,[1.3 0.1 0.3 0.9 0.  0.  1.3 0. ],0.1382613331079483
14,352,[1.3 0.1 0.3 0.9 0.  0.  1.3 0. ],0.13826218247413635
14,353,[1.3 0.1 0.3 0.9 0.  0.  1.3 0. ],0.1382632851600647
14,354,[1.3 0.1 0.3 0.9 0.  0.  1.3 0. ],0.13826437294483185
14,355,[1.3 0.1 0.3 0.9 0.  0.  1.3 0. ],0.13827649503946304
14,356,[1.3 0.1 0.3 0.9 0.  0.  1.3 0. ],0.13827700912952423
14,357,[1.3 0.1 0.3 0.9 0.  0.  1.3 0. ],0.13827859610319138
14,358,[1.3 0.1 0.3 0.9 0.  0.  1.3 0. ],0.13828501850366592
14,359,[1.3 0.1 0.3 0.9 0.  0.  1.3 0. ],0.13828623294830322
14,360,[1.3 0.1 0.3 0.9 0.  0.  1.3 0. ],0.1382870450615883
14,361,[1.3 0.1 0.3 0.9 0.  0.  1.3 0. ],0.13829219341278076
14,362,[1.3 0.1 0.3 0.9 0.  0.  1.3 0. ],0.13829343765974045
14,363,[1.3 0.1 0.3 0.9 0.  0.  1.3 0. ],0.1382957324385643
14,364,[1.3 0.1 0.3 0.9 0.  0.  1.3 0. ],0.13829783350229263
14,365,[1.3 0.1 0.3 0.9 0.  0.  1.3 0. ],0.1382996365427971
14,366,[1.3 0.1 0.3 0.9 0.  0.  1.3 0. ],0.13830464333295822
14,367,[1.3 0.1 0.3 0.9 0.  0.  1.3 0. ],0.13830946385860443
14,368,[1.3 0.1 0.3 0.9 0.  0.  1.3 0. ],0.1383095532655716
14,369,[1.3 0.1 0.3 0.9 0.  0.  1.3 0. ],0.13831111043691635
14,370,[1.3 0.1 0.3 0.9 0.  0.  1.3 0. ],0.1383136659860611
14,371,[1.3 0.1 0.3 0.9 0.  0.  1.3 0. ],0.1383180022239685
14,372,[1.3 0.1 0.3 0.9 0.  0.  1.3 0. ],0.13831815123558044
14,373,[1.3 0.1 0.3 0.9 0.  0.  1.3 0. ],0.1383231356739998
14,374,[1.3 0.1 0.3 0.9 0.  0.  1.3 0. ],0.13832887262105942
14,375,[1.3 0.1 0.3 0.9 0.  0.  1.3 0. ],0.13833263516426086
14,376,[1.3 0.1 0.3 0.9 0.  0.  1.3 0. ],0.138339102268219
14,377,[1.3 0.1 0.3 0.9 0.  0.  1.3 0. ],0.13834012299776077
14,378,[1.3 0.1 0.3 0.9 0.  0.  1.3 0. ],0.13834219425916672
14,379,[1.3 0.1 0.3 0.9 0.  0.  1.3 0. ],0.13834398239850998
14,380,[1.3 0.1 0.3 0.9 0.  0.  1.3 0. ],0.13834483176469803
14,381,[1.3 0.1 0.3 0.9 0.  0.  1.3 0. ],0.13835757970809937
14,382,[1.3 0.1 0.3 0.9 0.  0.  1.3 0. ],0.13835793733596802
14,383,[1.3 0.1 0.3 0.9 0.  0.  1.3 0. ],0.13836132735013962
14,384,[1.3 0.1 0.3 0.9 0.  0.  1.3 0. ],0.13836656510829926
14,385,[1.3 0.1 0.3 0.9 0.  0.  1.3 0. ],0.13836751133203506
14,386,[1.3 0.1 0.3 0.9 0.  0.  1.3 0. ],0.13837366551160812
14,387,[1.3 0.1 0.3 0.9 0.  0.  1.3 0. ],0.13837400078773499
14,388,[1.3 0.1 0.3 0.9 0.  0.  1.3 0. ],0.13837630301713943
14,389,[1.3 0.1 0.3 0.9 0.  0.  1.3 0. ],0.13837672024965286
14,390,[1.3 0.1 0.3 0.9 0.  0.  1.3 0. ],0.1383802443742752
14,391,[1.3 0.1 0.3 0.9 0.  0.  1.3 0. ],0.13838066160678864
14,392,[1.3 0.1 0.3 0.9 0.  0.  1.3 0. ],0.13838313519954681
14,393,[1.3 0.1 0.3 0.9 0.  0.  1.3 0. ],0.138384647667408
14,394,[1.3 0.1 0.3 0.9 0.  0.  1.3 0. ],0.13838529586791992
14,395,[1.3 0.1 0.3 0.9 0.  0.  1.3 0. ],0.13839245587587357
14,396,[1.3 0.1 0.3 0.9 0.  0.  1.3 0. ],0.13839247077703476
14,397,[1.3 0.1 0.3 0.9 0.  0.  1.3 0. ],0.13839319348335266
14,398,[1.3 0.1 0.3 0.9 0.  0.  1.3 0. ],0.13839536905288696
14,399,[1.3 0.1 0.3 0.9 0.  0.  1.3 0. ],0.1383955106139183
14,400,[1.3 0.1 0.3 0.9 0.  0.  1.3 0. ],0.13839568942785263
14,401,[1.3 0.1 0.3 0.9 0.  0.  1.3 0. ],0.13839803636074066
14,402,[1.3 0.1 0.3 0.9 0.  0.  1.3 0. ],0.13840121775865555
14,403,[1.3 0.1 0.3 0.9 0.  0.  1.3 0. ],0.13840261101722717
14,404,[1.3 0.1 0.3 0.9 0.  0.  1.3 0. ],0.13840507715940475
14,405,[1.3 0.1 0.3 0.9 0.  0.  1.3 0. ],0.13840990513563156
14,406,[1.3 0.1 0.3 0.9 0.  0.  1.3 0. ],0.13841703534126282
14,407,[1.3 0.1 0.3 0.9 0.  0.  1.3 0. ],0.13841740787029266
14,408,[1.3 0.1 0.3 0.9 0.  0.  1.3 0. ],0.13842009752988815
14,409,[1.3 0.1 0.3 0.9 0.  0.  1.3 0. ],0.13842058181762695
14,410,[1.3 0.1 0.3 0.9 0.  0.  1.3 0. ],0.13842365145683289
14,411,[1.3 0.1 0.3 0.9 0.  0.  1.3 0. ],0.13842394202947617
14,412,[1.3 0.1 0.3 0.9 0.  0.  1.3 0. ],0.13843337446451187
14,413,[1.3 0.1 0.3 0.9 0.  0.  1.3 0. ],0.13844555616378784
14,414,[1.3 0.1 0.3 0.9 0.  0.  1.3 0. ],0.1384458690881729
14,415,[1.3 0.1 0.3 0.9 0.  0.  1.3 0. ],0.1384526863694191
14,416,[1.3 0.1 0.3 0.9 0.  0.  1.3 0. ],0.13846378028392792
14,417,[1.3 0.1 0.3 0.9 0.  0.  1.3 0. ],0.138494573533535
14,418,[1.3 0.1 0.3 0.9 0.  0.  1.3 0. ],0.13850758224725723
14,419,[1.3 0.1 0.3 0.9 0.  0.  1.3 0. ],0.13853415101766586
14,420,[1.3 0.1 0.1 0.9 0.  0.  1.3 0.2],0.14006619900465012
14,421,[1.3 0.1 0.1 0.9 0.  0.  1.3 0.2],0.1401069089770317
14,422,[1.3 0.1 0.1 0.9 0.  0.  1.3 0.2],0.1401173695921898
14,423,[1.3 0.1 0.1 0.9 0.  0.  1.3 0.2],0.14014557749032974
14,424,[1.3 0.1 0.1 0.9 0.  0.  1.3 0.2],0.14017364382743835
14,425,[1.3 0.1 0.1 0.9 0.  0.  1.3 0.2],0.14018436521291733
14,426,[1.3 0.1 0.1 0.9 0.  0.  1.3 0.2],0.14019043743610382
14,427,[1.3 0.1 0.1 0.9 0.  0.  1.3 0.2],0.1401992067694664
14,428,[1.3 0.1 0.1 0.9 0.  0.  1.3 0.2],0.14020110666751862
14,429,[1.3 0.1 0.1 0.9 0.  0.  1.3 0.2],0.1402137652039528
14,430,[1.3 0.1 0.1 0.9 0.  0.  1.3 0.2],0.14022678136825562
14,431,[1.3 0.1 0.1 0.9 0.  0.  1.3 0.2],0.14023002982139587
14,432,[1.3 0.1 0.1 0.9 0.  0.  1.3 0.2],0.14023035019636154
14,433,[1.3 0.1 0.1 0.9 0.  0.  1.3 0.2],0.14023082703351974
14,434,[1.3 0.1 0.1 0.9 0.  0.  1.3 0.2],0.1402314528822899
14,435,[1.3 0.1 0.1 0.9 0.  0.  1.3 0.2],0.1402340531349182
14,436,[1.3 0.1 0.1 0.9 0.  0.  1.3 0.2],0.1402372419834137
14,437,[1.3 0.1 0.1 0.9 0.  0.  1.3 0.2],0.14023879170417786
14,438,[1.3 0.1 0.1 0.9 0.  0.  1.3 0.2],0.14024987816810608
14,439,[1.3 0.1 0.1 0.9 0.  0.  1.3 0.2],0.14025338739156723
14,440,[1.3 0.1 0.1 0.9 0.  0.  1.3 0.2],0.14025471359491348
14,441,[1.3 0.1 0.1 0.9 0.  0.  1.3 0.2],0.14025504887104034
14,442,[1.3 0.1 0.1 0.9 0.  0.  1.3 0.2],0.14025620371103287
14,443,[1.3 0.1 0.1 0.9 0.  0.  1.3 0.2],0.14025632292032242
14,444,[1.3 0.1 0.1 0.9 0.  0.  1.3 0.2],0.14025912433862686
14,445,[1.3 0.1 0.1 0.9 0.  0.  1.3 0.2],0.14026249200105667
14,446,[1.3 0.1 0.1 0.9 0.  0.  1.3 0.2],0.1402723491191864
14,447,[1.3 0.1 0.1 0.9 0.  0.  1.3 0.2],0.14027783274650574
14,448,[1.3 0.1 0.1 0.9 0.  0.  1.3 0.2],0.1402822881937027
14,449,[1.3 0.1 0.1 0.9 0.  0.  1.3 0.2],0.14028774946928024
14,450,[1.3 0.1 0.1 0.9 0.  0.  1.3 0.2],0.1402990147471428
14,451,[1.3 0.1 0.1 0.9 0.  0.  1.3 0.2],0.14030542969703674
14,452,[1.3 0.1 0.1 0.9 0.  0.  1.3 0.2],0.14031275361776352
14,453,[1.3 0.1 0.1 0.9 0.  0.  1.3 0.2],0.14031337201595306
14,454,[1.3 0.1 0.1 0.9 0.  0.  1.3 0.2],0.1403227299451828
14,455,[1.3 0.1 0.1 0.9 0.  0.  1.3 0.2],0.1403297707438469
14,456,[1.3 0.1 0.1 0.9 0.  0.  1.3 0.2],0.14033537358045578
14,457,[1.3 0.1 0.1 0.9 0.  0.  1.3 0.2],0.14034021645784378
14,458,[1.3 0.1 0.1 0.9 0.  0.  1.3 0.2],0.1403520703315735
14,459,[1.3 0.1 0.1 0.9 0.  0.  1.3 0.2],0.1403694823384285
14,460,[1.3 0.1 0.1 0.9 0.  0.  1.3 0.2],0.14041594415903091
14,461,[1.3 0.  0.1 0.9 0.  0.  0.8 0. ],0.14131319522857666
14,462,[1.3 0.  0.1 0.9 0.  0.  0.8 0. ],0.14134051650762558
14,463,[1.3 0.  0.1 0.9 0.  0.  0.8 0. ],0.14137493073940277
14,464,[1.3 0.  0.1 0.9 0.  0.  0.8 0. ],0.14139941334724426
14,465,[1.1 0.  0.1 1.  0.  0.  1.3 0.2],0.14141210168600082
14,466,[1.3 0.  0.1 0.9 0.  0.  0.8 0. ],0.14149528741836548
14,467,[1.1 0.  0.1 1.  0.  0.  1.3 0.2],0.1414990946650505
14,468,[1.3 0.  0.1 0.9 0.  0.  0.8 0. ],0.14151515066623688
14,469,[1.1 0.  0.1 1.  0.  0.  1.3 0.2],0.1415235698223114
14,470,[1.1 0.  0.1 1.  0.  0.  1.3 0.2],0.14154621958732605
14,471,[1.3 0.  0.1 0.9 0.  0.  0.8 0. ],0.14155908674001694
14,472,[1.1 0.  0.1 1.  0.  0.  1.3 0.2],0.14158771932125092
14,473,[1.1 0.  0.1 1.  0.  0.  1.3 0.2],0.14160645008087158
14,474,[1.1 0.  0.1 1.  0.  0.  1.3 0.2],0.14161386340856552
14,475,[1.1 0.  0.1 1.  0.  0.  1.3 0.2],0.14161552488803864
14,476,[1.1 0.  0.1 1.  0.  0.  1.3 0.2],0.14164532721042633
14,477,[1.1 0.  0.1 1.  0.  0.  1.3 0.2],0.14166533946990967
14,478,[1.1 0.  0.1 1.  0.  0.  1.3 0.2],0.14169888943433762
14,479,[1.1 0.  0.1 1.  0.  0.  1.3 0.2],0.1417083814740181
14,480,[1.2 0.1 0.3 1.  0.  0.  1.3 0. ],0.1427743062376976
14,481,[1.2 0.1 0.3 1.  0.  0.  1.3 0. ],0.14281126856803894
14,482,[1.2 0.1 0.3 1.  0.  0.  1.3 0. ],0.14281973242759705
14,483,[1.2 0.1 0.3 1.  0.  0.  1.3 0. ],0.14283664524555206
14,484,[1.2 0.1 0.3 1.  0.  0.  1.3 0. ],0.1428588554263115
14,485,[1.2 0.1 0.3 1.  0.  0.  1.3 0. ],0.14290232211351395
14,486,[1.2 0.1 0.3 1.  0.  0.  1.3 0. ],0.14292779564857483
14,487,[1.3 0.2 0.2 0.8 0.  0.  1.3 1.2],0.14394362270832062
14,488,[1.3 0.2 0.2 0.8 0.  0.  1.3 1.2],0.14409496635198593
14,489,[1.3 0.2 0.2 0.8 0.  0.  1.3 1.2],0.14410381019115448
14,490,[1.3 0.2 0.2 0.8 0.  0.  1.3 1.2],0.1441437527537346
14,491,[1.3 0.2 0.2 0.8 0.  0.  1.3 1.2],0.144149050116539
14,492,[0.8 0.1 0.  0.9 0.  0.  1.3 1.2],0.15309014171361923
14,493,[0.8 0.1 0.  0.9 0.  0.  1.3 1.2],0.1531083807349205
14,494,[0.8 0.1 0.  0.9 0.  0.  1.3 1.2],0.1531793400645256
14,495,[0.8 0.1 0.  0.9 0.  0.  1.3 1.2],0.1532924771308899
14,496,[1.3 0.1 0.3 0.9 0.  0.1 1.3 0.6],0.1545332968235016
14,497,[1.3 0.1 0.2 0.9 0.  0.  0.  0.2],0.16682001948356628
14,498,[1.3 0.1 0.2 0.9 0.  0.  0.  0.2],0.16687235236167908
14,499,[1.3 0.1 0.2 0.9 0.  0.  0.  0.2],0.1669018194079399
14,500,[1.3 0.1 0.2 0.9 0.  0.  0.  0.2],0.16692394763231277
14,501,[1.3 0.1 0.2 0.9 0.  0.  0.  0.2],0.16696838289499283
14,502,[1.3 0.1 0.2 0.9 0.  0.  0.  0.2],0.16696958243846893
14,503,[1.3 0.1 0.2 0.9 0.  0.  0.  0.2],0.1669839546084404
14,504,[1.3 0.1 0.2 0.9 0.  0.  0.  0.2],0.16698592901229858
14,505,[1.3 0.1 0.2 0.9 0.  0.  0.  0.2],0.16711241751909256
14,506,[1.3 0.1 0.2 0.9 0.  0.  0.  0.2],0.1671205759048462
14,507,[1.3 0.7 0.1 0.9 0.  0.  1.3 1.2],0.16915232688188553
14,508,[1.3 0.7 0.1 0.9 0.  0.  1.3 1.2],0.16919096559286118
14,509,[1.3 0.7 0.1 0.9 0.  0.  1.3 1.2],0.1692122519016266
14,510,[1.3 0.7 0.1 0.9 0.  0.  1.3 1.2],0.16924552619457245
14,511,[1.3 0.7 0.1 0.9 0.  0.  1.3 1.2],0.16925811767578125
14,512,[1.3 0.7 0.1 0.9 0.  0.  1.3 1.2],0.16927797347307205
14,513,[1.3 0.7 0.1 0.9 0.  0.  1.3 1.2],0.16928762197494507
14,514,[1.3 0.7 0.1 0.9 0.  0.  1.3 1.2],0.16931911557912827
14,515,[1.3 0.1 0.2 0.9 0.  0.2 1.3 0.6],0.1782710775732994
14,516,[1.3 0.4 0.2 0.9 1.1 0.2 1.3 0.2],0.17838484793901443
14,517,[1.3 0.1 0.2 0.9 0.  0.2 1.3 0.6],0.17860949039459229
14,518,[1.3 0.1 0.2 0.9 0.  0.2 1.3 0.6],0.1786205917596817
14,519,[1.3 0.1 0.2 0.9 0.  0.2 1.3 0.6],0.17869363725185394
14,520,[1.3 0.1 0.2 0.9 0.1 0.  0.7 1.2],0.18451929837465286
14,521,[1.3 0.1 0.2 0.9 0.1 0.  0.7 1.2],0.18456382304430008
14,522,[1.3 0.1 0.2 0.9 0.1 0.  0.7 1.2],0.18474050611257553
14,523,[0.9 0.1 0.6 0.9 0.  0.  1.3 1.2],0.1873164102435112
14,524,[0.9 0.1 0.6 0.9 0.  0.  1.3 1.2],0.18732187896966934
14,525,[0.9 0.1 0.6 0.9 0.  0.  1.3 1.2],0.18732448667287827
14,526,[0.9 0.1 0.6 0.9 0.  0.  1.3 1.2],0.18735235929489136
14,527,[0.9 0.1 0.6 0.9 0.  0.  1.3 1.2],0.18736127763986588
14,528,[0.9 0.1 0.6 0.9 0.  0.  1.3 1.2],0.1873786598443985
14,529,[0.9 0.1 0.6 0.9 0.  0.  1.3 1.2],0.18738270550966263
14,530,[0.9 0.1 0.6 0.9 0.  0.  1.3 1.2],0.18738822638988495
14,531,[0.9 0.1 0.6 0.9 0.  0.  1.3 1.2],0.1873938962817192
14,532,[0.9 0.1 0.6 0.9 0.  0.  1.3 1.2],0.18740279227495193
14,533,[0.9 0.1 0.6 0.9 0.  0.  1.3 1.2],0.18740593641996384
14,534,[0.9 0.1 0.6 0.9 0.  0.  1.3 1.2],0.1874178722500801
14,535,[0.9 0.1 0.6 0.9 0.  0.  1.3 1.2],0.18741849809885025
14,536,[0.9 0.1 0.6 0.9 0.  0.  1.3 1.2],0.18743500113487244
14,537,[0.9 0.1 0.6 0.9 0.  0.  1.3 1.2],0.18744082748889923
14,538,[0.9 0.1 0.6 0.9 0.  0.  1.3 1.2],0.18744758516550064
14,539,[0.9 0.1 0.6 0.9 0.  0.  1.3 1.2],0.18744899332523346
14,540,[0.1 0.1 0.2 0.9 0.6 0.  0.7 1.2],0.22912528365850449
14,541,[1.3 0.1 0.2 0.9 0.  0.5 1.3 1.2],0.2894647419452667
14,542,[1.3 0.1 0.2 0.9 0.  0.5 1.3 1.2],0.289676770567894
14,543,[1.3 0.1 0.2 0.9 0.  0.5 1.3 1.2],0.2896942049264908
14,544,[1.3 0.1 0.2 0.9 0.  0.5 1.3 1.2],0.2898518294095993
14,545,[0.5 0.1 0.2 0.9 0.  0.5 1.3 1.2],0.29220736026763916
14,546,[0.5 0.1 0.2 0.9 0.  0.5 1.3 1.2],0.29230304062366486
14,547,[0.5 0.1 0.2 0.9 0.  0.5 1.3 1.2],0.29255494475364685
14,548,[0.2 0.1 0.2 0.9 0.4 0.  1.3 1.2],0.3204248398542404
14,549,[0.2 0.1 0.2 0.9 0.4 0.  1.3 1.2],0.3206500858068466
14,550,[1.3 0.7 0.3 0.2 0.  0.  1.3 0. ],0.32482488453388214
14,551,[1.3 0.7 0.3 0.2 0.  0.  1.3 0. ],0.3248661458492279
14,552,[1.3 0.1 0.2 0.9 0.  0.5 1.3 1.2],0.32634931802749634
14,553,[1.3 1.3 0.9 0.9 0.  0.  1.3 1.2],0.41761527955532074
14,554,[1.3 1.3 0.9 0.9 0.  0.  1.3 1.2],0.417658269405365
14,555,[1.3 1.3 0.9 0.9 0.  0.  1.3 1.2],0.41769638657569885
14,556,[1.3 1.3 0.9 0.9 0.  0.  1.3 1.2],0.41784587502479553
14,557,[1.3 1.3 0.9 0.9 0.  0.  1.3 1.2],0.4178638458251953
14,558,[1.3 1.3 0.9 0.9 0.  0.  1.3 1.2],0.4179140627384186
14,559,[1.3 0.1 1.  0.9 0.8 0.  1.3 1.1],0.4376521557569504
14,560,[1.3 0.1 0.3 0.7 0.6 0.  1.3 0. ],0.4626097232103348
14,561,[1.3 0.1 0.3 0.7 0.6 0.  1.3 0. ],0.4629831314086914
14,562,[1.3 0.1 0.3 0.7 0.6 0.  1.3 0. ],0.4633900672197342
14,563,[1.3 0.1 0.3 0.7 0.6 0.  1.3 0. ],0.4635363519191742
14,564,[1.3 0.1 1.1 0.9 0.2 0.  1.3 1.2],0.4667779803276062
14,565,[1.3 0.1 1.1 0.9 0.2 0.  1.3 1.2],0.4667888581752777
14,566,[1.3 0.1 1.1 0.9 0.2 0.  1.3 1.2],0.4669141173362732
14,567,[1.3 0.1 1.1 0.9 0.2 0.  1.3 1.2],0.467032328248024
14,568,[0.1 0.1 0.2 0.9 0.6 0.  0.7 1.2],0.4683568477630615
14,569,[0.1 0.1 0.2 0.9 0.6 0.  0.7 1.2],0.46836884319782257
14,570,[0.1 0.1 0.2 0.9 0.6 0.  0.7 1.2],0.46847477555274963
14,571,[0.1 0.1 0.2 0.9 0.6 0.  0.7 1.2],0.46853628754615784
14,572,[0.1 0.1 0.2 0.9 0.6 0.  0.7 1.2],0.4686180651187897
14,573,[0.1 0.1 0.2 0.9 0.6 0.  0.7 1.2],0.4686632603406906
14,574,[0.1 0.1 0.2 0.9 0.6 0.  0.7 1.2],0.4687037020921707
14,575,[0.1 0.1 0.2 0.9 0.6 0.  0.7 1.2],0.46881698071956635
14,576,[0.1 0.1 0.2 0.9 0.6 0.  0.7 1.2],0.46890267729759216
14,577,[0.1 0.1 0.2 0.9 0.6 0.  0.7 1.2],0.46895910799503326
14,578,[0.1 0.1 0.2 0.9 0.6 0.  0.7 1.2],0.46898171305656433
14,579,[0.1 0.1 0.2 0.9 0.6 0.  0.7 1.2],0.4690221697092056
14,580,[0.1 0.1 0.2 0.9 0.6 0.  0.7 1.2],0.46915337443351746
14,581,[0.1 0.1 0.2 0.9 0.6 0.  0.7 1.2],0.469279021024704
14,582,[0.1 0.1 0.2 0.9 0.6 0.  0.7 1.2],0.4693388342857361
14,583,[0.7 0.6 0.6 1.2 0.3 0.5 1.3 1. ],0.4709470719099045
14,584,[0.7 0.6 0.6 1.2 0.3 0.5 1.3 1. ],0.4710562229156494
14,585,[0.7 0.6 0.6 1.2 0.3 0.5 1.3 1. ],0.4711564779281616
14,586,[0.7 0.6 0.6 1.2 0.3 0.5 1.3 1. ],0.4711638242006302
14,587,[0.7 0.6 0.6 1.2 0.3 0.5 1.3 1. ],0.4711655229330063
14,588,[0.7 0.6 0.6 1.2 0.3 0.5 1.3 1. ],0.4711950868368149
14,589,[0.7 0.6 0.6 1.2 0.3 0.5 1.3 1. ],0.47120390832424164
14,590,[0.7 0.6 0.6 1.2 0.3 0.5 1.3 1. ],0.4712136387825012
14,591,[0.7 0.6 0.6 1.2 0.3 0.5 1.3 1. ],0.47121426463127136
14,592,[0.7 0.6 0.6 1.2 0.3 0.5 1.3 1. ],0.47122135758399963
14,593,[0.7 0.6 0.6 1.2 0.3 0.5 1.3 1. ],0.47122208774089813
14,594,[0.7 0.6 0.6 1.2 0.3 0.5 1.3 1. ],0.4712458401918411
14,595,[0.7 0.6 0.6 1.2 0.3 0.5 1.3 1. ],0.4712620973587036
14,596,[0.7 0.6 0.6 1.2 0.3 0.5 1.3 1. ],0.47126467525959015
14,597,[0.7 0.6 0.6 1.2 0.3 0.5 1.3 1. ],0.4712720215320587
14,598,[0.7 0.6 0.6 1.2 0.3 0.5 1.3 1. ],0.47128668427467346
14,599,[0.7 0.6 0.6 1.2 0.3 0.5 1.3 1. ],0.47129200398921967
14,600,[0.7 0.6 0.6 1.2 0.3 0.5 1.3 1. ],0.47131429612636566
14,601,[0.7 0.6 0.6 1.2 0.3 0.5 1.3 1. ],0.47132740914821625
14,602,[0.7 0.6 0.6 1.2 0.3 0.5 1.3 1. ],0.47134314477443695
14,603,[0.7 0.6 0.6 1.2 0.3 0.5 1.3 1. ],0.47135375440120697
14,604,[0.7 0.6 0.6 1.2 0.3 0.5 1.3 1. ],0.47136157751083374
14,605,[0.7 0.6 0.6 1.2 0.3 0.5 1.3 1. ],0.471363827586174
14,606,[0.7 0.6 0.6 1.2 0.3 0.5 1.3 1. ],0.4713761508464813
14,607,[0.7 0.6 0.6 1.2 0.3 0.5 1.3 1. ],0.471397265791893
14,608,[0.7 0.6 0.6 1.2 0.3 0.5 1.3 1. ],0.47148849070072174
14,609,[0.7 0.6 0.6 1.2 0.3 0.5 1.3 1. ],0.471563383936882
14,610,[0.7 0.6 0.6 1.2 0.3 0.5 1.3 1. ],0.4715842455625534
14,611,[0.7 0.6 0.6 1.2 0.3 0.5 1.3 1. ],0.47159409523010254
14,612,[0.2 1.2 0.1 0.8 0.5 0.  1.3 1. ],0.4803660959005356
14,613,[0.2 1.2 0.1 0.8 0.5 0.  1.3 1. ],0.4805203229188919
14,614,[0.2 1.2 0.1 0.8 0.5 0.  1.3 1. ],0.48069651424884796
14,615,[0.2 1.2 0.1 0.8 0.5 0.  1.3 1. ],0.48071184754371643
14,616,[0.2 1.2 0.1 0.8 0.5 0.  1.3 1. ],0.4807165712118149
14,617,[0.2 1.2 0.1 0.8 0.5 0.  1.3 1. ],0.48074543476104736
14,618,[0.2 1.2 0.1 0.8 0.5 0.  1.3 1. ],0.4807799756526947
14,619,[0.2 1.2 0.1 0.8 0.5 0.  1.3 1. ],0.4808091074228287
14,620,[0.2 1.2 0.1 0.8 0.5 0.  1.3 1. ],0.4808429777622223
14,621,[0.2 1.2 0.1 0.8 0.5 0.  1.3 1. ],0.4808797836303711
14,622,[0.2 1.2 0.1 0.8 0.5 0.  1.3 1. ],0.4809022694826126
14,623,[0.2 1.2 0.1 0.8 0.5 0.  1.3 1. ],0.4809616357088089
14,624,[0.2 1.2 0.1 0.8 0.5 0.  1.3 1. ],0.4809802919626236
14,625,[0.2 1.2 0.1 0.8 0.5 0.  1.3 1. ],0.4809946119785309
14,626,[0.2 1.2 0.1 0.8 0.5 0.  1.3 1. ],0.48101961612701416
14,627,[0.2 1.2 0.1 0.8 0.5 0.  1.3 1. ],0.4810268133878708
14,628,[0.2 1.2 0.1 0.8 0.5 0.  1.3 1. ],0.4810934066772461
14,629,[0.2 1.2 0.1 0.8 0.5 0.  1.3 1. ],0.48113925755023956
14,630,[0.2 1.2 0.1 0.8 0.5 0.  1.3 1. ],0.4812679588794708
14,631,[0.2 1.2 0.1 0.8 0.5 0.  1.3 1. ],0.48132845759391785
14,632,[1.3 0.1 0.2 0.9 0.  0.9 0.1 1.2],0.5025479197502136
14,633,[1.3 0.1 0.2 0.9 0.  0.9 0.1 1.2],0.5027431696653366
14,634,[1.3 0.1 0.2 0.9 0.  0.9 0.1 1.2],0.502832680940628
14,635,[1.3 0.1 0.2 0.9 0.  0.9 0.1 1.2],0.5029202401638031
14,636,[1.3 0.1 0.2 0.9 0.  0.9 0.1 1.2],0.5029404014348984
14,637,[1.3 0.1 0.2 0.9 0.  0.9 0.1 1.2],0.5029500275850296
14,638,[1.3 0.1 0.2 0.9 0.  0.9 0.1 1.2],0.5030631124973297
14,639,[1.3 0.1 0.2 0.9 0.  0.9 0.1 1.2],0.5033771395683289
14,640,[1.3 0.1 0.2 0.4 0.  0.8 1.3 1.2],0.5310275852680206
14,641,[1.3 0.1 0.2 0.4 0.  0.8 1.3 1.2],0.5311651825904846
14,642,[1.3 0.1 0.2 0.4 0.  0.8 1.3 1.2],0.5313394665718079
14,643,[0.9 0.1 0.1 0.9 0.  1.  0.8 1.2],0.6032129228115082
14,644,[0.9 0.1 0.1 0.9 0.  1.  0.8 1.2],0.6112059950828552
14,645,[0.9 0.1 0.1 0.9 0.  1.  0.8 1.2],0.611402153968811
14,646,[1.3 0.1 0.1 0.9 0.  1.  1.3 0.2],0.6298733949661255
14,647,[1.3 0.1 0.1 0.9 0.  1.  1.3 0.2],0.629898190498352
14,648,[1.3 0.1 0.1 0.9 0.  1.  1.3 0.2],0.6301282942295074
14,649,[1.3 0.1 0.1 0.9 0.  1.  1.3 0.2],0.6301779448986053
14,650,[1.3 0.1 0.1 0.9 0.  1.  1.3 0.2],0.6302855014801025
14,651,[1.3 0.1 0.1 0.9 0.  1.  1.3 0.2],0.630431056022644
14,652,[0.3 0.9 0.2 0.7 0.9 0.  0.6 0.3],0.6308392882347107
14,653,[1.3 0.1 0.3 0.9 0.  1.1 1.3 0.8],0.6626891195774078
14,654,[1.3 0.1 0.3 0.9 0.  1.1 1.3 0.8],0.6627811193466187
14,655,[1.3 0.1 0.3 0.9 0.  1.1 1.3 0.8],0.6628243029117584
14,656,[1.3 0.1 0.3 0.9 0.  1.1 1.3 0.8],0.6629863679409027
14,657,[0.3 0.9 0.2 0.7 0.9 0.  0.6 0.3],0.6718292236328125
14,658,[0.3 0.9 0.2 0.7 0.9 0.  0.6 0.3],0.7102944254875183
14,659,[1.1 0.  0.1 0.9 1.  0.  1.3 1.1],0.750495195388794
14,660,[1.1 0.  0.1 0.9 1.  0.  1.3 1.1],0.7508819699287415
14,661,[1.1 0.  0.1 0.9 1.  0.  1.3 1.1],0.750900000333786
14,662,[1.1 0.  0.1 0.9 1.  0.  1.3 1.1],0.7510948777198792
14,663,[1.1 0.  0.1 0.9 1.  0.  1.3 1.1],0.7511290311813354
14,664,[1.1 0.  0.1 0.9 1.  0.  1.3 1.1],0.7512521147727966
14,665,[1.1 0.  0.1 0.9 1.  0.  1.3 1.1],0.7512950003147125
14,666,[1.1 0.  0.1 0.9 1.  0.  1.3 1.1],0.7514775395393372
14,667,[1.1 0.  0.1 0.9 1.  0.  1.3 1.1],0.7515073716640472
14,668,[1.1 0.  0.1 0.9 1.  0.  1.3 1.1],0.7516617774963379
14,669,[1.1 0.  0.1 0.9 1.  0.  1.3 1.1],0.7524582743644714
14,670,[1.1 0.  0.1 0.9 1.  0.  1.3 1.1],0.7524654269218445
14,671,[0.3 0.9 0.2 0.7 0.9 0.  0.6 0.3],0.760246068239212
14,672,[1.3 0.1 1.  0.9 0.8 0.  1.3 1.1],0.7740205526351929
14,673,[1.3 0.1 1.  0.9 0.8 0.  1.3 1.1],0.7741036117076874
14,674,[1.3 0.1 1.  0.9 0.8 0.  1.3 1.1],0.7745497822761536
14,675,[1.3 0.1 1.  0.9 0.8 0.  1.3 1.1],0.7746791839599609
14,676,[1.3 0.1 0.2 0.8 0.  1.2 1.3 1.2],0.775941401720047
14,677,[1.3 0.1 0.2 0.8 0.  1.2 1.3 1.2],0.7759517133235931
14,678,[1.3 0.1 0.2 0.8 0.  1.2 1.3 1.2],0.7759887874126434
14,679,[1.3 0.1 0.2 0.8 0.  1.2 1.3 1.2],0.7761887609958649
14,680,[1.3 0.1 0.2 0.8 0.  1.2 1.3 1.2],0.7765164077281952
14,681,[1.3 0.5 0.2 0.9 0.  1.2 1.3 1.2],0.785775363445282
14,682,[1.3 0.5 0.2 0.9 0.  1.2 1.3 1.2],0.7860198318958282
14,683,[1.3 0.5 0.2 0.9 0.  1.2 1.3 1.2],0.7860509157180786
14,684,[1.3 0.5 0.2 0.9 0.  1.2 1.3 1.2],0.7861188650131226
14,685,[1.3 0.5 0.2 0.9 0.  1.2 1.3 1.2],0.7861287593841553
14,686,[1.3 0.5 0.2 0.9 0.  1.2 1.3 1.2],0.7866199910640717
14,687,[0.3 0.9 0.2 0.7 0.9 0.  0.6 0.3],0.8220825493335724
14,688,[0.3 0.9 0.2 0.7 0.9 0.  0.6 0.3],0.8221391141414642
14,689,[0.3 0.9 0.2 0.7 0.9 0.  0.6 0.3],0.8221499025821686
14,690,[0.3 0.9 0.2 0.7 0.9 0.  0.6 0.3],0.8221842646598816
14,691,[0.3 0.9 0.2 0.7 0.9 0.  0.6 0.3],0.8221991956233978
14,692,[0.3 0.9 0.2 0.7 0.9 0.  0.6 0.3],0.8222002387046814
14,693,[0.3 0.9 0.2 0.7 0.9 0.  0.6 0.3],0.8222341537475586
14,694,[0.3 0.9 0.2 0.7 0.9 0.  0.6 0.3],0.8222575783729553
14,695,[0.3 0.9 0.2 0.7 0.9 0.  0.6 0.3],0.8222737610340118
14,696,[0.3 0.9 0.2 0.7 0.9 0.  0.6 0.3],0.8223421573638916
14,697,[0.3 0.9 0.2 0.7 0.9 0.  0.6 0.3],0.8223460912704468
14,698,[0.3 0.9 0.2 0.7 0.9 0.  0.6 0.3],0.8223515152931213
14,699,[0.3 0.9 0.2 0.7 0.9 0.  0.6 0.3],0.8223539590835571
14,700,[0.3 0.9 0.2 0.7 0.9 0.  0.6 0.3],0.8223780393600464
14,701,[0.3 0.9 0.2 0.7 0.9 0.  0.6 0.3],0.8223819136619568
14,702,[0.3 0.9 0.2 0.7 0.9 0.  0.6 0.3],0.8223994672298431
14,703,[0.3 0.9 0.2 0.7 0.9 0.  0.6 0.3],0.8224310576915741
14,704,[0.3 0.9 0.2 0.7 0.9 0.  0.6 0.3],0.8224602043628693
14,705,[0.3 0.9 0.2 0.7 0.9 0.  0.6 0.3],0.8224649429321289
14,706,[0.3 0.9 0.2 0.7 0.9 0.  0.6 0.3],0.8224779367446899
14,707,[0.3 0.9 0.2 0.7 0.9 0.  0.6 0.3],0.8224827349185944
14,708,[0.3 0.9 0.2 0.7 0.9 0.  0.6 0.3],0.8224978744983673
14,709,[0.3 0.9 0.2 0.7 0.9 0.  0.6 0.3],0.8224990963935852
14,710,[0.3 0.9 0.2 0.7 0.9 0.  0.6 0.3],0.8225030899047852
14,711,[0.3 0.9 0.2 0.7 0.9 0.  0.6 0.3],0.8225070536136627
14,712,[0.3 0.9 0.2 0.7 0.9 0.  0.6 0.3],0.8225094079971313
14,713,[0.3 0.9 0.2 0.7 0.9 0.  0.6 0.3],0.8225340843200684
14,714,[0.3 0.9 0.2 0.7 0.9 0.  0.6 0.3],0.8225638270378113
14,715,[0.3 0.9 0.2 0.7 0.9 0.  0.6 0.3],0.8225744664669037
14,716,[0.3 0.9 0.2 0.7 0.9 0.  0.6 0.3],0.8225773572921753
14,717,[0.3 0.9 0.2 0.7 0.9 0.  0.6 0.3],0.8225841522216797
14,718,[0.3 0.9 0.2 0.7 0.9 0.  0.6 0.3],0.8225952982902527
14,719,[0.3 0.9 0.2 0.7 0.9 0.  0.6 0.3],0.8226091265678406
14,720,[0.3 0.9 0.2 0.7 0.9 0.  0.6 0.3],0.8226687908172607
14,721,[0.3 0.9 0.2 0.7 0.9 0.  0.6 0.3],0.8226843476295471
14,722,[0.3 0.9 0.2 0.7 0.9 0.  0.6 0.3],0.8226847350597382
14,723,[0.3 0.9 0.2 0.7 0.9 0.  0.6 0.3],0.8227196633815765
14,724,[0.3 0.9 0.2 0.7 0.9 0.  0.6 0.3],0.8227283954620361
14,725,[0.3 0.9 0.2 0.7 0.9 0.  0.6 0.3],0.8227532505989075
14,726,[0.3 0.9 0.2 0.7 0.9 0.  0.6 0.3],0.8227978646755219
14,727,[0.3 0.9 0.2 0.7 0.9 0.  0.6 0.3],0.822799801826477
14,728,[0.3 0.9 0.2 0.7 0.9 0.  0.6 0.3],0.8228135406970978
14,729,[0.3 0.9 0.2 0.7 0.9 0.  0.6 0.3],0.8228755593299866
14,730,[0.3 0.9 0.2 0.7 0.9 0.  0.6 0.3],0.8229278326034546
14,731,[0.3 0.9 0.2 0.7 0.9 0.  0.6 0.3],0.8229358196258545
14,732,[0.3 0.9 0.2 0.7 0.9 0.  0.6 0.3],0.822948157787323
14,733,[0.3 0.9 0.2 0.7 0.9 0.  0.6 0.3],0.8229551911354065
14,734,[0.3 0.9 0.2 0.7 0.9 0.  0.6 0.3],0.8230492174625397
14,735,[0.3 0.9 0.2 0.7 0.9 0.  0.6 0.3],0.823074072599411
14,736,[0.3 0.9 0.2 0.7 0.9 0.  0.6 0.3],0.8231218755245209
14,737,[0.3 0.9 0.2 0.7 0.9 0.  0.6 0.3],0.8232724368572235
14,738,[0.3 0.9 0.2 0.7 0.9 0.  0.6 0.3],0.8233420848846436
14,739,[0.3 0.9 0.2 0.7 0.9 0.  0.6 0.3],0.8234760761260986
14,740,[1.3 0.4 0.2 0.9 1.1 0.2 1.3 0.2],0.9098134636878967
14,741,[1.3 0.4 0.2 0.9 1.1 0.2 1.3 0.2],0.9101625680923462
14,742,[1.3 0.4 0.2 0.9 1.1 0.2 1.3 0.2],0.9103589951992035
14,743,[1.3 0.4 0.2 0.9 1.1 0.2 1.3 0.2],0.9105056524276733
14,744,[1.3 1.  0.3 0.9 1.2 0.  1.3 0. ],1.0251045227050781
14,745,[0.3 0.8 1.2 1.  1.1 0.5 0.3 0.2],1.0425702929496765
14,746,[0.7 0.1 0.2 0.9 1.3 0.  1.3 1.2],1.0495285987854004
14,747,[0.3 0.8 1.2 1.  1.1 0.5 0.3 0.2],1.2308089137077332
14,748,[0.3 0.8 1.2 1.  1.1 0.5 0.3 0.2],1.3405773639678955
14,749,[0.3 0.8 1.2 1.  1.1 0.5 0.3 0.2],1.3406701683998108
14,750,[0.3 0.8 1.2 1.  1.1 0.5 0.3 0.2],1.340679407119751
14,751,[0.3 0.8 1.2 1.  1.1 0.5 0.3 0.2],1.3407151103019714
14,752,[0.3 0.8 1.2 1.  1.1 0.5 0.3 0.2],1.3407191634178162
14,753,[0.3 0.8 1.2 1.  1.1 0.5 0.3 0.2],1.3407251238822937
14,754,[0.3 0.8 1.2 1.  1.1 0.5 0.3 0.2],1.3407719731330872
14,755,[0.3 0.8 1.2 1.  1.1 0.5 0.3 0.2],1.3407720923423767
14,756,[0.3 0.8 1.2 1.  1.1 0.5 0.3 0.2],1.3408949971199036
14,757,[0.3 0.8 1.2 1.  1.1 0.5 0.3 0.2],1.340928852558136
14,758,[0.3 0.8 1.2 1.  1.1 0.5 0.3 0.2],1.3409478664398193
14,759,[0.3 0.8 1.2 1.  1.1 0.5 0.3 0.2],1.3409796357154846
14,760,[0.3 0.8 1.2 1.  1.1 0.5 0.3 0.2],1.3409855365753174
14,761,[0.3 0.8 1.2 1.  1.1 0.5 0.3 0.2],1.341000735759735
14,762,[0.3 0.8 1.2 1.  1.1 0.5 0.3 0.2],1.3410391807556152
14,763,[0.3 0.8 1.2 1.  1.1 0.5 0.3 0.2],1.341090440750122
14,764,[0.3 0.8 1.2 1.  1.1 0.5 0.3 0.2],1.3411757946014404
14,765,[0.3 0.8 1.2 1.  1.1 0.5 0.3 0.2],1.3411827683448792
14,766,[0.3 0.8 1.2 1.  1.1 0.5 0.3 0.2],1.3411853909492493
14,767,[0.3 0.8 1.2 1.  1.1 0.5 0.3 0.2],1.3412235379219055
14,768,[0.3 0.8 1.2 1.  1.1 0.5 0.3 0.2],1.3412262201309204
14,769,[0.3 0.8 1.2 1.  1.1 0.5 0.3 0.2],1.34124356508255
14,770,[0.3 0.8 1.2 1.  1.1 0.5 0.3 0.2],1.3412585854530334
14,771,[0.3 0.8 1.2 1.  1.1 0.5 0.3 0.2],1.3412590026855469
14,772,[0.3 0.8 1.2 1.  1.1 0.5 0.3 0.2],1.341263771057129
14,773,[0.3 0.8 1.2 1.  1.1 0.5 0.3 0.2],1.3413593769073486
14,774,[0.3 0.8 1.2 1.  1.1 0.5 0.3 0.2],1.341374158859253
14,775,[0.3 0.8 1.2 1.  1.1 0.5 0.3 0.2],1.34139746427536
14,776,[0.3 0.8 1.2 1.  1.1 0.5 0.3 0.2],1.3414061665534973
14,777,[0.3 0.8 1.2 1.  1.1 0.5 0.3 0.2],1.3414095044136047
14,778,[0.3 0.8 1.2 1.  1.1 0.5 0.3 0.2],1.3414568305015564
14,779,[0.3 0.8 1.2 1.  1.1 0.5 0.3 0.2],1.3414835929870605
14,780,[0.3 0.8 1.2 1.  1.1 0.5 0.3 0.2],1.3414856791496277
14,781,[0.3 0.8 1.2 1.  1.1 0.5 0.3 0.2],1.3415114879608154
14,782,[0.3 0.8 1.2 1.  1.1 0.5 0.3 0.2],1.3415288925170898
14,783,[0.3 0.8 1.2 1.  1.1 0.5 0.3 0.2],1.3415369987487793
14,784,[0.3 0.8 1.2 1.  1.1 0.5 0.3 0.2],1.341543197631836
14,785,[0.3 0.8 1.2 1.  1.1 0.5 0.3 0.2],1.341601550579071
14,786,[0.3 0.8 1.2 1.  1.1 0.5 0.3 0.2],1.3417070508003235
14,787,[0.3 0.8 1.2 1.  1.1 0.5 0.3 0.2],1.3417957425117493
14,788,[0.3 0.8 1.2 1.  1.1 0.5 0.3 0.2],1.3418100476264954
14,789,[0.3 0.8 1.2 1.  1.1 0.5 0.3 0.2],1.3418543338775635
14,790,[0.3 0.8 1.2 1.  1.1 0.5 0.3 0.2],1.341856300830841
14,791,[0.3 0.8 1.2 1.  1.1 0.5 0.3 0.2],1.3418570160865784
14,792,[0.3 0.8 1.2 1.  1.1 0.5 0.3 0.2],1.3418843746185303
14,793,[0.3 0.8 1.2 1.  1.1 0.5 0.3 0.2],1.341977596282959
14,794,[0.3 0.8 1.2 1.  1.1 0.5 0.3 0.2],1.342082142829895
14,795,[1.2 1.  0.1 0.3 1.2 0.5 0.9 0.6],1.4619412422180176
14,796,[1.2 1.  0.1 0.3 1.2 0.5 0.9 0.6],1.4621381759643555
14,797,[1.2 1.  0.1 0.3 1.2 0.5 0.9 0.6],1.462712287902832
14,798,[1.2 1.  0.1 0.3 1.2 0.5 0.9 0.6],1.4632570147514343
14,799,[1.2 1.  0.1 0.3 1.2 0.5 0.9 0.6],1.4636054039001465
15,0,[0.3 0.9 0.2 0.7 0.9 0.  0.6 0.3],0.01787529978901148
15,1,[0.3 0.8 1.2 1.  1.1 0.5 0.3 0.2],0.021768931299448013
15,2,[0.2 1.2 0.1 0.8 0.7 0.  1.3 1. ],0.03165125660598278
15,3,[0.2 1.2 0.1 0.8 0.7 0.  1.3 1. ],0.03165125660598278
15,4,[0.9 0.1 0.6 0.9 0.  0.  1.3 1.2],0.03316021151840687
15,5,[0.9 0.1 0.6 0.9 0.  0.  1.3 1.2],0.03316021151840687
15,6,[1.3 1.  0.2 0.4 0.  0.  0.9 0.3],0.033343926072120667
15,7,[1.3 0.1 0.2 0.9 0.  0.  1.3 1.2],0.04131253808736801
15,8,[1.3 0.  0.3 0.9 0.  0.  1.3 1.2],0.05261796899139881
15,9,[1.3 0.  0.3 0.9 0.  0.  1.3 1.2],0.052624039351940155
15,10,[1.3 0.  0.3 0.9 0.  0.  1.3 1.2],0.052624039351940155
15,11,[1.3 0.  0.3 0.9 0.  0.  1.3 1.2],0.05267197638750076
15,12,[1.3 0.  0.3 0.9 0.  0.  1.3 1.2],0.05267197638750076
15,13,[1.3 0.1 0.3 0.9 0.5 1.3 1.3 0. ],0.05454113148152828
15,14,[1.  0.1 0.3 0.9 1.1 0.  1.3 0. ],0.054712023586034775
15,15,[1.3 0.1 0.2 0.9 0.  0.  1.3 1.2],0.056695859879255295
15,16,[1.3 0.1 0.2 0.9 0.  0.  1.3 1.2],0.05670083686709404
15,17,[0.4 0.  1.2 0.1 0.  0.  1.3 1.2],0.05673163756728172
15,18,[1.3 0.1 0.2 0.9 0.  0.  1.3 1.2],0.05678563937544823
15,19,[1.3 0.1 0.2 0.9 0.  0.  1.3 1.2],0.056829653680324554
15,20,[1.3 0.1 0.2 0.9 0.  0.  1.3 1.2],0.05697511322796345
15,21,[1.3 0.  0.3 0.9 0.  0.  1.3 1.2],0.0818292424082756
15,22,[1.3 0.  0.3 0.9 0.  0.  1.3 1.2],0.08185901120305061
15,23,[1.3 0.  0.8 0.9 0.  0.  0.2 1.2],0.08188096061348915
15,24,[1.3 0.  0.3 0.9 0.  0.  1.3 1.2],0.08188525959849358
15,25,[1.3 0.  0.3 0.9 0.  0.  1.3 1.2],0.08190347626805305
15,26,[1.3 0.  0.3 0.9 0.  0.  1.3 1.2],0.08192169293761253
15,27,[1.3 0.1 0.2 0.9 0.  0.  1.3 1.2],0.08672383055090904
15,28,[1.3 0.1 0.2 0.9 0.  0.  1.3 1.2],0.08672390505671501
15,29,[1.3 0.1 0.6 0.9 0.  1.1 1.3 1.2],0.08673242852091789
15,30,[1.3 0.1 0.2 0.9 0.  0.  1.3 1.2],0.08674135059118271
15,31,[1.3 0.1 0.2 0.9 0.  0.  1.3 1.2],0.08675022795796394
15,32,[1.3 0.1 0.2 0.9 0.  0.  1.3 1.2],0.08675302192568779
15,33,[1.3 0.1 0.2 0.9 0.  0.  1.3 1.2],0.0867820605635643
15,34,[1.3 0.1 0.2 0.9 0.  0.  1.3 1.2],0.08678901195526123
15,35,[1.3 0.1 0.2 0.9 0.  0.  1.3 1.2],0.08679882064461708
15,36,[1.3 0.1 0.2 0.9 0.  0.  1.3 1.2],0.08681504800915718
15,37,[1.3 0.1 0.2 0.9 0.  0.  1.3 1.2],0.08687849342823029
15,38,[1.3 0.1 0.2 0.9 0.  0.  1.3 1.2],0.08689919114112854
15,39,[1.3 0.1 0.2 0.9 0.  0.  1.3 1.2],0.08694014325737953
15,40,[1.3 0.  0.3 0.9 0.  0.  1.3 1.2],0.13485358282923698
15,41,[1.3 0.  0.3 0.9 0.  0.  1.3 1.2],0.13489513099193573
15,42,[1.3 0.  0.3 0.9 0.  0.  1.3 1.2],0.13490834832191467
15,43,[1.3 0.  0.3 0.9 0.  0.  1.3 1.2],0.13491660356521606
15,44,[1.3 0.  0.3 0.9 0.  0.  1.3 1.2],0.13493771106004715
15,45,[1.3 0.  0.3 0.9 0.  0.  1.3 1.2],0.13493972271680832
15,46,[1.3 0.  0.3 0.9 0.  0.  1.3 1.2],0.13494224846363068
15,47,[1.3 0.  0.3 0.9 0.  0.  1.3 1.2],0.13494402915239334
15,48,[1.3 0.  0.3 0.9 0.  0.  1.3 1.2],0.13495517522096634
15,49,[1.3 0.  0.3 0.9 0.  0.  1.3 1.2],0.13495523482561111
15,50,[1.3 0.  0.3 0.9 0.  0.  1.3 1.2],0.13496006280183792
15,51,[1.3 0.  0.3 0.9 0.  0.  1.3 1.2],0.13496007770299911
15,52,[1.3 0.  0.3 0.9 0.  0.  1.3 1.2],0.13496068865060806
15,53,[1.3 0.  0.3 0.9 0.  0.  1.3 1.2],0.13496198505163193
15,54,[1.3 0.  0.3 0.9 0.  0.  1.3 1.2],0.13496708869934082
15,55,[1.3 0.  0.3 0.9 0.  0.  1.3 1.2],0.13496945053339005
15,56,[1.3 0.  0.3 0.9 0.  0.  1.3 1.2],0.13497265428304672
15,57,[1.3 0.  0.3 0.9 0.  0.  1.3 1.2],0.13497839123010635
15,58,[1.3 0.  0.3 0.9 0.  0.  1.3 1.2],0.13498692959547043
15,59,[1.3 0.  0.3 0.9 0.  0.  1.3 1.2],0.13498997688293457
15,60,[1.3 0.  0.3 0.9 0.  0.  1.3 1.2],0.13499083369970322
15,61,[1.3 0.  0.3 0.9 0.  0.  1.3 1.2],0.13499312847852707
15,62,[1.3 0.  0.3 0.9 0.  0.  1.3 1.2],0.1349935606122017
15,63,[1.3 0.  0.3 0.9 0.  0.  1.3 1.2],0.1349978893995285
15,64,[1.3 0.  0.3 0.9 0.  0.  1.3 1.2],0.1349979117512703
15,65,[1.3 0.  0.3 0.9 0.  0.  1.3 1.2],0.13499926030635834
15,66,[1.3 0.  0.3 0.9 0.  0.  1.3 1.2],0.13499949872493744
15,67,[1.3 0.  0.3 0.9 0.  0.  1.3 1.2],0.13500218838453293
15,68,[1.3 0.  0.3 0.9 0.  0.  1.3 1.2],0.1350056603550911
15,69,[1.3 0.  0.3 0.9 0.  0.  1.3 1.2],0.13500820100307465
15,70,[1.3 0.  0.3 0.9 0.  0.  1.3 1.2],0.1350083351135254
15,71,[1.3 0.  0.3 0.9 0.  0.  1.3 1.2],0.13501129299402237
15,72,[1.3 0.  0.3 0.9 0.  0.  1.3 1.2],0.13501517474651337
15,73,[1.3 0.  0.3 0.9 0.  0.  1.3 1.2],0.1350167989730835
15,74,[1.3 0.  0.3 0.9 0.  0.  1.3 1.2],0.13501708209514618
15,75,[1.3 0.  0.3 0.9 0.  0.  1.3 1.2],0.13501781970262527
15,76,[1.3 0.  0.3 0.9 0.  0.  1.3 1.2],0.13502071797847748
15,77,[1.3 0.  0.3 0.9 0.  0.  1.3 1.2],0.13502142578363419
15,78,[1.3 0.  0.3 0.9 0.  0.  1.3 1.2],0.13502397388219833
15,79,[1.3 0.  0.3 0.9 0.  0.  1.3 1.2],0.13502467423677444
15,80,[1.3 0.  0.3 0.9 0.  0.  1.3 1.2],0.13502506911754608
15,81,[1.3 0.  0.3 0.9 0.  0.  1.3 1.2],0.13502610474824905
15,82,[1.3 0.  0.3 0.9 0.  0.  1.3 1.2],0.13502954691648483
15,83,[1.3 0.  0.3 0.9 0.  0.  1.3 1.2],0.13503077626228333
15,84,[1.3 0.  0.3 0.9 0.  0.  1.3 1.2],0.13503491878509521
15,85,[1.3 0.  0.3 0.9 0.  0.  1.3 1.2],0.1350369155406952
15,86,[1.3 0.  0.3 0.9 0.  0.  1.3 1.2],0.1350371241569519
15,87,[1.3 0.  0.3 0.9 0.  0.  1.3 1.2],0.13504091650247574
15,88,[1.3 0.  0.3 0.9 0.  0.  1.3 1.2],0.13504254072904587
15,89,[1.3 0.  0.3 0.9 0.  0.  1.3 1.2],0.13504387438297272
15,90,[1.3 0.  0.3 0.9 0.  0.  1.3 1.2],0.13504619896411896
15,91,[1.3 0.  0.3 0.9 0.  0.  1.3 1.2],0.13504748046398163
15,92,[1.3 0.  0.3 0.9 0.  0.  1.3 1.2],0.13504930585622787
15,93,[1.3 0.  0.3 0.9 0.  0.  1.3 1.2],0.13505002856254578
15,94,[1.3 0.  0.3 0.9 0.  0.  1.3 1.2],0.1350524052977562
15,95,[1.3 0.  0.3 0.9 0.  0.  1.3 1.2],0.1350574791431427
15,96,[1.3 0.  0.3 0.9 0.  0.  1.3 1.2],0.13506031036376953
15,97,[1.3 0.  0.3 0.9 0.  0.  1.3 1.2],0.13506148010492325
15,98,[1.3 0.  0.3 0.9 0.  0.  1.3 1.2],0.135061614215374
15,99,[1.3 0.  0.3 0.9 0.  0.  1.3 1.2],0.135062575340271
15,100,[1.3 0.  0.3 0.9 0.  0.  1.3 1.2],0.13506455719470978
15,101,[1.3 0.  0.3 0.9 0.  0.  1.3 1.2],0.13506775349378586
15,102,[1.3 0.  0.3 0.9 0.  0.  1.3 1.2],0.135069377720356
15,103,[1.3 0.  0.3 0.9 0.  0.  1.3 1.2],0.13506948947906494
15,104,[1.3 0.  0.3 0.9 0.  0.  1.3 1.2],0.1350695788860321
15,105,[1.3 0.  0.3 0.9 0.  0.  1.3 1.2],0.13507023453712463
15,106,[1.3 0.  0.3 0.9 0.  0.  1.3 1.2],0.13507647067308426
15,107,[1.3 0.  0.3 0.9 0.  0.  1.3 1.2],0.13507693260908127
15,108,[1.3 0.  0.3 0.9 0.  0.  1.3 1.2],0.135077066719532
15,109,[1.3 0.  0.3 0.9 0.  0.  1.3 1.2],0.13507744669914246
15,110,[1.3 0.  0.3 0.9 0.  0.  1.3 1.2],0.13508065044879913
15,111,[1.3 0.  0.3 0.9 0.  0.  1.3 1.2],0.13508211076259613
15,112,[1.3 0.  0.3 0.9 0.  0.  1.3 1.2],0.1350850909948349
15,113,[1.3 0.  0.3 0.9 0.  0.  1.3 1.2],0.13508734852075577
15,114,[1.3 0.  0.3 0.9 0.  0.  1.3 1.2],0.13508982211351395
15,115,[1.3 0.  0.3 0.9 0.  0.  1.3 1.2],0.13508984819054604
15,116,[1.3 0.  0.3 0.9 0.  0.  1.3 1.2],0.13509056717157364
15,117,[1.3 0.  0.3 0.9 0.  0.  1.3 1.2],0.13509280234575272
15,118,[1.3 0.  0.3 0.9 0.  0.  1.3 1.2],0.13509321957826614
15,119,[1.3 0.  0.3 0.9 0.  0.  1.3 1.2],0.1350991651415825
15,120,[1.3 0.  0.3 0.9 0.  0.  1.3 1.2],0.135103240609169
15,121,[1.3 0.  0.3 0.9 0.  0.  1.3 1.2],0.1351042464375496
15,122,[1.3 0.  0.3 0.9 0.  0.  1.3 1.2],0.13510628044605255
15,123,[1.3 0.  0.3 0.9 0.  0.  1.3 1.2],0.13510674238204956
15,124,[1.3 0.  0.3 0.9 0.  0.  1.3 1.2],0.13510771468281746
15,125,[1.3 0.  0.3 0.9 0.  0.  1.3 1.2],0.13511212915182114
15,126,[1.3 0.  0.3 0.9 0.  0.  1.3 1.2],0.1351129487156868
15,127,[1.3 0.  0.3 0.9 0.  0.  1.3 1.2],0.1351170837879181
15,128,[1.3 0.  0.3 0.9 0.  0.  1.3 1.2],0.1351202428340912
15,129,[1.3 0.  0.3 0.9 0.  0.  1.3 1.2],0.13512380421161652
15,130,[1.3 0.  0.3 0.9 0.  0.  1.3 1.2],0.13512440025806427
15,131,[1.3 0.  0.3 0.9 0.  0.  1.3 1.2],0.13512546569108963
15,132,[1.3 0.  0.3 0.9 0.  0.  1.3 1.2],0.13512904942035675
15,133,[1.3 0.  0.3 0.9 0.  0.  1.3 1.2],0.13513872772455215
15,134,[1.3 0.  0.3 0.9 0.  0.  1.3 1.2],0.13514132797718048
15,135,[1.3 0.  0.3 0.9 0.  0.  1.3 1.2],0.13514325767755508
15,136,[1.3 0.  0.3 0.9 0.  0.  1.3 1.2],0.1351480856537819
15,137,[1.3 0.  0.3 0.9 0.  0.  1.3 1.2],0.13514959812164307
15,138,[1.3 0.  0.3 0.9 0.  0.  1.3 1.2],0.13515351712703705
15,139,[1.3 0.  0.3 0.9 0.  0.  1.3 1.2],0.1351662576198578
15,140,[1.3 0.  0.3 0.9 0.  0.  1.3 1.2],0.13517076522111893
15,141,[1.3 0.  0.3 0.9 0.  0.  1.3 1.2],0.13518425077199936
15,142,[1.3 0.  0.3 0.9 0.  0.  1.3 1.2],0.1352272406220436
15,143,[1.3 0.  0.3 0.9 0.  0.  1.3 1.2],0.13523295521736145
15,144,[1.3 0.1 0.2 0.9 0.  0.  1.3 1.2],0.13698726147413254
15,145,[1.3 0.1 0.2 0.9 0.  0.  1.3 1.2],0.13699205964803696
15,146,[1.3 0.1 0.2 0.9 0.  0.  1.3 1.2],0.1369968205690384
15,147,[1.3 0.1 0.2 0.9 0.  0.  1.3 1.2],0.13699912279844284
15,148,[1.3 0.1 0.2 0.9 0.  0.  1.3 1.2],0.13700450211763382
15,149,[1.3 0.1 0.2 0.9 0.  0.  1.3 1.2],0.13701586425304413
15,150,[1.3 0.1 0.2 0.9 0.  0.  1.3 1.2],0.1370198205113411
15,151,[1.3 0.1 0.2 0.9 0.  0.  1.3 1.2],0.13702285289764404
15,152,[1.3 0.1 0.2 0.9 0.  0.  1.3 1.2],0.1370246559381485
15,153,[1.3 0.1 0.2 0.9 0.  0.  1.3 1.2],0.1370270699262619
15,154,[1.3 0.1 0.2 0.9 0.  0.  1.3 1.2],0.13703127950429916
15,155,[1.3 0.1 0.2 0.9 0.  0.  1.3 1.2],0.1370338499546051
15,156,[1.3 0.1 0.2 0.9 0.  0.  1.3 1.2],0.13703645020723343
15,157,[1.3 0.1 0.2 0.9 0.  0.  1.3 1.2],0.1370423585176468
15,158,[1.3 0.1 0.2 0.9 0.  0.  1.3 1.2],0.13704566657543182
15,159,[1.3 0.1 0.2 0.9 0.  0.  1.3 1.2],0.13704726845026016
15,160,[1.3 0.1 0.2 0.9 0.  0.  1.3 1.2],0.13704779744148254
15,161,[1.3 0.1 0.2 0.9 0.  0.  1.3 1.2],0.13704848289489746
15,162,[1.3 0.1 0.2 0.9 0.  0.  1.3 1.2],0.1370508149266243
15,163,[1.3 0.1 0.2 0.9 0.  0.  1.3 1.2],0.13705133646726608
15,164,[1.3 0.1 0.2 0.9 0.  0.  1.3 1.2],0.1370522305369377
15,165,[1.3 0.1 0.2 0.9 0.  0.  1.3 1.2],0.13705313205718994
15,166,[1.3 0.1 0.2 0.9 0.  0.  1.3 1.2],0.1370537206530571
15,167,[1.3 0.1 0.2 0.9 0.  0.  1.3 1.2],0.13705528527498245
15,168,[1.3 0.1 0.2 0.9 0.  0.  1.3 1.2],0.13705641776323318
15,169,[1.3 0.1 0.2 0.9 0.  0.  1.3 1.2],0.13705679774284363
15,170,[1.3 0.1 0.2 0.9 0.  0.  1.3 1.2],0.13705873489379883
15,171,[1.3 0.1 0.2 0.9 0.  0.  1.3 1.2],0.13706224411725998
15,172,[1.3 0.1 0.2 0.9 0.  0.  1.3 1.2],0.13706398755311966
15,173,[1.3 0.1 0.2 0.9 0.  0.  1.3 1.2],0.13706479966640472
15,174,[1.3 0.1 0.2 0.9 0.  0.  1.3 1.2],0.13706564158201218
15,175,[1.3 0.1 0.2 0.9 0.  0.  1.3 1.2],0.13706623017787933
15,176,[1.3 0.1 0.2 0.9 0.  0.  1.3 1.2],0.1370667740702629
15,177,[1.3 0.1 0.2 0.9 0.  0.  1.3 1.2],0.13706833869218826
15,178,[1.3 0.1 0.2 0.9 0.  0.  1.3 1.2],0.13707095384597778
15,179,[1.3 0.1 0.2 0.9 0.  0.  1.3 1.2],0.13707125186920166
15,180,[1.3 0.1 0.2 0.9 0.  0.  1.3 1.2],0.13707149773836136
15,181,[1.3 0.1 0.2 0.9 0.  0.  1.3 1.2],0.13707235455513
15,182,[1.3 0.1 0.2 0.9 0.  0.  1.3 1.2],0.1370730847120285
15,183,[1.3 0.1 0.2 0.9 0.  0.  1.3 1.2],0.1370733082294464
15,184,[1.3 0.1 0.2 0.9 0.  0.  1.3 1.2],0.1370750591158867
15,185,[1.3 0.1 0.2 0.9 0.  0.  1.3 1.2],0.13707713782787323
15,186,[1.3 0.1 0.2 0.9 0.  0.  1.3 1.2],0.13707789033651352
15,187,[1.3 0.1 0.2 0.9 0.  0.  1.3 1.2],0.13707809895277023
15,188,[1.3 0.1 0.2 0.9 0.  0.  1.3 1.2],0.1370789110660553
15,189,[1.3 0.1 0.2 0.9 0.  0.  1.3 1.2],0.13707955181598663
15,190,[1.3 0.1 0.2 0.9 0.  0.  1.3 1.2],0.13708046078681946
15,191,[1.3 0.1 0.2 0.9 0.  0.  1.3 1.2],0.13708074390888214
15,192,[1.3 0.1 0.2 0.9 0.  0.  1.3 1.2],0.13708172738552094
15,193,[1.3 0.1 0.2 0.9 0.  0.  1.3 1.2],0.13708218187093735
15,194,[1.3 0.1 0.2 0.9 0.  0.  1.3 1.2],0.13708331435918808
15,195,[1.3 0.1 0.2 0.9 0.  0.  1.3 1.2],0.13708695024251938
15,196,[1.3 0.1 0.2 0.9 0.  0.  1.3 1.2],0.13708913326263428
15,197,[1.3 0.1 0.2 0.9 0.  0.  1.3 1.2],0.13708919286727905
15,198,[1.3 0.1 0.2 0.9 0.  0.  1.3 1.2],0.13708995282649994
15,199,[1.3 0.1 0.2 0.9 0.  0.  1.3 1.2],0.1370912417769432
15,200,[1.3 0.1 0.2 0.9 0.  0.  1.3 1.2],0.13709139823913574
15,201,[1.3 0.1 0.2 0.9 0.  0.  1.3 1.2],0.1370922476053238
15,202,[1.3 0.1 0.2 0.9 0.  0.  1.3 1.2],0.13709276169538498
15,203,[1.3 0.1 0.2 0.9 0.  0.  1.3 1.2],0.1370929777622223
15,204,[1.3 0.1 0.2 0.9 0.  0.  1.3 1.2],0.13709347695112228
15,205,[1.3 0.1 0.2 0.9 0.  0.  1.3 1.2],0.13709533959627151
15,206,[1.3 0.1 0.2 0.9 0.  0.  1.3 1.2],0.13709574937820435
15,207,[1.3 0.1 0.2 0.9 0.  0.  1.3 1.2],0.13709582388401031
15,208,[1.3 0.1 0.2 0.9 0.  0.  1.3 1.2],0.13709618896245956
15,209,[1.3 0.1 0.2 0.9 0.  0.  1.3 1.2],0.13709860295057297
15,210,[1.3 0.1 0.2 0.9 0.  0.  1.3 1.2],0.13709958642721176
15,211,[1.3 0.1 0.2 0.9 0.  0.  1.3 1.2],0.13709960132837296
15,212,[1.3 0.1 0.2 0.9 0.  0.  1.3 1.2],0.13709983974695206
15,213,[1.3 0.1 0.2 0.9 0.  0.  1.3 1.2],0.1371000036597252
15,214,[1.3 0.1 0.2 0.9 0.  0.  1.3 1.2],0.13710082322359085
15,215,[1.3 0.1 0.2 0.9 0.  0.  1.3 1.2],0.1371009647846222
15,216,[1.3 0.1 0.2 0.9 0.  0.  1.3 1.2],0.13710106164216995
15,217,[1.3 0.1 0.2 0.9 0.  0.  1.3 1.2],0.13710156828165054
15,218,[1.3 0.1 0.2 0.9 0.  0.  1.3 1.2],0.13710269331932068
15,219,[1.3 0.1 0.2 0.9 0.  0.  1.3 1.2],0.13710329681634903
15,220,[1.3 0.1 0.2 0.9 0.  0.  1.3 1.2],0.1371033564209938
15,221,[1.3 0.1 0.2 0.9 0.  0.  1.3 1.2],0.137103371322155
15,222,[1.3 0.1 0.2 0.9 0.  0.  1.3 1.2],0.13710401207208633
15,223,[1.3 0.1 0.2 0.9 0.  0.  1.3 1.2],0.13710414618253708
15,224,[1.3 0.1 0.2 0.9 0.  0.  1.3 1.2],0.13710449635982513
15,225,[1.3 0.1 0.2 0.9 0.  0.  1.3 1.2],0.13710612803697586
15,226,[1.3 0.1 0.2 0.9 0.  0.  1.3 1.2],0.13710711896419525
15,227,[1.3 0.1 0.2 0.9 0.  0.  1.3 1.2],0.13710857182741165
15,228,[1.3 0.1 0.2 0.9 0.  0.  1.3 1.2],0.13710859417915344
15,229,[1.3 0.1 0.2 0.9 0.  0.  1.3 1.2],0.13710877299308777
15,230,[1.3 0.1 0.2 0.9 0.  0.  1.3 1.2],0.13710957020521164
15,231,[1.3 0.1 0.2 0.9 0.  0.  1.3 1.2],0.13710999488830566
15,232,[1.3 0.1 0.2 0.9 0.  0.  1.3 1.2],0.1371108591556549
15,233,[1.3 0.1 0.2 0.9 0.  0.  1.3 1.2],0.13711178302764893
15,234,[1.3 0.1 0.2 0.9 0.  0.  1.3 1.2],0.13711246848106384
15,235,[1.3 0.1 0.2 0.9 0.  0.  1.3 1.2],0.13711396604776382
15,236,[1.3 0.1 0.2 0.9 0.  0.  1.3 1.2],0.1371139958500862
15,237,[1.3 0.1 0.2 0.9 0.  0.  1.3 1.2],0.13711437582969666
15,238,[1.3 0.1 0.2 0.9 0.  0.  1.3 1.2],0.1371157392859459
15,239,[1.3 0.1 0.2 0.9 0.  0.  1.3 1.2],0.13711640238761902
15,240,[1.3 0.1 0.2 0.9 0.  0.  1.3 1.2],0.1371171623468399
15,241,[1.3 0.1 0.2 0.9 0.  0.  1.3 1.2],0.13711732625961304
15,242,[1.3 0.1 0.2 0.9 0.  0.  1.3 1.2],0.1371176838874817
15,243,[1.3 0.1 0.2 0.9 0.  0.  1.3 1.2],0.13711786270141602
15,244,[1.3 0.1 0.2 0.9 0.  0.  1.3 1.2],0.1371213048696518
15,245,[1.3 0.1 0.2 0.9 0.  0.  1.3 1.2],0.13712146133184433
15,246,[1.3 0.1 0.2 0.9 0.  0.  1.3 1.2],0.1371224969625473
15,247,[1.3 0.1 0.2 0.9 0.  0.  1.3 1.2],0.13712286204099655
15,248,[1.3 0.1 0.2 0.9 0.  0.  1.3 1.2],0.13712429255247116
15,249,[1.3 0.1 0.2 0.9 0.  0.  1.3 1.2],0.13712601363658905
15,250,[1.3 0.1 0.2 0.9 0.  0.  1.3 1.2],0.13712644577026367
15,251,[1.3 0.1 0.2 0.9 0.  0.  1.3 1.2],0.13712650537490845
15,252,[1.3 0.1 0.2 0.9 0.  0.  1.3 1.2],0.13712749630212784
15,253,[1.3 0.1 0.2 0.9 0.  0.  1.3 1.2],0.13712786883115768
15,254,[1.3 0.1 0.2 0.9 0.  0.  1.3 1.2],0.13712793588638306
15,255,[1.3 0.1 0.2 0.9 0.  0.  1.3 1.2],0.13712862133979797
15,256,[1.3 0.1 0.2 0.9 0.  0.  1.3 1.2],0.13712947815656662
15,257,[1.3 0.1 0.2 0.9 0.  0.  1.3 1.2],0.13713013380765915
15,258,[1.3 0.1 0.2 0.9 0.  0.  1.3 1.2],0.13713013380765915
15,259,[1.3 0.1 0.2 0.9 0.  0.  1.3 1.2],0.13713038712739944
15,260,[1.3 0.1 0.2 0.9 0.  0.  1.3 1.2],0.1371311917901039
15,261,[1.3 0.1 0.2 0.9 0.  0.  1.3 1.2],0.1371311917901039
15,262,[1.3 0.1 0.2 0.9 0.  0.  1.3 1.2],0.13713233172893524
15,263,[1.3 0.1 0.2 0.9 0.  0.  1.3 1.2],0.13713322579860687
15,264,[1.3 0.1 0.2 0.9 0.  0.  1.3 1.2],0.1371336355805397
15,265,[1.3 0.1 0.2 0.9 0.  0.  1.3 1.2],0.13713470101356506
15,266,[1.3 0.1 0.2 0.9 0.  0.  1.3 1.2],0.137134850025177
15,267,[1.3 0.1 0.2 0.9 0.  0.  1.3 1.2],0.1371350958943367
15,268,[1.3 0.1 0.2 0.9 0.  0.  1.3 1.2],0.13713545352220535
15,269,[1.3 0.1 0.2 0.9 0.  0.  1.3 1.2],0.13713573664426804
15,270,[1.3 0.1 0.2 0.9 0.  0.  1.3 1.2],0.1371360719203949
15,271,[1.3 0.1 0.2 0.9 0.  0.  1.3 1.2],0.13713695108890533
15,272,[1.3 0.1 0.2 0.9 0.  0.  1.3 1.2],0.13713908195495605
15,273,[1.3 0.1 0.2 0.9 0.  0.  1.3 1.2],0.13713915646076202
15,274,[1.3 0.1 0.2 0.9 0.  0.  1.3 1.2],0.13714011013507843
15,275,[1.3 0.1 0.2 0.9 0.  0.  1.3 1.2],0.13714037835597992
15,276,[1.3 0.1 0.2 0.9 0.  0.  1.3 1.2],0.13714038580656052
15,277,[1.3 0.1 0.2 0.9 0.  0.  1.3 1.2],0.13714145123958588
15,278,[1.3 0.1 0.2 0.9 0.  0.  1.3 1.2],0.13714203238487244
15,279,[1.3 0.1 0.2 0.9 0.  0.  1.3 1.2],0.13714226335287094
15,280,[1.3 0.1 0.2 0.9 0.  0.  1.3 1.2],0.13714394718408585
15,281,[1.3 0.1 0.2 0.9 0.  0.  1.3 1.2],0.13714396953582764
15,282,[1.3 0.1 0.2 0.9 0.  0.  1.3 1.2],0.13714506477117538
15,283,[1.3 0.1 0.2 0.9 0.  0.  1.3 1.2],0.13714509457349777
15,284,[1.3 0.1 0.2 0.9 0.  0.  1.3 1.2],0.13714513927698135
15,285,[1.3 0.1 0.2 0.9 0.  0.  1.3 1.2],0.13714539259672165
15,286,[1.3 0.1 0.2 0.9 0.  0.  1.3 1.2],0.13714595884084702
15,287,[1.3 0.1 0.2 0.9 0.  0.  1.3 1.2],0.13714654743671417
15,288,[1.3 0.1 0.2 0.9 0.  0.  1.3 1.2],0.13714703172445297
15,289,[1.3 0.1 0.2 0.9 0.  0.  1.3 1.2],0.1371484324336052
15,290,[1.3 0.1 0.2 0.9 0.  0.  1.3 1.2],0.13715066015720367
15,291,[1.3 0.1 0.2 0.9 0.  0.  1.3 1.2],0.13715071976184845
15,292,[1.3 0.1 0.2 0.9 0.  0.  1.3 1.2],0.1371520459651947
15,293,[1.3 0.1 0.2 0.9 0.  0.  1.3 1.2],0.13715211302042007
15,294,[1.3 0.1 0.2 0.9 0.  0.  1.3 1.2],0.13715247064828873
15,295,[1.3 0.1 0.2 0.9 0.  0.  1.3 1.2],0.1371525526046753
15,296,[1.3 0.1 0.2 0.9 0.  0.  1.3 1.2],0.13715407997369766
15,297,[1.3 0.1 0.2 0.9 0.  0.  1.3 1.2],0.13715455681085587
15,298,[1.3 0.1 0.2 0.9 0.  0.  1.3 1.2],0.13715483993291855
15,299,[1.3 0.1 0.2 0.9 0.  0.  1.3 1.2],0.1371568664908409
15,300,[1.3 0.1 0.2 0.9 0.  0.  1.3 1.2],0.13715936988592148
15,301,[1.3 0.1 0.2 0.9 0.  0.  1.3 1.2],0.13715970516204834
15,302,[1.3 0.1 0.2 0.9 0.  0.  1.3 1.2],0.1371603161096573
15,303,[1.3 0.1 0.2 0.9 0.  0.  1.3 1.2],0.1371612846851349
15,304,[1.3 0.1 0.2 0.9 0.  0.  1.3 1.2],0.137162946164608
15,305,[1.3 0.1 0.2 0.9 0.  0.  1.3 1.2],0.1371646448969841
15,306,[1.3 0.1 0.2 0.9 0.  0.  1.3 1.2],0.13716623932123184
15,307,[1.3 0.1 0.2 0.9 0.  0.  1.3 1.2],0.13716720044612885
15,308,[1.3 0.1 0.2 0.9 0.  0.  1.3 1.2],0.1371675208210945
15,309,[1.3 0.1 0.2 0.9 0.  0.  1.3 1.2],0.1371685490012169
15,310,[1.3 0.1 0.2 0.9 0.  0.  1.3 1.2],0.13716855645179749
15,311,[1.3 0.1 0.2 0.9 0.  0.  1.3 1.2],0.13716857880353928
15,312,[1.3 0.1 0.2 0.9 0.  0.  1.3 1.2],0.13717041909694672
15,313,[1.3 0.1 0.2 0.9 0.  0.  1.3 1.2],0.13717146962881088
15,314,[1.3 0.1 0.2 0.9 0.  0.  1.3 1.2],0.13717176765203476
15,315,[1.3 0.1 0.2 0.9 0.  0.  1.3 1.2],0.1371724158525467
15,316,[1.3 0.1 0.2 0.9 0.  0.  1.3 1.2],0.1371733844280243
15,317,[1.3 0.1 0.2 0.9 0.  0.  1.3 1.2],0.13717348873615265
15,318,[1.3 0.1 0.2 0.9 0.  0.  1.3 1.2],0.1371748149394989
15,319,[1.3 0.1 0.2 0.9 0.  0.  1.3 1.2],0.1371755301952362
15,320,[1.3 0.1 0.2 0.9 0.  0.  1.3 1.2],0.13717641681432724
15,321,[1.3 0.1 0.2 0.9 0.  0.  1.3 1.2],0.1371765360236168
15,322,[1.3 0.1 0.2 0.9 0.  0.  1.3 1.2],0.13717711716890335
15,323,[1.3 0.1 0.2 0.9 0.  0.  1.3 1.2],0.13717806339263916
15,324,[1.3 0.1 0.2 0.9 0.  0.  1.3 1.2],0.1371782049536705
15,325,[1.3 0.1 0.2 0.9 0.  0.  1.3 1.2],0.13717848807573318
15,326,[1.3 0.1 0.2 0.9 0.  0.  1.3 1.2],0.13717921823263168
15,327,[1.3 0.1 0.2 0.9 0.  0.  1.3 1.2],0.13717936724424362
15,328,[1.3 0.1 0.2 0.9 0.  0.  1.3 1.2],0.1371793895959854
15,329,[1.3 0.1 0.2 0.9 0.  0.  1.3 1.2],0.13717950135469437
15,330,[1.3 0.1 0.2 0.9 0.  0.  1.3 1.2],0.13717979192733765
15,331,[1.3 0.1 0.2 0.9 0.  0.  1.3 1.2],0.1371818259358406
15,332,[1.3 0.1 0.2 0.9 0.  0.  1.3 1.2],0.13718342036008835
15,333,[1.3 0.1 0.2 0.9 0.  0.  1.3 1.2],0.13718384504318237
15,334,[1.3 0.1 0.2 0.9 0.  0.  1.3 1.2],0.13718440383672714
15,335,[1.3 0.1 0.2 0.9 0.  0.  1.3 1.2],0.13718447089195251
15,336,[1.3 0.1 0.2 0.9 0.  0.  1.3 1.2],0.1371845304965973
15,337,[1.3 0.1 0.2 0.9 0.  0.  1.3 1.2],0.13718463480472565
15,338,[1.3 0.1 0.2 0.9 0.  0.  1.3 1.2],0.13718532025814056
15,339,[1.3 0.1 0.2 0.9 0.  0.  1.3 1.2],0.13718540966510773
15,340,[1.3 0.1 0.2 0.9 0.  0.  1.3 1.2],0.1371856853365898
15,341,[1.3 0.1 0.2 0.9 0.  0.  1.3 1.2],0.13718584924936295
15,342,[1.3 0.1 0.2 0.9 0.  0.  1.3 1.2],0.13718628138303757
15,343,[1.3 0.1 0.2 0.9 0.  0.  1.3 1.2],0.1371866539120674
15,344,[1.3 0.1 0.2 0.9 0.  0.  1.3 1.2],0.1371876299381256
15,345,[1.3 0.1 0.2 0.9 0.  0.  1.3 1.2],0.13718782365322113
15,346,[1.3 0.1 0.2 0.9 0.  0.  1.3 1.2],0.1371879205107689
15,347,[1.3 0.1 0.2 0.9 0.  0.  1.3 1.2],0.13719018548727036
15,348,[1.3 0.1 0.2 0.9 0.  0.  1.3 1.2],0.13719303905963898
15,349,[1.3 0.1 0.2 0.9 0.  0.  1.3 1.2],0.137193962931633
15,350,[1.3 0.1 0.2 0.9 0.  0.  1.3 1.2],0.1371949091553688
15,351,[1.3 0.1 0.2 0.9 0.  0.  1.3 1.2],0.1371951401233673
15,352,[1.3 0.1 0.2 0.9 0.  0.  1.3 1.2],0.1371951773762703
15,353,[1.3 0.1 0.2 0.9 0.  0.  1.3 1.2],0.13719546049833298
15,354,[1.3 0.1 0.2 0.9 0.  0.  1.3 1.2],0.13719641417264938
15,355,[1.3 0.1 0.2 0.9 0.  0.  1.3 1.2],0.13719803094863892
15,356,[1.3 0.1 0.2 0.9 0.  0.  1.3 1.2],0.13719876110553741
15,357,[1.3 0.1 0.2 0.9 0.  0.  1.3 1.2],0.13720006495714188
15,358,[1.3 0.1 0.2 0.9 0.  0.  1.3 1.2],0.13720155507326126
15,359,[1.3 0.1 0.2 0.9 0.  0.  1.3 1.2],0.13720179349184036
15,360,[1.3 0.1 0.2 0.9 0.  0.  1.3 1.2],0.13720213621854782
15,361,[1.3 0.1 0.2 0.9 0.  0.  1.3 1.2],0.13720428198575974
15,362,[1.3 0.1 0.2 0.9 0.  0.  1.3 1.2],0.13720505684614182
15,363,[1.3 0.1 0.2 0.9 0.  0.  1.3 1.2],0.13720575720071793
15,364,[1.3 0.1 0.2 0.9 0.  0.  1.3 1.2],0.13720577210187912
15,365,[1.3 0.1 0.2 0.9 0.  0.  1.3 1.2],0.13720636814832687
15,366,[1.3 0.1 0.2 0.9 0.  0.  1.3 1.2],0.13721250742673874
15,367,[1.3 0.1 0.2 0.9 0.  0.  1.3 1.2],0.13721267879009247
15,368,[1.3 0.1 0.2 0.9 0.  0.  1.3 1.2],0.13721439987421036
15,369,[1.3 0.1 0.2 0.9 0.  0.  1.3 1.2],0.1372145637869835
15,370,[1.3 0.1 0.2 0.9 0.  0.  1.3 1.2],0.13722093403339386
15,371,[1.3 0.1 0.2 0.9 0.  0.  1.3 1.2],0.13722111284732819
15,372,[1.3 0.1 0.2 0.9 0.  0.  1.3 1.2],0.13722309470176697
15,373,[1.3 0.1 0.2 0.9 0.  0.  1.3 1.2],0.13722368329763412
15,374,[1.3 0.1 0.2 0.9 0.  0.  1.3 1.2],0.13722475618124008
15,375,[1.3 0.1 0.2 0.9 0.  0.  1.3 1.2],0.13722492009401321
15,376,[1.3 0.1 0.2 0.9 0.  0.  1.3 1.2],0.13722525537014008
15,377,[1.3 0.1 0.2 0.9 0.  0.  1.3 1.2],0.13722612708806992
15,378,[1.3 0.1 0.2 0.9 0.  0.  1.3 1.2],0.13722822815179825
15,379,[1.3 0.1 0.2 0.9 0.  0.  1.3 1.2],0.1372290626168251
15,380,[1.3 0.1 0.2 0.9 0.  0.  1.3 1.2],0.1372302919626236
15,381,[1.3 0.1 0.2 0.9 0.  0.  1.3 1.2],0.13723047077655792
15,382,[1.3 0.1 0.2 0.9 0.  0.  1.3 1.2],0.13723068684339523
15,383,[1.3 0.1 0.2 0.9 0.  0.  1.3 1.2],0.1372312605381012
15,384,[1.3 0.1 0.2 0.9 0.  0.  1.3 1.2],0.13723177462816238
15,385,[1.3 0.1 0.2 0.9 0.  0.  1.3 1.2],0.13723184168338776
15,386,[1.3 0.1 0.2 0.9 0.  0.  1.3 1.2],0.13723333925008774
15,387,[1.3 0.1 0.2 0.9 0.  0.  1.3 1.2],0.13723398745059967
15,388,[1.3 0.1 0.2 0.9 0.  0.  1.3 1.2],0.13723522424697876
15,389,[1.3 0.1 0.2 0.9 0.  0.  1.3 1.2],0.13724244385957718
15,390,[1.3 0.1 0.2 0.9 0.  0.  1.3 1.2],0.13724509626626968
15,391,[1.3 0.1 0.2 0.9 0.  0.  1.3 1.2],0.13724986463785172
15,392,[1.3 0.1 0.2 0.9 0.  0.  1.3 1.2],0.13725179433822632
15,393,[1.3 0.1 0.2 0.9 0.  0.  1.3 1.2],0.1372520662844181
15,394,[1.3 0.1 0.2 0.9 0.  0.  1.3 1.2],0.1372535675764084
15,395,[1.3 0.1 0.2 0.9 0.  0.  1.3 1.2],0.13725557178258896
15,396,[1.3 0.1 0.2 0.9 0.  0.  1.3 1.2],0.13725614547729492
15,397,[1.3 0.1 0.2 0.9 0.  0.  1.3 1.2],0.13725899159908295
15,398,[1.3 0.1 0.2 0.9 0.  0.  1.3 1.2],0.13726025819778442
15,399,[1.3 0.1 0.2 0.9 0.  0.  1.3 1.2],0.13726042211055756
15,400,[1.3 0.1 0.2 0.9 0.  0.  1.3 1.2],0.1372622326016426
15,401,[1.3 0.1 0.2 0.9 0.  0.  1.3 1.2],0.13726450502872467
15,402,[1.3 0.1 0.2 0.9 0.  0.  1.3 1.2],0.13726603984832764
15,403,[1.3 0.1 0.2 0.9 0.  0.  1.3 1.2],0.13726694136857986
15,404,[1.3 0.1 0.2 0.9 0.  0.  1.3 1.2],0.1372673586010933
15,405,[1.3 0.1 0.2 0.9 0.  0.  1.3 1.2],0.13727150857448578
15,406,[1.3 0.1 0.2 0.9 0.  0.  1.3 1.2],0.13727203756570816
15,407,[1.3 0.1 0.2 0.9 0.  0.  1.3 1.2],0.1372729055583477
15,408,[1.3 0.1 0.2 0.9 0.  0.  1.3 1.2],0.1372734233736992
15,409,[1.3 0.1 0.2 0.9 0.  0.  1.3 1.2],0.13728170841932297
15,410,[1.3 0.1 0.2 0.9 0.  0.  1.3 1.2],0.13728313148021698
15,411,[1.3 0.1 0.2 0.9 0.  0.  1.3 1.2],0.13728687912225723
15,412,[1.3 0.1 0.2 0.9 0.  0.  1.3 1.2],0.1372888833284378
15,413,[1.3 0.1 0.2 0.9 0.  0.  1.3 1.2],0.1372903361916542
15,414,[1.3 0.1 0.2 0.9 0.  0.  1.3 1.2],0.13729315996170044
15,415,[1.3 0.1 0.2 0.9 0.  0.  1.3 1.2],0.13729660958051682
15,416,[1.3 0.1 0.2 0.9 0.  0.  1.3 1.2],0.13729742169380188
15,417,[1.3 0.1 0.2 0.9 0.  0.  1.3 1.2],0.1373017430305481
15,418,[1.3 0.1 0.2 0.9 0.  0.  1.3 1.2],0.13730590045452118
15,419,[1.3 0.1 0.2 0.9 0.  0.  1.3 1.2],0.13731751590967178
15,420,[1.3 0.1 0.2 0.9 0.  0.  1.3 1.2],0.13732101023197174
15,421,[1.3 0.1 0.2 0.9 0.  0.  1.3 1.2],0.1373234987258911
15,422,[1.3 0.1 0.2 0.9 0.  0.  1.3 1.2],0.13733676075935364
15,423,[1.3 0.1 0.2 0.9 0.  0.  1.3 1.2],0.13733695447444916
15,424,[1.3 0.1 0.2 0.9 0.  0.  1.3 1.2],0.1373385414481163
15,425,[1.3 0.1 0.2 0.9 0.  0.  1.3 1.2],0.137341920286417
15,426,[1.3 0.1 0.2 0.9 0.  0.  1.3 1.2],0.1373434066772461
15,427,[1.3 0.1 0.2 0.9 0.  0.  1.3 1.2],0.13735219091176987
15,428,[1.3 0.1 0.2 0.9 0.  0.  1.3 1.2],0.1373569294810295
15,429,[1.3 0.1 0.2 0.9 0.  0.  1.3 1.2],0.13737458735704422
15,430,[1.3 0.1 0.2 0.9 0.  0.  1.3 1.2],0.13740386068820953
15,431,[1.3 0.1 0.3 0.9 0.  0.  1.3 0. ],0.138220876455307
15,432,[1.3 0.1 0.3 0.9 0.  0.  1.3 0. ],0.13827674090862274
15,433,[1.3 0.1 0.3 0.9 0.  0.  1.3 0. ],0.1383056640625
15,434,[1.3 0.1 0.3 0.9 0.  0.  1.3 0. ],0.1383402869105339
15,435,[1.3 0.1 0.3 0.9 0.  0.  1.3 0. ],0.13834289461374283
15,436,[1.3 0.1 0.3 0.9 0.  0.  1.3 0. ],0.13834932446479797
15,437,[1.3 0.1 0.3 0.9 0.  0.  1.3 0. ],0.13835793733596802
15,438,[1.3 0.1 0.3 0.9 0.  0.  1.3 0. ],0.13836603611707687
15,439,[1.3 0.1 0.3 0.9 0.  0.  1.3 0. ],0.13838882744312286
15,440,[1.3 0.1 0.3 0.9 0.  0.  1.3 0. ],0.13840781152248383
15,441,[1.3 0.1 0.3 0.9 0.  0.  1.3 0. ],0.13840987533330917
15,442,[1.3 0.1 0.3 0.9 0.  0.  1.3 0. ],0.13841703534126282
15,443,[1.3 0.1 0.3 0.9 0.  0.  1.3 0. ],0.1384560614824295
15,444,[1.3 0.1 0.3 0.9 0.  0.  1.3 0. ],0.1384975165128708
15,445,[1.3 0.1 0.3 0.9 0.  0.  1.3 0. ],0.13851193338632584
15,446,[1.3 0.1 0.1 0.9 0.  0.  1.3 0.2],0.14009586721658707
15,447,[1.3 0.1 0.1 0.9 0.  0.  1.3 0.2],0.14013487100601196
15,448,[1.3 0.1 0.1 0.9 0.  0.  1.3 0.2],0.14021304994821548
15,449,[1.3 0.1 0.1 0.9 0.  0.  1.3 0.2],0.1402234435081482
15,450,[1.3 0.1 0.1 0.9 0.  0.  1.3 0.2],0.14024976640939713
15,451,[1.3 0.1 0.1 0.9 0.  0.  1.3 0.2],0.14026249200105667
15,452,[1.3 0.1 0.1 0.9 0.  0.  1.3 0.2],0.14029573649168015
15,453,[1.3 0.1 0.1 0.9 0.  0.  1.3 0.2],0.14032721519470215
15,454,[1.3 0.1 0.1 0.9 0.  0.  1.3 0.2],0.14033281803131104
15,455,[1.3 0.1 0.1 0.9 0.  0.  1.3 0.3],0.14034461975097656
15,456,[1.3 0.1 0.1 0.9 0.  0.  1.3 0.2],0.14035683870315552
15,457,[1.3 0.1 0.1 0.9 0.  0.  1.3 0.2],0.14035705476999283
15,458,[1.3 0.1 0.1 0.9 0.  0.  1.3 0.2],0.14038830250501633
15,459,[1.3 0.1 0.1 0.9 0.  0.  1.3 0.3],0.14042524993419647
15,460,[1.3 0.1 0.1 0.9 0.  0.  1.3 0.3],0.14044218510389328
15,461,[1.3 0.1 0.1 0.9 0.  0.  1.3 1.2],0.14129866659641266
15,462,[1.2 0.1 0.3 1.  0.  0.  1.3 0. ],0.14267368614673615
15,463,[1.2 0.1 0.3 1.  0.  0.  1.3 0. ],0.14276577532291412
15,464,[1.2 0.1 0.3 1.  0.  0.  1.3 0. ],0.14279837161302567
15,465,[1.2 0.1 0.3 1.  0.  0.  1.3 0. ],0.14280987530946732
15,466,[1.2 0.1 0.3 1.  0.  0.  1.3 0. ],0.14281459152698517
15,467,[1.2 0.1 0.3 1.  0.  0.  1.3 0. ],0.14283152669668198
15,468,[1.2 0.1 0.3 1.  0.  0.  1.3 0. ],0.14283163845539093
15,469,[1.2 0.1 0.3 1.  0.  0.  1.3 0. ],0.1428711712360382
15,470,[1.2 0.1 0.3 1.  0.  0.  1.3 0. ],0.1428729146718979
15,471,[1.2 0.1 0.3 1.  0.  0.  1.3 0. ],0.142898827791214
15,472,[1.2 0.1 0.3 1.  0.  0.  1.3 0. ],0.14293572306632996
15,473,[1.3 0.2 0.  0.9 0.  0.  1.3 1.2],0.15474703162908554
15,474,[1.3 0.2 0.  0.9 0.  0.  1.3 1.2],0.1547573134303093
15,475,[1.3 0.2 0.  0.9 0.  0.  1.3 1.2],0.15479853749275208
15,476,[1.3 0.1 0.3 0.6 0.  0.  1.3 0.2],0.15971247851848602
15,477,[1.3 0.1 0.3 0.6 0.  0.  1.3 0.2],0.159722700715065
15,478,[1.3 0.1 0.3 0.6 0.  0.  1.3 0.2],0.15974275022745132
15,479,[1.3 0.1 0.3 0.6 0.  0.  1.3 0.2],0.15975609421730042
15,480,[1.3 0.1 0.3 0.6 0.  0.  1.3 0.2],0.15975942462682724
15,481,[1.3 0.1 0.3 0.6 0.  0.  1.3 0.2],0.15979530662298203
15,482,[1.3 0.1 0.3 0.6 0.  0.  1.3 0.2],0.15980926156044006
15,483,[1.3 0.1 0.3 0.6 0.  0.  1.3 0.2],0.15981560945510864
15,484,[1.3 0.1 0.3 0.6 0.  0.  1.3 0.2],0.15981662273406982
15,485,[1.3 0.1 0.3 0.6 0.  0.  1.3 0.2],0.15982305258512497
15,486,[1.3 0.1 0.3 0.6 0.  0.  1.3 0.2],0.1598275676369667
15,487,[1.3 0.1 0.3 0.6 0.  0.  1.3 0.2],0.15982946008443832
15,488,[1.3 0.1 0.3 0.6 0.  0.  1.3 0.2],0.15983717888593674
15,489,[1.3 0.1 0.3 0.6 0.  0.  1.3 0.2],0.15984566509723663
15,490,[1.3 0.1 0.3 0.6 0.  0.  1.3 0.2],0.15986862778663635
15,491,[1.3 0.1 0.3 0.6 0.  0.  1.3 0.2],0.15987210720777512
15,492,[1.3 0.1 0.3 0.6 0.  0.  1.3 0.2],0.15987296402454376
15,493,[1.3 0.1 0.3 0.6 0.  0.  1.3 0.2],0.15991471707820892
15,494,[1.3 0.1 0.1 0.9 0.  0.  0.3 1.2],0.16145996749401093
15,495,[1.3 0.1 0.1 0.9 0.  0.  0.3 1.2],0.16150233149528503
15,496,[1.3 0.1 0.1 0.9 0.  0.  0.3 1.2],0.16159360855817795
15,497,[1.3 0.1 0.1 0.9 0.  0.  0.3 1.2],0.16166136413812637
15,498,[1.3 0.1 0.2 1.3 0.  0.  0.9 1.2],0.1861431822180748
15,499,[1.3 0.1 0.2 1.3 0.  0.  0.9 1.2],0.18618766963481903
15,500,[1.3 0.1 0.2 1.3 0.  0.  0.9 1.2],0.18626908212900162
15,501,[1.3 0.1 0.2 1.3 0.  0.  0.9 1.2],0.1863616779446602
15,502,[1.3 0.1 0.2 1.3 0.  0.  0.9 1.2],0.18638157844543457
15,503,[0.9 0.1 0.6 0.9 0.  0.  1.3 1.2],0.18730995059013367
15,504,[0.9 0.1 0.6 0.9 0.  0.  1.3 1.2],0.1873115748167038
15,505,[0.9 0.1 0.6 0.9 0.  0.  1.3 1.2],0.18734458088874817
15,506,[0.9 0.1 0.6 0.9 0.  0.  1.3 1.2],0.18735041469335556
15,507,[0.9 0.1 0.6 0.9 0.  0.  1.3 1.2],0.18735286593437195
15,508,[0.9 0.1 0.6 0.9 0.  0.  1.3 1.2],0.1873757243156433
15,509,[0.9 0.1 0.6 0.9 0.  0.  1.3 1.2],0.1873786598443985
15,510,[0.9 0.1 0.6 0.9 0.  0.  1.3 1.2],0.18738820403814316
15,511,[0.9 0.1 0.6 0.9 0.  0.  1.3 1.2],0.18739021569490433
15,512,[0.9 0.1 0.6 0.9 0.  0.  1.3 1.2],0.187399260699749
15,513,[0.9 0.1 0.6 0.9 0.  0.  1.3 1.2],0.18740061670541763
15,514,[0.9 0.1 0.6 0.9 0.  0.  1.3 1.2],0.1874053180217743
15,515,[0.9 0.1 0.6 0.9 0.  0.  1.3 1.2],0.18741699308156967
15,516,[0.9 0.1 0.6 0.9 0.  0.  1.3 1.2],0.18742219358682632
15,517,[0.9 0.1 0.6 0.9 0.  0.  1.3 1.2],0.18742938339710236
15,518,[0.9 0.1 0.6 0.9 0.  0.  1.3 1.2],0.1874389871954918
15,519,[0.9 0.1 0.6 0.9 0.  0.  1.3 1.2],0.18745926022529602
15,520,[0.9 0.1 0.6 0.9 0.  0.  1.3 1.2],0.187493696808815
15,521,[1.3 1.  0.2 0.4 0.  0.  0.9 0.3],0.1888905018568039
15,522,[1.3 0.9 0.3 0.9 0.  0.  1.3 1.2],0.18950578570365906
15,523,[1.3 0.9 0.3 0.9 0.  0.  1.3 1.2],0.18959303945302963
15,524,[1.3 0.9 0.3 0.9 0.  0.  1.3 1.2],0.18959354609251022
15,525,[1.3 0.9 0.3 0.9 0.  0.  1.3 1.2],0.18966760486364365
15,526,[1.3 0.9 0.3 0.9 0.  0.  1.3 1.2],0.1896781101822853
15,527,[1.3 0.9 0.3 0.9 0.  0.  1.3 1.2],0.18969333171844482
15,528,[1.3 0.9 0.3 0.9 0.  0.  1.3 1.2],0.18975462764501572
15,529,[1.3 0.9 0.3 0.9 0.  0.  1.3 1.2],0.18975767493247986
15,530,[1.3 0.9 0.3 0.9 0.  0.  1.3 1.2],0.189766064286232
15,531,[1.3 0.9 0.3 0.9 0.  0.  1.3 1.2],0.18981169909238815
15,532,[1.3 0.1 0.2 0.4 0.  0.  1.3 0.3],0.19482916593551636
15,533,[1.3 0.1 0.2 0.4 0.  0.  1.3 0.3],0.19482971727848053
15,534,[1.3 0.1 0.2 0.4 0.  0.  1.3 0.3],0.1948491483926773
15,535,[1.3 0.1 0.2 0.4 0.  0.  1.3 0.3],0.19492440670728683
15,536,[1.3 0.1 0.7 0.9 0.  0.  1.3 1.2],0.21363472938537598
15,537,[1.3 0.1 0.7 0.9 0.  0.  1.3 1.2],0.21366848796606064
15,538,[1.3 0.1 0.7 0.9 0.  0.  1.3 1.2],0.21370627731084824
15,539,[1.3 0.1 0.7 0.9 0.  0.  1.3 1.2],0.2137262225151062
15,540,[1.3 0.1 0.7 0.9 0.  0.  1.3 1.2],0.21377889066934586
15,541,[1.3 1.3 0.2 1.3 0.  0.  1.3 1.2],0.24016758799552917
15,542,[1.3 1.3 0.2 1.3 0.  0.  1.3 1.2],0.24031120538711548
15,543,[1.3 1.3 0.2 1.3 0.  0.  1.3 1.2],0.2403651401400566
15,544,[1.3 0.5 0.3 0.9 0.2 0.  1.3 1.2],0.24111610651016235
15,545,[1.3 0.5 0.3 0.9 0.2 0.  1.3 1.2],0.2412150427699089
15,546,[1.3 0.5 0.3 0.9 0.2 0.  1.3 1.2],0.24121910333633423
15,547,[1.3 0.5 0.3 0.9 0.2 0.  1.3 1.2],0.2412221059203148
15,548,[1.3 0.5 0.3 0.9 0.2 0.  1.3 1.2],0.2412344291806221
15,549,[1.3 0.5 0.3 0.9 0.2 0.  1.3 1.2],0.24124755710363388
15,550,[1.3 0.5 0.3 0.9 0.2 0.  1.3 1.2],0.24128693342208862
15,551,[1.3 0.5 0.3 0.9 0.2 0.  1.3 1.2],0.24130258709192276
15,552,[1.3 0.5 0.3 0.9 0.2 0.  1.3 1.2],0.24131395667791367
15,553,[1.3 0.5 0.3 0.9 0.2 0.  1.3 1.2],0.24158722162246704
15,554,[1.3 1.  0.6 0.9 0.  0.  1.3 1.2],0.25983095169067383
15,555,[1.3 1.  0.6 0.9 0.  0.  1.3 1.2],0.2598455995321274
15,556,[1.3 1.  0.6 0.9 0.  0.  1.3 1.2],0.25985293835401535
15,557,[1.3 1.  0.6 0.9 0.  0.  1.3 1.2],0.2598572298884392
15,558,[1.3 1.  0.6 0.9 0.  0.  1.3 1.2],0.25986939668655396
15,559,[1.3 1.  0.6 0.9 0.  0.  1.3 1.2],0.25991587340831757
15,560,[1.3 1.  0.6 0.9 0.  0.  1.3 1.2],0.2599323242902756
15,561,[1.3 1.  0.6 0.9 0.  0.  1.3 1.2],0.25993824005126953
15,562,[1.3 0.  0.8 0.9 0.  0.  0.2 1.2],0.27196991443634033
15,563,[1.3 0.  0.8 0.9 0.  0.  0.2 1.2],0.2720114290714264
15,564,[1.3 0.  0.8 0.9 0.  0.  0.2 1.2],0.2720521539449692
15,565,[1.3 0.  0.8 0.9 0.  0.  0.2 1.2],0.2720791846513748
15,566,[1.3 0.  0.8 0.9 0.  0.  0.2 1.2],0.27208569645881653
15,567,[1.3 0.  0.8 0.9 0.  0.  0.2 1.2],0.27208617329597473
15,568,[1.3 0.  0.8 0.9 0.  0.  0.2 1.2],0.27217626571655273
15,569,[1.3 0.  0.8 0.9 0.  0.  0.2 1.2],0.27218160033226013
15,570,[1.3 0.  0.8 0.9 0.  0.  0.2 1.2],0.2722083330154419
15,571,[1.3 0.  0.8 0.9 0.  0.  0.2 1.2],0.27223949134349823
15,572,[1.3 0.  0.8 0.9 0.  0.  0.2 1.2],0.2722999155521393
15,573,[1.3 1.  0.2 0.4 0.  0.  0.9 0.3],0.28220073878765106
15,574,[1.3 1.  0.2 0.4 0.  0.  0.9 0.3],0.2822038382291794
15,575,[1.3 1.  0.2 0.4 0.  0.  0.9 0.3],0.28224053978919983
15,576,[1.3 1.  0.2 0.4 0.  0.  0.9 0.3],0.2822573035955429
15,577,[1.3 1.  0.2 0.4 0.  0.  0.9 0.3],0.2822667062282562
15,578,[1.3 1.  0.2 0.4 0.  0.  0.9 0.3],0.28227581083774567
15,579,[1.3 1.  0.2 0.4 0.  0.  0.9 0.3],0.28229014575481415
15,580,[1.3 1.  0.2 0.4 0.  0.  0.9 0.3],0.2823028564453125
15,581,[1.3 1.  0.2 0.4 0.  0.  0.9 0.3],0.2823125422000885
15,582,[1.3 1.  0.2 0.4 0.  0.  0.9 0.3],0.2823399156332016
15,583,[1.3 1.  0.2 0.4 0.  0.  0.9 0.3],0.28234197199344635
15,584,[1.3 1.  0.2 0.4 0.  0.  0.9 0.3],0.28237907588481903
15,585,[1.3 1.  0.2 0.4 0.  0.  0.9 0.3],0.28241249918937683
15,586,[1.3 1.  0.2 0.4 0.  0.  0.9 0.3],0.2824329286813736
15,587,[1.3 1.  0.2 0.4 0.  0.  0.9 0.3],0.28246405720710754
15,588,[1.3 1.  0.2 0.4 0.  0.  0.9 0.3],0.28250835835933685
15,589,[1.3 1.  0.2 0.4 0.  0.  0.9 0.3],0.2825280576944351
15,590,[1.3 1.  0.2 0.4 0.  0.  0.9 0.3],0.28253427147865295
15,591,[1.3 0.1 0.9 0.9 0.  0.  1.3 1.3],0.28958655893802643
15,592,[1.3 0.1 0.9 0.9 0.  0.  1.3 1.3],0.28968898952007294
15,593,[1.3 0.1 0.9 0.9 0.  0.  1.3 1.3],0.28983794152736664
15,594,[1.3 0.1 0.9 0.9 0.  0.  1.3 1.3],0.28987282514572144
15,595,[0.4 0.  1.2 0.1 0.  0.  1.3 1.2],0.30230899155139923
15,596,[1.3 0.4 0.1 0.9 0.  0.5 1.3 0.2],0.31542377173900604
15,597,[1.3 0.4 0.1 0.9 0.  0.5 1.3 0.2],0.3154853284358978
15,598,[1.3 0.4 0.1 0.9 0.  0.5 1.3 0.2],0.31550560891628265
15,599,[1.3 0.4 0.1 0.9 0.  0.5 1.3 0.2],0.31550832092761993
15,600,[1.3 0.4 0.1 0.9 0.  0.5 1.3 0.2],0.31553518772125244
15,601,[1.3 0.4 0.1 0.9 0.  0.5 1.3 0.2],0.3155742436647415
15,602,[1.3 0.4 0.1 0.9 0.  0.5 1.3 0.2],0.31558531522750854
15,603,[1.3 0.4 0.1 0.9 0.  0.5 1.3 0.2],0.3156224936246872
15,604,[1.3 0.4 0.1 0.9 0.  0.5 1.3 0.2],0.3156846761703491
15,605,[1.3 0.4 0.1 0.9 0.  0.5 1.3 0.2],0.31573036313056946
15,606,[0.2 0.1 0.2 0.9 0.4 0.  1.3 1.2],0.3199266791343689
15,607,[0.2 0.1 0.2 0.9 0.4 0.  1.3 1.2],0.3200095444917679
15,608,[0.2 0.1 0.2 0.9 0.4 0.  1.3 1.2],0.320130318403244
15,609,[0.2 0.1 0.2 0.9 0.4 0.  1.3 1.2],0.3202090561389923
15,610,[0.2 0.1 0.2 0.9 0.4 0.  1.3 1.2],0.32028014957904816
15,611,[0.2 0.1 0.2 0.9 0.4 0.  1.3 1.2],0.32043910026550293
15,612,[0.2 0.1 0.2 0.9 0.4 0.  1.3 1.2],0.32059645652770996
15,613,[1.2 0.  0.3 0.  0.  0.  1.3 1.2],0.35127510130405426
15,614,[1.2 0.  0.3 0.  0.  0.  1.3 1.2],0.35127773880958557
15,615,[1.2 0.  0.3 0.  0.  0.  1.3 1.2],0.3512812703847885
15,616,[1.2 0.  0.3 0.  0.  0.  1.3 1.2],0.35129547119140625
15,617,[1.2 0.  0.3 0.  0.  0.  1.3 1.2],0.3513437807559967
15,618,[1.2 0.  0.3 0.  0.  0.  1.3 1.2],0.3514494150876999
15,619,[1.3 0.9 0.9 0.6 0.  0.  1.3 0.1],0.3685738891363144
15,620,[0.2 0.1 0.2 0.9 0.5 0.  1.3 1.2],0.3794127255678177
15,621,[1.3 0.9 0.9 0.6 0.  0.  1.3 0.1],0.3963853716850281
15,622,[1.3 0.9 0.9 0.6 0.  0.  1.3 0.1],0.3965134471654892
15,623,[1.3 0.9 0.9 0.6 0.  0.  1.3 0.1],0.396562784910202
15,624,[1.3 0.9 0.9 0.6 0.  0.  1.3 0.1],0.39660176634788513
15,625,[1.3 0.9 0.9 0.6 0.  0.  1.3 0.1],0.3966039717197418
15,626,[1.3 0.9 0.9 0.6 0.  0.  1.3 0.1],0.39662446081638336
15,627,[1.3 0.9 0.9 0.6 0.  0.  1.3 0.1],0.39666323363780975
15,628,[1.3 0.9 0.9 0.6 0.  0.  1.3 0.1],0.3966652750968933
15,629,[1.3 0.9 0.9 0.6 0.  0.  1.3 0.1],0.39672034978866577
15,630,[1.3 1.3 0.9 0.9 0.  0.  1.3 1.2],0.41750694811344147
15,631,[1.3 1.3 0.9 0.9 0.  0.  1.3 1.2],0.41761937737464905
15,632,[1.3 1.3 0.9 0.9 0.  0.  1.3 1.2],0.41762273013591766
15,633,[1.3 1.3 0.9 0.9 0.  0.  1.3 1.2],0.4177028089761734
15,634,[1.3 1.3 0.9 0.9 0.  0.  1.3 1.2],0.41780586540699005
15,635,[1.3 1.3 0.9 0.9 0.  0.  1.3 1.2],0.41782553493976593
15,636,[1.3 1.3 0.9 0.9 0.  0.  1.3 1.2],0.4178670346736908
15,637,[1.3 1.3 0.9 0.9 0.  0.  1.3 1.2],0.4179730713367462
15,638,[1.  0.1 0.2 0.9 0.5 0.8 0.9 1.2],0.45902638137340546
15,639,[1.3 0.1 0.2 1.  0.  0.8 1.3 1.2],0.4603227376937866
15,640,[1.3 0.1 0.2 1.  0.  0.8 1.3 1.2],0.46054552495479584
15,641,[1.3 0.1 0.2 1.  0.  0.8 1.3 1.2],0.4607516825199127
15,642,[0.1 0.1 0.2 0.9 0.6 0.  0.7 1.2],0.4685223698616028
15,643,[0.1 0.1 0.2 0.9 0.6 0.  0.7 1.2],0.46878640353679657
15,644,[0.1 0.1 0.2 0.9 0.6 0.  0.7 1.2],0.4688173532485962
15,645,[1.3 0.4 0.2 0.9 0.  0.8 1.3 1.2],0.46890881657600403
15,646,[1.3 0.4 0.2 0.9 0.  0.8 1.3 1.2],0.46901457011699677
15,647,[1.3 0.4 0.2 0.9 0.  0.8 1.3 1.2],0.4691227227449417
15,648,[1.3 0.4 0.2 0.9 0.  0.8 1.3 1.2],0.46913495659828186
15,649,[1.3 0.4 0.2 0.9 0.  0.8 1.3 1.2],0.4691898822784424
15,650,[0.1 0.1 0.2 0.9 0.6 0.  0.7 1.2],0.46923376619815826
15,651,[1.3 0.4 0.2 0.9 0.  0.8 1.3 1.2],0.4692410081624985
15,652,[1.3 0.4 0.2 0.9 0.  0.8 1.3 1.2],0.4692421555519104
15,653,[1.3 0.4 0.2 0.9 0.  0.8 1.3 1.2],0.4692443907260895
15,654,[1.3 0.4 0.2 0.9 0.  0.8 1.3 1.2],0.46926356852054596
15,655,[0.1 0.1 0.2 0.9 0.6 0.  0.7 1.2],0.46934759616851807
15,656,[1.3 0.1 0.3 0.7 0.6 0.  1.1 0.8],0.47298137843608856
15,657,[1.3 0.1 0.3 0.7 0.6 0.  1.1 0.8],0.47353507578372955
15,658,[1.3 0.1 0.3 0.7 0.6 0.  1.1 0.8],0.47363193333148956
15,659,[1.3 0.1 0.3 0.7 0.6 0.  1.1 0.8],0.47363702952861786
15,660,[1.3 0.1 0.3 0.7 0.6 0.  1.1 0.8],0.4737464189529419
15,661,[1.3 0.1 0.3 0.7 0.6 0.  1.1 0.8],0.47385333478450775
15,662,[1.3 0.1 0.3 0.7 0.6 0.  1.1 0.8],0.47386807203292847
15,663,[1.3 0.1 0.3 0.7 0.6 0.  1.1 0.8],0.47390997409820557
15,664,[1.3 0.1 0.3 0.7 0.6 0.  1.1 0.8],0.4740285277366638
15,665,[1.3 0.1 0.3 0.7 0.6 0.  1.1 0.8],0.47413986921310425
15,666,[1.3 0.1 1.  0.9 0.  0.8 1.3 1.2],0.5163761079311371
15,667,[1.3 0.1 1.  0.9 0.  0.8 1.3 1.2],0.5168672055006027
15,668,[1.3 0.1 0.2 0.9 0.8 0.  1.3 0.7],0.5815136432647705
15,669,[1.  0.1 0.2 0.9 0.8 0.  1.3 1.2],0.5845794379711151
15,670,[1.  0.1 0.2 0.9 0.8 0.  1.3 1.2],0.5849837362766266
15,671,[1.  0.1 0.2 0.9 0.8 0.  1.3 1.2],0.5852369368076324
15,672,[1.  0.1 0.2 0.9 0.8 0.  1.3 1.2],0.5852772891521454
15,673,[1.  0.1 0.2 0.9 0.8 0.  1.3 1.2],0.5853354632854462
15,674,[1.  0.1 0.2 0.9 0.8 0.  1.3 1.2],0.5853689610958099
15,675,[1.  0.1 0.2 0.9 0.8 0.  1.3 1.2],0.5854272246360779
15,676,[0.4 0.  1.2 0.1 0.  0.  1.3 1.2],0.5963963270187378
15,677,[0.4 0.  1.2 0.1 0.  0.  1.3 1.2],0.5964426398277283
15,678,[0.4 0.  1.2 0.1 0.  0.  1.3 1.2],0.5964639782905579
15,679,[0.4 0.  1.2 0.1 0.  0.  1.3 1.2],0.5964747369289398
15,680,[0.4 0.  1.2 0.1 0.  0.  1.3 1.2],0.5966581702232361
15,681,[0.4 0.  1.2 0.1 0.  0.  1.3 1.2],0.596663624048233
15,682,[0.4 0.  1.2 0.1 0.  0.  1.3 1.2],0.596701592206955
15,683,[0.4 0.  1.2 0.1 0.  0.  1.3 1.2],0.5967199504375458
15,684,[0.4 0.  1.2 0.1 0.  0.  1.3 1.2],0.5967324078083038
15,685,[0.4 0.  1.2 0.1 0.  0.  1.3 1.2],0.5967623591423035
15,686,[0.4 0.  1.2 0.1 0.  0.  1.3 1.2],0.5968640148639679
15,687,[1.3 0.  1.2 0.9 0.4 0.  1.3 1.2],0.6133845150470734
15,688,[1.3 0.  1.2 0.9 0.4 0.  1.3 1.2],0.61346834897995
15,689,[1.3 0.  1.2 0.9 0.4 0.  1.3 1.2],0.6134927570819855
15,690,[1.3 0.  1.2 0.9 0.4 0.  1.3 1.2],0.6135053932666779
15,691,[1.3 0.  1.2 0.9 0.4 0.  1.3 1.2],0.6136035919189453
15,692,[1.3 0.  1.2 0.9 0.4 0.  1.3 1.2],0.6136095523834229
15,693,[0.2 1.2 0.1 0.8 0.7 0.  1.3 1. ],0.6248970031738281
15,694,[0.2 1.2 0.1 0.8 0.7 0.  1.3 1. ],0.6249865889549255
15,695,[0.2 1.2 0.1 0.8 0.7 0.  1.3 1. ],0.6249940693378448
15,696,[0.2 1.2 0.1 0.8 0.7 0.  1.3 1. ],0.6250659823417664
15,697,[0.2 1.2 0.1 0.8 0.7 0.  1.3 1. ],0.6251038014888763
15,698,[0.2 1.2 0.1 0.8 0.7 0.  1.3 1. ],0.6252182722091675
15,699,[0.2 1.2 0.1 0.8 0.7 0.  1.3 1. ],0.6253060102462769
15,700,[0.2 1.2 0.1 0.8 0.7 0.  1.3 1. ],0.6253924071788788
15,701,[0.2 1.2 0.1 0.8 0.7 0.  1.3 1. ],0.6254631876945496
15,702,[0.2 1.2 0.1 0.8 0.7 0.  1.3 1. ],0.6254725754261017
15,703,[0.2 1.2 0.1 0.8 0.7 0.  1.3 1. ],0.6254754662513733
15,704,[0.2 1.2 0.1 0.8 0.7 0.  1.3 1. ],0.6256408393383026
15,705,[0.2 1.2 0.1 0.8 0.7 0.  1.3 1. ],0.6257055401802063
15,706,[0.2 1.2 0.1 0.8 0.7 0.  1.3 1. ],0.6257663071155548
15,707,[0.2 1.2 0.1 0.8 0.7 0.  1.3 1. ],0.6258897483348846
15,708,[1.3 0.1 0.6 0.9 0.  1.1 1.3 1.2],0.63459712266922
15,709,[1.3 0.1 0.2 0.9 0.5 0.7 1.3 1.2],0.6425053775310516
15,710,[1.3 0.1 0.3 0.9 0.  1.1 1.3 0.8],0.6625842154026031
15,711,[1.3 0.1 0.3 0.9 0.  1.1 1.3 0.8],0.6626092195510864
15,712,[1.3 0.1 0.3 0.9 0.  1.1 1.3 0.8],0.6626841723918915
15,713,[1.3 0.1 0.3 0.9 0.  1.1 1.3 0.8],0.6627143621444702
15,714,[1.3 0.1 0.3 0.9 0.  1.1 1.3 0.8],0.6627174913883209
15,715,[1.3 0.1 0.3 0.9 0.  1.1 1.3 0.8],0.662813127040863
15,716,[1.3 0.1 0.3 0.9 0.  1.1 1.3 0.8],0.6631295382976532
15,717,[1.3 0.1 0.3 0.9 0.  1.1 1.3 0.8],0.6631390452384949
15,718,[1.3 0.1 0.3 0.9 0.  1.1 1.3 0.8],0.6632713079452515
15,719,[1.  0.1 0.2 0.9 0.5 0.8 0.9 1.2],0.7049378156661987
15,720,[1.  0.1 0.2 0.9 0.5 0.8 0.9 1.2],0.7051246762275696
15,721,[1.  0.1 0.2 0.9 0.5 0.8 0.9 1.2],0.7051958441734314
15,722,[1.  0.1 0.2 0.9 0.5 0.8 0.9 1.2],0.7055920958518982
15,723,[1.  0.1 0.2 0.9 0.5 0.8 0.9 1.2],0.7057236135005951
15,724,[1.3 0.1 1.  0.9 0.8 0.  1.3 1.1],0.7737297415733337
15,725,[1.3 0.1 1.  0.9 0.8 0.  1.3 1.1],0.773906797170639
15,726,[1.3 0.1 1.  0.9 0.8 0.  1.3 1.1],0.7740412056446075
15,727,[1.3 0.1 1.  0.9 0.8 0.  1.3 1.1],0.7740697264671326
15,728,[1.3 0.1 1.  0.9 0.8 0.  1.3 1.1],0.7741216421127319
15,729,[1.3 0.1 1.  0.9 0.8 0.  1.3 1.1],0.77412348985672
15,730,[1.3 0.1 1.  0.9 0.8 0.  1.3 1.1],0.7741743922233582
15,731,[1.3 0.1 1.  0.9 0.8 0.  1.3 1.1],0.7741772532463074
15,732,[1.3 0.1 1.  0.9 0.8 0.  1.3 1.1],0.774265706539154
15,733,[1.3 0.1 1.  0.9 0.8 0.  1.3 1.1],0.7743360698223114
15,734,[1.3 0.1 1.  0.9 0.8 0.  1.3 1.1],0.77438023686409
15,735,[1.3 0.1 1.  0.9 0.8 0.  1.3 1.1],0.7743840515613556
15,736,[1.3 0.1 1.  0.9 0.8 0.  1.3 1.1],0.7744021415710449
15,737,[1.3 0.1 1.  0.9 0.8 0.  1.3 1.1],0.7745097279548645
15,738,[1.3 0.1 1.  0.9 0.8 0.  1.3 1.1],0.77474245429039
15,739,[1.3 0.1 0.2 0.8 0.  1.2 1.3 1.2],0.776042252779007
15,740,[1.3 0.1 0.2 0.8 0.  1.2 1.3 1.2],0.7761767208576202
15,741,[1.3 0.1 0.2 0.8 0.  1.2 1.3 1.2],0.7761793434619904
15,742,[1.3 0.1 0.2 0.8 0.  1.2 1.3 1.2],0.776179850101471
15,743,[1.3 0.1 0.2 0.8 0.  1.2 1.3 1.2],0.7761885523796082
15,744,[1.3 0.1 0.2 0.8 0.  1.2 1.3 1.2],0.7763148844242096
15,745,[1.3 0.1 0.2 0.8 0.  1.2 1.3 1.2],0.7763257026672363
15,746,[1.3 0.1 0.2 0.6 1.  0.  1.3 1.2],0.8209901750087738
15,747,[1.3 0.1 0.2 0.6 1.  0.  1.3 1.2],0.8215433955192566
15,748,[0.3 0.9 0.2 0.7 0.9 0.  0.6 0.3],0.8221676051616669
15,749,[0.3 0.9 0.2 0.7 0.9 0.  0.6 0.3],0.8221814632415771
15,750,[0.3 0.9 0.2 0.7 0.9 0.  0.6 0.3],0.8222175538539886
15,751,[0.3 0.9 0.2 0.7 0.9 0.  0.6 0.3],0.8222575783729553
15,752,[0.3 0.9 0.2 0.7 0.9 0.  0.6 0.3],0.8223079144954681
15,753,[0.3 0.9 0.2 0.7 0.9 0.  0.6 0.3],0.8223420977592468
15,754,[0.3 0.9 0.2 0.7 0.9 0.  0.6 0.3],0.8225818574428558
15,755,[0.3 0.9 0.2 0.7 0.9 0.  0.6 0.3],0.8226025700569153
15,756,[0.3 0.9 0.2 0.7 0.9 0.  0.6 0.3],0.8226267397403717
15,757,[0.3 0.9 0.2 0.7 0.9 0.  0.6 0.3],0.8227114379405975
15,758,[0.3 0.9 0.2 0.7 0.9 0.  0.6 0.3],0.822735458612442
15,759,[0.3 0.9 0.2 0.7 0.9 0.  0.6 0.3],0.8227614760398865
15,760,[0.3 0.9 0.2 0.7 0.9 0.  0.6 0.3],0.8227714896202087
15,761,[0.3 0.9 0.2 0.7 0.9 0.  0.6 0.3],0.8229154944419861
15,762,[0.3 0.9 0.2 0.7 0.9 0.  0.6 0.3],0.8230072855949402
15,763,[0.3 0.9 0.2 0.7 0.9 0.  0.6 0.3],0.8232555091381073
15,764,[1.  0.1 0.3 0.9 1.1 0.  1.3 0. ],0.8397792279720306
15,765,[1.  0.1 0.3 0.9 1.1 0.  1.3 0. ],0.8399150967597961
15,766,[1.  0.1 0.3 0.9 1.1 0.  1.3 0. ],0.8399215042591095
15,767,[1.  0.1 0.3 0.9 1.1 0.  1.3 0. ],0.8401174545288086
15,768,[1.  0.1 0.3 0.9 1.1 0.  1.3 0. ],0.8401687443256378
15,769,[1.  0.1 0.3 0.9 1.1 0.  1.3 0. ],0.8401997089385986
15,770,[1.  0.1 0.3 0.9 1.1 0.  1.3 0. ],0.8402411043643951
15,771,[1.  0.1 0.3 0.9 1.1 0.  1.3 0. ],0.8402988612651825
15,772,[1.  0.1 0.3 0.9 1.1 0.  1.3 0. ],0.8403321504592896
15,773,[1.3 0.1 0.2 0.9 0.  1.3 1.3 0.6],0.867954820394516
15,774,[1.3 0.1 0.2 0.9 0.  1.3 1.3 0.6],0.8679693639278412
15,775,[1.3 0.1 0.2 0.9 0.  1.3 1.3 0.6],0.8680768013000488
15,776,[1.3 0.1 0.2 0.9 0.  1.3 1.3 0.6],0.8681521415710449
15,777,[1.3 0.1 0.2 0.9 0.  1.3 1.3 0.6],0.868253618478775
15,778,[1.3 0.1 0.2 0.9 0.  1.3 1.3 0.6],0.8685522973537445
15,779,[1.3 0.1 0.2 0.9 0.  1.3 1.3 0.6],0.8686688542366028
15,780,[1.3 0.1 0.3 0.9 0.5 1.3 1.3 0. ],1.0955572724342346
15,781,[1.3 0.1 0.3 0.9 0.5 1.3 1.3 0. ],1.095568299293518
15,782,[1.3 0.1 0.3 0.9 0.5 1.3 1.3 0. ],1.095610499382019
15,783,[1.3 0.1 0.3 0.9 0.5 1.3 1.3 0. ],1.095694899559021
15,784,[1.3 0.1 0.3 0.9 0.5 1.3 1.3 0. ],1.095773160457611
15,785,[1.3 0.1 0.3 0.9 0.5 1.3 1.3 0. ],1.0958109498023987
15,786,[1.3 0.1 0.3 0.9 0.5 1.3 1.3 0. ],1.095833271741867
15,787,[1.3 0.1 0.3 0.9 0.5 1.3 1.3 0. ],1.0958740711212158
15,788,[1.3 0.1 0.3 0.9 0.5 1.3 1.3 0. ],1.0961527228355408
15,789,[1.3 0.1 0.3 0.9 0.5 1.3 1.3 0. ],1.0965855121612549
15,790,[0.3 0.8 1.2 1.  1.1 0.5 0.3 0.2],1.3406128883361816
15,791,[0.3 0.8 1.2 1.  1.1 0.5 0.3 0.2],1.3407295942306519
15,792,[0.3 0.8 1.2 1.  1.1 0.5 0.3 0.2],1.3407328128814697
15,793,[0.3 0.8 1.2 1.  1.1 0.5 0.3 0.2],1.3410240411758423
15,794,[0.3 0.8 1.2 1.  1.1 0.5 0.3 0.2],1.341172218322754
15,795,[0.3 0.8 1.2 1.  1.1 0.5 0.3 0.2],1.3416597843170166
15,796,[0.3 0.8 1.2 1.  1.1 0.5 0.3 0.2],1.341660737991333
15,797,[0.3 0.8 1.2 1.  1.1 0.5 0.3 0.2],1.3416732549667358
15,798,[0.3 0.8 1.2 1.  1.1 0.5 0.3 0.2],1.3419017791748047
15,799,[0.3 0.8 1.2 1.  1.1 0.5 0.3 0.2],1.3419312834739685
16,0,[0.3 0.8 0.6 1.  0.5 0.5 0.3 0.2],0.0204846253618598
16,1,[0.9 0.1 0.6 0.6 0.  0.  1.  1.2],0.026514743454754353
16,2,[0.9 0.1 0.6 0.6 0.  0.  1.  1.2],0.026514743454754353
16,3,[0.9 0.1 0.6 0.6 0.  0.  1.  1.2],0.026514743454754353
16,4,[0.2 1.3 0.9 0.8 0.7 0.  1.3 1. ],0.03007036168128252
16,5,[1.3 0.1 0.2 0.9 0.  0.  1.3 1.2],0.036573462188243866
16,6,[1.3 0.1 0.2 0.9 0.  0.  1.3 1.2],0.036573462188243866
16,7,[1.3 0.1 0.2 0.9 0.  0.  1.3 1.2],0.036573462188243866
16,8,[1.3 0.  0.3 0.9 0.  0.  1.3 1.2],0.03878212533891201
16,9,[1.3 0.  0.3 0.9 0.  0.  1.3 1.2],0.03878212533891201
16,10,[1.3 0.1 0.2 0.9 0.  0.  1.3 1.2],0.041210588067770004
16,11,[0.8 0.6 0.  0.9 0.4 1.3 1.1 1.2],0.04127104580402374
16,12,[0.8 0.6 0.  0.9 0.4 1.3 1.1 1.2],0.04127104580402374
16,13,[1.3 0.  0.3 0.9 0.  0.  1.3 1.2],0.052551183849573135
16,14,[1.3 0.  0.3 0.9 0.  0.  1.3 1.2],0.052551183849573135
16,15,[1.3 0.  0.3 0.9 0.  0.  1.3 1.2],0.05257667228579521
16,16,[1.3 0.  0.3 0.9 0.  0.  1.3 1.2],0.05257667228579521
16,17,[1.3 0.  0.8 0.9 0.  0.  0.2 1.2],0.05258593708276749
16,18,[1.3 0.  0.3 0.9 0.  0.  1.3 1.2],0.05259363353252411
16,19,[1.3 0.  0.3 0.9 0.  0.  1.3 1.2],0.05259363353252411
16,20,[1.3 0.  0.3 0.9 0.  0.  1.3 1.2],0.05272566340863705
16,21,[1.3 0.1 0.2 0.9 0.  0.  1.3 1.2],0.05672674439847469
16,22,[1.3 0.1 0.2 0.9 0.  0.  1.3 1.2],0.05681314505636692
16,23,[1.3 0.1 0.2 0.3 0.  0.  0.2 1.2],0.05684725008904934
16,24,[1.3 0.1 0.2 0.9 0.  0.  1.3 1.2],0.056974584236741066
16,25,[1.3 0.  0.3 0.9 0.  0.  1.3 1.2],0.08174367621541023
16,26,[1.3 0.  0.3 0.9 0.  0.  1.3 1.2],0.08182433247566223
16,27,[1.3 0.  0.3 0.9 0.  0.  1.3 1.2],0.08184954151511192
16,28,[1.3 0.  0.  0.1 0.  0.  1.3 1.2],0.08185400813817978
16,29,[1.3 0.  0.3 0.9 0.  0.  1.3 1.2],0.08186391368508339
16,30,[1.3 0.  0.3 0.9 0.  0.  1.3 1.2],0.08186525851488113
16,31,[1.3 0.  0.3 0.9 0.  0.  1.3 1.2],0.08186937496066093
16,32,[1.3 0.  0.3 0.9 0.  0.  1.3 1.2],0.08188476786017418
16,33,[1.3 0.  0.3 0.9 0.  0.  1.3 1.2],0.08189563453197479
16,34,[1.3 0.  0.3 0.9 0.  0.  1.3 1.2],0.08190147206187248
16,35,[1.3 0.  0.3 0.9 0.  0.  1.3 1.2],0.08190161362290382
16,36,[1.3 0.  0.3 0.9 0.  0.  1.3 1.2],0.08194687962532043
16,37,[1.3 0.  0.3 0.9 0.  0.  1.3 1.2],0.08198339119553566
16,38,[1.3 0.  0.3 0.9 0.  0.  1.3 1.2],0.08207326754927635
16,39,[1.3 0.1 0.2 0.9 0.  0.  1.3 1.2],0.08677483350038528
16,40,[1.3 0.  0.3 0.9 0.  0.  1.3 1.2],0.13485358282923698
16,41,[1.3 0.  0.3 0.9 0.  0.  1.3 1.2],0.13487816601991653
16,42,[1.3 0.  0.3 0.9 0.  0.  1.3 1.2],0.13488705456256866
16,43,[1.3 0.  0.3 0.9 0.  0.  1.3 1.2],0.13489513099193573
16,44,[1.3 0.  0.3 0.9 0.  0.  1.3 1.2],0.1348961442708969
16,45,[1.3 0.  0.3 0.9 0.  0.  1.3 1.2],0.13490112125873566
16,46,[1.3 0.  0.3 0.9 0.  0.  1.3 1.2],0.134905144572258
16,47,[1.3 0.  0.3 0.9 0.  0.  1.3 1.2],0.13490863144397736
16,48,[1.3 0.  0.3 0.9 0.  0.  1.3 1.2],0.1349119022488594
16,49,[1.3 0.  0.3 0.9 0.  0.  1.3 1.2],0.13491199165582657
16,50,[1.3 0.  0.3 0.9 0.  0.  1.3 1.2],0.13491511344909668
16,51,[1.3 0.  0.3 0.9 0.  0.  1.3 1.2],0.1349174976348877
16,52,[1.3 0.  0.3 0.9 0.  0.  1.3 1.2],0.13493066281080246
16,53,[1.3 0.  0.3 0.9 0.  0.  1.3 1.2],0.134932279586792
16,54,[1.3 0.  0.3 0.9 0.  0.  1.3 1.2],0.1349335014820099
16,55,[1.3 0.  0.3 0.9 0.  0.  1.3 1.2],0.13493405282497406
16,56,[1.3 0.  0.3 0.9 0.  0.  1.3 1.2],0.1349344328045845
16,57,[1.3 0.  0.3 0.9 0.  0.  1.3 1.2],0.134939506649971
16,58,[1.3 0.  0.3 0.9 0.  0.  1.3 1.2],0.13494094461202621
16,59,[1.3 0.  0.3 0.9 0.  0.  1.3 1.2],0.13494224846363068
16,60,[1.3 0.  0.3 0.9 0.  0.  1.3 1.2],0.13494402915239334
16,61,[1.3 0.  0.3 0.9 0.  0.  1.3 1.2],0.13494795560836792
16,62,[1.3 0.  0.3 0.9 0.  0.  1.3 1.2],0.1349487230181694
16,63,[1.3 0.  0.3 0.9 0.  0.  1.3 1.2],0.13494927436113358
16,64,[1.3 0.  0.3 0.9 0.  0.  1.3 1.2],0.13494937866926193
16,65,[1.3 0.  0.3 0.9 0.  0.  1.3 1.2],0.13495255261659622
16,66,[1.3 0.  0.3 0.9 0.  0.  1.3 1.2],0.13495517522096634
16,67,[1.3 0.  0.3 0.9 0.  0.  1.3 1.2],0.1349557489156723
16,68,[1.3 0.  0.3 0.9 0.  0.  1.3 1.2],0.13495825231075287
16,69,[1.3 0.  0.3 0.9 0.  0.  1.3 1.2],0.13495907932519913
16,70,[1.3 0.  0.3 0.9 0.  0.  1.3 1.2],0.13496007770299911
16,71,[1.3 0.  0.3 0.9 0.  0.  1.3 1.2],0.13496068865060806
16,72,[1.3 0.  0.3 0.9 0.  0.  1.3 1.2],0.13496077805757523
16,73,[1.3 0.  0.3 0.9 0.  0.  1.3 1.2],0.13496167212724686
16,74,[1.3 0.  0.3 0.9 0.  0.  1.3 1.2],0.13496198505163193
16,75,[1.3 0.  0.3 0.9 0.  0.  1.3 1.2],0.13496209681034088
16,76,[1.3 0.  0.3 0.9 0.  0.  1.3 1.2],0.1349623203277588
16,77,[1.3 0.  0.3 0.9 0.  0.  1.3 1.2],0.13496305793523788
16,78,[1.3 0.  0.3 0.9 0.  0.  1.3 1.2],0.1349632292985916
16,79,[1.3 0.  0.3 0.9 0.  0.  1.3 1.2],0.13496671617031097
16,80,[1.3 0.  0.3 0.9 0.  0.  1.3 1.2],0.13496945053339005
16,81,[1.3 0.  0.3 0.9 0.  0.  1.3 1.2],0.13496965914964676
16,82,[1.3 0.  0.3 0.9 0.  0.  1.3 1.2],0.13497259467840195
16,83,[1.3 0.  0.3 0.9 0.  0.  1.3 1.2],0.13497385382652283
16,84,[1.3 0.  0.3 0.9 0.  0.  1.3 1.2],0.1349738985300064
16,85,[1.3 0.  0.3 0.9 0.  0.  1.3 1.2],0.1349751129746437
16,86,[1.3 0.  0.3 0.9 0.  0.  1.3 1.2],0.13497549295425415
16,87,[1.3 0.  0.3 0.9 0.  0.  1.3 1.2],0.13497601449489594
16,88,[1.3 0.  0.3 0.9 0.  0.  1.3 1.2],0.13497711718082428
16,89,[1.3 0.  0.3 0.9 0.  0.  1.3 1.2],0.13497818261384964
16,90,[1.3 0.  0.3 0.9 0.  0.  1.3 1.2],0.13497839123010635
16,91,[1.3 0.  0.3 0.9 0.  0.  1.3 1.2],0.13498210161924362
16,92,[1.3 0.  0.3 0.9 0.  0.  1.3 1.2],0.13498444110155106
16,93,[1.3 0.  0.3 0.9 0.  0.  1.3 1.2],0.13498475402593613
16,94,[1.3 0.  0.3 0.9 0.  0.  1.3 1.2],0.13498476892709732
16,95,[1.3 0.  0.3 0.9 0.  0.  1.3 1.2],0.13498664647340775
16,96,[1.3 0.  0.3 0.9 0.  0.  1.3 1.2],0.13498713076114655
16,97,[1.3 0.  0.3 0.9 0.  0.  1.3 1.2],0.1349872201681137
16,98,[1.3 0.  0.3 0.9 0.  0.  1.3 1.2],0.13498838245868683
16,99,[1.3 0.  0.3 0.9 0.  0.  1.3 1.2],0.13498856872320175
16,100,[1.3 0.  0.3 0.9 0.  0.  1.3 1.2],0.13498858362436295
16,101,[1.3 0.  0.3 0.9 0.  0.  1.3 1.2],0.13498898595571518
16,102,[1.3 0.  0.3 0.9 0.  0.  1.3 1.2],0.13498909026384354
16,103,[1.3 0.  0.3 0.9 0.  0.  1.3 1.2],0.1349896416068077
16,104,[1.3 0.  0.3 0.9 0.  0.  1.3 1.2],0.1349901780486107
16,105,[1.3 0.  0.3 0.9 0.  0.  1.3 1.2],0.13499067723751068
16,106,[1.3 0.  0.3 0.9 0.  0.  1.3 1.2],0.13499083369970322
16,107,[1.3 0.  0.3 0.9 0.  0.  1.3 1.2],0.13499101251363754
16,108,[1.3 0.  0.3 0.9 0.  0.  1.3 1.2],0.1349925994873047
16,109,[1.3 0.  0.3 0.9 0.  0.  1.3 1.2],0.13499286770820618
16,110,[1.3 0.  0.3 0.9 0.  0.  1.3 1.2],0.13499312847852707
16,111,[1.3 0.  0.3 0.9 0.  0.  1.3 1.2],0.1349935531616211
16,112,[1.3 0.  0.3 0.9 0.  0.  1.3 1.2],0.13499439507722855
16,113,[1.3 0.  0.3 0.9 0.  0.  1.3 1.2],0.1349956914782524
16,114,[1.3 0.  0.3 0.9 0.  0.  1.3 1.2],0.1349959298968315
16,115,[1.3 0.  0.3 0.9 0.  0.  1.3 1.2],0.1349959522485733
16,116,[1.3 0.  0.3 0.9 0.  0.  1.3 1.2],0.13499769568443298
16,117,[1.3 0.  0.3 0.9 0.  0.  1.3 1.2],0.13499820232391357
16,118,[1.3 0.  0.3 0.9 0.  0.  1.3 1.2],0.13499950617551804
16,119,[1.3 0.  0.3 0.9 0.  0.  1.3 1.2],0.13499952107667923
16,120,[1.3 0.  0.3 0.9 0.  0.  1.3 1.2],0.13499996811151505
16,121,[1.3 0.  0.3 0.9 0.  0.  1.3 1.2],0.13500084728002548
16,122,[1.3 0.  0.3 0.9 0.  0.  1.3 1.2],0.1350012868642807
16,123,[1.3 0.  0.3 0.9 0.  0.  1.3 1.2],0.1350012943148613
16,124,[1.3 0.  0.3 0.9 0.  0.  1.3 1.2],0.1350032165646553
16,125,[1.3 0.  0.3 0.9 0.  0.  1.3 1.2],0.13500360399484634
16,126,[1.3 0.  0.3 0.9 0.  0.  1.3 1.2],0.1350046694278717
16,127,[1.3 0.  0.3 0.9 0.  0.  1.3 1.2],0.13500560075044632
16,128,[1.3 0.  0.3 0.9 0.  0.  1.3 1.2],0.1350056603550911
16,129,[1.3 0.  0.3 0.9 0.  0.  1.3 1.2],0.13500571995973587
16,130,[1.3 0.  0.3 0.9 0.  0.  1.3 1.2],0.13500577211380005
16,131,[1.3 0.  0.3 0.9 0.  0.  1.3 1.2],0.1350075975060463
16,132,[1.3 0.  0.3 0.9 0.  0.  1.3 1.2],0.13500820100307465
16,133,[1.3 0.  0.3 0.9 0.  0.  1.3 1.2],0.1350085362792015
16,134,[1.3 0.  0.3 0.9 0.  0.  1.3 1.2],0.13500893861055374
16,135,[1.3 0.  0.3 0.9 0.  0.  1.3 1.2],0.1350090429186821
16,136,[1.3 0.  0.3 0.9 0.  0.  1.3 1.2],0.13500936329364777
16,137,[1.3 0.  0.3 0.9 0.  0.  1.3 1.2],0.13500964641571045
16,138,[1.3 0.  0.3 0.9 0.  0.  1.3 1.2],0.13501129299402237
16,139,[1.3 0.  0.3 0.9 0.  0.  1.3 1.2],0.1350124403834343
16,140,[1.3 0.  0.3 0.9 0.  0.  1.3 1.2],0.13501376658678055
16,141,[1.3 0.  0.3 0.9 0.  0.  1.3 1.2],0.13501384109258652
16,142,[1.3 0.  0.3 0.9 0.  0.  1.3 1.2],0.13501433283090591
16,143,[1.3 0.  0.3 0.9 0.  0.  1.3 1.2],0.13501479476690292
16,144,[1.3 0.  0.3 0.9 0.  0.  1.3 1.2],0.13501541316509247
16,145,[1.3 0.  0.3 0.9 0.  0.  1.3 1.2],0.13501650840044022
16,146,[1.3 0.  0.3 0.9 0.  0.  1.3 1.2],0.1350167989730835
16,147,[1.3 0.  0.3 0.9 0.  0.  1.3 1.2],0.1350167989730835
16,148,[1.3 0.  0.3 0.9 0.  0.  1.3 1.2],0.1350170448422432
16,149,[1.3 0.  0.3 0.9 0.  0.  1.3 1.2],0.13501781970262527
16,150,[1.3 0.  0.3 0.9 0.  0.  1.3 1.2],0.13501904159784317
16,151,[1.3 0.  0.3 0.9 0.  0.  1.3 1.2],0.13501989096403122
16,152,[1.3 0.  0.3 0.9 0.  0.  1.3 1.2],0.13502062112092972
16,153,[1.3 0.  0.3 0.9 0.  0.  1.3 1.2],0.13502125442028046
16,154,[1.3 0.  0.3 0.9 0.  0.  1.3 1.2],0.13502142578363419
16,155,[1.3 0.  0.3 0.9 0.  0.  1.3 1.2],0.13502218574285507
16,156,[1.3 0.  0.3 0.9 0.  0.  1.3 1.2],0.1350223869085312
16,157,[1.3 0.  0.3 0.9 0.  0.  1.3 1.2],0.13502272218465805
16,158,[1.3 0.  0.3 0.9 0.  0.  1.3 1.2],0.1350233256816864
16,159,[1.3 0.  0.3 0.9 0.  0.  1.3 1.2],0.13502343744039536
16,160,[1.3 0.  0.3 0.9 0.  0.  1.3 1.2],0.1350240558385849
16,161,[1.3 0.  0.3 0.9 0.  0.  1.3 1.2],0.13502409309148788
16,162,[1.3 0.  0.3 0.9 0.  0.  1.3 1.2],0.13502467423677444
16,163,[1.3 0.  0.3 0.9 0.  0.  1.3 1.2],0.1350250095129013
16,164,[1.3 0.  0.3 0.9 0.  0.  1.3 1.2],0.13502506911754608
16,165,[1.3 0.  0.3 0.9 0.  0.  1.3 1.2],0.135026216506958
16,166,[1.3 0.  0.3 0.9 0.  0.  1.3 1.2],0.13502812385559082
16,167,[1.3 0.  0.3 0.9 0.  0.  1.3 1.2],0.13502826541662216
16,168,[1.3 0.  0.3 0.9 0.  0.  1.3 1.2],0.13502954691648483
16,169,[1.3 0.  0.3 0.9 0.  0.  1.3 1.2],0.13503018766641617
16,170,[1.3 0.  0.3 0.9 0.  0.  1.3 1.2],0.13503053784370422
16,171,[1.3 0.  0.3 0.9 0.  0.  1.3 1.2],0.13503161817789078
16,172,[1.3 0.  0.3 0.9 0.  0.  1.3 1.2],0.13503164798021317
16,173,[1.3 0.  0.3 0.9 0.  0.  1.3 1.2],0.13503213971853256
16,174,[1.3 0.  0.3 0.9 0.  0.  1.3 1.2],0.13503485918045044
16,175,[1.3 0.  0.3 0.9 0.  0.  1.3 1.2],0.13503500074148178
16,176,[1.3 0.  0.3 0.9 0.  0.  1.3 1.2],0.13503523543477058
16,177,[1.3 0.  0.3 0.9 0.  0.  1.3 1.2],0.13503602147102356
16,178,[1.3 0.  0.3 0.9 0.  0.  1.3 1.2],0.13503647595643997
16,179,[1.3 0.  0.3 0.9 0.  0.  1.3 1.2],0.1350366696715355
16,180,[1.3 0.  0.3 0.9 0.  0.  1.3 1.2],0.135037399828434
16,181,[1.3 0.  0.3 0.9 0.  0.  1.3 1.2],0.13503797352313995
16,182,[1.3 0.  0.3 0.9 0.  0.  1.3 1.2],0.13503848016262054
16,183,[1.3 0.  0.3 0.9 0.  0.  1.3 1.2],0.13503944128751755
16,184,[1.3 0.  0.3 0.9 0.  0.  1.3 1.2],0.13504008948802948
16,185,[1.3 0.  0.3 0.9 0.  0.  1.3 1.2],0.1350405141711235
16,186,[1.3 0.  0.3 0.9 0.  0.  1.3 1.2],0.1350405588746071
16,187,[1.3 0.  0.3 0.9 0.  0.  1.3 1.2],0.13504094630479813
16,188,[1.3 0.  0.3 0.9 0.  0.  1.3 1.2],0.13504138588905334
16,189,[1.3 0.  0.3 0.9 0.  0.  1.3 1.2],0.13504154980182648
16,190,[1.3 0.  0.3 0.9 0.  0.  1.3 1.2],0.13504169881343842
16,191,[1.3 0.  0.3 0.9 0.  0.  1.3 1.2],0.13504232466220856
16,192,[1.3 0.  0.3 0.9 0.  0.  1.3 1.2],0.13504307717084885
16,193,[1.3 0.  0.3 0.9 0.  0.  1.3 1.2],0.1350431814789772
16,194,[1.3 0.  0.3 0.9 0.  0.  1.3 1.2],0.1350436583161354
16,195,[1.3 0.  0.3 0.9 0.  0.  1.3 1.2],0.13504409790039062
16,196,[1.3 0.  0.3 0.9 0.  0.  1.3 1.2],0.1350446119904518
16,197,[1.3 0.  0.3 0.9 0.  0.  1.3 1.2],0.13504619896411896
16,198,[1.3 0.  0.3 0.9 0.  0.  1.3 1.2],0.13504672795534134
16,199,[1.3 0.  0.3 0.9 0.  0.  1.3 1.2],0.13504765927791595
16,200,[1.3 0.  0.3 0.9 0.  0.  1.3 1.2],0.13504930585622787
16,201,[1.3 0.  0.3 0.9 0.  0.  1.3 1.2],0.13504935055971146
16,202,[1.3 0.  0.3 0.9 0.  0.  1.3 1.2],0.13505002856254578
16,203,[1.3 0.  0.3 0.9 0.  0.  1.3 1.2],0.1350504383444786
16,204,[1.3 0.  0.3 0.9 0.  0.  1.3 1.2],0.1350521519780159
16,205,[1.3 0.  0.3 0.9 0.  0.  1.3 1.2],0.1350524052977562
16,206,[1.3 0.  0.3 0.9 0.  0.  1.3 1.2],0.13505353033542633
16,207,[1.3 0.  0.3 0.9 0.  0.  1.3 1.2],0.13505375385284424
16,208,[1.3 0.  0.3 0.9 0.  0.  1.3 1.2],0.135053813457489
16,209,[1.3 0.  0.3 0.9 0.  0.  1.3 1.2],0.13505400717258453
16,210,[1.3 0.  0.3 0.9 0.  0.  1.3 1.2],0.1350540891289711
16,211,[1.3 0.  0.3 0.9 0.  0.  1.3 1.2],0.13505426049232483
16,212,[1.3 0.  0.3 0.9 0.  0.  1.3 1.2],0.13505465537309647
16,213,[1.3 0.  0.3 0.9 0.  0.  1.3 1.2],0.13505524396896362
16,214,[1.3 0.  0.3 0.9 0.  0.  1.3 1.2],0.1350553259253502
16,215,[1.3 0.  0.3 0.9 0.  0.  1.3 1.2],0.13505593687295914
16,216,[1.3 0.  0.3 0.9 0.  0.  1.3 1.2],0.13505743443965912
16,217,[1.3 0.  0.3 0.9 0.  0.  1.3 1.2],0.13505785167217255
16,218,[1.3 0.  0.3 0.9 0.  0.  1.3 1.2],0.13505787402391434
16,219,[1.3 0.  0.3 0.9 0.  0.  1.3 1.2],0.1350579634308815
16,220,[1.3 0.  0.3 0.9 0.  0.  1.3 1.2],0.1350579857826233
16,221,[1.3 0.  0.3 0.9 0.  0.  1.3 1.2],0.13505835086107254
16,222,[1.3 0.  0.3 0.9 0.  0.  1.3 1.2],0.13505848497152328
16,223,[1.3 0.  0.3 0.9 0.  0.  1.3 1.2],0.13505863398313522
16,224,[1.3 0.  0.3 0.9 0.  0.  1.3 1.2],0.1350598707795143
16,225,[1.3 0.  0.3 0.9 0.  0.  1.3 1.2],0.13506092876195908
16,226,[1.3 0.  0.3 0.9 0.  0.  1.3 1.2],0.13506148010492325
16,227,[1.3 0.  0.3 0.9 0.  0.  1.3 1.2],0.13506177812814713
16,228,[1.3 0.  0.3 0.9 0.  0.  1.3 1.2],0.13506226986646652
16,229,[1.3 0.  0.3 0.9 0.  0.  1.3 1.2],0.135062575340271
16,230,[1.3 0.  0.3 0.9 0.  0.  1.3 1.2],0.13506265729665756
16,231,[1.3 0.  0.3 0.9 0.  0.  1.3 1.2],0.1350627988576889
16,232,[1.3 0.  0.3 0.9 0.  0.  1.3 1.2],0.1350635439157486
16,233,[1.3 0.  0.3 0.9 0.  0.  1.3 1.2],0.13506357371807098
16,234,[1.3 0.  0.3 0.9 0.  0.  1.3 1.2],0.13506372272968292
16,235,[1.3 0.  0.3 0.9 0.  0.  1.3 1.2],0.1350639909505844
16,236,[1.3 0.  0.3 0.9 0.  0.  1.3 1.2],0.13506436347961426
16,237,[1.3 0.  0.3 0.9 0.  0.  1.3 1.2],0.1350645050406456
16,238,[1.3 0.  0.3 0.9 0.  0.  1.3 1.2],0.13506455719470978
16,239,[1.3 0.  0.3 0.9 0.  0.  1.3 1.2],0.13506478816270828
16,240,[1.3 0.  0.3 0.9 0.  0.  1.3 1.2],0.13506482541561127
16,241,[1.3 0.  0.3 0.9 0.  0.  1.3 1.2],0.13506564497947693
16,242,[1.3 0.  0.3 0.9 0.  0.  1.3 1.2],0.1350659877061844
16,243,[1.3 0.  0.3 0.9 0.  0.  1.3 1.2],0.13506612181663513
16,244,[1.3 0.  0.3 0.9 0.  0.  1.3 1.2],0.13506654649972916
16,245,[1.3 0.  0.3 0.9 0.  0.  1.3 1.2],0.1350666880607605
16,246,[1.3 0.  0.3 0.9 0.  0.  1.3 1.2],0.135066956281662
16,247,[1.3 0.  0.3 0.9 0.  0.  1.3 1.2],0.1350671425461769
16,248,[1.3 0.  0.3 0.9 0.  0.  1.3 1.2],0.13506745547056198
16,249,[1.3 0.  0.3 0.9 0.  0.  1.3 1.2],0.13506773114204407
16,250,[1.3 0.  0.3 0.9 0.  0.  1.3 1.2],0.13506793975830078
16,251,[1.3 0.  0.3 0.9 0.  0.  1.3 1.2],0.13506846129894257
16,252,[1.3 0.  0.3 0.9 0.  0.  1.3 1.2],0.13506903499364853
16,253,[1.3 0.  0.3 0.9 0.  0.  1.3 1.2],0.135069377720356
16,254,[1.3 0.  0.3 0.9 0.  0.  1.3 1.2],0.13506995141506195
16,255,[1.3 0.  0.3 0.9 0.  0.  1.3 1.2],0.13507018238306046
16,256,[1.3 0.  0.3 0.9 0.  0.  1.3 1.2],0.13507192581892014
16,257,[1.3 0.  0.3 0.9 0.  0.  1.3 1.2],0.1350727118551731
16,258,[1.3 0.  0.3 0.9 0.  0.  1.3 1.2],0.13507366180419922
16,259,[1.3 0.  0.3 0.9 0.  0.  1.3 1.2],0.13507377356290817
16,260,[1.3 0.  0.3 0.9 0.  0.  1.3 1.2],0.13507401198148727
16,261,[1.3 0.  0.3 0.9 0.  0.  1.3 1.2],0.13507404178380966
16,262,[1.3 0.  0.3 0.9 0.  0.  1.3 1.2],0.13507473468780518
16,263,[1.3 0.  0.3 0.9 0.  0.  1.3 1.2],0.13507510721683502
16,264,[1.3 0.  0.3 0.9 0.  0.  1.3 1.2],0.13507553935050964
16,265,[1.3 0.  0.3 0.9 0.  0.  1.3 1.2],0.13507618755102158
16,266,[1.3 0.  0.3 0.9 0.  0.  1.3 1.2],0.13507647067308426
16,267,[1.3 0.  0.3 0.9 0.  0.  1.3 1.2],0.13507704436779022
16,268,[1.3 0.  0.3 0.9 0.  0.  1.3 1.2],0.135077066719532
16,269,[1.3 0.  0.3 0.9 0.  0.  1.3 1.2],0.13507916778326035
16,270,[1.3 0.  0.3 0.9 0.  0.  1.3 1.2],0.1350797712802887
16,271,[1.3 0.  0.3 0.9 0.  0.  1.3 1.2],0.13507980853319168
16,272,[1.3 0.  0.3 0.9 0.  0.  1.3 1.2],0.1350809447467327
16,273,[1.3 0.  0.3 0.9 0.  0.  1.3 1.2],0.13508214056491852
16,274,[1.3 0.  0.3 0.9 0.  0.  1.3 1.2],0.13508261740207672
16,275,[1.3 0.  0.3 0.9 0.  0.  1.3 1.2],0.1350836232304573
16,276,[1.3 0.  0.3 0.9 0.  0.  1.3 1.2],0.1350843459367752
16,277,[1.3 0.  0.3 0.9 0.  0.  1.3 1.2],0.13508619368076324
16,278,[1.3 0.  0.3 0.9 0.  0.  1.3 1.2],0.1350863352417946
16,279,[1.3 0.  0.3 0.9 0.  0.  1.3 1.2],0.13508662581443787
16,280,[1.3 0.  0.3 0.9 0.  0.  1.3 1.2],0.13508711010217667
16,281,[1.3 0.  0.3 0.9 0.  0.  1.3 1.2],0.13508734852075577
16,282,[1.3 0.  0.3 0.9 0.  0.  1.3 1.2],0.135088711977005
16,283,[1.3 0.  0.3 0.9 0.  0.  1.3 1.2],0.13508984819054604
16,284,[1.3 0.  0.3 0.9 0.  0.  1.3 1.2],0.13509006798267365
16,285,[1.3 0.  0.3 0.9 0.  0.  1.3 1.2],0.13509031385183334
16,286,[1.3 0.  0.3 0.9 0.  0.  1.3 1.2],0.13509056717157364
16,287,[1.3 0.  0.3 0.9 0.  0.  1.3 1.2],0.1350909098982811
16,288,[1.3 0.  0.3 0.9 0.  0.  1.3 1.2],0.1350913643836975
16,289,[1.3 0.  0.3 0.9 0.  0.  1.3 1.2],0.1350918635725975
16,290,[1.3 0.  0.3 0.9 0.  0.  1.3 1.2],0.13509249687194824
16,291,[1.3 0.  0.3 0.9 0.  0.  1.3 1.2],0.13509280234575272
16,292,[1.3 0.  0.3 0.9 0.  0.  1.3 1.2],0.1350928619503975
16,293,[1.3 0.  0.3 0.9 0.  0.  1.3 1.2],0.13509304821491241
16,294,[1.3 0.  0.3 0.9 0.  0.  1.3 1.2],0.13509347289800644
16,295,[1.3 0.  0.3 0.9 0.  0.  1.3 1.2],0.1350945383310318
16,296,[1.3 0.  0.3 0.9 0.  0.  1.3 1.2],0.13509509712457657
16,297,[1.3 0.  0.3 0.9 0.  0.  1.3 1.2],0.13509594649076462
16,298,[1.3 0.  0.3 0.9 0.  0.  1.3 1.2],0.13509801030158997
16,299,[1.3 0.  0.3 0.9 0.  0.  1.3 1.2],0.13509855419397354
16,300,[1.3 0.  0.3 0.9 0.  0.  1.3 1.2],0.1350991651415825
16,301,[1.3 0.  0.3 0.9 0.  0.  1.3 1.2],0.13510053604841232
16,302,[1.3 0.  0.3 0.9 0.  0.  1.3 1.2],0.13510098308324814
16,303,[1.3 0.  0.3 0.9 0.  0.  1.3 1.2],0.13510144129395485
16,304,[1.3 0.  0.3 0.9 0.  0.  1.3 1.2],0.13510169833898544
16,305,[1.3 0.  0.3 0.9 0.  0.  1.3 1.2],0.13510235399007797
16,306,[1.3 0.  0.3 0.9 0.  0.  1.3 1.2],0.13510265946388245
16,307,[1.3 0.  0.3 0.9 0.  0.  1.3 1.2],0.13510306179523468
16,308,[1.3 0.  0.3 0.9 0.  0.  1.3 1.2],0.1351039558649063
16,309,[1.3 0.  0.3 0.9 0.  0.  1.3 1.2],0.13510452955961227
16,310,[1.3 0.  0.3 0.9 0.  0.  1.3 1.2],0.13510628044605255
16,311,[1.3 0.  0.3 0.9 0.  0.  1.3 1.2],0.13510644808411598
16,312,[1.3 0.  0.3 0.9 0.  0.  1.3 1.2],0.1351066455245018
16,313,[1.3 0.  0.3 0.9 0.  0.  1.3 1.2],0.13510674238204956
16,314,[1.3 0.  0.3 0.9 0.  0.  1.3 1.2],0.13510762155056
16,315,[1.3 0.  0.3 0.9 0.  0.  1.3 1.2],0.13510771468281746
16,316,[1.3 0.  0.3 0.9 0.  0.  1.3 1.2],0.13510803133249283
16,317,[1.3 0.  0.3 0.9 0.  0.  1.3 1.2],0.1351088285446167
16,318,[1.3 0.  0.3 0.9 0.  0.  1.3 1.2],0.13511063158512115
16,319,[1.3 0.  0.3 0.9 0.  0.  1.3 1.2],0.13511117547750473
16,320,[1.3 0.  0.3 0.9 0.  0.  1.3 1.2],0.13511312752962112
16,321,[1.3 0.  0.3 0.9 0.  0.  1.3 1.2],0.1351131573319435
16,322,[1.3 0.  0.3 0.9 0.  0.  1.3 1.2],0.1351131573319435
16,323,[1.3 0.  0.3 0.9 0.  0.  1.3 1.2],0.13511376082897186
16,324,[1.3 0.  0.3 0.9 0.  0.  1.3 1.2],0.13511653244495392
16,325,[1.3 0.  0.3 0.9 0.  0.  1.3 1.2],0.1351170837879181
16,326,[1.3 0.  0.3 0.9 0.  0.  1.3 1.2],0.13511769473552704
16,327,[1.3 0.  0.3 0.9 0.  0.  1.3 1.2],0.13511914759874344
16,328,[1.3 0.  0.3 0.9 0.  0.  1.3 1.2],0.1351202428340912
16,329,[1.3 0.  0.3 0.9 0.  0.  1.3 1.2],0.13512063771486282
16,330,[1.3 0.  0.3 0.9 0.  0.  1.3 1.2],0.13512224704027176
16,331,[1.3 0.  0.3 0.9 0.  0.  1.3 1.2],0.13512524962425232
16,332,[1.3 0.  0.3 0.9 0.  0.  1.3 1.2],0.13512546569108963
16,333,[1.3 0.  0.3 0.9 0.  0.  1.3 1.2],0.13512573391199112
16,334,[1.3 0.  0.3 0.9 0.  0.  1.3 1.2],0.13512615859508514
16,335,[1.3 0.  0.3 0.9 0.  0.  1.3 1.2],0.13512984663248062
16,336,[1.3 0.  0.3 0.9 0.  0.  1.3 1.2],0.13513125479221344
16,337,[1.3 0.  0.3 0.9 0.  0.  1.3 1.2],0.13513126969337463
16,338,[1.3 0.  0.3 0.9 0.  0.  1.3 1.2],0.1351339966058731
16,339,[1.3 0.  0.3 0.9 0.  0.  1.3 1.2],0.13513436913490295
16,340,[1.3 0.  0.3 0.9 0.  0.  1.3 1.2],0.1351349577307701
16,341,[1.3 0.  0.3 0.9 0.  0.  1.3 1.2],0.13513753563165665
16,342,[1.3 0.  0.3 0.9 0.  0.  1.3 1.2],0.1351376324892044
16,343,[1.3 0.  0.3 0.9 0.  0.  1.3 1.2],0.13513775914907455
16,344,[1.3 0.  0.3 0.9 0.  0.  1.3 1.2],0.135137889534235
16,345,[1.3 0.  0.3 0.9 0.  0.  1.3 1.2],0.13513807207345963
16,346,[1.3 0.  0.3 0.9 0.  0.  1.3 1.2],0.1351381465792656
16,347,[1.3 0.  0.3 0.9 0.  0.  1.3 1.2],0.13513844460248947
16,348,[1.3 0.  0.3 0.9 0.  0.  1.3 1.2],0.13513849675655365
16,349,[1.3 0.  0.3 0.9 0.  0.  1.3 1.2],0.13513872772455215
16,350,[1.3 0.  0.3 0.9 0.  0.  1.3 1.2],0.1351407691836357
16,351,[1.3 0.  0.3 0.9 0.  0.  1.3 1.2],0.13514132797718048
16,352,[1.3 0.  0.3 0.9 0.  0.  1.3 1.2],0.1351480856537819
16,353,[1.3 0.  0.3 0.9 0.  0.  1.3 1.2],0.13514920324087143
16,354,[1.3 0.  0.3 0.9 0.  0.  1.3 1.2],0.13514959812164307
16,355,[1.3 0.  0.3 0.9 0.  0.  1.3 1.2],0.13515424728393555
16,356,[1.3 0.  0.3 0.9 0.  0.  1.3 1.2],0.1351568102836609
16,357,[1.3 0.  0.3 0.9 0.  0.  1.3 1.2],0.1351580172777176
16,358,[1.3 0.  0.3 0.9 0.  0.  1.3 1.2],0.1351606398820877
16,359,[1.3 0.  0.3 0.9 0.  0.  1.3 1.2],0.13516324013471603
16,360,[1.3 0.  0.3 0.9 0.  0.  1.3 1.2],0.1351662501692772
16,361,[1.3 0.  0.3 0.9 0.  0.  1.3 1.2],0.1351662576198578
16,362,[1.3 0.  0.3 0.9 0.  0.  1.3 1.2],0.1351667121052742
16,363,[1.3 0.  0.3 0.9 0.  0.  1.3 1.2],0.13516926020383835
16,364,[1.3 0.  0.3 0.9 0.  0.  1.3 1.2],0.13517411053180695
16,365,[1.3 0.  0.3 0.9 0.  0.  1.3 1.2],0.1351771429181099
16,366,[1.3 0.  0.3 0.9 0.  0.  1.3 1.2],0.13518425077199936
16,367,[1.3 0.  0.3 0.9 0.  0.  1.3 1.2],0.1351861134171486
16,368,[1.3 0.  0.3 0.9 0.  0.  1.3 1.2],0.1351919248700142
16,369,[1.3 0.  0.3 0.9 0.  0.  1.3 1.2],0.13519465923309326
16,370,[1.3 0.  0.3 0.9 0.  0.  1.3 1.2],0.13519630581140518
16,371,[1.3 0.  0.3 0.9 0.  0.  1.3 1.2],0.13520648330450058
16,372,[1.3 0.  0.3 0.9 0.  0.  1.3 1.2],0.13520746305584908
16,373,[1.3 0.  0.3 0.9 0.  0.  1.3 1.2],0.135224848985672
16,374,[1.3 0.  0.3 0.9 0.  0.  1.3 1.2],0.13523295521736145
16,375,[1.3 0.  0.3 0.9 0.  0.  1.3 1.2],0.13526279851794243
16,376,[1.3 0.  0.3 0.9 0.  0.  1.3 1.2],0.1352989710867405
16,377,[1.3 0.1 0.2 0.9 0.  0.  1.3 0.4],0.13619016110897064
16,378,[1.3 0.1 0.2 0.9 0.  0.  1.3 0.4],0.13632041215896606
16,379,[1.3 0.1 0.2 0.9 0.  0.  1.3 0.4],0.1363498792052269
16,380,[1.3 0.1 0.2 0.9 0.  0.  1.3 0.4],0.13635306805372238
16,381,[1.3 0.1 0.2 0.9 0.  0.  1.3 0.4],0.1363806426525116
16,382,[1.3 0.1 0.2 0.9 0.  0.  1.3 0.4],0.13643574714660645
16,383,[1.3 0.1 0.2 0.9 0.  0.  1.3 1.2],0.13693303614854813
16,384,[1.3 0.1 0.2 0.9 0.  0.  1.3 1.2],0.13698726147413254
16,385,[1.3 0.1 0.2 0.9 0.  0.  1.3 1.2],0.13698729872703552
16,386,[1.3 0.1 0.2 0.9 0.  0.  1.3 1.2],0.1369914412498474
16,387,[1.3 0.1 0.2 0.9 0.  0.  1.3 1.2],0.13699521869421005
16,388,[1.3 0.1 0.2 0.9 0.  0.  1.3 1.2],0.13699912279844284
16,389,[1.3 0.1 0.2 0.9 0.  0.  1.3 1.2],0.13700609654188156
16,390,[1.3 0.1 0.2 0.9 0.  0.  1.3 1.2],0.1370081901550293
16,391,[1.3 0.1 0.2 0.9 0.  0.  1.3 1.2],0.1370246559381485
16,392,[1.3 0.1 0.2 0.9 0.  0.  1.3 1.2],0.1370270699262619
16,393,[1.3 0.1 0.2 0.9 0.  0.  1.3 1.2],0.13702943176031113
16,394,[1.3 0.1 0.2 0.9 0.  0.  1.3 1.2],0.13703934848308563
16,395,[1.3 0.1 0.2 0.9 0.  0.  1.3 1.2],0.13704071938991547
16,396,[1.3 0.1 0.2 0.9 0.  0.  1.3 1.2],0.1370462328195572
16,397,[1.3 0.1 0.2 0.9 0.  0.  1.3 1.2],0.13704726845026016
16,398,[1.3 0.1 0.2 0.9 0.  0.  1.3 1.2],0.13704755157232285
16,399,[1.3 0.1 0.2 0.9 0.  0.  1.3 1.2],0.13704855740070343
16,400,[1.3 0.1 0.2 0.9 0.  0.  1.3 1.2],0.13704977184534073
16,401,[1.3 0.1 0.2 0.9 0.  0.  1.3 1.2],0.1370508149266243
16,402,[1.3 0.1 0.2 0.9 0.  0.  1.3 1.2],0.1370556354522705
16,403,[1.3 0.1 0.2 0.9 0.  0.  1.3 1.2],0.13705641776323318
16,404,[1.3 0.1 0.2 0.9 0.  0.  1.3 1.2],0.1370573565363884
16,405,[1.3 0.1 0.2 0.9 0.  0.  1.3 1.2],0.13706224411725998
16,406,[1.3 0.1 0.2 0.9 0.  0.  1.3 1.2],0.13706602156162262
16,407,[1.3 0.1 0.2 0.9 0.  0.  1.3 1.2],0.13706818222999573
16,408,[1.3 0.1 0.2 0.9 0.  0.  1.3 1.2],0.13707095384597778
16,409,[1.3 0.1 0.2 0.9 0.  0.  1.3 1.2],0.13707097619771957
16,410,[1.3 0.1 0.2 0.9 0.  0.  1.3 1.2],0.137071430683136
16,411,[1.3 0.1 0.2 0.9 0.  0.  1.3 1.2],0.1370750591158867
16,412,[1.3 0.1 0.2 0.9 0.  0.  1.3 1.2],0.13707809895277023
16,413,[1.3 0.1 0.2 0.9 0.  0.  1.3 1.2],0.13708331435918808
16,414,[1.3 0.1 0.2 0.9 0.  0.  1.3 1.2],0.13708995282649994
16,415,[1.3 0.1 0.2 0.9 0.  0.  1.3 1.2],0.13709121942520142
16,416,[1.3 0.1 0.2 0.9 0.  0.  1.3 1.2],0.13709139823913574
16,417,[1.3 0.1 0.2 0.9 0.  0.  1.3 1.2],0.13709186017513275
16,418,[1.3 0.1 0.2 0.9 0.  0.  1.3 1.2],0.13709616661071777
16,419,[1.3 0.1 0.2 0.9 0.  0.  1.3 1.2],0.1370965614914894
16,420,[1.3 0.1 0.2 0.9 0.  0.  1.3 1.2],0.13710156828165054
16,421,[1.3 0.1 0.2 0.9 0.  0.  1.3 1.2],0.1371026337146759
16,422,[1.3 0.1 0.2 0.9 0.  0.  1.3 1.2],0.13710607588291168
16,423,[1.3 0.1 0.2 0.9 0.  0.  1.3 1.2],0.13710658252239227
16,424,[1.3 0.1 0.2 0.9 0.  0.  1.3 1.2],0.1371108591556549
16,425,[1.3 0.1 0.2 0.9 0.  0.  1.3 1.2],0.1371116265654564
16,426,[1.3 0.1 0.2 0.9 0.  0.  1.3 1.2],0.13711246848106384
16,427,[1.3 0.1 0.2 0.9 0.  0.  1.3 1.2],0.13711272925138474
16,428,[1.3 0.1 0.2 0.9 0.  0.  1.3 1.2],0.13711396604776382
16,429,[1.3 0.1 0.2 0.9 0.  0.  1.3 1.2],0.1371139958500862
16,430,[1.3 0.1 0.2 0.9 0.  0.  1.3 1.2],0.13711437582969666
16,431,[1.3 0.1 0.2 0.9 0.  0.  1.3 1.2],0.13711591809988022
16,432,[1.3 0.1 0.2 0.9 0.  0.  1.3 1.2],0.13711640238761902
16,433,[1.3 0.1 0.2 0.9 0.  0.  1.3 1.2],0.13712232559919357
16,434,[1.3 0.1 0.2 0.9 0.  0.  1.3 1.2],0.13712404668331146
16,435,[1.3 0.1 0.2 0.9 0.  0.  1.3 1.2],0.13712459802627563
16,436,[1.3 0.1 0.2 0.9 0.  0.  1.3 1.2],0.1371275559067726
16,437,[1.3 0.1 0.2 0.9 0.  0.  1.3 1.2],0.13712793588638306
16,438,[1.3 0.1 0.2 0.9 0.  0.  1.3 1.2],0.13712862133979797
16,439,[1.3 0.1 0.2 0.9 0.  0.  1.3 1.2],0.13713013380765915
16,440,[1.3 0.1 0.2 0.9 0.  0.  1.3 1.2],0.1371311917901039
16,441,[1.3 0.1 0.2 0.9 0.  0.  1.3 1.2],0.13713233172893524
16,442,[1.3 0.1 0.2 0.9 0.  0.  1.3 1.2],0.137134850025177
16,443,[1.3 0.1 0.2 0.9 0.  0.  1.3 1.2],0.13713695108890533
16,444,[1.3 0.1 0.2 0.9 0.  0.  1.3 1.2],0.13714037835597992
16,445,[1.3 0.1 0.2 0.9 0.  0.  1.3 1.2],0.13714145123958588
16,446,[1.3 0.1 0.2 0.9 0.  0.  1.3 1.2],0.13714203238487244
16,447,[1.3 0.1 0.2 0.9 0.  0.  1.3 1.2],0.13714226335287094
16,448,[1.3 0.1 0.2 0.9 0.  0.  1.3 1.2],0.1371423751115799
16,449,[1.3 0.1 0.2 0.9 0.  0.  1.3 1.2],0.1371423825621605
16,450,[1.3 0.1 0.2 0.9 0.  0.  1.3 1.2],0.1371426358819008
16,451,[1.3 0.1 0.2 0.9 0.  0.  1.3 1.2],0.13714449852705002
16,452,[1.3 0.1 0.2 0.9 0.  0.  1.3 1.2],0.1371484324336052
16,453,[1.3 0.1 0.2 0.9 0.  0.  1.3 1.2],0.13715211302042007
16,454,[1.3 0.1 0.2 0.9 0.  0.  1.3 1.2],0.13715245574712753
16,455,[1.3 0.1 0.2 0.9 0.  0.  1.3 1.2],0.13715247064828873
16,456,[1.3 0.1 0.2 0.9 0.  0.  1.3 1.2],0.1371530219912529
16,457,[1.3 0.1 0.2 0.9 0.  0.  1.3 1.2],0.13715342432260513
16,458,[1.3 0.1 0.2 0.9 0.  0.  1.3 1.2],0.13715407997369766
16,459,[1.3 0.1 0.2 0.9 0.  0.  1.3 1.2],0.13715819269418716
16,460,[1.3 0.1 0.2 0.9 0.  0.  1.3 1.2],0.1371593400835991
16,461,[1.3 0.1 0.2 0.9 0.  0.  1.3 1.2],0.13715936988592148
16,462,[1.3 0.1 0.2 0.9 0.  0.  1.3 1.2],0.1371605321764946
16,463,[1.3 0.1 0.2 0.9 0.  0.  1.3 1.2],0.13716138899326324
16,464,[1.3 0.1 0.2 0.9 0.  0.  1.3 1.2],0.13716360926628113
16,465,[1.3 0.1 0.2 0.9 0.  0.  1.3 1.2],0.13716377317905426
16,466,[1.3 0.1 0.2 0.9 0.  0.  1.3 1.2],0.1371675208210945
16,467,[1.3 0.1 0.2 0.9 0.  0.  1.3 1.2],0.13717049360275269
16,468,[1.3 0.1 0.2 0.9 0.  0.  1.3 1.2],0.1371724158525467
16,469,[1.3 0.1 0.2 0.9 0.  0.  1.3 1.2],0.13717280328273773
16,470,[1.3 0.1 0.2 0.9 0.  0.  1.3 1.2],0.1371733844280243
16,471,[1.3 0.1 0.2 0.9 0.  0.  1.3 1.2],0.13717489689588547
16,472,[1.3 0.1 0.2 0.9 0.  0.  1.3 1.2],0.13717631995677948
16,473,[1.3 0.1 0.2 0.9 0.  0.  1.3 1.2],0.13717973977327347
16,474,[1.3 0.1 0.2 0.9 0.  0.  1.3 1.2],0.13718429952859879
16,475,[1.3 0.1 0.2 0.9 0.  0.  1.3 1.2],0.13718440383672714
16,476,[1.3 0.1 0.2 0.9 0.  0.  1.3 1.2],0.1371876299381256
16,477,[1.3 0.1 0.2 0.9 0.  0.  1.3 1.2],0.13718901574611664
16,478,[1.3 0.1 0.2 0.9 0.  0.  1.3 1.2],0.13719070702791214
16,479,[1.3 0.1 0.2 0.9 0.  0.  1.3 1.2],0.137193962931633
16,480,[1.3 0.1 0.2 0.9 0.  0.  1.3 1.2],0.13719458878040314
16,481,[1.3 0.1 0.2 0.9 0.  0.  1.3 1.2],0.13719592988491058
16,482,[1.3 0.1 0.2 0.9 0.  0.  1.3 1.2],0.13719627261161804
16,483,[1.3 0.1 0.2 0.9 0.  0.  1.3 1.2],0.13719703257083893
16,484,[1.3 0.1 0.2 0.9 0.  0.  1.3 1.2],0.13719961047172546
16,485,[1.3 0.1 0.2 0.9 0.  0.  1.3 1.2],0.13720006495714188
16,486,[1.3 0.1 0.2 0.9 0.  0.  1.3 1.2],0.1372028887271881
16,487,[1.3 0.1 0.2 0.9 0.  0.  1.3 1.2],0.137203611433506
16,488,[1.3 0.1 0.2 0.9 0.  0.  1.3 1.2],0.1372036188840866
16,489,[1.3 0.1 0.2 0.9 0.  0.  1.3 1.2],0.13720689713954926
16,490,[1.3 0.1 0.2 0.9 0.  0.  1.3 1.2],0.13720694929361343
16,491,[1.3 0.1 0.2 0.9 0.  0.  1.3 1.2],0.13720708340406418
16,492,[1.3 0.1 0.2 0.9 0.  0.  1.3 1.2],0.13721439987421036
16,493,[1.3 0.1 0.2 0.9 0.  0.  1.3 1.2],0.1372145637869835
16,494,[1.3 0.1 0.2 0.9 0.  0.  1.3 1.2],0.13722015917301178
16,495,[1.3 0.1 0.2 0.9 0.  0.  1.3 1.2],0.13722093403339386
16,496,[1.3 0.1 0.2 0.9 0.  0.  1.3 1.2],0.13722218573093414
16,497,[1.3 0.1 0.2 0.9 0.  0.  1.3 1.2],0.13722612708806992
16,498,[1.3 0.1 0.2 0.9 0.  0.  1.3 1.2],0.1372266709804535
16,499,[1.3 0.1 0.2 0.9 0.  0.  1.3 1.2],0.1372302919626236
16,500,[1.3 0.1 0.2 0.9 0.  0.  1.3 1.2],0.13723070174455643
16,501,[1.3 0.1 0.2 0.9 0.  0.  1.3 1.2],0.13724244385957718
16,502,[1.3 0.1 0.2 0.9 0.  0.  1.3 1.2],0.1372530162334442
16,503,[1.3 0.1 0.2 0.9 0.  0.  1.3 1.2],0.13725824654102325
16,504,[1.3 0.1 0.2 0.9 0.  0.  1.3 1.2],0.1372603103518486
16,505,[1.3 0.1 0.2 0.9 0.  0.  1.3 1.2],0.1372622326016426
16,506,[1.3 0.1 0.2 0.9 0.  0.  1.3 1.2],0.13726450502872467
16,507,[1.3 0.1 0.2 0.9 0.  0.  1.3 1.2],0.1372673586010933
16,508,[1.3 0.1 0.2 0.9 0.  0.  1.3 1.2],0.13727008551359177
16,509,[1.3 0.1 0.2 0.9 0.  0.  1.3 1.2],0.1372729055583477
16,510,[1.3 0.1 0.2 0.9 0.  0.  1.3 1.2],0.13727545738220215
16,511,[1.3 0.1 0.2 0.9 0.  0.  1.3 1.2],0.1372765526175499
16,512,[1.3 0.1 0.2 0.9 0.  0.  1.3 1.2],0.13728170841932297
16,513,[1.3 0.1 0.2 0.9 0.  0.  1.3 1.2],0.13728222250938416
16,514,[1.3 0.1 0.2 0.9 0.  0.  1.3 1.2],0.13728247582912445
16,515,[1.3 0.1 0.2 0.9 0.  0.  1.3 1.2],0.13728389889001846
16,516,[1.3 0.1 0.2 0.9 0.  0.  1.3 1.2],0.1372937709093094
16,517,[1.3 0.1 0.2 0.9 0.  0.  1.3 1.2],0.13729926198720932
16,518,[1.3 0.1 0.2 0.9 0.  0.  1.3 1.2],0.13731595873832703
16,519,[1.3 0.1 0.2 0.9 0.  0.  1.3 1.2],0.1373234987258911
16,520,[1.3 0.1 0.2 0.9 0.  0.  1.3 1.2],0.137335654348135
16,521,[1.3 0.1 0.2 0.9 0.  0.  1.3 1.2],0.13735117763280869
16,522,[1.  0.1 0.2 0.9 0.  0.  1.3 1.2],0.13811887800693512
16,523,[1.  0.1 0.2 0.9 0.  0.  1.3 1.2],0.13817332684993744
16,524,[1.  0.1 0.2 0.9 0.  0.  1.3 1.2],0.13819970190525055
16,525,[1.  0.1 0.2 0.9 0.  0.  1.3 1.2],0.13820892572402954
16,526,[1.  0.1 0.2 0.9 0.  0.  1.3 1.2],0.1382269784808159
16,527,[1.  0.1 0.2 0.9 0.  0.  1.3 1.2],0.13823284953832626
16,528,[1.  0.1 0.2 0.9 0.  0.  1.3 1.2],0.1383015438914299
16,529,[1.  0.1 0.2 0.9 0.  0.  1.3 1.2],0.1383317932486534
16,530,[1.  0.1 0.2 0.9 0.  0.  1.3 1.2],0.13833511620759964
16,531,[0.1 0.  0.3 0.9 0.  0.  1.3 1. ],0.13908250629901886
16,532,[0.1 0.  0.3 0.9 0.  0.  1.3 1. ],0.1391204223036766
16,533,[0.1 0.  0.3 0.9 0.  0.  1.3 1. ],0.13912252336740494
16,534,[0.1 0.  0.3 0.9 0.  0.  1.3 1. ],0.13913671672344208
16,535,[0.1 0.  0.3 0.9 0.  0.  1.3 1. ],0.13917145133018494
16,536,[0.1 0.  0.3 0.9 0.  0.  1.3 1. ],0.13919104635715485
16,537,[0.1 0.  0.3 0.9 0.  0.  1.3 1. ],0.13923298567533493
16,538,[0.5 0.1 0.2 0.9 0.  0.  1.3 0.9],0.13978052884340286
16,539,[0.7 0.8 0.  0.9 0.  0.  1.2 1.2],0.15061910450458527
16,540,[1.3 0.1 0.2 1.1 0.  0.  0.3 1.2],0.1661718413233757
16,541,[1.3 0.4 0.2 0.9 0.  0.  0.2 1.2],0.17670145630836487
16,542,[1.3 0.4 0.2 0.9 0.  0.  0.2 1.2],0.1768687665462494
16,543,[0.7 0.8 0.  0.9 0.  0.  1.2 1.2],0.18496667593717575
16,544,[0.7 0.8 0.  0.9 0.  0.  1.2 1.2],0.185076504945755
16,545,[0.7 0.8 0.  0.9 0.  0.  1.2 1.2],0.18519211560487747
16,546,[0.7 0.8 0.  0.9 0.  0.  1.2 1.2],0.18520338088274002
16,547,[1.3 0.3 0.6 0.9 0.  0.  1.3 1.2],0.19923590868711472
16,548,[1.3 0.3 0.6 0.9 0.  0.  1.3 1.2],0.199253648519516
16,549,[1.3 0.2 0.3 0.9 0.  0.3 1.3 1.2],0.20948130637407303
16,550,[1.3 0.2 0.3 0.9 0.  0.3 1.3 1.2],0.20959743857383728
16,551,[1.3 0.2 0.3 0.9 0.  0.3 1.3 1.2],0.20962140709161758
16,552,[1.3 0.2 0.3 0.9 0.  0.3 1.3 1.2],0.20964229851961136
16,553,[1.3 0.2 0.3 0.9 0.  0.3 1.3 1.2],0.20964541286230087
16,554,[1.3 0.2 0.3 0.9 0.  0.3 1.3 1.2],0.2096911296248436
16,555,[1.3 0.2 0.3 0.9 0.  0.3 1.3 1.2],0.2097136154770851
16,556,[1.3 0.2 0.3 0.9 0.  0.3 1.3 1.2],0.20976556092500687
16,557,[1.3 0.8 0.3 0.9 0.  0.  0.1 1.2],0.2135152369737625
16,558,[1.3 0.8 0.3 0.9 0.  0.  0.1 1.2],0.2135855183005333
16,559,[1.3 0.8 0.3 0.9 0.  0.  0.1 1.2],0.21361888945102692
16,560,[1.3 0.8 0.3 0.9 0.  0.  0.1 1.2],0.2136232554912567
16,561,[1.3 0.8 0.3 0.9 0.  0.  0.1 1.2],0.21365156769752502
16,562,[1.3 0.8 0.3 0.9 0.  0.  0.1 1.2],0.21365835517644882
16,563,[1.3 0.8 0.3 0.9 0.  0.  0.1 1.2],0.21366583555936813
16,564,[1.3 0.8 0.3 0.9 0.  0.  0.1 1.2],0.21367526054382324
16,565,[1.3 0.8 0.3 0.9 0.  0.  0.1 1.2],0.21375498920679092
16,566,[1.3 0.8 0.3 0.9 0.  0.  0.1 1.2],0.2137651890516281
16,567,[1.3 0.8 0.3 0.9 0.  0.  0.1 1.2],0.21376653015613556
16,568,[1.3 0.8 0.3 0.9 0.  0.  0.1 1.2],0.21378518640995026
16,569,[1.3 0.8 0.3 0.9 0.  0.  0.1 1.2],0.2137914001941681
16,570,[1.3 0.8 0.3 0.9 0.  0.  0.1 1.2],0.21382029354572296
16,571,[1.3 0.8 0.3 0.9 0.  0.  0.1 1.2],0.21382839232683182
16,572,[1.3 0.8 0.3 0.9 0.  0.  0.1 1.2],0.2138822302222252
16,573,[1.3 0.8 0.3 0.9 0.  0.  0.1 1.2],0.21390743553638458
16,574,[0.9 0.1 0.6 0.6 0.  0.  1.  1.2],0.21513482928276062
16,575,[0.9 0.1 0.6 0.6 0.  0.  1.  1.2],0.21514925360679626
16,576,[0.9 0.1 0.6 0.6 0.  0.  1.  1.2],0.21515397727489471
16,577,[0.9 0.1 0.6 0.6 0.  0.  1.  1.2],0.2151581346988678
16,578,[0.9 0.1 0.6 0.6 0.  0.  1.  1.2],0.21516434103250504
16,579,[0.9 0.1 0.6 0.6 0.  0.  1.  1.2],0.21516938507556915
16,580,[0.9 0.1 0.6 0.6 0.  0.  1.  1.2],0.21518467366695404
16,581,[0.9 0.1 0.6 0.6 0.  0.  1.  1.2],0.2151852548122406
16,582,[0.9 0.1 0.6 0.6 0.  0.  1.  1.2],0.21519454568624496
16,583,[0.9 0.1 0.6 0.6 0.  0.  1.  1.2],0.21519840508699417
16,584,[0.9 0.1 0.6 0.6 0.  0.  1.  1.2],0.21521840244531631
16,585,[0.9 0.1 0.6 0.6 0.  0.  1.  1.2],0.215253084897995
16,586,[0.9 0.1 0.6 0.6 0.  0.  1.  1.2],0.2152988687157631
16,587,[1.3 1.1 0.2 0.6 0.  0.  1.3 1.2],0.23390214145183563
16,588,[1.3 1.1 0.2 0.6 0.  0.  1.3 1.2],0.23397371172904968
16,589,[1.3 1.1 0.2 0.6 0.  0.  1.3 1.2],0.2341209575533867
16,590,[1.3 0.7 0.3 0.9 0.  0.3 1.3 1.2],0.23813236504793167
16,591,[1.3 0.7 0.3 0.9 0.  0.3 1.3 1.2],0.23827356845140457
16,592,[1.3 0.7 0.3 0.9 0.  0.3 1.3 1.2],0.23829073458909988
16,593,[1.3 0.1 0.2 0.3 0.  0.  0.2 1.2],0.2708020657300949
16,594,[1.3 0.1 0.2 0.3 0.  0.  0.2 1.2],0.2708355784416199
16,595,[1.3 0.1 0.2 0.3 0.  0.  0.2 1.2],0.27085641026496887
16,596,[1.3 0.1 0.2 0.3 0.  0.  0.2 1.2],0.27087387442588806
16,597,[1.3 0.1 0.2 0.3 0.  0.  0.2 1.2],0.2709001898765564
16,598,[1.3 0.1 0.2 0.3 0.  0.  0.2 1.2],0.2709483206272125
16,599,[1.3 0.1 0.2 0.3 0.  0.  0.2 1.2],0.27096205949783325
16,600,[1.3 0.1 0.2 0.3 0.  0.  0.2 1.2],0.2710307538509369
16,601,[1.3 0.1 0.2 0.3 0.  0.  0.2 1.2],0.27106477320194244
16,602,[1.3 0.  1.2 0.9 0.  0.5 0.6 0.5],0.27173280715942383
16,603,[1.3 0.  0.8 0.9 0.  0.  0.2 1.2],0.27201925218105316
16,604,[1.3 0.  0.8 0.9 0.  0.  0.2 1.2],0.27203017473220825
16,605,[1.3 0.  0.8 0.9 0.  0.  0.2 1.2],0.27206145226955414
16,606,[1.3 0.  0.8 0.9 0.  0.  0.2 1.2],0.2720887064933777
16,607,[1.3 0.  0.8 0.9 0.  0.  0.2 1.2],0.2721005976200104
16,608,[1.3 0.  0.8 0.9 0.  0.  0.2 1.2],0.2721249759197235
16,609,[1.3 0.  0.8 0.9 0.  0.  0.2 1.2],0.2722259983420372
16,610,[1.  0.  0.3 0.9 0.  0.5 1.3 1.2],0.27787090837955475
16,611,[1.  0.  0.3 0.9 0.  0.5 1.3 1.2],0.2779163271188736
16,612,[1.  0.  0.3 0.9 0.  0.5 1.3 1.2],0.2780416011810303
16,613,[1.  0.  0.3 0.9 0.  0.5 1.3 1.2],0.27813728153705597
16,614,[1.  0.  0.3 0.9 0.  0.5 1.3 1.2],0.2783183455467224
16,615,[1.3 1.  0.2 0.4 0.  0.  0.9 0.3],0.28229720890522003
16,616,[1.3 1.  0.2 0.4 0.  0.  0.9 0.3],0.2822989672422409
16,617,[1.3 1.  0.2 0.4 0.  0.  0.9 0.3],0.2823016047477722
16,618,[1.3 1.  0.2 0.4 0.  0.  0.9 0.3],0.28230278193950653
16,619,[1.3 1.  0.2 0.4 0.  0.  0.9 0.3],0.2823256850242615
16,620,[1.3 1.  0.2 0.4 0.  0.  0.9 0.3],0.282344326376915
16,621,[1.3 1.  0.2 0.4 0.  0.  0.9 0.3],0.28237271308898926
16,622,[1.3 1.  0.2 0.4 0.  0.  0.9 0.3],0.2823900729417801
16,623,[1.3 1.  0.2 0.4 0.  0.  0.9 0.3],0.2823967784643173
16,624,[1.3 1.  0.2 0.4 0.  0.  0.9 0.3],0.28242267668247223
16,625,[1.3 1.  0.2 0.4 0.  0.  0.9 0.3],0.2824508845806122
16,626,[1.3 1.  0.2 0.4 0.  0.  0.9 0.3],0.2824762314558029
16,627,[1.3 1.  0.2 0.4 0.  0.  0.9 0.3],0.2824968099594116
16,628,[1.3 1.  0.2 0.4 0.  0.  0.9 0.3],0.2825513631105423
16,629,[0.6 0.1 0.2 0.9 0.  0.5 1.3 1.2],0.29204995930194855
16,630,[1.3 0.  0.  0.1 0.  0.  1.3 1.2],0.3198796808719635
16,631,[1.3 0.  0.  0.1 0.  0.  1.3 1.2],0.3199335187673569
16,632,[1.3 0.  0.  0.1 0.  0.  1.3 1.2],0.31995178759098053
16,633,[1.3 0.  0.  0.1 0.  0.  1.3 1.2],0.32002927362918854
16,634,[1.3 0.1 0.2 0.9 0.4 1.  1.3 0.2],0.4290944039821625
16,635,[1.3 0.  0.3 0.9 0.6 0.  0.4 1.2],0.474689245223999
16,636,[1.3 0.  0.3 0.9 0.6 0.  0.4 1.2],0.47476038336753845
16,637,[1.3 0.  0.3 0.9 0.6 0.  0.4 1.2],0.474814310669899
16,638,[1.3 0.  0.3 0.9 0.6 0.  0.4 1.2],0.4748200476169586
16,639,[1.3 0.  0.3 0.9 0.6 0.  0.4 1.2],0.47488950192928314
16,640,[1.3 0.  0.3 0.9 0.6 0.  0.4 1.2],0.4750145971775055
16,641,[1.3 0.  1.2 0.9 0.  0.5 0.6 0.5],0.48378609120845795
16,642,[1.3 0.  1.2 0.9 0.  0.5 0.6 0.5],0.4837907552719116
16,643,[1.3 0.  1.2 0.9 0.  0.5 0.6 0.5],0.48380623757839203
16,644,[1.3 0.  1.2 0.9 0.  0.5 0.6 0.5],0.4838125854730606
16,645,[1.3 0.  1.2 0.9 0.  0.5 0.6 0.5],0.483815461397171
16,646,[1.3 0.  1.2 0.9 0.  0.5 0.6 0.5],0.4838344603776932
16,647,[1.3 0.  1.2 0.9 0.  0.5 0.6 0.5],0.4838453233242035
16,648,[1.3 0.  1.2 0.9 0.  0.5 0.6 0.5],0.4838491976261139
16,649,[1.3 0.  1.2 0.9 0.  0.5 0.6 0.5],0.48388469219207764
16,650,[1.3 0.  1.2 0.9 0.  0.5 0.6 0.5],0.4838869422674179
16,651,[1.3 0.  1.2 0.9 0.  0.5 0.6 0.5],0.48389238119125366
16,652,[1.3 0.  1.2 0.9 0.  0.5 0.6 0.5],0.4839453846216202
16,653,[1.3 0.  1.2 0.9 0.  0.5 0.6 0.5],0.48395106196403503
16,654,[1.3 0.  1.2 0.9 0.  0.5 0.6 0.5],0.4839623272418976
16,655,[1.3 0.  1.2 0.9 0.  0.5 0.6 0.5],0.48396822810173035
16,656,[1.3 0.  1.2 0.9 0.  0.5 0.6 0.5],0.48413902521133423
16,657,[1.3 0.  1.2 0.9 0.  0.5 0.6 0.5],0.48423537611961365
16,658,[1.3 0.  1.2 0.9 0.  0.5 0.6 0.5],0.4842473119497299
16,659,[1.3 0.  0.2 0.9 0.  0.9 1.3 1.2],0.5239041596651077
16,660,[1.3 0.  0.2 0.9 0.  0.9 1.3 1.2],0.5239842534065247
16,661,[1.3 0.  0.2 0.9 0.  0.9 1.3 1.2],0.5240448117256165
16,662,[1.3 0.  0.2 0.9 0.  0.9 1.3 1.2],0.5241200029850006
16,663,[1.3 0.  0.2 0.9 0.  0.9 1.3 1.2],0.5241588950157166
16,664,[1.3 0.  0.2 0.9 0.  0.9 1.3 1.2],0.5242028534412384
16,665,[1.3 0.  0.2 0.9 0.  0.9 1.3 1.2],0.5243508815765381
16,666,[1.3 0.  0.2 0.9 0.  0.9 1.3 1.2],0.5245183110237122
16,667,[1.3 0.  0.9 0.9 0.  0.9 1.3 1.2],0.5326948761940002
16,668,[1.3 0.  0.9 0.9 0.  0.9 1.3 1.2],0.5328415930271149
16,669,[1.3 0.  0.3 0.5 0.  0.9 1.3 1.2],0.5514536201953888
16,670,[1.3 0.  0.3 0.5 0.  0.9 1.3 1.2],0.5514553785324097
16,671,[1.3 0.  0.3 0.5 0.  0.9 1.3 1.2],0.5515038073062897
16,672,[1.3 0.  0.3 0.5 0.  0.9 1.3 1.2],0.5516412854194641
16,673,[1.3 0.  0.3 0.5 0.  0.9 1.3 1.2],0.5516665279865265
16,674,[1.3 0.  0.3 0.5 0.  0.9 1.3 1.2],0.5516994893550873
16,675,[1.3 0.  0.3 0.5 0.  0.9 1.3 1.2],0.551699697971344
16,676,[0.4 0.  1.2 0.1 0.  0.  1.3 1.2],0.5964323878288269
16,677,[0.4 0.  1.2 0.1 0.  0.  1.3 1.2],0.5964355766773224
16,678,[0.4 0.  1.2 0.1 0.  0.  1.3 1.2],0.5964510142803192
16,679,[0.4 0.  1.2 0.1 0.  0.  1.3 1.2],0.5964977741241455
16,680,[0.4 0.  1.2 0.1 0.  0.  1.3 1.2],0.5965020954608917
16,681,[0.4 0.  1.2 0.1 0.  0.  1.3 1.2],0.596553772687912
16,682,[0.4 0.  1.2 0.1 0.  0.  1.3 1.2],0.5966556370258331
16,683,[0.4 0.  1.2 0.1 0.  0.  1.3 1.2],0.5966938138008118
16,684,[0.4 0.  1.2 0.1 0.  0.  1.3 1.2],0.5968683362007141
16,685,[0.4 0.  1.2 0.1 0.  0.  1.3 1.2],0.5968985855579376
16,686,[0.4 0.  1.2 0.1 0.  0.  1.3 1.2],0.5970372557640076
16,687,[0.3 0.8 0.6 1.  0.5 0.5 0.3 0.2],0.6123731434345245
16,688,[0.3 0.8 0.6 1.  0.5 0.5 0.3 0.2],0.6124287545681
16,689,[0.3 0.8 0.6 1.  0.5 0.5 0.3 0.2],0.6124297380447388
16,690,[0.3 0.8 0.6 1.  0.5 0.5 0.3 0.2],0.612434983253479
16,691,[0.3 0.8 0.6 1.  0.5 0.5 0.3 0.2],0.6124959290027618
16,692,[0.3 0.8 0.6 1.  0.5 0.5 0.3 0.2],0.6126960217952728
16,693,[0.3 0.8 0.6 1.  0.5 0.5 0.3 0.2],0.6127211451530457
16,694,[0.7 0.1 0.4 0.9 0.  1.1 1.3 1.2],0.6487118601799011
16,695,[0.7 0.1 0.4 0.9 0.  1.1 1.3 1.2],0.6489380598068237
16,696,[0.7 0.1 0.4 0.9 0.  1.1 1.3 1.2],0.6489489376544952
16,697,[0.7 0.1 0.4 0.9 0.  1.1 1.3 1.2],0.648952066898346
16,698,[0.7 0.1 0.4 0.9 0.  1.1 1.3 1.2],0.6489535570144653
16,699,[0.7 0.1 0.4 0.9 0.  1.1 1.3 1.2],0.6489790380001068
16,700,[0.7 0.1 0.4 0.9 0.  1.1 1.3 1.2],0.6491423547267914
16,701,[0.7 0.1 0.4 0.9 0.  1.1 1.3 1.2],0.6492694318294525
16,702,[0.7 0.1 0.4 0.9 0.  1.1 1.3 1.2],0.649296909570694
16,703,[1.3 0.  0.2 0.9 0.9 0.  1.3 1.2],0.6578162014484406
16,704,[1.3 0.  0.2 0.9 0.9 0.  1.3 1.2],0.6579084694385529
16,705,[1.3 0.  0.2 0.9 0.9 0.  1.3 1.2],0.6579869985580444
16,706,[1.3 0.  0.2 0.9 0.9 0.  1.3 1.2],0.6581730246543884
16,707,[1.3 0.  0.2 0.9 0.9 0.  1.3 1.2],0.6586436331272125
16,708,[0.3 0.3 0.2 0.7 0.8 0.  0.6 0.3],0.6733598709106445
16,709,[0.3 0.3 0.2 0.7 0.8 0.  0.6 0.3],0.6738765835762024
16,710,[0.3 0.3 0.2 0.7 0.8 0.  0.6 0.3],0.6740277111530304
16,711,[0.3 0.3 0.2 0.7 0.8 0.  0.6 0.3],0.6740683615207672
16,712,[0.3 0.3 0.2 0.7 0.8 0.  0.6 0.3],0.6742541491985321
16,713,[0.3 0.3 0.2 0.7 0.8 0.  0.6 0.3],0.6742921471595764
16,714,[0.3 0.3 0.2 0.7 0.8 0.  0.6 0.3],0.674322247505188
16,715,[0.3 0.3 0.2 0.7 0.8 0.  0.6 0.3],0.6743243634700775
16,716,[0.3 0.3 0.2 0.7 0.8 0.  0.6 0.3],0.6744011044502258
16,717,[0.3 0.3 0.2 0.7 0.8 0.  0.6 0.3],0.6745983362197876
16,718,[0.3 0.3 0.2 0.7 0.8 0.  0.6 0.3],0.6746255159378052
16,719,[0.3 0.3 0.2 0.7 0.8 0.  0.6 0.3],0.674782007932663
16,720,[1.3 0.  1.  0.9 0.7 0.  1.3 1.2],0.689314067363739
16,721,[1.3 0.  1.  0.9 0.7 0.  1.3 1.2],0.6898404955863953
16,722,[1.3 0.  0.3 0.9 1.  0.  0.9 1.2],0.7664089798927307
16,723,[1.3 0.  0.3 0.9 1.  0.  0.9 1.2],0.7667285799980164
16,724,[1.3 0.1 0.2 0.9 0.4 1.  1.3 0.2],0.7924689650535583
16,725,[0.2 1.3 0.9 0.8 0.7 0.  1.3 1. ],0.8351130783557892
16,726,[0.2 1.3 0.9 0.8 0.7 0.  1.3 1. ],0.8351222276687622
16,727,[0.2 1.3 0.9 0.8 0.7 0.  1.3 1. ],0.8351380825042725
16,728,[0.2 1.3 0.9 0.8 0.7 0.  1.3 1. ],0.8351553380489349
16,729,[0.2 1.3 0.9 0.8 0.7 0.  1.3 1. ],0.8351564407348633
16,730,[0.2 1.3 0.9 0.8 0.7 0.  1.3 1. ],0.8351707756519318
16,731,[0.2 1.3 0.9 0.8 0.7 0.  1.3 1. ],0.8351746499538422
16,732,[0.2 1.3 0.9 0.8 0.7 0.  1.3 1. ],0.8351962864398956
16,733,[0.2 1.3 0.9 0.8 0.7 0.  1.3 1. ],0.8352298140525818
16,734,[0.2 1.3 0.9 0.8 0.7 0.  1.3 1. ],0.8353246748447418
16,735,[0.2 1.3 0.9 0.8 0.7 0.  1.3 1. ],0.8353277146816254
16,736,[0.2 1.3 0.9 0.8 0.7 0.  1.3 1. ],0.8353513777256012
16,737,[0.2 1.3 0.9 0.8 0.7 0.  1.3 1. ],0.8353924751281738
16,738,[0.2 1.3 0.9 0.8 0.7 0.  1.3 1. ],0.8354797959327698
16,739,[0.2 1.3 0.9 0.8 0.7 0.  1.3 1. ],0.8354934751987457
16,740,[0.2 1.3 0.9 0.8 0.7 0.  1.3 1. ],0.8355664908885956
16,741,[0.2 1.3 0.9 0.8 0.7 0.  1.3 1. ],0.835628867149353
16,742,[0.2 1.3 0.9 0.8 0.7 0.  1.3 1. ],0.8356342613697052
16,743,[0.2 1.3 0.9 0.8 0.7 0.  1.3 1. ],0.8356459140777588
16,744,[0.2 1.3 0.9 0.8 0.7 0.  1.3 1. ],0.8359603881835938
16,745,[0.2 1.3 0.9 0.8 0.7 0.  1.3 1. ],0.8360772430896759
16,746,[1.3 0.1 0.2 0.9 0.  1.3 1.3 0.6],0.8676709830760956
16,747,[1.3 0.1 0.2 0.9 0.  1.3 1.3 0.6],0.867926150560379
16,748,[1.3 0.1 0.2 0.9 0.  1.3 1.3 0.6],0.8679767847061157
16,749,[1.3 0.1 0.2 0.9 0.  1.3 1.3 0.6],0.8681041300296783
16,750,[1.3 0.1 0.2 0.9 0.  1.3 1.3 0.6],0.8681484162807465
16,751,[1.3 0.1 0.2 0.9 0.  1.3 1.3 0.6],0.8682705760002136
16,752,[1.3 0.1 0.2 0.9 0.  1.3 1.3 0.6],0.8684214949607849
16,753,[1.3 0.1 0.2 0.9 0.  1.3 1.3 0.6],0.8685870468616486
16,754,[0.8 0.6 0.  0.9 0.4 1.3 1.1 1.2],0.8758378028869629
16,755,[0.8 0.6 0.  0.9 0.4 1.3 1.1 1.2],0.8839545845985413
16,756,[1.3 0.  0.3 0.9 1.3 0.  1.3 1.2],1.036734253168106
16,757,[1.3 0.  0.3 0.9 1.3 0.  1.3 1.2],1.0373457670211792
16,758,[1.3 0.  0.3 0.9 1.3 0.  1.3 1.2],1.0373468697071075
16,759,[1.3 0.  0.3 0.9 1.3 0.  1.3 1.2],1.037436604499817
16,760,[1.3 0.  0.3 0.9 1.3 0.  1.3 1.2],1.0375147461891174
16,761,[1.3 0.  0.3 0.9 1.3 0.  1.3 1.2],1.038145273923874
16,762,[1.3 0.  0.3 0.9 1.3 0.  1.3 1.2],1.038202166557312
16,763,[1.3 0.  0.3 0.9 1.3 0.  1.3 1.2],1.0382248759269714
16,764,[1.3 0.  0.3 0.9 1.3 0.  1.3 1.2],1.038422703742981
16,765,[1.3 0.  0.3 0.9 1.3 0.  1.3 1.2],1.038437843322754
16,766,[0.1 0.1 1.1 0.9 1.1 0.  1.3 0. ],1.088512361049652
16,767,[0.1 0.1 1.1 0.9 1.1 0.  1.3 0. ],1.0885688662528992
16,768,[0.1 0.1 1.1 0.9 1.1 0.  1.3 0. ],1.0886619687080383
16,769,[0.1 0.1 1.1 0.9 1.1 0.  1.3 0. ],1.0886755585670471
16,770,[0.1 0.1 1.1 0.9 1.1 0.  1.3 0. ],1.0887104272842407
16,771,[0.1 0.1 1.1 0.9 1.1 0.  1.3 0. ],1.088804304599762
16,772,[0.1 0.1 1.1 0.9 1.1 0.  1.3 0. ],1.0889598727226257
16,773,[0.1 0.1 1.1 0.9 1.1 0.  1.3 0. ],1.089023470878601
16,774,[0.1 0.1 1.1 0.9 1.1 0.  1.3 0. ],1.0890443921089172
16,775,[0.1 0.1 1.1 0.9 1.1 0.  1.3 0. ],1.0890746116638184
16,776,[0.1 0.1 1.1 0.9 1.1 0.  1.3 0. ],1.0892170667648315
16,777,[0.1 0.1 1.1 0.9 1.1 0.  1.3 0. ],1.0892863273620605
16,778,[0.1 0.1 1.1 0.9 1.1 0.  1.3 0. ],1.0895354747772217
16,779,[0.1 0.1 1.1 0.9 1.1 0.  1.3 0. ],1.0899739265441895
16,780,[0.8 0.6 0.  0.9 0.4 1.3 1.1 1.2],1.144870102405548
16,781,[0.8 0.6 0.  0.9 0.4 1.3 1.1 1.2],1.145390808582306
16,782,[0.8 0.6 0.  0.9 0.4 1.3 1.1 1.2],1.1454240083694458
16,783,[0.8 0.6 0.  0.9 0.4 1.3 1.1 1.2],1.1455053687095642
16,784,[0.8 0.6 0.  0.9 0.4 1.3 1.1 1.2],1.1455559134483337
16,785,[0.8 0.6 0.  0.9 0.4 1.3 1.1 1.2],1.1455668210983276
16,786,[0.8 0.6 0.  0.9 0.4 1.3 1.1 1.2],1.1456401944160461
16,787,[0.8 0.6 0.  0.9 0.4 1.3 1.1 1.2],1.1458324790000916
16,788,[0.8 0.6 0.  0.9 0.4 1.3 1.1 1.2],1.1459141373634338
16,789,[0.8 0.6 0.  0.9 0.4 1.3 1.1 1.2],1.1459684371948242
16,790,[0.8 0.6 0.  0.9 0.4 1.3 1.1 1.2],1.1461324095726013
16,791,[1.3 1.2 0.3 0.9 0.5 1.3 1.3 0. ],1.170045554637909
16,792,[1.3 1.2 0.3 0.9 0.5 1.3 1.3 0. ],1.170159101486206
16,793,[1.3 1.2 0.3 0.9 0.5 1.3 1.3 0. ],1.1703572273254395
16,794,[1.3 1.2 0.3 0.9 0.5 1.3 1.3 0. ],1.170386016368866
16,795,[1.3 1.2 0.3 0.9 0.5 1.3 1.3 0. ],1.1704327464103699
16,796,[1.3 1.2 0.3 0.9 0.5 1.3 1.3 0. ],1.1705241203308105
16,797,[1.3 1.2 0.3 0.9 0.5 1.3 1.3 0. ],1.1706390380859375
16,798,[1.3 1.2 0.3 0.9 0.5 1.3 1.3 0. ],1.1709311604499817
16,799,[1.3 1.2 0.3 0.9 0.5 1.3 1.3 0. ],1.1714540123939514
17,0,[1.2 0.8 0.2 1.  1.  0.4 0.3 0.2],0.019294526427984238
17,1,[1.3 0.1 0.4 0.9 0.  0.  1.1 0.1],0.03318558260798454
17,2,[1.3 0.1 0.4 0.9 0.  0.  1.1 0.1],0.03318558260798454
17,3,[1.3 0.1 0.4 0.9 0.  0.  1.1 0.1],0.03318558260798454
17,4,[0.5 1.  0.9 0.6 0.  0.  1.  0.5],0.03339706640690565
17,5,[0.3 0.  0.3 0.9 0.  0.  1.3 0.6],0.034000469371676445
17,6,[0.3 0.  0.3 0.9 0.  0.  1.3 0.6],0.034000469371676445
17,7,[1.3 0.  0.3 0.9 0.  0.  1.3 1.2],0.034181117080152035
17,8,[1.3 0.  0.3 0.9 0.  0.  1.3 1.2],0.034181117080152035
17,9,[1.3 0.  0.3 0.9 0.  0.  1.3 1.2],0.0385279506444931
17,10,[1.3 0.  0.3 0.9 0.  0.  1.3 1.2],0.0385279506444931
17,11,[1.3 0.  0.3 0.9 0.  0.  1.3 1.2],0.03881511092185974
17,12,[1.3 0.1 0.2 0.3 0.  0.  0.2 1.2],0.041175972670316696
17,13,[1.  0.  0.3 0.4 0.  0.  1.3 1.2],0.052467431873083115
17,14,[1.3 0.  0.3 0.9 0.  0.  1.3 1.2],0.05249081179499626
17,15,[1.3 0.  0.3 0.9 0.  0.  1.3 1.2],0.05249081179499626
17,16,[1.3 0.  0.3 0.9 0.  0.  1.3 1.2],0.052538566291332245
17,17,[1.3 0.  0.3 0.9 0.  0.  1.3 1.2],0.052550194784998894
17,18,[1.3 0.  0.3 0.9 0.  0.  1.3 1.2],0.05257703363895416
17,19,[1.3 0.  0.3 0.9 0.  0.  1.3 1.2],0.05257881060242653
17,20,[1.3 0.  0.3 0.9 0.  0.  1.3 1.2],0.052579209208488464
17,21,[1.3 0.  0.3 0.9 0.  0.  1.3 1.2],0.052579209208488464
17,22,[1.3 0.  0.3 0.9 0.  0.  1.3 1.2],0.0525834821164608
17,23,[1.3 0.  0.3 0.9 0.  0.  1.3 1.2],0.05269952304661274
17,24,[1.3 0.  0.3 0.9 0.  0.  1.3 1.2],0.08178137242794037
17,25,[1.3 0.  0.3 0.9 0.  0.  1.3 1.2],0.08181244507431984
17,26,[1.3 0.  0.3 0.9 0.  0.  1.3 1.2],0.08182189986109734
17,27,[1.3 0.  0.3 0.9 0.  0.  1.3 1.2],0.08183788508176804
17,28,[1.3 0.  0.3 0.9 0.  0.  1.3 1.2],0.08184961974620819
17,29,[1.3 0.  0.3 0.1 0.1 0.  1.3 1.2],0.08185490220785141
17,30,[1.3 0.  0.3 0.9 0.  0.  1.3 1.2],0.08186973631381989
17,31,[1.3 0.  0.3 0.9 0.  0.  1.3 1.2],0.08187553659081459
17,32,[1.3 0.  0.3 0.9 0.  0.  1.3 1.2],0.0818764939904213
17,33,[1.3 0.  0.3 0.9 0.  0.  1.3 1.2],0.08188299462199211
17,34,[1.3 0.  0.3 0.9 0.  1.2 0.7 1.2],0.08193936944007874
17,35,[1.3 0.  0.3 0.9 0.  0.  1.3 1.2],0.08197476342320442
17,36,[1.3 0.  0.3 0.9 0.  0.  1.3 1.2],0.0819799192249775
17,37,[1.3 0.  0.3 0.9 0.  0.  1.3 1.2],0.0819842480123043
17,38,[1.3 0.  0.3 0.9 0.  0.  1.3 1.2],0.0819874182343483
17,39,[1.3 0.  0.3 0.9 0.  0.  1.3 1.2],0.0820382609963417
17,40,[1.3 0.  0.3 0.9 0.  0.  1.3 1.2],0.1347503997385502
17,41,[1.3 0.  0.3 0.9 0.  0.  1.3 1.2],0.13484162837266922
17,42,[1.3 0.  0.3 0.9 0.  0.  1.3 1.2],0.13485358282923698
17,43,[1.3 0.  0.3 0.9 0.  0.  1.3 1.2],0.1348869428038597
17,44,[1.3 0.  0.3 0.9 0.  0.  1.3 1.2],0.13488705456256866
17,45,[1.3 0.  0.3 0.9 0.  0.  1.3 1.2],0.13489308208227158
17,46,[1.3 0.  0.3 0.9 0.  0.  1.3 1.2],0.13489513099193573
17,47,[1.3 0.  0.3 0.9 0.  0.  1.3 1.2],0.1348961442708969
17,48,[1.3 0.  0.3 0.9 0.  0.  1.3 1.2],0.134905144572258
17,49,[1.3 0.  0.3 0.9 0.  0.  1.3 1.2],0.13490624725818634
17,50,[1.3 0.  0.3 0.9 0.  0.  1.3 1.2],0.13490834832191467
17,51,[1.3 0.  0.3 0.9 0.  0.  1.3 1.2],0.13490863144397736
17,52,[1.3 0.  0.3 0.9 0.  0.  1.3 1.2],0.1349119022488594
17,53,[1.3 0.  0.3 0.9 0.  0.  1.3 1.2],0.13491488248109818
17,54,[1.3 0.  0.3 0.9 0.  0.  1.3 1.2],0.13491511344909668
17,55,[1.3 0.  0.3 0.9 0.  0.  1.3 1.2],0.1349174976348877
17,56,[1.3 0.  0.3 0.9 0.  0.  1.3 1.2],0.13492032140493393
17,57,[1.3 0.  0.3 0.9 0.  0.  1.3 1.2],0.1349225789308548
17,58,[1.3 0.  0.3 0.9 0.  0.  1.3 1.2],0.13492637872695923
17,59,[1.3 0.  0.3 0.9 0.  0.  1.3 1.2],0.13492640107870102
17,60,[1.3 0.  0.3 0.9 0.  0.  1.3 1.2],0.13492769747972488
17,61,[1.3 0.  0.3 0.9 0.  0.  1.3 1.2],0.13493066281080246
17,62,[1.3 0.  0.3 0.9 0.  0.  1.3 1.2],0.134932279586792
17,63,[1.3 0.  0.3 0.9 0.  0.  1.3 1.2],0.1349335014820099
17,64,[1.3 0.  0.3 0.9 0.  0.  1.3 1.2],0.13493391871452332
17,65,[1.3 0.  0.3 0.9 0.  0.  1.3 1.2],0.1349359154701233
17,66,[1.3 0.  0.3 0.9 0.  0.  1.3 1.2],0.13493625074625015
17,67,[1.3 0.  0.3 0.9 0.  0.  1.3 1.2],0.13493970036506653
17,68,[1.3 0.  0.3 0.9 0.  0.  1.3 1.2],0.13493972271680832
17,69,[1.3 0.  0.3 0.9 0.  0.  1.3 1.2],0.13494080305099487
17,70,[1.3 0.  0.3 0.9 0.  0.  1.3 1.2],0.13494094461202621
17,71,[1.3 0.  0.3 0.9 0.  0.  1.3 1.2],0.13494224846363068
17,72,[1.3 0.  0.3 0.9 0.  0.  1.3 1.2],0.13494252413511276
17,73,[1.3 0.  0.3 0.9 0.  0.  1.3 1.2],0.13494402915239334
17,74,[1.3 0.  0.3 0.9 0.  0.  1.3 1.2],0.13494697213172913
17,75,[1.3 0.  0.3 0.9 0.  0.  1.3 1.2],0.13494756072759628
17,76,[1.3 0.  0.3 0.9 0.  0.  1.3 1.2],0.13494881242513657
17,77,[1.3 0.  0.3 0.9 0.  0.  1.3 1.2],0.13494927436113358
17,78,[1.3 0.  0.3 0.9 0.  0.  1.3 1.2],0.13494928926229477
17,79,[1.3 0.  0.3 0.9 0.  0.  1.3 1.2],0.13494937866926193
17,80,[1.3 0.  0.3 0.9 0.  0.  1.3 1.2],0.13495027273893356
17,81,[1.3 0.  0.3 0.9 0.  0.  1.3 1.2],0.13495319336652756
17,82,[1.3 0.  0.3 0.9 0.  0.  1.3 1.2],0.13495523482561111
17,83,[1.3 0.  0.3 0.9 0.  0.  1.3 1.2],0.13495561480522156
17,84,[1.3 0.  0.3 0.9 0.  0.  1.3 1.2],0.1349557489156723
17,85,[1.3 0.  0.3 0.9 0.  0.  1.3 1.2],0.13495677709579468
17,86,[1.3 0.  0.3 0.9 0.  0.  1.3 1.2],0.1349586695432663
17,87,[1.3 0.  0.3 0.9 0.  0.  1.3 1.2],0.13495907932519913
17,88,[1.3 0.  0.3 0.9 0.  0.  1.3 1.2],0.13495924696326256
17,89,[1.3 0.  0.3 0.9 0.  0.  1.3 1.2],0.13495931774377823
17,90,[1.3 0.  0.3 0.9 0.  0.  1.3 1.2],0.13495997339487076
17,91,[1.3 0.  0.3 0.9 0.  0.  1.3 1.2],0.13496006280183792
17,92,[1.3 0.  0.3 0.9 0.  0.  1.3 1.2],0.13496077805757523
17,93,[1.3 0.  0.3 0.9 0.  0.  1.3 1.2],0.13496167212724686
17,94,[1.3 0.  0.3 0.9 0.  0.  1.3 1.2],0.13496209681034088
17,95,[1.3 0.  0.3 0.9 0.  0.  1.3 1.2],0.1349623203277588
17,96,[1.3 0.  0.3 0.9 0.  0.  1.3 1.2],0.13496263325214386
17,97,[1.3 0.  0.3 0.9 0.  0.  1.3 1.2],0.1349632292985916
17,98,[1.3 0.  0.3 0.9 0.  0.  1.3 1.2],0.1349642500281334
17,99,[1.3 0.  0.3 0.9 0.  0.  1.3 1.2],0.13496538996696472
17,100,[1.3 0.  0.3 0.9 0.  0.  1.3 1.2],0.1349659040570259
17,101,[1.3 0.  0.3 0.9 0.  0.  1.3 1.2],0.13496671617031097
17,102,[1.3 0.  0.3 0.9 0.  0.  1.3 1.2],0.1349669247865677
17,103,[1.3 0.  0.3 0.9 0.  0.  1.3 1.2],0.13496708869934082
17,104,[1.3 0.  0.3 0.9 0.  0.  1.3 1.2],0.1349678337574005
17,105,[1.3 0.  0.3 0.9 0.  0.  1.3 1.2],0.13496945053339005
17,106,[1.3 0.  0.3 0.9 0.  0.  1.3 1.2],0.13497008383274078
17,107,[1.3 0.  0.3 0.9 0.  0.  1.3 1.2],0.13497259467840195
17,108,[1.3 0.  0.3 0.9 0.  0.  1.3 1.2],0.13497265428304672
17,109,[1.3 0.  0.3 0.9 0.  0.  1.3 1.2],0.13497285544872284
17,110,[1.3 0.  0.3 0.9 0.  0.  1.3 1.2],0.13497385382652283
17,111,[1.3 0.  0.3 0.9 0.  0.  1.3 1.2],0.1349738985300064
17,112,[1.3 0.  0.3 0.9 0.  0.  1.3 1.2],0.1349741742014885
17,113,[1.3 0.  0.3 0.9 0.  0.  1.3 1.2],0.1349751129746437
17,114,[1.3 0.  0.3 0.9 0.  0.  1.3 1.2],0.13497549295425415
17,115,[1.3 0.  0.3 0.9 0.  0.  1.3 1.2],0.13497601449489594
17,116,[1.3 0.  0.3 0.9 0.  0.  1.3 1.2],0.13497626781463623
17,117,[1.3 0.  0.3 0.9 0.  0.  1.3 1.2],0.13497711718082428
17,118,[1.3 0.  0.3 0.9 0.  0.  1.3 1.2],0.13497808575630188
17,119,[1.3 0.  0.3 0.9 0.  0.  1.3 1.2],0.13497889041900635
17,120,[1.3 0.  0.3 0.9 0.  0.  1.3 1.2],0.1349802166223526
17,121,[1.3 0.  0.3 0.9 0.  0.  1.3 1.2],0.13498148322105408
17,122,[1.3 0.  0.3 0.9 0.  0.  1.3 1.2],0.13498210161924362
17,123,[1.3 0.  0.3 0.9 0.  0.  1.3 1.2],0.13498475402593613
17,124,[1.3 0.  0.3 0.9 0.  0.  1.3 1.2],0.13498476892709732
17,125,[1.3 0.  0.3 0.9 0.  0.  1.3 1.2],0.13498488068580627
17,126,[1.3 0.  0.3 0.9 0.  0.  1.3 1.2],0.13498509675264359
17,127,[1.3 0.  0.3 0.9 0.  0.  1.3 1.2],0.13498543947935104
17,128,[1.3 0.  0.3 0.9 0.  0.  1.3 1.2],0.13498713076114655
17,129,[1.3 0.  0.3 0.9 0.  0.  1.3 1.2],0.1349872201681137
17,130,[1.3 0.  0.3 0.9 0.  0.  1.3 1.2],0.1349872276186943
17,131,[1.3 0.  0.3 0.9 0.  0.  1.3 1.2],0.1349872425198555
17,132,[1.3 0.  0.3 0.9 0.  0.  1.3 1.2],0.13498768210411072
17,133,[1.3 0.  0.3 0.9 0.  0.  1.3 1.2],0.13498858362436295
17,134,[1.3 0.  0.3 0.9 0.  0.  1.3 1.2],0.13498898595571518
17,135,[1.3 0.  0.3 0.9 0.  0.  1.3 1.2],0.13498909026384354
17,136,[1.3 0.  0.3 0.9 0.  0.  1.3 1.2],0.13498910516500473
17,137,[1.3 0.  0.3 0.9 0.  0.  1.3 1.2],0.13498913496732712
17,138,[1.3 0.  0.3 0.9 0.  0.  1.3 1.2],0.13498997688293457
17,139,[1.3 0.  0.3 0.9 0.  0.  1.3 1.2],0.1349901780486107
17,140,[1.3 0.  0.3 0.9 0.  0.  1.3 1.2],0.13499046117067337
17,141,[1.3 0.  0.3 0.9 0.  0.  1.3 1.2],0.13499054312705994
17,142,[1.3 0.  0.3 0.9 0.  0.  1.3 1.2],0.13499072194099426
17,143,[1.3 0.  0.3 0.9 0.  0.  1.3 1.2],0.13499077409505844
17,144,[1.3 0.  0.3 0.9 0.  0.  1.3 1.2],0.13499201834201813
17,145,[1.3 0.  0.3 0.9 0.  0.  1.3 1.2],0.13499241322278976
17,146,[1.3 0.  0.3 0.9 0.  0.  1.3 1.2],0.1349925994873047
17,147,[1.3 0.  0.3 0.9 0.  0.  1.3 1.2],0.13499286770820618
17,148,[1.3 0.  0.3 0.9 0.  0.  1.3 1.2],0.13499286770820618
17,149,[1.3 0.  0.3 0.9 0.  0.  1.3 1.2],0.13499312847852707
17,150,[1.3 0.  0.3 0.9 0.  0.  1.3 1.2],0.13499342650175095
17,151,[1.3 0.  0.3 0.9 0.  0.  1.3 1.2],0.1349935606122017
17,152,[1.3 0.  0.3 0.9 0.  0.  1.3 1.2],0.13499365001916885
17,153,[1.3 0.  0.3 0.9 0.  0.  1.3 1.2],0.13499439507722855
17,154,[1.3 0.  0.3 0.9 0.  0.  1.3 1.2],0.13499481230974197
17,155,[1.3 0.  0.3 0.9 0.  0.  1.3 1.2],0.1349949687719345
17,156,[1.3 0.  0.3 0.9 0.  0.  1.3 1.2],0.1349956914782524
17,157,[1.3 0.  0.3 0.9 0.  0.  1.3 1.2],0.1349959298968315
17,158,[1.3 0.  0.3 0.9 0.  0.  1.3 1.2],0.13499686866998672
17,159,[1.3 0.  0.3 0.9 0.  0.  1.3 1.2],0.1349978670477867
17,160,[1.3 0.  0.3 0.9 0.  0.  1.3 1.2],0.13499904423952103
17,161,[1.3 0.  0.3 0.9 0.  0.  1.3 1.2],0.13499926030635834
17,162,[1.3 0.  0.3 0.9 0.  0.  1.3 1.2],0.13499931246042252
17,163,[1.3 0.  0.3 0.9 0.  0.  1.3 1.2],0.13499949872493744
17,164,[1.3 0.  0.3 0.9 0.  0.  1.3 1.2],0.13499950617551804
17,165,[1.3 0.  0.3 0.9 0.  0.  1.3 1.2],0.13499996811151505
17,166,[1.3 0.  0.3 0.9 0.  0.  1.3 1.2],0.13499996811151505
17,167,[1.3 0.  0.3 0.9 0.  0.  1.3 1.2],0.13500011712312698
17,168,[1.3 0.  0.3 0.9 0.  0.  1.3 1.2],0.1350007802248001
17,169,[1.3 0.  0.3 0.9 0.  0.  1.3 1.2],0.13500084728002548
17,170,[1.3 0.  0.3 0.9 0.  0.  1.3 1.2],0.1350012868642807
17,171,[1.3 0.  0.3 0.9 0.  0.  1.3 1.2],0.1350012943148613
17,172,[1.3 0.  0.3 0.9 0.  0.  1.3 1.2],0.1350013017654419
17,173,[1.3 0.  0.3 0.9 0.  0.  1.3 1.2],0.13500172644853592
17,174,[1.3 0.  0.3 0.9 0.  0.  1.3 1.2],0.1350018009543419
17,175,[1.3 0.  0.3 0.9 0.  0.  1.3 1.2],0.13500188291072845
17,176,[1.3 0.  0.3 0.9 0.  0.  1.3 1.2],0.13500195741653442
17,177,[1.3 0.  0.3 0.9 0.  0.  1.3 1.2],0.13500206917524338
17,178,[1.3 0.  0.3 0.9 0.  0.  1.3 1.2],0.13500360399484634
17,179,[1.3 0.  0.3 0.9 0.  0.  1.3 1.2],0.13500428199768066
17,180,[1.3 0.  0.3 0.9 0.  0.  1.3 1.2],0.135004460811615
17,181,[1.3 0.  0.3 0.9 0.  0.  1.3 1.2],0.1350046694278717
17,182,[1.3 0.  0.3 0.9 0.  0.  1.3 1.2],0.13500571995973587
17,183,[1.3 0.  0.3 0.9 0.  0.  1.3 1.2],0.13500577211380005
17,184,[1.3 0.  0.3 0.9 0.  0.  1.3 1.2],0.135005921125412
17,185,[1.3 0.  0.3 0.9 0.  0.  1.3 1.2],0.13500622659921646
17,186,[1.3 0.  0.3 0.9 0.  0.  1.3 1.2],0.13500627130270004
17,187,[1.3 0.  0.3 0.9 0.  0.  1.3 1.2],0.13500697910785675
17,188,[1.3 0.  0.3 0.9 0.  0.  1.3 1.2],0.1350090429186821
17,189,[1.3 0.  0.3 0.9 0.  0.  1.3 1.2],0.1350092813372612
17,190,[1.3 0.  0.3 0.9 0.  0.  1.3 1.2],0.13500964641571045
17,191,[1.3 0.  0.3 0.9 0.  0.  1.3 1.2],0.1350112408399582
17,192,[1.3 0.  0.3 0.9 0.  0.  1.3 1.2],0.13501129299402237
17,193,[1.3 0.  0.3 0.9 0.  0.  1.3 1.2],0.1350114494562149
17,194,[1.3 0.  0.3 0.9 0.  0.  1.3 1.2],0.13501164317131042
17,195,[1.3 0.  0.3 0.9 0.  0.  1.3 1.2],0.1350124403834343
17,196,[1.3 0.  0.3 0.9 0.  0.  1.3 1.2],0.13501331210136414
17,197,[1.3 0.  0.3 0.9 0.  0.  1.3 1.2],0.13501376658678055
17,198,[1.3 0.  0.3 0.9 0.  0.  1.3 1.2],0.13501384109258652
17,199,[1.3 0.  0.3 0.9 0.  0.  1.3 1.2],0.13501479476690292
17,200,[1.3 0.  0.3 0.9 0.  0.  1.3 1.2],0.13501517474651337
17,201,[1.3 0.  0.3 0.9 0.  0.  1.3 1.2],0.13501572608947754
17,202,[1.3 0.  0.3 0.9 0.  0.  1.3 1.2],0.1350162774324417
17,203,[1.3 0.  0.3 0.9 0.  0.  1.3 1.2],0.1350167989730835
17,204,[1.3 0.  0.3 0.9 0.  0.  1.3 1.2],0.1350170448422432
17,205,[1.3 0.  0.3 0.9 0.  0.  1.3 1.2],0.13501708209514618
17,206,[1.3 0.  0.3 0.9 0.  0.  1.3 1.2],0.13501904159784317
17,207,[1.3 0.  0.3 0.9 0.  0.  1.3 1.2],0.13501908630132675
17,208,[1.3 0.  0.3 0.9 0.  0.  1.3 1.2],0.13501936942338943
17,209,[1.3 0.  0.3 0.9 0.  0.  1.3 1.2],0.13501960039138794
17,210,[1.3 0.  0.3 0.9 0.  0.  1.3 1.2],0.13501989096403122
17,211,[1.3 0.  0.3 0.9 0.  0.  1.3 1.2],0.13502038270235062
17,212,[1.3 0.  0.3 0.9 0.  0.  1.3 1.2],0.13502071797847748
17,213,[1.3 0.  0.3 0.9 0.  0.  1.3 1.2],0.1350209042429924
17,214,[1.3 0.  0.3 0.9 0.  0.  1.3 1.2],0.13502142578363419
17,215,[1.3 0.  0.3 0.9 0.  0.  1.3 1.2],0.1350233256816864
17,216,[1.3 0.  0.3 0.9 0.  0.  1.3 1.2],0.13502343744039536
17,217,[1.3 0.  0.3 0.9 0.  0.  1.3 1.2],0.1350240558385849
17,218,[1.3 0.  0.3 0.9 0.  0.  1.3 1.2],0.13502409309148788
17,219,[1.3 0.  0.3 0.9 0.  0.  1.3 1.2],0.13502445816993713
17,220,[1.3 0.  0.3 0.9 0.  0.  1.3 1.2],0.13502467423677444
17,221,[1.3 0.  0.3 0.9 0.  0.  1.3 1.2],0.1350250095129013
17,222,[1.3 0.  0.3 0.9 0.  0.  1.3 1.2],0.13502506911754608
17,223,[1.3 0.  0.3 0.9 0.  0.  1.3 1.2],0.13502603024244308
17,224,[1.3 0.  0.3 0.9 0.  0.  1.3 1.2],0.13502611964941025
17,225,[1.3 0.  0.3 0.9 0.  0.  1.3 1.2],0.135026216506958
17,226,[1.3 0.  0.3 0.9 0.  0.  1.3 1.2],0.13502703607082367
17,227,[1.3 0.  0.3 0.9 0.  0.  1.3 1.2],0.1350291669368744
17,228,[1.3 0.  0.3 0.9 0.  0.  1.3 1.2],0.13502954691648483
17,229,[1.3 0.  0.3 0.9 0.  0.  1.3 1.2],0.13503018766641617
17,230,[1.3 0.  0.3 0.9 0.  0.  1.3 1.2],0.13503044098615646
17,231,[1.3 0.  0.3 0.9 0.  0.  1.3 1.2],0.13503053784370422
17,232,[1.3 0.  0.3 0.9 0.  0.  1.3 1.2],0.13503164798021317
17,233,[1.3 0.  0.3 0.9 0.  0.  1.3 1.2],0.13503168523311615
17,234,[1.3 0.  0.3 0.9 0.  0.  1.3 1.2],0.13503172993659973
17,235,[1.3 0.  0.3 0.9 0.  0.  1.3 1.2],0.13503266125917435
17,236,[1.3 0.  0.3 0.9 0.  0.  1.3 1.2],0.13503485918045044
17,237,[1.3 0.  0.3 0.9 0.  0.  1.3 1.2],0.13503491878509521
17,238,[1.3 0.  0.3 0.9 0.  0.  1.3 1.2],0.13503523543477058
17,239,[1.3 0.  0.3 0.9 0.  0.  1.3 1.2],0.13503547757863998
17,240,[1.3 0.  0.3 0.9 0.  0.  1.3 1.2],0.13503554463386536
17,241,[1.3 0.  0.3 0.9 0.  0.  1.3 1.2],0.1350358948111534
17,242,[1.3 0.  0.3 0.9 0.  0.  1.3 1.2],0.13503602147102356
17,243,[1.3 0.  0.3 0.9 0.  0.  1.3 1.2],0.13503647595643997
17,244,[1.3 0.  0.3 0.9 0.  0.  1.3 1.2],0.13503650575876236
17,245,[1.3 0.  0.3 0.9 0.  0.  1.3 1.2],0.13503660261631012
17,246,[1.3 0.  0.3 0.9 0.  0.  1.3 1.2],0.1350366696715355
17,247,[1.3 0.  0.3 0.9 0.  0.  1.3 1.2],0.13503678143024445
17,248,[1.3 0.  0.3 0.9 0.  0.  1.3 1.2],0.13503679633140564
17,249,[1.3 0.  0.3 0.9 0.  0.  1.3 1.2],0.1350369155406952
17,250,[1.3 0.  0.3 0.9 0.  0.  1.3 1.2],0.13503719121217728
17,251,[1.3 0.  0.3 0.9 0.  0.  1.3 1.2],0.13503806293010712
17,252,[1.3 0.  0.3 0.9 0.  0.  1.3 1.2],0.13503848016262054
17,253,[1.3 0.  0.3 0.9 0.  0.  1.3 1.2],0.13503989577293396
17,254,[1.3 0.  0.3 0.9 0.  0.  1.3 1.2],0.13504008948802948
17,255,[1.3 0.  0.3 0.9 0.  0.  1.3 1.2],0.1350405141711235
17,256,[1.3 0.  0.3 0.9 0.  0.  1.3 1.2],0.13504070043563843
17,257,[1.3 0.  0.3 0.9 0.  0.  1.3 1.2],0.13504091650247574
17,258,[1.3 0.  0.3 0.9 0.  0.  1.3 1.2],0.13504094630479813
17,259,[1.3 0.  0.3 0.9 0.  0.  1.3 1.2],0.13504108041524887
17,260,[1.3 0.  0.3 0.9 0.  0.  1.3 1.2],0.13504138588905334
17,261,[1.3 0.  0.3 0.9 0.  0.  1.3 1.2],0.13504154980182648
17,262,[1.3 0.  0.3 0.9 0.  0.  1.3 1.2],0.13504169881343842
17,263,[1.3 0.  0.3 0.9 0.  0.  1.3 1.2],0.13504254072904587
17,264,[1.3 0.  0.3 0.9 0.  0.  1.3 1.2],0.13504307717084885
17,265,[1.3 0.  0.3 0.9 0.  0.  1.3 1.2],0.1350431814789772
17,266,[1.3 0.  0.3 0.9 0.  0.  1.3 1.2],0.1350436583161354
17,267,[1.3 0.  0.3 0.9 0.  0.  1.3 1.2],0.1350439190864563
17,268,[1.3 0.  0.3 0.9 0.  0.  1.3 1.2],0.13504409790039062
17,269,[1.3 0.  0.3 0.9 0.  0.  1.3 1.2],0.1350443959236145
17,270,[1.3 0.  0.3 0.9 0.  0.  1.3 1.2],0.1350446119904518
17,271,[1.3 0.  0.3 0.9 0.  0.  1.3 1.2],0.13504672795534134
17,272,[1.3 0.  0.3 0.9 0.  0.  1.3 1.2],0.13504748046398163
17,273,[1.3 0.  0.3 0.9 0.  0.  1.3 1.2],0.13504765927791595
17,274,[1.3 0.  0.3 0.9 0.  0.  1.3 1.2],0.13504929840564728
17,275,[1.3 0.  0.3 0.9 0.  0.  1.3 1.2],0.13504930585622787
17,276,[1.3 0.  0.3 0.9 0.  0.  1.3 1.2],0.13504935055971146
17,277,[1.3 0.  0.3 0.9 0.  0.  1.3 1.2],0.13505053520202637
17,278,[1.3 0.  0.3 0.9 0.  0.  1.3 1.2],0.13505113124847412
17,279,[1.3 0.  0.3 0.9 0.  0.  1.3 1.2],0.1350514516234398
17,280,[1.3 0.  0.3 0.9 0.  0.  1.3 1.2],0.1350519135594368
17,281,[1.3 0.  0.3 0.9 0.  0.  1.3 1.2],0.1350521519780159
17,282,[1.3 0.  0.3 0.9 0.  0.  1.3 1.2],0.1350524052977562
17,283,[1.3 0.  0.3 0.9 0.  0.  1.3 1.2],0.13505318760871887
17,284,[1.3 0.  0.3 0.9 0.  0.  1.3 1.2],0.135053351521492
17,285,[1.3 0.  0.3 0.9 0.  0.  1.3 1.2],0.13505350053310394
17,286,[1.3 0.  0.3 0.9 0.  0.  1.3 1.2],0.13505351543426514
17,287,[1.3 0.  0.3 0.9 0.  0.  1.3 1.2],0.13505353033542633
17,288,[1.3 0.  0.3 0.9 0.  0.  1.3 1.2],0.13505375385284424
17,289,[1.3 0.  0.3 0.9 0.  0.  1.3 1.2],0.135053813457489
17,290,[1.3 0.  0.3 0.9 0.  0.  1.3 1.2],0.13505426049232483
17,291,[1.3 0.  0.3 0.9 0.  0.  1.3 1.2],0.13505524396896362
17,292,[1.3 0.  0.3 0.9 0.  0.  1.3 1.2],0.13505595177412033
17,293,[1.3 0.  0.3 0.9 0.  0.  1.3 1.2],0.1350574791431427
17,294,[1.3 0.  0.3 0.9 0.  0.  1.3 1.2],0.13505785167217255
17,295,[1.3 0.  0.3 0.9 0.  0.  1.3 1.2],0.1350579634308815
17,296,[1.3 0.  0.3 0.9 0.  0.  1.3 1.2],0.1350579857826233
17,297,[1.3 0.  0.3 0.9 0.  0.  1.3 1.2],0.13505809754133224
17,298,[1.3 0.  0.3 0.9 0.  0.  1.3 1.2],0.13505835086107254
17,299,[1.3 0.  0.3 0.9 0.  0.  1.3 1.2],0.13505848497152328
17,300,[1.3 0.  0.3 0.9 0.  0.  1.3 1.2],0.13505858182907104
17,301,[1.3 0.  0.3 0.9 0.  0.  1.3 1.2],0.13505908846855164
17,302,[1.3 0.  0.3 0.9 0.  0.  1.3 1.2],0.13505937159061432
17,303,[1.3 0.  0.3 0.9 0.  0.  1.3 1.2],0.1350593864917755
17,304,[1.3 0.  0.3 0.9 0.  0.  1.3 1.2],0.1350598707795143
17,305,[1.3 0.  0.3 0.9 0.  0.  1.3 1.2],0.13506093621253967
17,306,[1.3 0.  0.3 0.9 0.  0.  1.3 1.2],0.13506148010492325
17,307,[1.3 0.  0.3 0.9 0.  0.  1.3 1.2],0.13506226986646652
17,308,[1.3 0.  0.3 0.9 0.  0.  1.3 1.2],0.135062575340271
17,309,[1.3 0.  0.3 0.9 0.  0.  1.3 1.2],0.13506265729665756
17,310,[1.3 0.  0.3 0.9 0.  0.  1.3 1.2],0.1350627988576889
17,311,[1.3 0.  0.3 0.9 0.  0.  1.3 1.2],0.1350635439157486
17,312,[1.3 0.  0.3 0.9 0.  0.  1.3 1.2],0.13506372272968292
17,313,[1.3 0.  0.3 0.9 0.  0.  1.3 1.2],0.1350639909505844
17,314,[1.3 0.  0.3 0.9 0.  0.  1.3 1.2],0.13506431877613068
17,315,[1.3 0.  0.3 0.9 0.  0.  1.3 1.2],0.13506432622671127
17,316,[1.3 0.  0.3 0.9 0.  0.  1.3 1.2],0.13506436347961426
17,317,[1.3 0.  0.3 0.9 0.  0.  1.3 1.2],0.13506446778774261
17,318,[1.3 0.  0.3 0.9 0.  0.  1.3 1.2],0.1350645050406456
17,319,[1.3 0.  0.3 0.9 0.  0.  1.3 1.2],0.13506455719470978
17,320,[1.3 0.  0.3 0.9 0.  0.  1.3 1.2],0.13506478816270828
17,321,[1.3 0.  0.3 0.9 0.  0.  1.3 1.2],0.13506482541561127
17,322,[1.3 0.  0.3 0.9 0.  0.  1.3 1.2],0.13506564497947693
17,323,[1.3 0.  0.3 0.9 0.  0.  1.3 1.2],0.1350659877061844
17,324,[1.3 0.  0.3 0.9 0.  0.  1.3 1.2],0.13506612181663513
17,325,[1.3 0.  0.3 0.9 0.  0.  1.3 1.2],0.135066956281662
17,326,[1.3 0.  0.3 0.9 0.  0.  1.3 1.2],0.13506745547056198
17,327,[1.3 0.  0.3 0.9 0.  0.  1.3 1.2],0.13506793975830078
17,328,[1.3 0.  0.3 0.9 0.  0.  1.3 1.2],0.13506803289055824
17,329,[1.3 0.  0.3 0.9 0.  0.  1.3 1.2],0.135068379342556
17,330,[1.3 0.  0.3 0.9 0.  0.  1.3 1.2],0.135069377720356
17,331,[1.3 0.  0.3 0.9 0.  0.  1.3 1.2],0.13506942242383957
17,332,[1.3 0.  0.3 0.9 0.  0.  1.3 1.2],0.13506948947906494
17,333,[1.3 0.  0.3 0.9 0.  0.  1.3 1.2],0.1350695788860321
17,334,[1.3 0.  0.3 0.9 0.  0.  1.3 1.2],0.13506995141506195
17,335,[1.3 0.  0.3 0.9 0.  0.  1.3 1.2],0.13507018238306046
17,336,[1.3 0.  0.3 0.9 0.  0.  1.3 1.2],0.13507023453712463
17,337,[1.3 0.  0.3 0.9 0.  0.  1.3 1.2],0.1350713074207306
17,338,[1.3 0.  0.3 0.9 0.  0.  1.3 1.2],0.1350719928741455
17,339,[1.3 0.  0.3 0.9 0.  0.  1.3 1.2],0.13507243990898132
17,340,[1.3 0.  0.3 0.9 0.  0.  1.3 1.2],0.13507366180419922
17,341,[1.3 0.  0.3 0.9 0.  0.  1.3 1.2],0.13507498055696487
17,342,[1.3 0.  0.3 0.9 0.  0.  1.3 1.2],0.13507510721683502
17,343,[1.3 0.  0.3 0.9 0.  0.  1.3 1.2],0.1350751742720604
17,344,[1.3 0.  0.3 0.9 0.  0.  1.3 1.2],0.13507553935050964
17,345,[1.3 0.  0.3 0.9 0.  0.  1.3 1.2],0.1350756511092186
17,346,[1.3 0.  0.3 0.9 0.  0.  1.3 1.2],0.13507576286792755
17,347,[1.3 0.  0.3 0.9 0.  0.  1.3 1.2],0.13507618755102158
17,348,[1.3 0.  0.3 0.9 0.  0.  1.3 1.2],0.13507647067308426
17,349,[1.3 0.  0.3 0.9 0.  0.  1.3 1.2],0.13507693260908127
17,350,[1.3 0.  0.3 0.9 0.  0.  1.3 1.2],0.13507704436779022
17,351,[1.3 0.  0.3 0.9 0.  0.  1.3 1.2],0.13507744669914246
17,352,[1.3 0.  0.3 0.9 0.  0.  1.3 1.2],0.1350797712802887
17,353,[1.3 0.  0.3 0.9 0.  0.  1.3 1.2],0.1350799724459648
17,354,[1.3 0.  0.3 0.9 0.  0.  1.3 1.2],0.13508013635873795
17,355,[1.3 0.  0.3 0.9 0.  0.  1.3 1.2],0.13508016616106033
17,356,[1.3 0.  0.3 0.9 0.  0.  1.3 1.2],0.1350809447467327
17,357,[1.3 0.  0.3 0.9 0.  0.  1.3 1.2],0.13508211076259613
17,358,[1.3 0.  0.3 0.9 0.  0.  1.3 1.2],0.13508261740207672
17,359,[1.3 0.  0.3 0.9 0.  0.  1.3 1.2],0.1350843459367752
17,360,[1.3 0.  0.3 0.9 0.  0.  1.3 1.2],0.1350850909948349
17,361,[1.3 0.  0.3 0.9 0.  0.  1.3 1.2],0.1350863352417946
17,362,[1.3 0.  0.3 0.9 0.  0.  1.3 1.2],0.13508648425340652
17,363,[1.3 0.  0.3 0.9 0.  0.  1.3 1.2],0.13508711010217667
17,364,[1.3 0.  0.3 0.9 0.  0.  1.3 1.2],0.13508734852075577
17,365,[1.3 0.  0.3 0.9 0.  0.  1.3 1.2],0.1350874975323677
17,366,[1.3 0.  0.3 0.9 0.  0.  1.3 1.2],0.13508809357881546
17,367,[1.3 0.  0.3 0.9 0.  0.  1.3 1.2],0.13508903235197067
17,368,[1.3 0.  0.3 0.9 0.  0.  1.3 1.2],0.13508982211351395
17,369,[1.3 0.  0.3 0.9 0.  0.  1.3 1.2],0.13508984819054604
17,370,[1.3 0.  0.3 0.9 0.  0.  1.3 1.2],0.13509006798267365
17,371,[1.3 0.  0.3 0.9 0.  0.  1.3 1.2],0.13509031385183334
17,372,[1.3 0.  0.3 0.9 0.  0.  1.3 1.2],0.13509035855531693
17,373,[1.3 0.  0.3 0.9 0.  0.  1.3 1.2],0.13509056717157364
17,374,[1.3 0.  0.3 0.9 0.  0.  1.3 1.2],0.1350909098982811
17,375,[1.3 0.  0.3 0.9 0.  0.  1.3 1.2],0.1350913643836975
17,376,[1.3 0.  0.3 0.9 0.  0.  1.3 1.2],0.1350916028022766
17,377,[1.3 0.  0.3 0.9 0.  0.  1.3 1.2],0.1350918635725975
17,378,[1.3 0.  0.3 0.9 0.  0.  1.3 1.2],0.13509249687194824
17,379,[1.3 0.  0.3 0.9 0.  0.  1.3 1.2],0.13509255647659302
17,380,[1.3 0.  0.3 0.9 0.  0.  1.3 1.2],0.13509267196059227
17,381,[1.3 0.  0.3 0.9 0.  0.  1.3 1.2],0.13509280234575272
17,382,[1.3 0.  0.3 0.9 0.  0.  1.3 1.2],0.1350928619503975
17,383,[1.3 0.  0.3 0.9 0.  0.  1.3 1.2],0.13509304821491241
17,384,[1.3 0.  0.3 0.9 0.  0.  1.3 1.2],0.13509347289800644
17,385,[1.3 0.  0.3 0.9 0.  0.  1.3 1.2],0.13509446382522583
17,386,[1.3 0.  0.3 0.9 0.  0.  1.3 1.2],0.13509482145309448
17,387,[1.3 0.  0.3 0.9 0.  0.  1.3 1.2],0.13509494066238403
17,388,[1.3 0.  0.3 0.9 0.  0.  1.3 1.2],0.13509594649076462
17,389,[1.3 0.  0.3 0.9 0.  0.  1.3 1.2],0.1350967437028885
17,390,[1.3 0.  0.3 0.9 0.  0.  1.3 1.2],0.1350991651415825
17,391,[1.3 0.  0.3 0.9 0.  0.  1.3 1.2],0.13510064035654068
17,392,[1.3 0.  0.3 0.9 0.  0.  1.3 1.2],0.13510120660066605
17,393,[1.3 0.  0.3 0.9 0.  0.  1.3 1.2],0.13510141149163246
17,394,[1.3 0.  0.3 0.9 0.  0.  1.3 1.2],0.13510144129395485
17,395,[1.3 0.  0.3 0.9 0.  0.  1.3 1.2],0.13510169833898544
17,396,[1.3 0.  0.3 0.9 0.  0.  1.3 1.2],0.13510235399007797
17,397,[1.3 0.  0.3 0.9 0.  0.  1.3 1.2],0.13510237634181976
17,398,[1.3 0.  0.3 0.9 0.  0.  1.3 1.2],0.13510265946388245
17,399,[1.3 0.  0.3 0.9 0.  0.  1.3 1.2],0.135103240609169
17,400,[1.3 0.  0.3 0.9 0.  0.  1.3 1.2],0.1351039558649063
17,401,[1.3 0.  0.3 0.9 0.  0.  1.3 1.2],0.1351042464375496
17,402,[1.3 0.  0.3 0.9 0.  0.  1.3 1.2],0.13510452955961227
17,403,[1.3 0.  0.3 0.9 0.  0.  1.3 1.2],0.13510644808411598
17,404,[1.3 0.  0.3 0.9 0.  0.  1.3 1.2],0.1351066306233406
17,405,[1.3 0.  0.3 0.9 0.  0.  1.3 1.2],0.1351066455245018
17,406,[1.3 0.  0.3 0.9 0.  0.  1.3 1.2],0.13510674238204956
17,407,[1.3 0.  0.3 0.9 0.  0.  1.3 1.2],0.13510771468281746
17,408,[1.3 0.  0.3 0.9 0.  0.  1.3 1.2],0.13510803133249283
17,409,[1.3 0.  0.3 0.9 0.  0.  1.3 1.2],0.1351088285446167
17,410,[1.3 0.  0.3 0.9 0.  0.  1.3 1.2],0.13510963320732117
17,411,[1.3 0.  0.3 0.9 0.  0.  1.3 1.2],0.13511116802692413
17,412,[1.3 0.  0.3 0.9 0.  0.  1.3 1.2],0.13511117547750473
17,413,[1.3 0.  0.3 0.9 0.  0.  1.3 1.2],0.1351114958524704
17,414,[1.3 0.  0.3 0.9 0.  0.  1.3 1.2],0.13511190935969353
17,415,[1.3 0.  0.3 0.9 0.  0.  1.3 1.2],0.13511212915182114
17,416,[1.3 0.  0.3 0.9 0.  0.  1.3 1.2],0.13511289656162262
17,417,[1.3 0.  0.3 0.9 0.  0.  1.3 1.2],0.1351129487156868
17,418,[1.3 0.  0.3 0.9 0.  0.  1.3 1.2],0.13511312752962112
17,419,[1.3 0.  0.3 0.9 0.  0.  1.3 1.2],0.1351131573319435
17,420,[1.3 0.  0.3 0.9 0.  0.  1.3 1.2],0.13511376082897186
17,421,[1.3 0.  0.3 0.9 0.  0.  1.3 1.2],0.13511516153812408
17,422,[1.3 0.  0.3 0.9 0.  0.  1.3 1.2],0.13511670753359795
17,423,[1.3 0.  0.3 0.9 0.  0.  1.3 1.2],0.1351168528199196
17,424,[1.3 0.  0.3 0.9 0.  0.  1.3 1.2],0.1351170837879181
17,425,[1.3 0.  0.3 0.9 0.  0.  1.3 1.2],0.13511769473552704
17,426,[1.3 0.  0.3 0.9 0.  0.  1.3 1.2],0.13511772453784943
17,427,[1.3 0.  0.3 0.9 0.  0.  1.3 1.2],0.13511914759874344
17,428,[1.3 0.  0.3 0.9 0.  0.  1.3 1.2],0.13512063771486282
17,429,[1.3 0.  0.3 0.9 0.  0.  1.3 1.2],0.13512107729911804
17,430,[1.3 0.  0.3 0.9 0.  0.  1.3 1.2],0.13512380421161652
17,431,[1.3 0.  0.3 0.9 0.  0.  1.3 1.2],0.13512440025806427
17,432,[1.3 0.  0.3 0.9 0.  0.  1.3 1.2],0.13512546569108963
17,433,[1.3 0.  0.3 0.9 0.  0.  1.3 1.2],0.13512573391199112
17,434,[1.3 0.  0.3 0.9 0.  0.  1.3 1.2],0.1351262405514717
17,435,[1.3 0.  0.3 0.9 0.  0.  1.3 1.2],0.135127704590559
17,436,[1.3 0.  0.3 0.9 0.  0.  1.3 1.2],0.1351284682750702
17,437,[1.3 0.  0.3 0.9 0.  0.  1.3 1.2],0.13512904942035675
17,438,[1.3 0.  0.3 0.9 0.  0.  1.3 1.2],0.13512953370809555
17,439,[1.3 0.  0.3 0.9 0.  0.  1.3 1.2],0.13512984663248062
17,440,[1.3 0.  0.3 0.9 0.  0.  1.3 1.2],0.135130412876606
17,441,[1.3 0.  0.3 0.9 0.  0.  1.3 1.2],0.13513126969337463
17,442,[1.3 0.  0.3 0.9 0.  0.  1.3 1.2],0.13513178378343582
17,443,[1.3 0.  0.3 0.9 0.  0.  1.3 1.2],0.1351339966058731
17,444,[1.3 0.  0.3 0.9 0.  0.  1.3 1.2],0.1351349577307701
17,445,[1.3 0.  0.3 0.9 0.  0.  1.3 1.2],0.13513647764921188
17,446,[1.3 0.  0.3 0.9 0.  0.  1.3 1.2],0.13513753563165665
17,447,[1.3 0.  0.3 0.9 0.  0.  1.3 1.2],0.13513775914907455
17,448,[1.3 0.  0.3 0.9 0.  0.  1.3 1.2],0.135137889534235
17,449,[1.3 0.  0.3 0.9 0.  0.  1.3 1.2],0.1351381465792656
17,450,[1.3 0.  0.3 0.9 0.  0.  1.3 1.2],0.1351383440196514
17,451,[1.3 0.  0.3 0.9 0.  0.  1.3 1.2],0.13513844460248947
17,452,[1.3 0.  0.3 0.9 0.  0.  1.3 1.2],0.13513849675655365
17,453,[1.3 0.  0.3 0.9 0.  0.  1.3 1.2],0.1351400390267372
17,454,[1.3 0.  0.3 0.9 0.  0.  1.3 1.2],0.1351407691836357
17,455,[1.3 0.  0.3 0.9 0.  0.  1.3 1.2],0.135143481194973
17,456,[1.3 0.  0.3 0.9 0.  0.  1.3 1.2],0.13514666631817818
17,457,[1.3 0.  0.3 0.9 0.  0.  1.3 1.2],0.13514778017997742
17,458,[1.3 0.  0.3 0.9 0.  0.  1.3 1.2],0.1351480856537819
17,459,[1.3 0.  0.3 0.9 0.  0.  1.3 1.2],0.13514841347932816
17,460,[1.3 0.  0.3 0.9 0.  0.  1.3 1.2],0.13514920324087143
17,461,[1.3 0.  0.3 0.9 0.  0.  1.3 1.2],0.13515034317970276
17,462,[1.3 0.  0.3 0.9 0.  0.  1.3 1.2],0.13515351712703705
17,463,[1.3 0.  0.3 0.9 0.  0.  1.3 1.2],0.13515424728393555
17,464,[1.3 0.  0.3 0.9 0.  0.  1.3 1.2],0.1351557895541191
17,465,[1.3 0.  0.3 0.9 0.  0.  1.3 1.2],0.1351580172777176
17,466,[1.3 0.  0.3 0.9 0.  0.  1.3 1.2],0.1351606398820877
17,467,[1.3 0.  0.3 0.9 0.  0.  1.3 1.2],0.13516469299793243
17,468,[1.3 0.  0.3 0.9 0.  0.  1.3 1.2],0.13516538217663765
17,469,[1.3 0.  0.3 0.9 0.  0.  1.3 1.2],0.1351662501692772
17,470,[1.3 0.  0.3 0.9 0.  0.  1.3 1.2],0.1351662576198578
17,471,[1.3 0.  0.3 0.9 0.  0.  1.3 1.2],0.1351667121052742
17,472,[1.3 0.  0.3 0.9 0.  0.  1.3 1.2],0.13516926020383835
17,473,[1.3 0.  0.3 0.9 0.  0.  1.3 1.2],0.13517076522111893
17,474,[1.3 0.  0.3 0.9 0.  0.  1.3 1.2],0.1351725347340107
17,475,[1.3 0.  0.3 0.9 0.  0.  1.3 1.2],0.1351732462644577
17,476,[1.3 0.  0.3 0.9 0.  0.  1.3 1.2],0.13517411053180695
17,477,[1.3 0.  0.3 0.9 0.  0.  1.3 1.2],0.13517507538199425
17,478,[1.3 0.  0.3 0.9 0.  0.  1.3 1.2],0.13517659902572632
17,479,[1.3 0.  0.3 0.9 0.  0.  1.3 1.2],0.13517991080880165
17,480,[1.3 0.  0.3 0.9 0.  0.  1.3 1.2],0.13518425077199936
17,481,[1.3 0.  0.3 0.9 0.  0.  1.3 1.2],0.13519039377570152
17,482,[1.3 0.  0.3 0.9 0.  0.  1.3 1.2],0.1351919248700142
17,483,[1.3 0.  0.3 0.9 0.  0.  1.3 1.2],0.1351943388581276
17,484,[1.3 0.  0.3 0.9 0.  0.  1.3 1.2],0.13519465923309326
17,485,[1.3 0.  0.3 0.9 0.  0.  1.3 1.2],0.1351952701807022
17,486,[1.3 0.  0.3 0.9 0.  0.  1.3 1.2],0.13520746305584908
17,487,[1.3 0.  0.3 0.9 0.  0.  1.3 1.2],0.1352151334285736
17,488,[1.3 0.  0.3 0.9 0.  0.  1.3 1.2],0.13522280752658844
17,489,[1.3 0.  0.3 0.9 0.  0.  1.3 1.2],0.135224848985672
17,490,[1.3 0.  0.3 0.9 0.  0.  1.3 1.2],0.13523295521736145
17,491,[1.3 0.1 0.2 0.9 0.  0.  1.3 1.2],0.1370115652680397
17,492,[1.3 0.1 0.2 0.9 0.  0.  1.3 1.2],0.13704009354114532
17,493,[1.3 0.1 0.2 0.9 0.  0.  1.3 1.2],0.13706743717193604
17,494,[1.3 0.1 0.2 0.9 0.  0.  1.3 1.2],0.13709121942520142
17,495,[1.3 0.1 0.2 0.9 0.  0.  1.3 1.2],0.13709533959627151
17,496,[1.3 0.1 0.2 0.9 0.  0.  1.3 1.2],0.13709574937820435
17,497,[1.3 0.1 0.2 0.9 0.  0.  1.3 1.2],0.13709904253482819
17,498,[1.3 0.1 0.2 0.9 0.  0.  1.3 1.2],0.13710607588291168
17,499,[1.3 0.1 0.2 0.9 0.  0.  1.3 1.2],0.13710810989141464
17,500,[1.3 0.1 0.2 0.9 0.  0.  1.3 1.2],0.1371157392859459
17,501,[1.3 0.1 0.2 0.9 0.  0.  1.3 1.2],0.1371191069483757
17,502,[1.3 0.1 0.2 0.9 0.  0.  1.3 1.2],0.1371311917901039
17,503,[1.3 0.1 0.2 0.9 0.  0.  1.3 1.2],0.13713233172893524
17,504,[1.3 0.1 0.2 0.9 0.  0.  1.3 1.2],0.13713239878416061
17,505,[1.3 0.1 0.2 0.9 0.  0.  1.3 1.2],0.13713748008012772
17,506,[1.3 0.1 0.2 0.9 0.  0.  1.3 1.2],0.13714509457349777
17,507,[1.3 0.1 0.2 0.9 0.  0.  1.3 1.2],0.13714513927698135
17,508,[1.3 0.1 0.2 0.9 0.  0.  1.3 1.2],0.1371603161096573
17,509,[1.3 0.1 0.2 0.9 0.  0.  1.3 1.2],0.1371748149394989
17,510,[1.3 0.1 0.2 0.9 0.  0.  1.3 1.2],0.13717921823263168
17,511,[1.3 0.1 0.2 0.9 0.  0.  1.3 1.2],0.13717973977327347
17,512,[1.3 0.1 0.2 0.9 0.  0.  1.3 1.2],0.13718384504318237
17,513,[1.3 0.1 0.2 0.9 0.  0.  1.3 1.2],0.1371951773762703
17,514,[1.3 0.1 0.2 0.9 0.  0.  1.3 1.2],0.13719546049833298
17,515,[1.3 0.1 0.2 0.9 0.  0.  1.3 1.2],0.13720694929361343
17,516,[1.3 0.1 0.2 0.9 0.  0.  1.3 1.2],0.13722559809684753
17,517,[1.3 0.1 0.2 0.9 0.  0.  1.3 1.2],0.1372421830892563
17,518,[1.3 0.1 0.2 0.9 0.  0.  1.3 1.2],0.13727203756570816
17,519,[1.3 0.1 0.2 0.9 0.  0.  1.3 1.2],0.13728009164333344
17,520,[1.3 0.1 0.2 0.9 0.  0.  1.3 1.2],0.13728687912225723
17,521,[1.3 0.1 0.2 0.9 0.  0.  1.3 1.2],0.13735219091176987
17,522,[0.5 1.  0.9 0.6 0.  0.  1.  0.5],0.13780497759580612
17,523,[0.3 0.  0.3 0.9 0.  0.  1.3 0.6],0.1379241943359375
17,524,[0.3 0.  0.3 0.9 0.  0.  1.3 0.6],0.13794144243001938
17,525,[0.3 0.  0.3 0.9 0.  0.  1.3 0.6],0.13795094937086105
17,526,[0.3 0.  0.3 0.9 0.  0.  1.3 0.6],0.13795916736125946
17,527,[0.3 0.  0.3 0.9 0.  0.  1.3 0.6],0.13797058910131454
17,528,[0.3 0.  0.3 0.9 0.  0.  1.3 0.6],0.137982077896595
17,529,[0.3 0.  0.3 0.9 0.  0.  1.3 0.6],0.13801837712526321
17,530,[0.3 0.  0.3 0.9 0.  0.  1.3 0.6],0.1380188837647438
17,531,[0.3 0.  0.3 0.9 0.  0.  1.3 0.6],0.13802679628133774
17,532,[0.3 0.  0.3 0.9 0.  0.  1.3 0.6],0.13803249597549438
17,533,[0.3 0.  0.3 0.9 0.  0.  1.3 0.6],0.1380421295762062
17,534,[0.3 0.  0.3 0.9 0.  0.  1.3 0.6],0.13804218918085098
17,535,[0.3 0.  0.3 0.9 0.  0.  1.3 0.6],0.13808471709489822
17,536,[0.3 0.  0.3 0.9 0.  0.  1.3 0.6],0.1381196528673172
17,537,[1.3 0.  0.3 0.9 0.9 0.  1.3 0.8],0.13937944173812866
17,538,[1.3 0.  0.4 0.9 0.  0.  1.3 0.6],0.1426723152399063
17,539,[0.7 0.  0.3 0.7 0.  0.  1.3 1.2],0.1461683064699173
17,540,[0.7 0.  0.3 0.7 0.  0.  1.3 1.2],0.1461697742342949
17,541,[0.7 0.  0.3 0.7 0.  0.  1.3 1.2],0.14617890119552612
17,542,[0.7 0.  0.3 0.7 0.  0.  1.3 1.2],0.1462106555700302
17,543,[0.7 0.  0.3 0.7 0.  0.  1.3 1.2],0.1462246999144554
17,544,[0.7 0.  0.3 0.7 0.  0.  1.3 1.2],0.14622530341148376
17,545,[0.7 0.  0.3 0.7 0.  0.  1.3 1.2],0.14622683823108673
17,546,[1.3 0.1 0.4 0.9 0.  0.  1.1 0.1],0.14869125187397003
17,547,[1.3 0.1 0.4 0.9 0.  0.  1.1 0.1],0.14871154725551605
17,548,[1.3 0.1 0.4 0.9 0.  0.  1.1 0.1],0.14871622622013092
17,549,[1.3 0.1 0.4 0.9 0.  0.  1.1 0.1],0.1487163007259369
17,550,[1.3 0.1 0.4 0.9 0.  0.  1.1 0.1],0.1487804427742958
17,551,[1.3 0.1 0.4 0.9 0.  0.  1.1 0.1],0.14880386739969254
17,552,[1.3 0.1 0.4 0.9 0.  0.  1.1 0.1],0.14881230890750885
17,553,[1.3 0.1 0.4 0.9 0.  0.  1.1 0.1],0.14881747961044312
17,554,[1.3 0.1 0.4 0.9 0.  0.  1.1 0.1],0.14896149188280106
17,555,[0.  0.2 0.3 0.9 0.  0.  1.3 1.2],0.14976494759321213
17,556,[0.  0.2 0.3 0.9 0.  0.  1.3 1.2],0.14990124106407166
17,557,[0.3 0.6 0.3 0.9 0.  0.  1.3 1.2],0.17311298847198486
17,558,[0.3 0.6 0.3 0.9 0.  0.  1.3 1.2],0.17315858602523804
17,559,[0.3 0.6 0.3 0.9 0.  0.  1.3 1.2],0.17318181693553925
17,560,[0.3 0.6 0.3 0.9 0.  0.  1.3 1.2],0.17319874465465546
17,561,[0.3 0.6 0.3 0.9 0.  0.  1.3 1.2],0.173202246427536
17,562,[0.3 0.6 0.3 0.9 0.  0.  1.3 1.2],0.1732129529118538
17,563,[0.3 0.6 0.3 0.9 0.  0.  1.3 1.2],0.17321733385324478
17,564,[0.3 0.6 0.3 0.9 0.  0.  1.3 1.2],0.17322928458452225
17,565,[0.3 0.6 0.3 0.9 0.  0.  1.3 1.2],0.17323369532823563
17,566,[0.3 0.6 0.3 0.9 0.  0.  1.3 1.2],0.17324447631835938
17,567,[0.3 0.6 0.3 0.9 0.  0.  1.3 1.2],0.17325670272111893
17,568,[0.3 0.6 0.3 0.9 0.  0.  1.3 1.2],0.1732681542634964
17,569,[0.3 0.6 0.3 0.9 0.  0.  1.3 1.2],0.173272967338562
17,570,[0.3 0.6 0.3 0.9 0.  0.  1.3 1.2],0.1732841059565544
17,571,[0.3 0.6 0.3 0.9 0.  0.  1.3 1.2],0.17328476905822754
17,572,[0.3 0.6 0.3 0.9 0.  0.  1.3 1.2],0.1732872799038887
17,573,[0.3 0.6 0.3 0.9 0.  0.  1.3 1.2],0.1733032912015915
17,574,[0.3 0.6 0.3 0.9 0.  0.  1.3 1.2],0.17330800741910934
17,575,[0.3 0.6 0.3 0.9 0.  0.  1.3 1.2],0.1733488366007805
17,576,[0.3 0.6 0.3 0.9 0.  0.  1.3 1.2],0.17336121201515198
17,577,[0.3 0.6 0.3 0.9 0.  0.  1.3 1.2],0.17337656766176224
17,578,[0.6 0.  0.6 0.9 0.  0.  1.3 1.2],0.18236325681209564
17,579,[0.6 0.  0.6 0.9 0.  0.  1.3 1.2],0.1824725940823555
17,580,[1.3 0.  0.3 0.9 0.1 0.  0.6 1.2],0.18553274124860764
17,581,[1.3 0.  0.3 0.9 0.1 0.  0.6 1.2],0.18556857109069824
17,582,[1.3 0.  0.3 0.9 0.1 0.  0.6 1.2],0.18567481637001038
17,583,[1.3 0.  0.3 0.9 0.1 0.  0.6 1.2],0.1856875643134117
17,584,[1.3 0.  0.3 0.9 0.1 0.  0.6 1.2],0.1856909990310669
17,585,[1.3 0.  0.3 0.9 0.1 0.  0.6 1.2],0.18571185320615768
17,586,[1.3 0.  0.3 0.9 0.1 0.  0.6 1.2],0.18572629243135452
17,587,[1.3 0.  0.3 0.9 0.1 0.  0.6 1.2],0.18574419617652893
17,588,[1.3 0.  0.3 0.9 0.1 0.  0.6 1.2],0.18575292825698853
17,589,[1.3 0.  0.3 0.9 0.1 0.  0.6 1.2],0.1857796162366867
17,590,[1.3 0.  0.3 0.9 0.1 0.  0.6 1.2],0.18583247810602188
17,591,[1.3 0.3 0.3 0.9 0.4 0.2 0.3 1.2],0.18647576123476028
17,592,[1.2 1.3 0.3 1.1 0.  0.  1.3 1.2],0.1902792677283287
17,593,[1.  0.  0.3 0.4 0.  0.  1.3 1.2],0.19598855823278427
17,594,[1.  0.  0.3 0.4 0.  0.  1.3 1.2],0.19601762294769287
17,595,[1.  0.  0.3 0.4 0.  0.  1.3 1.2],0.1960408166050911
17,596,[1.  0.  0.3 0.4 0.  0.  1.3 1.2],0.19604120403528214
17,597,[1.  0.  0.3 0.4 0.  0.  1.3 1.2],0.1960587128996849
17,598,[1.3 0.  0.3 0.9 0.1 0.  0.2 1.2],0.20158640295267105
17,599,[1.3 0.  0.3 0.9 0.2 0.  1.3 0.6],0.21087106317281723
17,600,[1.3 1.3 0.3 0.9 0.  0.  1.3 0.7],0.22338993847370148
17,601,[1.3 1.3 0.3 0.9 0.  0.  1.3 0.7],0.22345639765262604
17,602,[1.3 1.3 0.3 0.9 0.  0.  1.3 0.7],0.22356508672237396
17,603,[1.3 1.3 0.3 0.9 0.  0.  1.3 0.7],0.2235749512910843
17,604,[1.3 1.3 0.3 0.9 0.  0.  1.3 0.7],0.22357754409313202
17,605,[1.3 1.3 0.3 0.9 0.  0.  1.3 0.7],0.2235778197646141
17,606,[1.3 1.3 0.3 0.9 0.  0.  1.3 0.7],0.223594069480896
17,607,[1.3 1.3 0.3 0.9 0.  0.  1.3 0.7],0.22362405061721802
17,608,[1.3 1.3 0.3 0.9 0.  0.  1.3 0.7],0.22363389283418655
17,609,[1.3 1.3 0.3 0.9 0.  0.  1.3 0.7],0.22366410493850708
17,610,[1.3 1.3 0.3 0.9 0.  0.  1.3 0.7],0.22369639575481415
17,611,[1.3 1.3 0.3 0.9 0.  0.  1.3 0.7],0.22370869666337967
17,612,[1.3 1.3 0.3 0.9 0.  0.  1.3 0.7],0.22381800413131714
17,613,[1.2 1.3 0.3 1.1 0.  0.  1.3 1.2],0.22660793364048004
17,614,[1.2 1.3 0.3 1.1 0.  0.  1.3 1.2],0.2266470193862915
17,615,[1.2 1.3 0.3 1.1 0.  0.  1.3 1.2],0.22672715783119202
17,616,[1.2 1.3 0.3 1.1 0.  0.  1.3 1.2],0.22676866501569748
17,617,[1.3 0.1 0.2 0.3 0.  0.  0.2 1.2],0.27094660699367523
17,618,[1.3 0.1 0.2 0.3 0.  0.  0.2 1.2],0.2709587514400482
17,619,[1.3 0.1 0.2 0.3 0.  0.  0.2 1.2],0.2710603028535843
17,620,[1.3 0.1 0.2 0.3 0.  0.  0.2 1.2],0.27121004462242126
17,621,[0.9 0.1 0.6 0.3 0.  0.1 1.  1.3],0.28832685947418213
17,622,[0.5 1.  0.9 0.6 0.  0.  1.  0.5],0.29327595233917236
17,623,[1.3 0.4 0.8 0.9 0.  0.  0.4 1.2],0.29628029465675354
17,624,[1.3 0.4 0.8 0.9 0.  0.  0.4 1.2],0.2963513880968094
17,625,[1.3 0.4 0.8 0.9 0.  0.  0.4 1.2],0.2963707000017166
17,626,[1.3 0.4 0.8 0.9 0.  0.  0.4 1.2],0.29642491042613983
17,627,[1.3 0.4 0.8 0.9 0.  0.  0.4 1.2],0.296444907784462
17,628,[1.3 0.4 0.8 0.9 0.  0.  0.4 1.2],0.2964545637369156
17,629,[1.3 0.4 0.8 0.9 0.  0.  0.4 1.2],0.29645784199237823
17,630,[1.3 0.4 0.8 0.9 0.  0.  0.4 1.2],0.29645833373069763
17,631,[1.3 0.4 0.8 0.9 0.  0.  0.4 1.2],0.2964676022529602
17,632,[1.3 0.4 0.8 0.9 0.  0.  0.4 1.2],0.2964912950992584
17,633,[1.3 0.4 0.8 0.9 0.  0.  0.4 1.2],0.2965025454759598
17,634,[1.3 0.4 0.8 0.9 0.  0.  0.4 1.2],0.29657718539237976
17,635,[0.9 0.1 0.6 0.3 0.  0.1 1.  1.3],0.29898640513420105
17,636,[0.9 0.1 0.6 0.3 0.  0.1 1.  1.3],0.29898904263973236
17,637,[0.9 0.1 0.6 0.3 0.  0.1 1.  1.3],0.29900456964969635
17,638,[0.9 0.1 0.6 0.3 0.  0.1 1.  1.3],0.29902341961860657
17,639,[0.9 0.1 0.6 0.3 0.  0.1 1.  1.3],0.29902923107147217
17,640,[0.9 0.1 0.6 0.3 0.  0.1 1.  1.3],0.2990424931049347
17,641,[0.9 0.1 0.6 0.3 0.  0.1 1.  1.3],0.29904283583164215
17,642,[0.9 0.1 0.6 0.3 0.  0.1 1.  1.3],0.29904626309871674
17,643,[0.9 0.1 0.6 0.3 0.  0.1 1.  1.3],0.2990579456090927
17,644,[0.9 0.1 0.6 0.3 0.  0.1 1.  1.3],0.29906244575977325
17,645,[0.9 0.1 0.6 0.3 0.  0.1 1.  1.3],0.2990736961364746
17,646,[0.9 0.1 0.6 0.3 0.  0.1 1.  1.3],0.29907386004924774
17,647,[0.9 0.1 0.6 0.3 0.  0.1 1.  1.3],0.2990756183862686
17,648,[0.9 0.1 0.6 0.3 0.  0.1 1.  1.3],0.299080491065979
17,649,[0.9 0.1 0.6 0.3 0.  0.1 1.  1.3],0.2990841716527939
17,650,[0.9 0.1 0.6 0.3 0.  0.1 1.  1.3],0.299090176820755
17,651,[0.9 0.1 0.6 0.3 0.  0.1 1.  1.3],0.29909898340702057
17,652,[0.9 0.1 0.6 0.3 0.  0.1 1.  1.3],0.2991064041852951
17,653,[0.9 0.1 0.6 0.3 0.  0.1 1.  1.3],0.2991110533475876
17,654,[0.9 0.1 0.6 0.3 0.  0.1 1.  1.3],0.29911182820796967
17,655,[0.9 0.1 0.6 0.3 0.  0.1 1.  1.3],0.2991137355566025
17,656,[0.9 0.1 0.6 0.3 0.  0.1 1.  1.3],0.2991229295730591
17,657,[0.9 0.1 0.6 0.3 0.  0.1 1.  1.3],0.29912595450878143
17,658,[0.9 0.1 0.6 0.3 0.  0.1 1.  1.3],0.29913267493247986
17,659,[0.9 0.1 0.6 0.3 0.  0.1 1.  1.3],0.29913945496082306
17,660,[0.9 0.1 0.6 0.3 0.  0.1 1.  1.3],0.29913967847824097
17,661,[0.9 0.1 0.6 0.3 0.  0.1 1.  1.3],0.2991458475589752
17,662,[0.9 0.1 0.6 0.3 0.  0.1 1.  1.3],0.2991497367620468
17,663,[0.9 0.1 0.6 0.3 0.  0.1 1.  1.3],0.299198180437088
17,664,[0.9 0.1 0.6 0.3 0.  0.1 1.  1.3],0.29924267530441284
17,665,[0.9 0.1 0.6 0.3 0.  0.1 1.  1.3],0.2992589622735977
17,666,[0.9 0.1 0.6 0.3 0.  0.1 1.  1.3],0.2992649972438812
17,667,[0.9 0.1 0.6 0.3 0.  0.1 1.  1.3],0.29929935932159424
17,668,[0.9 0.1 0.6 0.3 0.  0.1 1.  1.3],0.2993013858795166
17,669,[1.3 0.  0.  0.1 0.  0.  1.3 1.2],0.31981055438518524
17,670,[1.3 0.  0.  0.1 0.  0.  1.3 1.2],0.31987954676151276
17,671,[1.3 0.  0.  0.1 0.  0.  1.3 1.2],0.31990693509578705
17,672,[1.3 0.  0.  0.1 0.  0.  1.3 1.2],0.31991058588027954
17,673,[1.3 0.  0.  0.1 0.  0.  1.3 1.2],0.319912388920784
17,674,[1.3 0.  0.  0.1 0.  0.  1.3 1.2],0.3199243098497391
17,675,[1.3 0.  0.  0.1 0.  0.  1.3 1.2],0.3199530690908432
17,676,[1.3 0.  0.  0.1 0.  0.  1.3 1.2],0.3199753165245056
17,677,[1.3 0.  0.  0.1 0.  0.  1.3 1.2],0.3200671523809433
17,678,[1.3 0.5 0.9 0.9 0.  0.  1.3 1.2],0.3260785788297653
17,679,[1.3 0.  1.  0.9 0.  0.  1.3 0.3],0.3275797665119171
17,680,[1.3 0.  1.  0.9 0.  0.  1.3 0.3],0.3275812417268753
17,681,[1.3 0.  1.  0.9 0.  0.  1.3 0.3],0.3275870978832245
17,682,[1.3 0.  1.  0.9 0.  0.  1.3 0.3],0.3276323527097702
17,683,[1.3 0.1 0.4 0.9 0.  0.  1.1 0.1],0.3406115472316742
17,684,[1.3 0.4 0.3 0.1 0.1 0.  0.8 1.2],0.3505728840827942
17,685,[1.3 0.  0.3 0.1 0.1 0.  1.3 1.2],0.35344764590263367
17,686,[1.3 0.  0.3 0.1 0.1 0.  1.3 1.2],0.353481262922287
17,687,[1.3 0.  0.3 0.1 0.1 0.  1.3 1.2],0.35348962247371674
17,688,[1.3 0.  0.3 0.1 0.1 0.  1.3 1.2],0.35367996990680695
17,689,[0.5 1.  0.9 0.6 0.  0.  1.  0.5],0.38424597680568695
17,690,[1.3 0.3 0.3 0.9 0.4 0.2 0.3 1.2],0.3981510102748871
17,691,[1.3 0.3 0.3 0.9 0.4 0.2 0.3 1.2],0.3982103168964386
17,692,[1.3 0.3 0.3 0.9 0.4 0.2 0.3 1.2],0.3983414024114609
17,693,[1.3 0.3 0.3 0.9 0.4 0.2 0.3 1.2],0.3983541429042816
17,694,[1.3 0.3 0.3 0.9 0.4 0.2 0.3 1.2],0.3984336853027344
17,695,[1.3 0.3 0.3 0.9 0.4 0.2 0.3 1.2],0.39844731986522675
17,696,[1.3 0.3 0.3 0.9 0.4 0.2 0.3 1.2],0.3984989523887634
17,697,[1.3 0.3 0.3 0.9 0.4 0.2 0.3 1.2],0.3986124098300934
17,698,[1.3 0.4 0.3 0.1 0.1 0.  0.8 1.2],0.40935470163822174
17,699,[1.3 0.4 0.3 0.1 0.1 0.  0.8 1.2],0.4123321622610092
17,700,[1.3 0.4 0.3 0.1 0.1 0.  0.8 1.2],0.412360817193985
17,701,[0.5 1.  0.9 0.6 0.  0.  1.  0.5],0.42531317472457886
17,702,[0.5 1.  0.9 0.6 0.  0.  1.  0.5],0.4253174960613251
17,703,[0.5 1.  0.9 0.6 0.  0.  1.  0.5],0.4253363758325577
17,704,[0.5 1.  0.9 0.6 0.  0.  1.  0.5],0.42535537481307983
17,705,[0.5 1.  0.9 0.6 0.  0.  1.  0.5],0.4253658950328827
17,706,[0.5 1.  0.9 0.6 0.  0.  1.  0.5],0.42538903653621674
17,707,[0.5 1.  0.9 0.6 0.  0.  1.  0.5],0.42539992928504944
17,708,[0.5 1.  0.9 0.6 0.  0.  1.  0.5],0.4254012554883957
17,709,[0.5 1.  0.9 0.6 0.  0.  1.  0.5],0.42541588842868805
17,710,[0.5 1.  0.9 0.6 0.  0.  1.  0.5],0.4254327863454819
17,711,[0.5 1.  0.9 0.6 0.  0.  1.  0.5],0.42543889582157135
17,712,[0.5 1.  0.9 0.6 0.  0.  1.  0.5],0.42545558512210846
17,713,[0.5 1.  0.9 0.6 0.  0.  1.  0.5],0.42548105120658875
17,714,[0.5 1.  0.9 0.6 0.  0.  1.  0.5],0.42549628019332886
17,715,[0.5 1.  0.9 0.6 0.  0.  1.  0.5],0.4255080968141556
17,716,[0.5 1.  0.9 0.6 0.  0.  1.  0.5],0.4255083501338959
17,717,[0.5 1.  0.9 0.6 0.  0.  1.  0.5],0.42551712691783905
17,718,[0.5 1.  0.9 0.6 0.  0.  1.  0.5],0.4255535900592804
17,719,[0.5 1.  0.9 0.6 0.  0.  1.  0.5],0.4255598187446594
17,720,[0.5 1.  0.9 0.6 0.  0.  1.  0.5],0.425563782453537
17,721,[0.5 1.  0.9 0.6 0.  0.  1.  0.5],0.42558644711971283
17,722,[0.5 1.  0.9 0.6 0.  0.  1.  0.5],0.425587996840477
17,723,[0.5 1.  0.9 0.6 0.  0.  1.  0.5],0.42563776671886444
17,724,[0.5 1.  0.9 0.6 0.  0.  1.  0.5],0.4256849139928818
17,725,[0.5 1.  0.9 0.6 0.  0.  1.  0.5],0.4256887882947922
17,726,[0.5 1.  0.9 0.6 0.  0.  1.  0.5],0.42572519183158875
17,727,[0.5 1.  0.9 0.6 0.  0.  1.  0.5],0.4257424473762512
17,728,[0.5 1.  0.9 0.6 0.  0.  1.  0.5],0.42574621737003326
17,729,[0.5 1.  0.9 0.6 0.  0.  1.  0.5],0.4257470369338989
17,730,[0.5 1.  0.9 0.6 0.  0.  1.  0.5],0.42580023407936096
17,731,[1.3 0.  0.3 0.9 0.  0.9 0.2 1.2],0.48297709226608276
17,732,[1.3 0.  0.3 0.9 0.  0.9 0.2 1.2],0.48311688005924225
17,733,[1.3 0.  0.3 0.9 0.7 0.  1.3 0. ],0.49801069498062134
17,734,[1.3 0.  0.3 0.9 0.7 0.  1.3 0. ],0.49804334342479706
17,735,[1.3 0.  0.3 0.9 0.7 0.  1.3 0. ],0.49830612540245056
17,736,[1.3 0.  0.3 0.9 0.7 0.  1.3 0. ],0.49851538240909576
17,737,[1.3 0.  0.3 0.9 0.7 0.  1.3 0. ],0.4986198991537094
17,738,[1.3 0.  0.3 0.9 0.7 0.  1.3 0. ],0.49865691363811493
17,739,[1.2 0.8 0.2 1.  1.  0.4 0.3 0.2],0.5493619740009308
17,740,[1.3 1.3 0.3 0.9 0.  1.  1.3 1.2],0.652883917093277
17,741,[1.3 1.3 0.3 0.9 0.  1.  1.3 1.2],0.6533592343330383
17,742,[1.3 1.3 0.3 0.9 0.  1.  1.3 1.2],0.6537597179412842
17,743,[1.3 0.  0.3 0.9 0.9 0.  1.3 0.8],0.657106876373291
17,744,[1.3 0.  0.3 0.5 0.  1.1 1.3 1.2],0.7058031260967255
17,745,[1.3 0.  0.3 0.9 0.  1.2 0.7 1.2],0.7186140418052673
17,746,[0.2 1.3 0.9 0.8 0.7 0.  1.3 1. ],0.8351280987262726
17,747,[0.2 1.3 0.9 0.8 0.7 0.  1.3 1. ],0.8352804481983185
17,748,[0.2 1.3 0.9 0.8 0.7 0.  1.3 1. ],0.8353008329868317
17,749,[0.2 1.3 0.9 0.8 0.7 0.  1.3 1. ],0.8353436291217804
17,750,[0.2 1.3 0.9 0.8 0.7 0.  1.3 1. ],0.8353950679302216
17,751,[0.2 1.3 0.9 0.8 0.7 0.  1.3 1. ],0.835554450750351
17,752,[0.2 1.3 0.9 0.8 0.7 0.  1.3 1. ],0.8355919718742371
17,753,[0.2 1.3 0.9 0.8 0.7 0.  1.3 1. ],0.8357472121715546
17,754,[0.2 1.3 0.9 0.8 0.7 0.  1.3 1. ],0.8357770144939423
17,755,[0.2 1.3 0.9 0.8 0.7 0.  1.3 1. ],0.8358664810657501
17,756,[0.2 1.3 0.9 0.8 0.7 0.  1.3 1. ],0.8359372615814209
17,757,[0.2 1.3 0.9 0.8 0.7 0.  1.3 1. ],0.8360627293586731
17,758,[0.7 0.6 0.  0.9 0.  1.3 1.1 1.2],0.94033282995224
17,759,[0.7 0.6 0.  0.9 0.  1.3 1.1 1.2],0.9405823647975922
17,760,[0.7 0.6 0.  0.9 0.  1.3 1.1 1.2],0.9406047463417053
17,761,[0.7 0.6 0.  0.9 0.  1.3 1.1 1.2],0.9406450688838959
17,762,[0.7 0.6 0.  0.9 0.  1.3 1.1 1.2],0.9406755566596985
17,763,[0.7 0.6 0.  0.9 0.  1.3 1.1 1.2],0.9407167136669159
17,764,[0.7 0.6 0.  0.9 0.  1.3 1.1 1.2],0.9407458007335663
17,765,[0.7 0.6 0.  0.9 0.  1.3 1.1 1.2],0.9407576322555542
17,766,[0.7 0.6 0.  0.9 0.  1.3 1.1 1.2],0.9407787919044495
17,767,[0.7 0.6 0.  0.9 0.  1.3 1.1 1.2],0.9408393800258636
17,768,[0.7 0.6 0.  0.9 0.  1.3 1.1 1.2],0.9409070611000061
17,769,[0.7 0.6 0.  0.9 0.  1.3 1.1 1.2],0.9409315288066864
17,770,[0.7 0.6 0.  0.9 0.  1.3 1.1 1.2],0.9409364759922028
17,771,[0.7 0.6 0.  0.9 0.  1.3 1.1 1.2],0.9409523010253906
17,772,[0.7 0.6 0.  0.9 0.  1.3 1.1 1.2],0.9409720301628113
17,773,[0.7 0.6 0.  0.9 0.  1.3 1.1 1.2],0.9409961700439453
17,774,[0.7 0.6 0.  0.9 0.  1.3 1.1 1.2],0.9410267174243927
17,775,[0.7 0.6 0.  0.9 0.  1.3 1.1 1.2],0.9410450458526611
17,776,[0.7 0.6 0.  0.9 0.  1.3 1.1 1.2],0.941087007522583
17,777,[0.7 0.6 0.  0.9 0.  1.3 1.1 1.2],0.9411013722419739
17,778,[0.7 0.6 0.  0.9 0.  1.3 1.1 1.2],0.941107988357544
17,779,[0.7 0.6 0.  0.9 0.  1.3 1.1 1.2],0.9411331713199615
17,780,[0.7 0.6 0.  0.9 0.  1.3 1.1 1.2],0.9411532282829285
17,781,[0.7 0.6 0.  0.9 0.  1.3 1.1 1.2],0.9411868751049042
17,782,[0.7 0.6 0.  0.9 0.  1.3 1.1 1.2],0.9412190616130829
17,783,[0.7 0.6 0.  0.9 0.  1.3 1.1 1.2],0.9413257539272308
17,784,[0.7 0.6 0.  0.9 0.  1.3 1.1 1.2],0.9415452778339386
17,785,[0.7 0.6 0.  0.9 0.  1.3 1.1 1.2],0.9419399201869965
17,786,[1.2 0.8 0.2 1.  1.  0.4 0.3 0.2],0.9484077095985413
17,787,[1.2 0.8 0.2 1.  1.  0.4 0.3 0.2],0.9486742317676544
17,788,[1.2 0.8 0.2 1.  1.  0.4 0.3 0.2],0.9487498700618744
17,789,[1.2 0.8 0.2 1.  1.  0.4 0.3 0.2],0.9487722814083099
17,790,[1.2 0.8 0.2 1.  1.  0.4 0.3 0.2],0.9488977789878845
17,791,[1.2 0.8 0.2 1.  1.  0.4 0.3 0.2],0.9489171802997589
17,792,[1.2 0.8 0.2 1.  1.  0.4 0.3 0.2],0.9489195644855499
17,793,[1.2 0.8 0.2 1.  1.  0.4 0.3 0.2],0.9489726424217224
17,794,[1.2 0.8 0.2 1.  1.  0.4 0.3 0.2],0.9492015838623047
17,795,[1.2 0.8 0.2 1.  1.  0.4 0.3 0.2],0.949226438999176
17,796,[1.2 0.8 0.2 1.  1.  0.4 0.3 0.2],0.9492530822753906
17,797,[1.2 0.8 0.2 1.  1.  0.4 0.3 0.2],0.9492907822132111
17,798,[1.2 0.8 0.2 1.  1.  0.4 0.3 0.2],0.9496956467628479
17,799,[1.2 0.8 0.2 1.  1.  0.4 0.3 0.2],0.9499674737453461
18,0,[1.3 0.1 1.2 0.6 0.  1.2 1.1 0.1],0.026301770471036434
18,1,[1.3 0.1 1.2 0.6 0.  1.2 1.1 0.1],0.026301770471036434
18,2,[1.3 0.1 1.2 0.6 0.  1.2 1.1 0.1],0.026301770471036434
18,3,[0.8 0.  0.3 0.3 0.  0.  1.3 1.2],0.030316002666950226
18,4,[0.  0.  0.4 1.1 0.5 0.7 1.3 1.2],0.03383956290781498
18,5,[1.3 0.  1.3 0.4 0.  0.1 1.3 0.3],0.0340528953820467
18,6,[1.3 0.  1.3 0.4 0.  0.1 1.3 0.3],0.0340528953820467
18,7,[1.3 0.  0.3 0.9 0.  0.  1.3 1.2],0.034077905118465424
18,8,[1.3 0.  0.3 0.9 0.  0.  1.3 1.2],0.034077905118465424
18,9,[1.3 0.1 0.2 0.3 0.  0.  0.2 1.2],0.03652835451066494
18,10,[1.3 0.  0.3 0.  0.  0.  0.8 1.2],0.038545913994312286
18,11,[1.3 0.  0.3 0.9 0.  0.  1.3 1.2],0.03862772695720196
18,12,[1.  0.  0.3 0.4 0.  0.  1.3 1.2],0.038641102612018585
18,13,[1.3 0.  0.3 0.9 0.  1.2 0.7 1.2],0.038662852719426155
18,14,[1.3 0.  0.3 0.9 0.  1.2 0.7 1.2],0.038662852719426155
18,15,[1.3 0.  0.3 0.9 0.  0.  1.3 1.2],0.0524598415941
18,16,[1.3 0.  0.3 0.9 0.  0.  1.3 1.2],0.05248565040528774
18,17,[1.3 0.  0.3 0.9 0.  0.  1.3 1.2],0.05248565040528774
18,18,[1.3 0.  0.3 0.9 0.  0.  1.3 1.2],0.05259951576590538
18,19,[1.3 0.  0.3 0.9 0.  0.  1.3 1.2],0.052600421011447906
18,20,[1.3 0.  0.3 0.9 0.  0.  1.3 1.2],0.052600421011447906
18,21,[1.3 0.  0.3 0.9 0.  0.  1.3 1.2],0.08176171034574509
18,22,[1.3 0.  0.3 0.9 0.  0.  1.3 1.2],0.08181514218449593
18,23,[1.3 0.  0.3 0.9 0.  0.  1.3 1.2],0.08181989565491676
18,24,[1.3 0.  0.3 0.9 0.  0.  1.3 1.2],0.08182859048247337
18,25,[1.3 0.  0.3 0.9 0.  0.  1.3 1.2],0.08186681568622589
18,26,[1.3 0.  0.3 0.9 0.  0.  1.3 1.2],0.0818687230348587
18,27,[0.5 0.  0.3 0.9 0.  0.  1.3 0.3],0.08187289908528328
18,28,[1.3 0.  0.3 0.9 0.  0.  1.3 1.2],0.08188391849398613
18,29,[1.3 0.  0.3 0.9 0.  0.  1.3 1.2],0.08188403025269508
18,30,[1.3 0.  0.3 0.9 0.  0.  1.3 1.2],0.08189042657613754
18,31,[1.3 0.  0.3 0.9 0.  0.  1.3 1.2],0.08192114904522896
18,32,[1.3 0.  0.3 0.9 0.  0.  1.3 1.2],0.08192571252584457
18,33,[1.3 0.  0.3 0.9 0.  0.  1.3 1.2],0.0819290354847908
18,34,[1.3 0.  0.3 0.9 0.  0.  1.3 1.2],0.08193827047944069
18,35,[1.3 0.  0.3 0.9 0.  0.  1.3 1.2],0.08193879947066307
18,36,[1.3 1.  0.9 0.9 0.5 1.3 1.3 1.2],0.08195450156927109
18,37,[1.3 0.  0.3 0.9 0.  0.  1.3 1.2],0.0819600522518158
18,38,[1.3 0.  0.3 0.9 0.  0.  1.3 1.2],0.0819961428642273
18,39,[1.3 0.  0.3 0.9 0.  0.  1.3 1.2],0.0820409245789051
18,40,[1.3 0.  0.3 0.9 0.  0.  1.3 1.2],0.1347503997385502
18,41,[1.3 0.  0.3 0.9 0.  0.  1.3 1.2],0.13484162837266922
18,42,[1.3 0.  0.3 0.9 0.  0.  1.3 1.2],0.13485358282923698
18,43,[1.3 0.  0.3 0.9 0.  0.  1.3 1.2],0.13489308208227158
18,44,[1.3 0.  0.3 0.9 0.  0.  1.3 1.2],0.13489357382059097
18,45,[1.3 0.  0.3 0.9 0.  0.  1.3 1.2],0.13489490002393723
18,46,[1.3 0.  0.3 0.9 0.  0.  1.3 1.2],0.13489797711372375
18,47,[1.3 0.  0.3 0.9 0.  0.  1.3 1.2],0.13490112125873566
18,48,[1.3 0.  0.3 0.9 0.  0.  1.3 1.2],0.13490863144397736
18,49,[1.3 0.  0.3 0.9 0.  0.  1.3 1.2],0.13490934669971466
18,50,[1.3 0.  0.3 0.9 0.  0.  1.3 1.2],0.13491027057170868
18,51,[1.3 0.  0.3 0.9 0.  0.  1.3 1.2],0.1349119022488594
18,52,[1.3 0.  0.3 0.9 0.  0.  1.3 1.2],0.13491199165582657
18,53,[1.3 0.  0.3 0.9 0.  0.  1.3 1.2],0.13491488248109818
18,54,[1.3 0.  0.3 0.9 0.  0.  1.3 1.2],0.13491511344909668
18,55,[1.3 0.  0.3 0.9 0.  0.  1.3 1.2],0.1349174976348877
18,56,[1.3 0.  0.3 0.9 0.  0.  1.3 1.2],0.13491970300674438
18,57,[1.3 0.  0.3 0.9 0.  0.  1.3 1.2],0.13492311537265778
18,58,[1.3 0.  0.3 0.9 0.  0.  1.3 1.2],0.13492637872695923
18,59,[1.3 0.  0.3 0.9 0.  0.  1.3 1.2],0.13492640107870102
18,60,[1.3 0.  0.3 0.9 0.  0.  1.3 1.2],0.13492976129055023
18,61,[1.3 0.  0.3 0.9 0.  0.  1.3 1.2],0.13493066281080246
18,62,[1.3 0.  0.3 0.9 0.  0.  1.3 1.2],0.1349335014820099
18,63,[1.3 0.  0.3 0.9 0.  0.  1.3 1.2],0.13493358343839645
18,64,[1.3 0.  0.3 0.9 0.  0.  1.3 1.2],0.13493391871452332
18,65,[1.3 0.  0.3 0.9 0.  0.  1.3 1.2],0.13493405282497406
18,66,[1.3 0.  0.3 0.9 0.  0.  1.3 1.2],0.1349344328045845
18,67,[1.3 0.  0.3 0.9 0.  0.  1.3 1.2],0.1349359154701233
18,68,[1.3 0.  0.3 0.9 0.  0.  1.3 1.2],0.13493625074625015
18,69,[1.3 0.  0.3 0.9 0.  0.  1.3 1.2],0.1349373161792755
18,70,[1.3 0.  0.3 0.9 0.  0.  1.3 1.2],0.13493970036506653
18,71,[1.3 0.  0.3 0.9 0.  0.  1.3 1.2],0.13494014739990234
18,72,[1.3 0.  0.3 0.9 0.  0.  1.3 1.2],0.13494094461202621
18,73,[1.3 0.  0.3 0.9 0.  0.  1.3 1.2],0.13494402915239334
18,74,[1.3 0.  0.3 0.9 0.  0.  1.3 1.2],0.13494697213172913
18,75,[1.3 0.  0.3 0.9 0.  0.  1.3 1.2],0.13494927436113358
18,76,[1.3 0.  0.3 0.9 0.  0.  1.3 1.2],0.13494928926229477
18,77,[1.3 0.  0.3 0.9 0.  0.  1.3 1.2],0.13494937866926193
18,78,[1.3 0.  0.3 0.9 0.  0.  1.3 1.2],0.13495027273893356
18,79,[1.3 0.  0.3 0.9 0.  0.  1.3 1.2],0.13495255261659622
18,80,[1.3 0.  0.3 0.9 0.  0.  1.3 1.2],0.13495482504367828
18,81,[1.3 0.  0.3 0.9 0.  0.  1.3 1.2],0.13495517522096634
18,82,[1.3 0.  0.3 0.9 0.  0.  1.3 1.2],0.13495561480522156
18,83,[1.3 0.  0.3 0.9 0.  0.  1.3 1.2],0.1349557489156723
18,84,[1.3 0.  0.3 0.9 0.  0.  1.3 1.2],0.13495677709579468
18,85,[1.3 0.  0.3 0.9 0.  0.  1.3 1.2],0.13495907932519913
18,86,[1.3 0.  0.3 0.9 0.  0.  1.3 1.2],0.13495931774377823
18,87,[1.3 0.  0.3 0.9 0.  0.  1.3 1.2],0.13495997339487076
18,88,[1.3 0.  0.3 0.9 0.  0.  1.3 1.2],0.13496007770299911
18,89,[1.3 0.  0.3 0.9 0.  0.  1.3 1.2],0.13496068865060806
18,90,[1.3 0.  0.3 0.9 0.  0.  1.3 1.2],0.1349623203277588
18,91,[1.3 0.  0.3 0.9 0.  0.  1.3 1.2],0.13496305793523788
18,92,[1.3 0.  0.3 0.9 0.  0.  1.3 1.2],0.1349642500281334
18,93,[1.3 0.  0.3 0.9 0.  0.  1.3 1.2],0.13496485352516174
18,94,[1.3 0.  0.3 0.9 0.  0.  1.3 1.2],0.13496538996696472
18,95,[1.3 0.  0.3 0.9 0.  0.  1.3 1.2],0.1349659040570259
18,96,[1.3 0.  0.3 0.9 0.  0.  1.3 1.2],0.13496671617031097
18,97,[1.3 0.  0.3 0.9 0.  0.  1.3 1.2],0.13496965914964676
18,98,[1.3 0.  0.3 0.9 0.  0.  1.3 1.2],0.13497008383274078
18,99,[1.3 0.  0.3 0.9 0.  0.  1.3 1.2],0.1349707916378975
18,100,[1.3 0.  0.3 0.9 0.  0.  1.3 1.2],0.13497265428304672
18,101,[1.3 0.  0.3 0.9 0.  0.  1.3 1.2],0.13497285544872284
18,102,[1.3 0.  0.3 0.9 0.  0.  1.3 1.2],0.13497385382652283
18,103,[1.3 0.  0.3 0.9 0.  0.  1.3 1.2],0.1349741742014885
18,104,[1.3 0.  0.3 0.9 0.  0.  1.3 1.2],0.13497480005025864
18,105,[1.3 0.  0.3 0.9 0.  0.  1.3 1.2],0.13497626781463623
18,106,[1.3 0.  0.3 0.9 0.  0.  1.3 1.2],0.13497711718082428
18,107,[1.3 0.  0.3 0.9 0.  0.  1.3 1.2],0.13497839123010635
18,108,[1.3 0.  0.3 0.9 0.  0.  1.3 1.2],0.13497842848300934
18,109,[1.3 0.  0.3 0.9 0.  0.  1.3 1.2],0.13497889041900635
18,110,[1.3 0.  0.3 0.9 0.  0.  1.3 1.2],0.13498210161924362
18,111,[1.3 0.  0.3 0.9 0.  0.  1.3 1.2],0.13498444110155106
18,112,[1.3 0.  0.3 0.9 0.  0.  1.3 1.2],0.13498475402593613
18,113,[1.3 0.  0.3 0.9 0.  0.  1.3 1.2],0.13498498499393463
18,114,[1.3 0.  0.3 0.9 0.  0.  1.3 1.2],0.13498509675264359
18,115,[1.3 0.  0.3 0.9 0.  0.  1.3 1.2],0.13498664647340775
18,116,[1.3 0.  0.3 0.9 0.  0.  1.3 1.2],0.13498692959547043
18,117,[1.3 0.  0.3 0.9 0.  0.  1.3 1.2],0.13498713076114655
18,118,[1.3 0.  0.3 0.9 0.  0.  1.3 1.2],0.13498719036579132
18,119,[1.3 0.  0.3 0.9 0.  0.  1.3 1.2],0.1349872201681137
18,120,[1.3 0.  0.3 0.9 0.  0.  1.3 1.2],0.1349872276186943
18,121,[1.3 0.  0.3 0.9 0.  0.  1.3 1.2],0.1349872425198555
18,122,[1.3 0.  0.3 0.9 0.  0.  1.3 1.2],0.13498768210411072
18,123,[1.3 0.  0.3 0.9 0.  0.  1.3 1.2],0.13498856872320175
18,124,[1.3 0.  0.3 0.9 0.  0.  1.3 1.2],0.13498858362436295
18,125,[1.3 0.  0.3 0.9 0.  0.  1.3 1.2],0.13498898595571518
18,126,[1.3 0.  0.3 0.9 0.  0.  1.3 1.2],0.13498909026384354
18,127,[1.3 0.  0.3 0.9 0.  0.  1.3 1.2],0.1349901780486107
18,128,[1.3 0.  0.3 0.9 0.  0.  1.3 1.2],0.13499054312705994
18,129,[1.3 0.  0.3 0.9 0.  0.  1.3 1.2],0.13499067723751068
18,130,[1.3 0.  0.3 0.9 0.  0.  1.3 1.2],0.13499072194099426
18,131,[1.3 0.  0.3 0.9 0.  0.  1.3 1.2],0.13499083369970322
18,132,[1.3 0.  0.3 0.9 0.  0.  1.3 1.2],0.13499145954847336
18,133,[1.3 0.  0.3 0.9 0.  0.  1.3 1.2],0.13499201834201813
18,134,[1.3 0.  0.3 0.9 0.  0.  1.3 1.2],0.13499268144369125
18,135,[1.3 0.  0.3 0.9 0.  0.  1.3 1.2],0.13499286770820618
18,136,[1.3 0.  0.3 0.9 0.  0.  1.3 1.2],0.13499286770820618
18,137,[1.3 0.  0.3 0.9 0.  0.  1.3 1.2],0.13499312847852707
18,138,[1.3 0.  0.3 0.9 0.  0.  1.3 1.2],0.13499342650175095
18,139,[1.3 0.  0.3 0.9 0.  0.  1.3 1.2],0.1349935531616211
18,140,[1.3 0.  0.3 0.9 0.  0.  1.3 1.2],0.13499395549297333
18,141,[1.3 0.  0.3 0.9 0.  0.  1.3 1.2],0.1349956914782524
18,142,[1.3 0.  0.3 0.9 0.  0.  1.3 1.2],0.13499580323696136
18,143,[1.3 0.  0.3 0.9 0.  0.  1.3 1.2],0.1349959522485733
18,144,[1.3 0.  0.3 0.9 0.  0.  1.3 1.2],0.13499686866998672
18,145,[1.3 0.  0.3 0.9 0.  0.  1.3 1.2],0.1349979117512703
18,146,[1.3 0.  0.3 0.9 0.  0.  1.3 1.2],0.13499820232391357
18,147,[1.3 0.  0.3 0.9 0.  0.  1.3 1.2],0.13499926030635834
18,148,[1.3 0.  0.3 0.9 0.  0.  1.3 1.2],0.13499931246042252
18,149,[1.3 0.  0.3 0.9 0.  0.  1.3 1.2],0.13499950617551804
18,150,[1.3 0.  0.3 0.9 0.  0.  1.3 1.2],0.13499952107667923
18,151,[1.3 0.  0.3 0.9 0.  0.  1.3 1.2],0.13499971479177475
18,152,[1.3 0.  0.3 0.9 0.  0.  1.3 1.2],0.13499996811151505
18,153,[1.3 0.  0.3 0.9 0.  0.  1.3 1.2],0.1350007802248001
18,154,[1.3 0.  0.3 0.9 0.  0.  1.3 1.2],0.13500084728002548
18,155,[1.3 0.  0.3 0.9 0.  0.  1.3 1.2],0.1350012868642807
18,156,[1.3 0.  0.3 0.9 0.  0.  1.3 1.2],0.1350012943148613
18,157,[1.3 0.  0.3 0.9 0.  0.  1.3 1.2],0.1350013017654419
18,158,[1.3 0.  0.3 0.9 0.  0.  1.3 1.2],0.1350015550851822
18,159,[1.3 0.  0.3 0.9 0.  0.  1.3 1.2],0.13500172644853592
18,160,[1.3 0.  0.3 0.9 0.  0.  1.3 1.2],0.1350018009543419
18,161,[1.3 0.  0.3 0.9 0.  0.  1.3 1.2],0.13500188291072845
18,162,[1.3 0.  0.3 0.9 0.  0.  1.3 1.2],0.13500428199768066
18,163,[1.3 0.  0.3 0.9 0.  0.  1.3 1.2],0.135004460811615
18,164,[1.3 0.  0.3 0.9 0.  0.  1.3 1.2],0.1350046694278717
18,165,[1.3 0.  0.3 0.9 0.  0.  1.3 1.2],0.13500560075044632
18,166,[1.3 0.  0.3 0.9 0.  0.  1.3 1.2],0.13500571995973587
18,167,[1.3 0.  0.3 0.9 0.  0.  1.3 1.2],0.13500577211380005
18,168,[1.3 0.  0.3 0.9 0.  0.  1.3 1.2],0.135005921125412
18,169,[1.3 0.  0.3 0.9 0.  0.  1.3 1.2],0.13500622659921646
18,170,[1.3 0.  0.3 0.9 0.  0.  1.3 1.2],0.13500627130270004
18,171,[1.3 0.  0.3 0.9 0.  0.  1.3 1.2],0.13500697910785675
18,172,[1.3 0.  0.3 0.9 0.  0.  1.3 1.2],0.1350075975060463
18,173,[1.3 0.  0.3 0.9 0.  0.  1.3 1.2],0.1350083351135254
18,174,[1.3 0.  0.3 0.9 0.  0.  1.3 1.2],0.1350085362792015
18,175,[1.3 0.  0.3 0.9 0.  0.  1.3 1.2],0.1350090429186821
18,176,[1.3 0.  0.3 0.9 0.  0.  1.3 1.2],0.13500907272100449
18,177,[1.3 0.  0.3 0.9 0.  0.  1.3 1.2],0.1350092813372612
18,178,[1.3 0.  0.3 0.9 0.  0.  1.3 1.2],0.1350092962384224
18,179,[1.3 0.  0.3 0.9 0.  0.  1.3 1.2],0.13500936329364777
18,180,[1.3 0.  0.3 0.9 0.  0.  1.3 1.2],0.13500964641571045
18,181,[1.3 0.  0.3 0.9 0.  0.  1.3 1.2],0.1350112408399582
18,182,[1.3 0.  0.3 0.9 0.  0.  1.3 1.2],0.13501129299402237
18,183,[1.3 0.  0.3 0.9 0.  0.  1.3 1.2],0.1350119188427925
18,184,[1.3 0.  0.3 0.9 0.  0.  1.3 1.2],0.1350119560956955
18,185,[1.3 0.  0.3 0.9 0.  0.  1.3 1.2],0.13501203805208206
18,186,[1.3 0.  0.3 0.9 0.  0.  1.3 1.2],0.1350124329328537
18,187,[1.3 0.  0.3 0.9 0.  0.  1.3 1.2],0.1350124403834343
18,188,[1.3 0.  0.3 0.9 0.  0.  1.3 1.2],0.1350131332874298
18,189,[1.3 0.  0.3 0.9 0.  0.  1.3 1.2],0.13501331210136414
18,190,[1.3 0.  0.3 0.9 0.  0.  1.3 1.2],0.13501376658678055
18,191,[1.3 0.  0.3 0.9 0.  0.  1.3 1.2],0.13501433283090591
18,192,[1.3 0.  0.3 0.9 0.  0.  1.3 1.2],0.13501479476690292
18,193,[1.3 0.  0.3 0.9 0.  0.  1.3 1.2],0.13501541316509247
18,194,[1.3 0.  0.3 0.9 0.  0.  1.3 1.2],0.13501572608947754
18,195,[1.3 0.  0.3 0.9 0.  0.  1.3 1.2],0.1350162774324417
18,196,[1.3 0.  0.3 0.9 0.  0.  1.3 1.2],0.1350167989730835
18,197,[1.3 0.  0.3 0.9 0.  0.  1.3 1.2],0.1350167989730835
18,198,[1.3 0.  0.3 0.9 0.  0.  1.3 1.2],0.1350177600979805
18,199,[1.3 0.  0.3 0.9 0.  0.  1.3 1.2],0.13501781970262527
18,200,[1.3 0.  0.3 0.9 0.  0.  1.3 1.2],0.13501786440610886
18,201,[1.3 0.  0.3 0.9 0.  0.  1.3 1.2],0.13501904159784317
18,202,[1.3 0.  0.3 0.9 0.  0.  1.3 1.2],0.13501936942338943
18,203,[1.3 0.  0.3 0.9 0.  0.  1.3 1.2],0.13501960039138794
18,204,[1.3 0.  0.3 0.9 0.  0.  1.3 1.2],0.13501997292041779
18,205,[1.3 0.  0.3 0.9 0.  0.  1.3 1.2],0.13502038270235062
18,206,[1.3 0.  0.3 0.9 0.  0.  1.3 1.2],0.13502080738544464
18,207,[1.3 0.  0.3 0.9 0.  0.  1.3 1.2],0.1350209042429924
18,208,[1.3 0.  0.3 0.9 0.  0.  1.3 1.2],0.13502107560634613
18,209,[1.3 0.  0.3 0.9 0.  0.  1.3 1.2],0.13502125442028046
18,210,[1.3 0.  0.3 0.9 0.  0.  1.3 1.2],0.13502150774002075
18,211,[1.3 0.  0.3 0.9 0.  0.  1.3 1.2],0.13502218574285507
18,212,[1.3 0.  0.3 0.9 0.  0.  1.3 1.2],0.13502272218465805
18,213,[1.3 0.  0.3 0.9 0.  0.  1.3 1.2],0.1350233256816864
18,214,[1.3 0.  0.3 0.9 0.  0.  1.3 1.2],0.13502343744039536
18,215,[1.3 0.  0.3 0.9 0.  0.  1.3 1.2],0.1350240558385849
18,216,[1.3 0.  0.3 0.9 0.  0.  1.3 1.2],0.13502409309148788
18,217,[1.3 0.  0.3 0.9 0.  0.  1.3 1.2],0.13502423465251923
18,218,[1.3 0.  0.3 0.9 0.  0.  1.3 1.2],0.13502445816993713
18,219,[1.3 0.  0.3 0.9 0.  0.  1.3 1.2],0.13502467423677444
18,220,[1.3 0.  0.3 0.9 0.  0.  1.3 1.2],0.1350250393152237
18,221,[1.3 0.  0.3 0.9 0.  0.  1.3 1.2],0.13502590358257294
18,222,[1.3 0.  0.3 0.9 0.  0.  1.3 1.2],0.1350259780883789
18,223,[1.3 0.  0.3 0.9 0.  0.  1.3 1.2],0.13502603024244308
18,224,[1.3 0.  0.3 0.9 0.  0.  1.3 1.2],0.13502610474824905
18,225,[1.3 0.  0.3 0.9 0.  0.  1.3 1.2],0.13502611964941025
18,226,[1.3 0.  0.3 0.9 0.  0.  1.3 1.2],0.13502826541662216
18,227,[1.3 0.  0.3 0.9 0.  0.  1.3 1.2],0.1350291669368744
18,228,[1.3 0.  0.3 0.9 0.  0.  1.3 1.2],0.13502954691648483
18,229,[1.3 0.  0.3 0.9 0.  0.  1.3 1.2],0.13502996414899826
18,230,[1.3 0.  0.3 0.9 0.  0.  1.3 1.2],0.13503018766641617
18,231,[1.3 0.  0.3 0.9 0.  0.  1.3 1.2],0.13503044098615646
18,232,[1.3 0.  0.3 0.9 0.  0.  1.3 1.2],0.13503053784370422
18,233,[1.3 0.  0.3 0.9 0.  0.  1.3 1.2],0.13503152877092361
18,234,[1.3 0.  0.3 0.9 0.  0.  1.3 1.2],0.13503161817789078
18,235,[1.3 0.  0.3 0.9 0.  0.  1.3 1.2],0.13503172993659973
18,236,[1.3 0.  0.3 0.9 0.  0.  1.3 1.2],0.13503201305866241
18,237,[1.3 0.  0.3 0.9 0.  0.  1.3 1.2],0.13503266125917435
18,238,[1.3 0.  0.3 0.9 0.  0.  1.3 1.2],0.13503341376781464
18,239,[1.3 0.  0.3 0.9 0.  0.  1.3 1.2],0.13503485918045044
18,240,[1.3 0.  0.3 0.9 0.  0.  1.3 1.2],0.13503491878509521
18,241,[1.3 0.  0.3 0.9 0.  0.  1.3 1.2],0.13503500074148178
18,242,[1.3 0.  0.3 0.9 0.  0.  1.3 1.2],0.13503523543477058
18,243,[1.3 0.  0.3 0.9 0.  0.  1.3 1.2],0.13503547757863998
18,244,[1.3 0.  0.3 0.9 0.  0.  1.3 1.2],0.13503554463386536
18,245,[1.3 0.  0.3 0.9 0.  0.  1.3 1.2],0.13503579795360565
18,246,[1.3 0.  0.3 0.9 0.  0.  1.3 1.2],0.13503602147102356
18,247,[1.3 0.  0.3 0.9 0.  0.  1.3 1.2],0.13503650575876236
18,248,[1.3 0.  0.3 0.9 0.  0.  1.3 1.2],0.13503660261631012
18,249,[1.3 0.  0.3 0.9 0.  0.  1.3 1.2],0.1350366696715355
18,250,[1.3 0.  0.3 0.9 0.  0.  1.3 1.2],0.13503678143024445
18,251,[1.3 0.  0.3 0.9 0.  0.  1.3 1.2],0.13503679633140564
18,252,[1.3 0.  0.3 0.9 0.  0.  1.3 1.2],0.1350369155406952
18,253,[1.3 0.  0.3 0.9 0.  0.  1.3 1.2],0.1350371241569519
18,254,[1.3 0.  0.3 0.9 0.  0.  1.3 1.2],0.13503719121217728
18,255,[1.3 0.  0.3 0.9 0.  0.  1.3 1.2],0.13503797352313995
18,256,[1.3 0.  0.3 0.9 0.  0.  1.3 1.2],0.13503848016262054
18,257,[1.3 0.  0.3 0.9 0.  0.  1.3 1.2],0.13503944128751755
18,258,[1.3 0.  0.3 0.9 0.  0.  1.3 1.2],0.1350397765636444
18,259,[1.3 0.  0.3 0.9 0.  0.  1.3 1.2],0.13503989577293396
18,260,[1.3 0.  0.3 0.9 0.  0.  1.3 1.2],0.1350405588746071
18,261,[1.3 0.  0.3 0.9 0.  0.  1.3 1.2],0.13504070043563843
18,262,[1.3 0.  0.3 0.9 0.  0.  1.3 1.2],0.13504091650247574
18,263,[1.3 0.  0.3 0.9 0.  0.  1.3 1.2],0.13504094630479813
18,264,[1.3 0.  0.3 0.9 0.  0.  1.3 1.2],0.13504108041524887
18,265,[1.3 0.  0.3 0.9 0.  0.  1.3 1.2],0.13504138588905334
18,266,[1.3 0.  0.3 0.9 0.  0.  1.3 1.2],0.13504232466220856
18,267,[1.3 0.  0.3 0.9 0.  0.  1.3 1.2],0.13504257053136826
18,268,[1.3 0.  0.3 0.9 0.  0.  1.3 1.2],0.13504307717084885
18,269,[1.3 0.  0.3 0.9 0.  0.  1.3 1.2],0.1350431814789772
18,270,[1.3 0.  0.3 0.9 0.  0.  1.3 1.2],0.13504376262426376
18,271,[1.3 0.  0.3 0.9 0.  0.  1.3 1.2],0.13504387438297272
18,272,[1.3 0.  0.3 0.9 0.  0.  1.3 1.2],0.1350439190864563
18,273,[1.3 0.  0.3 0.9 0.  0.  1.3 1.2],0.13504566997289658
18,274,[1.3 0.  0.3 0.9 0.  0.  1.3 1.2],0.13504619896411896
18,275,[1.3 0.  0.3 0.9 0.  0.  1.3 1.2],0.13504672795534134
18,276,[1.3 0.  0.3 0.9 0.  0.  1.3 1.2],0.13504748046398163
18,277,[1.3 0.  0.3 0.9 0.  0.  1.3 1.2],0.13504935055971146
18,278,[1.3 0.  0.3 0.9 0.  0.  1.3 1.2],0.13505002856254578
18,279,[1.3 0.  0.3 0.9 0.  0.  1.3 1.2],0.1350506767630577
18,280,[1.3 0.  0.3 0.9 0.  0.  1.3 1.2],0.1350514516234398
18,281,[1.3 0.  0.3 0.9 0.  0.  1.3 1.2],0.1350519135594368
18,282,[1.3 0.  0.3 0.9 0.  0.  1.3 1.2],0.1350521519780159
18,283,[1.3 0.  0.3 0.9 0.  0.  1.3 1.2],0.13505345582962036
18,284,[1.3 0.  0.3 0.9 0.  0.  1.3 1.2],0.13505350053310394
18,285,[1.3 0.  0.3 0.9 0.  0.  1.3 1.2],0.13505351543426514
18,286,[1.3 0.  0.3 0.9 0.  0.  1.3 1.2],0.135053813457489
18,287,[1.3 0.  0.3 0.9 0.  0.  1.3 1.2],0.13505400717258453
18,288,[1.3 0.  0.3 0.9 0.  0.  1.3 1.2],0.13505524396896362
18,289,[1.3 0.  0.3 0.9 0.  0.  1.3 1.2],0.1350553259253502
18,290,[1.3 0.  0.3 0.9 0.  0.  1.3 1.2],0.13505593687295914
18,291,[1.3 0.  0.3 0.9 0.  0.  1.3 1.2],0.13505595177412033
18,292,[1.3 0.  0.3 0.9 0.  0.  1.3 1.2],0.13505606353282928
18,293,[1.3 0.  0.3 0.9 0.  0.  1.3 1.2],0.13505733013153076
18,294,[1.3 0.  0.3 0.9 0.  0.  1.3 1.2],0.13505787402391434
18,295,[1.3 0.  0.3 0.9 0.  0.  1.3 1.2],0.1350579932332039
18,296,[1.3 0.  0.3 0.9 0.  0.  1.3 1.2],0.13505809754133224
18,297,[1.3 0.  0.3 0.9 0.  0.  1.3 1.2],0.13505908846855164
18,298,[1.3 0.  0.3 0.9 0.  0.  1.3 1.2],0.1350593864917755
18,299,[1.3 0.  0.3 0.9 0.  0.  1.3 1.2],0.13506031036376953
18,300,[1.3 0.  0.3 0.9 0.  0.  1.3 1.2],0.13506033271551132
18,301,[1.3 0.  0.3 0.9 0.  0.  1.3 1.2],0.13506092876195908
18,302,[1.3 0.  0.3 0.9 0.  0.  1.3 1.2],0.13506093621253967
18,303,[1.3 0.  0.3 0.9 0.  0.  1.3 1.2],0.13506107032299042
18,304,[1.3 0.  0.3 0.9 0.  0.  1.3 1.2],0.13506177812814713
18,305,[1.3 0.  0.3 0.9 0.  0.  1.3 1.2],0.13506226986646652
18,306,[1.3 0.  0.3 0.9 0.  0.  1.3 1.2],0.135062575340271
18,307,[1.3 0.  0.3 0.9 0.  0.  1.3 1.2],0.13506265729665756
18,308,[1.3 0.  0.3 0.9 0.  0.  1.3 1.2],0.1350627988576889
18,309,[1.3 0.  0.3 0.9 0.  0.  1.3 1.2],0.1350635439157486
18,310,[1.3 0.  0.3 0.9 0.  0.  1.3 1.2],0.13506372272968292
18,311,[1.3 0.  0.3 0.9 0.  0.  1.3 1.2],0.13506431877613068
18,312,[1.3 0.  0.3 0.9 0.  0.  1.3 1.2],0.13506432622671127
18,313,[1.3 0.  0.3 0.9 0.  0.  1.3 1.2],0.13506436347961426
18,314,[1.3 0.  0.3 0.9 0.  0.  1.3 1.2],0.13506446778774261
18,315,[1.3 0.  0.3 0.9 0.  0.  1.3 1.2],0.1350645050406456
18,316,[1.3 0.  0.3 0.9 0.  0.  1.3 1.2],0.13506478816270828
18,317,[1.3 0.  0.3 0.9 0.  0.  1.3 1.2],0.13506555557250977
18,318,[1.3 0.  0.3 0.9 0.  0.  1.3 1.2],0.1350659877061844
18,319,[1.3 0.  0.3 0.9 0.  0.  1.3 1.2],0.135066956281662
18,320,[1.3 0.  0.3 0.9 0.  0.  1.3 1.2],0.13506745547056198
18,321,[1.3 0.  0.3 0.9 0.  0.  1.3 1.2],0.13506773114204407
18,322,[1.3 0.  0.3 0.9 0.  0.  1.3 1.2],0.13506775349378586
18,323,[1.3 0.  0.3 0.9 0.  0.  1.3 1.2],0.13506793975830078
18,324,[1.3 0.  0.3 0.9 0.  0.  1.3 1.2],0.13506803289055824
18,325,[1.3 0.  0.3 0.9 0.  0.  1.3 1.2],0.135068379342556
18,326,[1.3 0.  0.3 0.9 0.  0.  1.3 1.2],0.13506846129894257
18,327,[1.3 0.  0.3 0.9 0.  0.  1.3 1.2],0.13506903499364853
18,328,[1.3 0.  0.3 0.9 0.  0.  1.3 1.2],0.13506938517093658
18,329,[1.3 0.  0.3 0.9 0.  0.  1.3 1.2],0.13506948947906494
18,330,[1.3 0.  0.3 0.9 0.  0.  1.3 1.2],0.1350695788860321
18,331,[1.3 0.  0.3 0.9 0.  0.  1.3 1.2],0.13506995141506195
18,332,[1.3 0.  0.3 0.9 0.  0.  1.3 1.2],0.13507023453712463
18,333,[1.3 0.  0.3 0.9 0.  0.  1.3 1.2],0.1350713074207306
18,334,[1.3 0.  0.3 0.9 0.  0.  1.3 1.2],0.1350717470049858
18,335,[1.3 0.  0.3 0.9 0.  0.  1.3 1.2],0.13507316261529922
18,336,[1.3 0.  0.3 0.9 0.  0.  1.3 1.2],0.13507366180419922
18,337,[1.3 0.  0.3 0.9 0.  0.  1.3 1.2],0.1350739672780037
18,338,[1.3 0.  0.3 0.9 0.  0.  1.3 1.2],0.13507498055696487
18,339,[1.3 0.  0.3 0.9 0.  0.  1.3 1.2],0.13507510721683502
18,340,[1.3 0.  0.3 0.9 0.  0.  1.3 1.2],0.13507511466741562
18,341,[1.3 0.  0.3 0.9 0.  0.  1.3 1.2],0.1350751742720604
18,342,[1.3 0.  0.3 0.9 0.  0.  1.3 1.2],0.13507552444934845
18,343,[1.3 0.  0.3 0.9 0.  0.  1.3 1.2],0.13507576286792755
18,344,[1.3 0.  0.3 0.9 0.  0.  1.3 1.2],0.13507667183876038
18,345,[1.3 0.  0.3 0.9 0.  0.  1.3 1.2],0.13507704436779022
18,346,[1.3 0.  0.3 0.9 0.  0.  1.3 1.2],0.135077066719532
18,347,[1.3 0.  0.3 0.9 0.  0.  1.3 1.2],0.13507744669914246
18,348,[1.3 0.  0.3 0.9 0.  0.  1.3 1.2],0.13507863879203796
18,349,[1.3 0.  0.3 0.9 0.  0.  1.3 1.2],0.13507980853319168
18,350,[1.3 0.  0.3 0.9 0.  0.  1.3 1.2],0.13508016616106033
18,351,[1.3 0.  0.3 0.9 0.  0.  1.3 1.2],0.13508065044879913
18,352,[1.3 0.  0.3 0.9 0.  0.  1.3 1.2],0.1350836232304573
18,353,[1.3 0.  0.3 0.9 0.  0.  1.3 1.2],0.1350843459367752
18,354,[1.3 0.  0.3 0.9 0.  0.  1.3 1.2],0.13508474826812744
18,355,[1.3 0.  0.3 0.9 0.  0.  1.3 1.2],0.13508617877960205
18,356,[1.3 0.  0.3 0.9 0.  0.  1.3 1.2],0.13508619368076324
18,357,[1.3 0.  0.3 0.9 0.  0.  1.3 1.2],0.13508622348308563
18,358,[1.3 0.  0.3 0.9 0.  0.  1.3 1.2],0.1350863352417946
18,359,[1.3 0.  0.3 0.9 0.  0.  1.3 1.2],0.1350865662097931
18,360,[1.3 0.  0.3 0.9 0.  0.  1.3 1.2],0.13508662581443787
18,361,[1.3 0.  0.3 0.9 0.  0.  1.3 1.2],0.13508711010217667
18,362,[1.3 0.  0.3 0.9 0.  0.  1.3 1.2],0.1350874975323677
18,363,[1.3 0.  0.3 0.9 0.  0.  1.3 1.2],0.13508982211351395
18,364,[1.3 0.  0.3 0.9 0.  0.  1.3 1.2],0.13508984819054604
18,365,[1.3 0.  0.3 0.9 0.  0.  1.3 1.2],0.13509006798267365
18,366,[1.3 0.  0.3 0.9 0.  0.  1.3 1.2],0.13509031385183334
18,367,[1.3 0.  0.3 0.9 0.  0.  1.3 1.2],0.13509035855531693
18,368,[1.3 0.  0.3 0.9 0.  0.  1.3 1.2],0.13509056717157364
18,369,[1.3 0.  0.3 0.9 0.  0.  1.3 1.2],0.13509083539247513
18,370,[1.3 0.  0.3 0.9 0.  0.  1.3 1.2],0.1350909098982811
18,371,[1.3 0.  0.3 0.9 0.  0.  1.3 1.2],0.1350913643836975
18,372,[1.3 0.  0.3 0.9 0.  0.  1.3 1.2],0.13509249687194824
18,373,[1.3 0.  0.3 0.9 0.  0.  1.3 1.2],0.13509255647659302
18,374,[1.3 0.  0.3 0.9 0.  0.  1.3 1.2],0.13509267196059227
18,375,[1.3 0.  0.3 0.9 0.  0.  1.3 1.2],0.1350928619503975
18,376,[1.3 0.  0.3 0.9 0.  0.  1.3 1.2],0.13509304821491241
18,377,[1.3 0.  0.3 0.9 0.  0.  1.3 1.2],0.13509321957826614
18,378,[1.3 0.  0.3 0.9 0.  0.  1.3 1.2],0.13509347289800644
18,379,[1.3 0.  0.3 0.9 0.  0.  1.3 1.2],0.1350945383310318
18,380,[1.3 0.  0.3 0.9 0.  0.  1.3 1.2],0.13509594649076462
18,381,[1.3 0.  0.3 0.9 0.  0.  1.3 1.2],0.13509678840637207
18,382,[1.3 0.  0.3 0.9 0.  0.  1.3 1.2],0.135097898542881
18,383,[1.3 0.  0.3 0.9 0.  0.  1.3 1.2],0.13509882241487503
18,384,[1.3 0.  0.3 0.9 0.  0.  1.3 1.2],0.13510053604841232
18,385,[1.3 0.  0.3 0.9 0.  0.  1.3 1.2],0.13510098308324814
18,386,[1.3 0.  0.3 0.9 0.  0.  1.3 1.2],0.13510120660066605
18,387,[1.3 0.  0.3 0.9 0.  0.  1.3 1.2],0.13510141149163246
18,388,[1.3 0.  0.3 0.9 0.  0.  1.3 1.2],0.13510144129395485
18,389,[1.3 0.  0.3 0.9 0.  0.  1.3 1.2],0.13510169833898544
18,390,[1.3 0.  0.3 0.9 0.  0.  1.3 1.2],0.13510237634181976
18,391,[1.3 0.  0.3 0.9 0.  0.  1.3 1.2],0.13510265946388245
18,392,[1.3 0.  0.3 0.9 0.  0.  1.3 1.2],0.13510306179523468
18,393,[1.3 0.  0.3 0.9 0.  0.  1.3 1.2],0.135103240609169
18,394,[1.3 0.  0.3 0.9 0.  0.  1.3 1.2],0.1351039558649063
18,395,[1.3 0.  0.3 0.9 0.  0.  1.3 1.2],0.1351042464375496
18,396,[1.3 0.  0.3 0.9 0.  0.  1.3 1.2],0.13510452955961227
18,397,[1.3 0.  0.3 0.9 0.  0.  1.3 1.2],0.1351059153676033
18,398,[1.3 0.  0.3 0.9 0.  0.  1.3 1.2],0.13510628044605255
18,399,[1.3 0.  0.3 0.9 0.  0.  1.3 1.2],0.13510644808411598
18,400,[1.3 0.  0.3 0.9 0.  0.  1.3 1.2],0.1351066306233406
18,401,[1.3 0.  0.3 0.9 0.  0.  1.3 1.2],0.1351066455245018
18,402,[1.3 0.  0.3 0.9 0.  0.  1.3 1.2],0.13510771468281746
18,403,[1.3 0.  0.3 0.9 0.  0.  1.3 1.2],0.13510803133249283
18,404,[1.3 0.  0.3 0.9 0.  0.  1.3 1.2],0.13510963320732117
18,405,[1.3 0.  0.3 0.9 0.  0.  1.3 1.2],0.13511116802692413
18,406,[1.3 0.  0.3 0.9 0.  0.  1.3 1.2],0.13511190935969353
18,407,[1.3 0.  0.3 0.9 0.  0.  1.3 1.2],0.13511212915182114
18,408,[1.3 0.  0.3 0.9 0.  0.  1.3 1.2],0.13511274009943008
18,409,[1.3 0.  0.3 0.9 0.  0.  1.3 1.2],0.13511289656162262
18,410,[1.3 0.  0.3 0.9 0.  0.  1.3 1.2],0.13511312752962112
18,411,[1.3 0.  0.3 0.9 0.  0.  1.3 1.2],0.1351131573319435
18,412,[1.3 0.  0.3 0.9 0.  0.  1.3 1.2],0.1351131573319435
18,413,[1.3 0.  0.3 0.9 0.  0.  1.3 1.2],0.13511376082897186
18,414,[1.3 0.  0.3 0.9 0.  0.  1.3 1.2],0.13511394709348679
18,415,[1.3 0.  0.3 0.9 0.  0.  1.3 1.2],0.13511516153812408
18,416,[1.3 0.  0.3 0.9 0.  0.  1.3 1.2],0.13511653244495392
18,417,[1.3 0.  0.3 0.9 0.  0.  1.3 1.2],0.13511769473552704
18,418,[1.3 0.  0.3 0.9 0.  0.  1.3 1.2],0.13511772453784943
18,419,[1.3 0.  0.3 0.9 0.  0.  1.3 1.2],0.1351202428340912
18,420,[1.3 0.  0.3 0.9 0.  0.  1.3 1.2],0.13512063771486282
18,421,[1.3 0.  0.3 0.9 0.  0.  1.3 1.2],0.13512224704027176
18,422,[1.3 0.  0.3 0.9 0.  0.  1.3 1.2],0.13512380421161652
18,423,[1.3 0.  0.3 0.9 0.  0.  1.3 1.2],0.13512440025806427
18,424,[1.3 0.  0.3 0.9 0.  0.  1.3 1.2],0.13512524962425232
18,425,[1.3 0.  0.3 0.9 0.  0.  1.3 1.2],0.13512546569108963
18,426,[1.3 0.  0.3 0.9 0.  0.  1.3 1.2],0.13512581586837769
18,427,[1.3 0.  0.3 0.9 0.  0.  1.3 1.2],0.13512615859508514
18,428,[1.3 0.  0.3 0.9 0.  0.  1.3 1.2],0.1351262405514717
18,429,[1.3 0.  0.3 0.9 0.  0.  1.3 1.2],0.135127704590559
18,430,[1.3 0.  0.3 0.9 0.  0.  1.3 1.2],0.13512931019067764
18,431,[1.3 0.  0.3 0.9 0.  0.  1.3 1.2],0.13512953370809555
18,432,[1.3 0.  0.3 0.9 0.  0.  1.3 1.2],0.135130412876606
18,433,[1.3 0.  0.3 0.9 0.  0.  1.3 1.2],0.13513125479221344
18,434,[1.3 0.  0.3 0.9 0.  0.  1.3 1.2],0.13513436913490295
18,435,[1.3 0.  0.3 0.9 0.  0.  1.3 1.2],0.1351349577307701
18,436,[1.3 0.  0.3 0.9 0.  0.  1.3 1.2],0.13513647764921188
18,437,[1.3 0.  0.3 0.9 0.  0.  1.3 1.2],0.13513753563165665
18,438,[1.3 0.  0.3 0.9 0.  0.  1.3 1.2],0.13513775914907455
18,439,[1.3 0.  0.3 0.9 0.  0.  1.3 1.2],0.135137889534235
18,440,[1.3 0.  0.3 0.9 0.  0.  1.3 1.2],0.13513807207345963
18,441,[1.3 0.  0.3 0.9 0.  0.  1.3 1.2],0.1351381465792656
18,442,[1.3 0.  0.3 0.9 0.  0.  1.3 1.2],0.1351383440196514
18,443,[1.3 0.  0.3 0.9 0.  0.  1.3 1.2],0.13513844460248947
18,444,[1.3 0.  0.3 0.9 0.  0.  1.3 1.2],0.1351400390267372
18,445,[1.3 0.  0.3 0.9 0.  0.  1.3 1.2],0.1351407691836357
18,446,[1.3 0.  0.3 0.9 0.  0.  1.3 1.2],0.13514325767755508
18,447,[1.3 0.  0.3 0.9 0.  0.  1.3 1.2],0.13514531031250954
18,448,[1.3 0.  0.3 0.9 0.  0.  1.3 1.2],0.13514778017997742
18,449,[1.3 0.  0.3 0.9 0.  0.  1.3 1.2],0.13514814525842667
18,450,[1.3 0.  0.3 0.9 0.  0.  1.3 1.2],0.13514841347932816
18,451,[1.3 0.  0.3 0.9 0.  0.  1.3 1.2],0.13514920324087143
18,452,[1.3 0.  0.3 0.9 0.  0.  1.3 1.2],0.13515034317970276
18,453,[1.3 0.  0.3 0.9 0.  0.  1.3 1.2],0.13515527546405792
18,454,[1.3 0.  0.3 0.9 0.  0.  1.3 1.2],0.1351557895541191
18,455,[1.3 0.  0.3 0.9 0.  0.  1.3 1.2],0.1351580172777176
18,456,[1.3 0.  0.3 0.9 0.  0.  1.3 1.2],0.1351606398820877
18,457,[1.3 0.  0.3 0.9 0.  0.  1.3 1.2],0.13516324013471603
18,458,[1.3 0.  0.3 0.9 0.  0.  1.3 1.2],0.13516538217663765
18,459,[1.3 0.  0.3 0.9 0.  0.  1.3 1.2],0.1351662576198578
18,460,[1.3 0.  0.3 0.9 0.  0.  1.3 1.2],0.1351667121052742
18,461,[1.3 0.  0.3 0.9 0.  0.  1.3 1.2],0.13516926020383835
18,462,[1.3 0.  0.3 0.9 0.  0.  1.3 1.2],0.1351725347340107
18,463,[1.3 0.  0.3 0.9 0.  0.  1.3 1.2],0.13517411053180695
18,464,[1.3 0.  0.3 0.9 0.  0.  1.3 1.2],0.13517507538199425
18,465,[1.3 0.  0.3 0.9 0.  0.  1.3 1.2],0.1351751834154129
18,466,[1.3 0.  0.3 0.9 0.  0.  1.3 1.2],0.13517659902572632
18,467,[1.3 0.  0.3 0.9 0.  0.  1.3 1.2],0.13517991080880165
18,468,[1.3 0.  0.3 0.9 0.  0.  1.3 1.2],0.13518425077199936
18,469,[1.3 0.  0.3 0.9 0.  0.  1.3 1.2],0.13519039377570152
18,470,[1.3 0.  0.3 0.9 0.  0.  1.3 1.2],0.1351919248700142
18,471,[1.3 0.  0.3 0.9 0.  0.  1.3 1.2],0.1351943388581276
18,472,[1.3 0.  0.3 0.9 0.  0.  1.3 1.2],0.13519465923309326
18,473,[1.3 0.  0.3 0.9 0.  0.  1.3 1.2],0.1351952701807022
18,474,[1.3 0.  0.3 0.9 0.  0.  1.3 1.2],0.13519927114248276
18,475,[1.3 0.  0.3 0.9 0.  0.  1.3 1.2],0.13520648330450058
18,476,[1.3 0.  0.3 0.9 0.  0.  1.3 1.2],0.13520746305584908
18,477,[1.3 0.  0.3 0.9 0.  0.  1.3 1.2],0.13522198796272278
18,478,[1.3 0.  0.3 0.9 0.  0.  1.3 1.2],0.135224848985672
18,479,[1.3 0.  0.3 0.9 0.  0.  1.3 1.2],0.13523295521736145
18,480,[1.3 0.  0.3 0.9 0.  0.  1.3 1.2],0.13525503873825073
18,481,[1.3 0.  0.3 0.9 0.  0.  1.3 1.2],0.1352989710867405
18,482,[0.8 0.  0.3 0.3 0.  0.  1.3 1.2],0.1367100179195404
18,483,[0.5 0.  0.3 0.9 0.  0.  1.3 0.3],0.1368894726037979
18,484,[0.5 0.  0.3 0.9 0.  0.  1.3 0.3],0.13692067563533783
18,485,[0.5 0.  0.3 0.9 0.  0.  1.3 0.3],0.1369260773062706
18,486,[0.5 0.  0.3 0.9 0.  0.  1.3 0.3],0.1369919553399086
18,487,[0.5 0.  0.3 0.9 0.  0.  1.3 0.3],0.1370137631893158
18,488,[0.7 0.  0.3 0.9 0.  0.  1.3 1.2],0.13708294928073883
18,489,[0.7 0.  0.3 0.9 0.  0.  1.3 1.2],0.1371179074048996
18,490,[0.5 0.  0.3 0.9 0.  0.  1.3 0.3],0.1371445506811142
18,491,[0.7 0.  0.3 0.9 0.  0.  1.3 1.2],0.13714896142482758
18,492,[0.7 0.  0.3 0.9 0.  0.  1.3 1.2],0.13715332746505737
18,493,[0.7 0.  0.3 0.9 0.  0.  1.3 1.2],0.13715949654579163
18,494,[0.7 0.  0.3 0.9 0.  0.  1.3 1.2],0.13716839998960495
18,495,[0.7 0.  0.3 0.9 0.  0.  1.3 1.2],0.13717348873615265
18,496,[0.7 0.  0.3 0.9 0.  0.  1.3 1.2],0.13719315081834793
18,497,[0.7 0.  0.3 0.9 0.  0.  1.3 1.2],0.13719428330659866
18,498,[0.7 0.  0.3 0.9 0.  0.  1.3 1.2],0.13719943910837173
18,499,[0.7 0.  0.3 0.9 0.  0.  1.3 1.2],0.1372503563761711
18,500,[0.7 0.  0.3 0.9 0.  0.  1.3 1.2],0.13731563091278076
18,501,[1.3 0.  0.4 0.7 0.  0.  1.3 1.2],0.151370108127594
18,502,[1.3 0.  0.3 1.2 0.  0.  1.3 1.3],0.1651681661605835
18,503,[1.3 0.  0.3 1.2 0.  0.  1.3 1.3],0.16527747362852097
18,504,[1.3 0.  0.3 1.2 0.  0.  1.3 1.3],0.16527759283781052
18,505,[1.3 0.  0.3 1.2 0.  0.  1.3 1.3],0.16532403975725174
18,506,[1.3 0.  0.3 1.2 0.  0.  1.3 1.3],0.16535106301307678
18,507,[1.3 0.  0.3 0.9 0.  0.2 1.3 1.1],0.17246279120445251
18,508,[1.3 0.  0.3 0.9 0.  0.2 1.3 1.1],0.17254135757684708
18,509,[1.3 0.  0.3 0.9 0.  0.2 1.3 1.1],0.17254456877708435
18,510,[1.3 0.  0.3 0.9 0.  0.2 1.3 1.1],0.17257846146821976
18,511,[1.3 0.  0.3 0.9 0.  0.2 1.3 1.1],0.17259414494037628
18,512,[1.  0.  0.3 0.5 0.  0.  1.3 1.2],0.17304904013872147
18,513,[1.3 0.  0.3 0.5 0.  0.1 1.3 1.2],0.1888447180390358
18,514,[1.3 0.  0.3 0.5 0.  0.1 1.3 1.2],0.18889092653989792
18,515,[1.3 0.  0.3 0.5 0.  0.1 1.3 1.2],0.1888936311006546
18,516,[1.3 0.  0.3 0.5 0.  0.1 1.3 1.2],0.18890148401260376
18,517,[1.3 0.  0.3 0.5 0.  0.1 1.3 1.2],0.18894010037183762
18,518,[1.3 0.  0.3 0.5 0.  0.1 1.3 1.2],0.188947394490242
18,519,[1.3 0.  0.3 0.5 0.  0.1 1.3 1.2],0.18896541744470596
18,520,[1.3 0.  0.3 0.5 0.  0.1 1.3 1.2],0.18898555636405945
18,521,[1.3 0.  0.3 0.5 0.  0.1 1.3 1.2],0.18900315463542938
18,522,[1.3 0.  0.3 0.9 0.1 0.  0.5 1.2],0.189037524163723
18,523,[1.3 0.  0.3 0.5 0.  0.1 1.3 1.2],0.18904263526201248
18,524,[1.3 0.  0.3 0.5 0.  0.1 1.3 1.2],0.18904466181993484
18,525,[1.3 0.  0.3 0.5 0.  0.1 1.3 1.2],0.18904653191566467
18,526,[1.3 0.  0.3 0.9 0.1 0.  0.5 1.2],0.18909470736980438
18,527,[1.3 0.  0.3 0.9 0.1 0.  0.5 1.2],0.18913909792900085
18,528,[1.3 0.  0.3 0.9 0.1 0.  0.5 1.2],0.18915865570306778
18,529,[1.3 0.  0.3 0.9 0.1 0.  0.5 1.2],0.1891610473394394
18,530,[1.3 0.  0.3 0.9 0.1 0.  0.5 1.2],0.18916165083646774
18,531,[1.3 0.  0.3 0.9 0.1 0.  0.5 1.2],0.18918120115995407
18,532,[1.3 0.  0.3 0.9 0.1 0.  0.5 1.2],0.189273901283741
18,533,[1.  0.  0.3 0.4 0.  0.  1.3 1.2],0.1959160417318344
18,534,[1.  0.  0.3 0.4 0.  0.  1.3 1.2],0.19592876732349396
18,535,[1.  0.  0.3 0.4 0.  0.  1.3 1.2],0.19594024121761322
18,536,[1.  0.  0.3 0.4 0.  0.  1.3 1.2],0.19598504900932312
18,537,[1.  0.  0.3 0.4 0.  0.  1.3 1.2],0.19598600268363953
18,538,[1.  0.  0.3 0.4 0.  0.  1.3 1.2],0.1959916651248932
18,539,[1.  0.  0.3 0.4 0.  0.  1.3 1.2],0.19600067287683487
18,540,[1.  0.  0.3 0.4 0.  0.  1.3 1.2],0.19600478559732437
18,541,[1.  0.  0.3 0.4 0.  0.  1.3 1.2],0.19600872695446014
18,542,[1.  0.  0.3 0.4 0.  0.  1.3 1.2],0.1960323229432106
18,543,[1.  0.  0.3 0.4 0.  0.  1.3 1.2],0.19603681564331055
18,544,[1.  0.  0.3 0.4 0.  0.  1.3 1.2],0.19603773951530457
18,545,[1.  0.  0.3 0.4 0.  0.  1.3 1.2],0.19605449587106705
18,546,[1.  0.  0.3 0.4 0.  0.  1.3 1.2],0.19606532156467438
18,547,[1.3 0.  0.3 0.9 0.  0.3 1.3 0.6],0.20077180862426758
18,548,[1.3 0.  0.3 0.9 0.  0.3 1.3 0.6],0.20079238712787628
18,549,[1.3 0.  0.3 0.9 0.  0.3 1.3 0.6],0.20079860091209412
18,550,[1.3 0.  0.3 0.9 0.  0.3 1.3 0.6],0.20081959664821625
18,551,[1.3 0.  0.3 0.9 0.  0.3 1.3 0.6],0.20084751397371292
18,552,[1.3 0.  0.3 0.9 0.  0.3 1.3 0.6],0.20087412744760513
18,553,[1.3 0.  0.3 0.9 0.  0.3 1.3 0.6],0.20087752491235733
18,554,[1.3 0.  0.3 0.9 0.  0.3 1.3 0.6],0.2009095549583435
18,555,[1.3 0.  0.3 0.9 0.  0.3 1.3 0.6],0.20092132687568665
18,556,[1.3 0.  0.3 0.9 0.  0.3 1.3 0.6],0.20094362646341324
18,557,[1.3 0.  0.3 0.9 0.  0.3 1.3 0.6],0.20098274946212769
18,558,[1.3 0.  0.3 0.9 0.  0.3 1.3 0.6],0.20100869983434677
18,559,[0.3 0.1 0.  0.9 0.6 0.  1.3 0.9],0.21279063075780869
18,560,[0.3 0.1 0.  0.9 0.6 0.  1.3 0.9],0.21314840018749237
18,561,[1.3 1.1 0.3 1.2 0.  0.  1.3 1.2],0.2203863337635994
18,562,[0.8 0.  0.3 0.3 0.  0.  1.3 1.2],0.2270362451672554
18,563,[0.8 0.  0.3 0.3 0.  0.  1.3 1.2],0.22706130892038345
18,564,[0.8 0.  0.3 0.3 0.  0.  1.3 1.2],0.22709647566080093
18,565,[0.8 0.  0.3 0.3 0.  0.  1.3 1.2],0.22709938138723373
18,566,[0.8 0.  0.3 0.3 0.  0.  1.3 1.2],0.22711551934480667
18,567,[0.8 0.  0.3 0.3 0.  0.  1.3 1.2],0.2271178513765335
18,568,[0.8 0.  0.3 0.3 0.  0.  1.3 1.2],0.2271212860941887
18,569,[0.8 0.  0.3 0.3 0.  0.  1.3 1.2],0.22714368253946304
18,570,[0.8 0.  0.3 0.3 0.  0.  1.3 1.2],0.22714492678642273
18,571,[0.8 0.  0.3 0.3 0.  0.  1.3 1.2],0.22715505212545395
18,572,[0.8 0.  0.3 0.3 0.  0.  1.3 1.2],0.22716422379016876
18,573,[0.8 0.  0.3 0.3 0.  0.  1.3 1.2],0.227164626121521
18,574,[0.8 0.  0.3 0.3 0.  0.  1.3 1.2],0.22717026621103287
18,575,[0.8 0.  0.3 0.3 0.  0.  1.3 1.2],0.22718247771263123
18,576,[0.8 0.  0.3 0.3 0.  0.  1.3 1.2],0.2271963655948639
18,577,[0.8 0.  0.3 0.3 0.  0.  1.3 1.2],0.22721651196479797
18,578,[0.8 0.  0.3 0.3 0.  0.  1.3 1.2],0.22723598033189774
18,579,[0.8 0.  0.3 0.3 0.  0.  1.3 1.2],0.22724395990371704
18,580,[0.8 0.  0.3 0.3 0.  0.  1.3 1.2],0.22730247676372528
18,581,[0.8 0.  0.3 0.3 0.  0.  1.3 1.2],0.2273291051387787
18,582,[1.3 0.7 0.3 0.9 0.  0.3 1.3 1.2],0.23821690678596497
18,583,[1.3 0.7 0.3 0.9 0.  0.3 1.3 1.2],0.2383105754852295
18,584,[1.3 0.  0.8 0.9 0.  0.  1.3 0.6],0.24020732939243317
18,585,[1.3 0.  0.8 0.9 0.  0.  1.3 0.6],0.2402694895863533
18,586,[0.3 0.1 0.  0.9 0.6 0.  1.3 0.9],0.25310905277729034
18,587,[1.3 0.  0.3 0.9 0.3 0.  1.3 1.2],0.25869861245155334
18,588,[1.3 0.  0.3 0.9 0.3 0.  1.3 1.2],0.2587486654520035
18,589,[1.3 0.  0.3 0.2 0.  0.  1.3 0.5],0.25875332206487656
18,590,[1.3 0.  0.3 0.2 0.  0.  1.3 0.5],0.25876589119434357
18,591,[1.3 0.  0.3 0.9 0.3 0.  1.3 1.2],0.2587684169411659
18,592,[1.3 0.  0.3 0.2 0.  0.  1.3 0.5],0.2587721049785614
18,593,[1.3 0.  0.3 0.2 0.  0.  1.3 0.5],0.258780375123024
18,594,[1.3 0.  0.3 0.2 0.  0.  1.3 0.5],0.25880036503076553
18,595,[1.3 0.  0.3 0.2 0.  0.  1.3 0.5],0.2588033825159073
18,596,[1.3 0.  0.3 0.2 0.  0.  1.3 0.5],0.25881074368953705
18,597,[1.3 0.  0.3 0.2 0.  0.  1.3 0.5],0.25881634652614594
18,598,[1.3 0.  0.3 0.2 0.  0.  1.3 0.5],0.25885216891765594
18,599,[1.3 0.  0.3 0.9 0.3 0.  1.3 1.2],0.25890056788921356
18,600,[1.3 0.  0.3 0.9 0.3 0.  1.3 1.2],0.2589704319834709
18,601,[1.3 0.  0.3 0.9 0.3 0.  1.3 1.2],0.2590883672237396
18,602,[1.3 0.1 0.2 0.3 0.  0.  0.2 1.2],0.27082838118076324
18,603,[1.3 0.1 0.2 0.3 0.  0.  0.2 1.2],0.2708355784416199
18,604,[1.3 0.1 0.2 0.3 0.  0.  0.2 1.2],0.2708964943885803
18,605,[1.3 0.1 0.2 0.3 0.  0.  0.2 1.2],0.2709044963121414
18,606,[1.3 0.1 0.2 0.3 0.  0.  0.2 1.2],0.27090784907341003
18,607,[1.3 0.1 0.2 0.3 0.  0.  0.2 1.2],0.2709192782640457
18,608,[1.3 0.1 0.2 0.3 0.  0.  0.2 1.2],0.27092522382736206
18,609,[1.3 0.1 0.2 0.3 0.  0.  0.2 1.2],0.2709285169839859
18,610,[1.3 0.1 0.2 0.3 0.  0.  0.2 1.2],0.2710066884756088
18,611,[1.3 0.1 0.2 0.3 0.  0.  0.2 1.2],0.27106955647468567
18,612,[1.3 0.1 0.2 0.3 0.  0.  0.2 1.2],0.2710839956998825
18,613,[1.3 0.1 0.2 0.3 0.  0.  0.2 1.2],0.27109234035015106
18,614,[1.3 0.  0.3 0.2 0.  0.1 1.3 1.2],0.2786231189966202
18,615,[1.3 0.  0.3 0.2 0.  0.1 1.3 1.2],0.27863386273384094
18,616,[1.3 0.  0.3 0.2 0.  0.1 1.3 1.2],0.27865076065063477
18,617,[1.3 0.  0.3 0.2 0.  0.1 1.3 1.2],0.27888695895671844
18,618,[1.3 0.  0.3 0.  0.  0.  0.8 1.2],0.3692736029624939
18,619,[1.3 0.  0.3 0.  0.  0.  0.8 1.2],0.369278147816658
18,620,[1.3 0.  0.3 0.  0.  0.  0.8 1.2],0.36930637061595917
18,621,[1.3 0.  0.3 0.  0.  0.  0.8 1.2],0.36931212246418
18,622,[1.3 0.  0.3 0.  0.  0.  0.8 1.2],0.3693273365497589
18,623,[1.3 0.  0.3 0.  0.  0.  0.8 1.2],0.36933374404907227
18,624,[1.3 0.  0.3 0.  0.  0.  0.8 1.2],0.36933667957782745
18,625,[1.3 0.  0.3 0.  0.  0.  0.8 1.2],0.36934566497802734
18,626,[1.3 0.  0.3 0.  0.  0.  0.8 1.2],0.3693462014198303
18,627,[1.3 0.  0.3 0.  0.  0.  0.8 1.2],0.3693552762269974
18,628,[1.3 0.  0.3 0.  0.  0.  0.8 1.2],0.3693554997444153
18,629,[1.3 0.  0.3 0.  0.  0.  0.8 1.2],0.36936095356941223
18,630,[1.3 0.  0.3 0.  0.  0.  0.8 1.2],0.369363471865654
18,631,[1.3 0.  0.3 0.  0.  0.  0.8 1.2],0.36936458945274353
18,632,[1.3 0.  0.3 0.  0.  0.  0.8 1.2],0.3693647235631943
18,633,[1.3 0.  0.3 0.  0.  0.  0.8 1.2],0.3693849593400955
18,634,[1.3 0.  0.3 0.  0.  0.  0.8 1.2],0.3694298267364502
18,635,[1.3 0.  0.3 0.  0.  0.  0.8 1.2],0.3696391135454178
18,636,[0.  0.  0.4 1.1 0.5 0.7 1.3 1.2],0.38312193751335144
18,637,[1.3 0.  0.8 1.1 0.8 1.  1.3 1.2],0.406936451792717
18,638,[1.3 1.  0.9 0.9 0.5 1.3 1.3 1.2],0.44684047996997833
18,639,[0.3 0.1 0.  0.9 0.6 0.  1.3 0.9],0.45741596817970276
18,640,[0.3 0.1 0.  0.9 0.6 0.  1.3 0.9],0.45755690336227417
18,641,[0.3 0.1 0.  0.9 0.6 0.  1.3 0.9],0.4576747417449951
18,642,[0.3 0.1 0.  0.9 0.6 0.  1.3 0.9],0.4576907306909561
18,643,[0.3 0.1 0.  0.9 0.6 0.  1.3 0.9],0.4577847421169281
18,644,[0.3 0.1 0.  0.9 0.6 0.  1.3 0.9],0.4578353613615036
18,645,[0.3 0.1 0.  0.9 0.6 0.  1.3 0.9],0.457845076918602
18,646,[0.3 0.1 0.  0.9 0.6 0.  1.3 0.9],0.45785900950431824
18,647,[0.3 0.1 0.  0.9 0.6 0.  1.3 0.9],0.4579562246799469
18,648,[0.3 0.1 0.  0.9 0.6 0.  1.3 0.9],0.458034485578537
18,649,[0.3 0.1 0.  0.9 0.6 0.  1.3 0.9],0.4581809937953949
18,650,[0.3 0.1 0.  0.9 0.6 0.  1.3 0.9],0.45819368958473206
18,651,[0.3 0.1 0.  0.9 0.6 0.  1.3 0.9],0.45822209119796753
18,652,[0.3 0.1 0.  0.9 0.6 0.  1.3 0.9],0.45834262669086456
18,653,[0.3 0.1 0.  0.9 0.6 0.  1.3 0.9],0.4584682881832123
18,654,[1.3 0.  0.3 0.1 0.3 0.  1.3 0.3],0.46133963763713837
18,655,[1.3 0.  0.3 0.1 0.3 0.  1.3 0.3],0.46136192977428436
18,656,[1.3 0.  0.3 0.1 0.3 0.  1.3 0.3],0.4613748788833618
18,657,[1.3 0.  0.3 0.1 0.3 0.  1.3 0.3],0.4613773077726364
18,658,[1.3 0.  0.3 0.1 0.3 0.  1.3 0.3],0.4614049196243286
18,659,[1.3 0.  0.3 0.1 0.3 0.  1.3 0.3],0.4614444524049759
18,660,[1.3 0.  0.3 0.1 0.3 0.  1.3 0.3],0.4614860713481903
18,661,[1.3 0.  0.3 0.1 0.3 0.  1.3 0.3],0.4616543799638748
18,662,[1.3 0.  1.3 0.8 0.  0.  1.3 1.2],0.5073958188295364
18,663,[1.3 0.  1.3 0.8 0.  0.  1.3 1.2],0.5076266527175903
18,664,[1.3 0.  1.3 0.8 0.  0.  1.3 1.2],0.5076665878295898
18,665,[1.3 0.  1.3 0.8 0.  0.  1.3 1.2],0.5076914429664612
18,666,[1.3 0.  1.3 0.8 0.  0.  1.3 1.2],0.5077036172151566
18,667,[1.3 0.  1.3 0.4 0.  0.1 1.3 0.3],0.5077551007270813
18,668,[1.3 0.  1.3 0.8 0.  0.  1.3 1.2],0.507769763469696
18,669,[1.3 0.  1.3 0.8 0.  0.  1.3 1.2],0.5077765583992004
18,670,[1.3 0.  1.3 0.8 0.  0.  1.3 1.2],0.5079807788133621
18,671,[1.3 0.  1.  0.  0.  0.  1.3 1.2],0.521142989397049
18,672,[1.3 0.  1.  0.  0.  0.  1.3 1.2],0.5211769938468933
18,673,[1.3 0.  1.  0.  0.  0.  1.3 1.2],0.5211883783340454
18,674,[1.3 0.  1.  0.  0.  0.  1.3 1.2],0.5212214589118958
18,675,[1.3 0.  1.  0.  0.  0.  1.3 1.2],0.5212686657905579
18,676,[1.3 0.  1.  0.  0.  0.  1.3 1.2],0.521278902888298
18,677,[1.3 0.  1.  0.  0.  0.  1.3 1.2],0.521357536315918
18,678,[0.1 1.  0.9 0.6 0.  0.6 1.  0.5],0.5267230421304703
18,679,[0.1 1.  0.9 0.6 0.  0.6 1.  0.5],0.5267497897148132
18,680,[0.1 1.  0.9 0.6 0.  0.6 1.  0.5],0.5267802476882935
18,681,[0.1 1.  0.9 0.6 0.  0.6 1.  0.5],0.5268155336380005
18,682,[0.1 1.  0.9 0.6 0.  0.6 1.  0.5],0.5268827676773071
18,683,[0.1 1.  0.9 0.6 0.  0.6 1.  0.5],0.5268961787223816
18,684,[0.1 1.  0.9 0.6 0.  0.6 1.  0.5],0.5269135385751724
18,685,[0.1 1.  0.9 0.6 0.  0.6 1.  0.5],0.5269257128238678
18,686,[0.1 1.  0.9 0.6 0.  0.6 1.  0.5],0.526960015296936
18,687,[0.1 1.  0.9 0.6 0.  0.6 1.  0.5],0.5269865095615387
18,688,[0.1 1.  0.9 0.6 0.  0.6 1.  0.5],0.526992529630661
18,689,[0.1 1.  0.9 0.6 0.  0.6 1.  0.5],0.527042806148529
18,690,[0.1 1.  0.9 0.6 0.  0.6 1.  0.5],0.527045339345932
18,691,[0.1 1.  0.9 0.6 0.  0.6 1.  0.5],0.5272791981697083
18,692,[1.3 0.  1.3 0.4 0.  0.1 1.3 0.3],0.5525952577590942
18,693,[1.3 0.  1.3 0.4 0.  0.1 1.3 0.3],0.5526879131793976
18,694,[1.3 0.  1.3 0.4 0.  0.1 1.3 0.3],0.5527969002723694
18,695,[1.3 0.  1.3 0.4 0.  0.1 1.3 0.3],0.5528082251548767
18,696,[1.3 0.  1.3 0.4 0.  0.1 1.3 0.3],0.5528176128864288
18,697,[1.3 0.  1.3 0.4 0.  0.1 1.3 0.3],0.5528250932693481
18,698,[1.3 0.  1.3 0.4 0.  0.1 1.3 0.3],0.5528452694416046
18,699,[1.3 0.  1.3 0.4 0.  0.1 1.3 0.3],0.5528532266616821
18,700,[1.3 0.  1.3 0.4 0.  0.1 1.3 0.3],0.5528647303581238
18,701,[1.3 0.  1.3 0.4 0.  0.1 1.3 0.3],0.5528958141803741
18,702,[1.3 0.  1.3 0.4 0.  0.1 1.3 0.3],0.5529888272285461
18,703,[1.3 0.  1.3 0.4 0.  0.1 1.3 0.3],0.5530242323875427
18,704,[1.3 0.  1.3 0.4 0.  0.1 1.3 0.3],0.5531731247901917
18,705,[1.3 0.  0.3 0.9 0.8 0.  1.3 0.2],0.5733025670051575
18,706,[1.3 0.  0.3 0.9 0.8 0.  1.3 0.2],0.5739158093929291
18,707,[0.  0.  0.4 1.1 0.5 0.7 1.3 1.2],0.6177731156349182
18,708,[0.  0.  0.4 1.1 0.5 0.7 1.3 1.2],0.6179370284080505
18,709,[0.  0.  0.4 1.1 0.5 0.7 1.3 1.2],0.6180599629878998
18,710,[0.  0.  0.4 1.1 0.5 0.7 1.3 1.2],0.6181225478649139
18,711,[0.  0.  0.4 1.1 0.5 0.7 1.3 1.2],0.6181385219097137
18,712,[0.  0.  0.4 1.1 0.5 0.7 1.3 1.2],0.6181710958480835
18,713,[0.  0.  0.4 1.1 0.5 0.7 1.3 1.2],0.6182010769844055
18,714,[0.  0.  0.4 1.1 0.5 0.7 1.3 1.2],0.6182501018047333
18,715,[0.  0.  0.4 1.1 0.5 0.7 1.3 1.2],0.618293970823288
18,716,[0.  0.  0.4 1.1 0.5 0.7 1.3 1.2],0.6183167099952698
18,717,[0.  0.  0.4 1.1 0.5 0.7 1.3 1.2],0.6183175444602966
18,718,[0.  0.  0.4 1.1 0.5 0.7 1.3 1.2],0.6183730959892273
18,719,[0.  0.  0.4 1.1 0.5 0.7 1.3 1.2],0.618393748998642
18,720,[0.  0.  0.4 1.1 0.5 0.7 1.3 1.2],0.6184198558330536
18,721,[0.  0.  0.4 1.1 0.5 0.7 1.3 1.2],0.6184289157390594
18,722,[0.  0.  0.4 1.1 0.5 0.7 1.3 1.2],0.6184966862201691
18,723,[0.  0.  0.4 1.1 0.5 0.7 1.3 1.2],0.6185123026371002
18,724,[0.  0.  0.4 1.1 0.5 0.7 1.3 1.2],0.6186106503009796
18,725,[0.  0.  0.4 1.1 0.5 0.7 1.3 1.2],0.6186167895793915
18,726,[0.  0.  0.4 1.1 0.5 0.7 1.3 1.2],0.6186669766902924
18,727,[1.3 0.  0.3 0.9 0.  1.2 0.7 1.2],0.7182849943637848
18,728,[1.3 0.  0.3 0.9 0.  1.2 0.7 1.2],0.7183760404586792
18,729,[1.3 0.  0.3 0.9 0.  1.2 0.7 1.2],0.71840700507164
18,730,[1.3 0.  0.3 0.9 0.  1.2 0.7 1.2],0.718408614397049
18,731,[1.3 0.  0.3 0.9 0.  1.2 0.7 1.2],0.7184871435165405
18,732,[1.3 0.  0.3 0.9 0.  1.2 0.7 1.2],0.7186164557933807
18,733,[1.3 0.  0.3 0.9 0.  1.2 0.7 1.2],0.7186345458030701
18,734,[1.3 0.  0.3 0.9 0.  1.2 0.7 1.2],0.7186363339424133
18,735,[1.3 0.  0.3 0.9 0.  1.2 0.7 1.2],0.7186610400676727
18,736,[1.3 0.  0.3 0.9 0.  1.2 0.7 1.2],0.7186659276485443
18,737,[1.3 0.  0.3 0.9 0.  1.2 0.7 1.2],0.7188180685043335
18,738,[1.3 0.  0.3 0.9 0.  1.2 0.7 1.2],0.7188664972782135
18,739,[1.3 0.  0.3 0.9 0.  1.2 0.7 1.2],0.7189117074012756
18,740,[1.3 0.1 1.2 0.6 0.  1.2 1.1 0.1],0.8145994544029236
18,741,[0.  0.  0.4 1.1 0.5 0.7 1.3 1.2],0.8252833783626556
18,742,[1.3 0.1 1.2 0.6 0.  1.2 1.1 0.1],0.8364428877830505
18,743,[1.3 0.1 1.2 0.6 0.  1.2 1.1 0.1],0.8366658687591553
18,744,[1.3 0.1 1.2 0.6 0.  1.2 1.1 0.1],0.8366887271404266
18,745,[1.3 0.1 1.2 0.6 0.  1.2 1.1 0.1],0.8367376625537872
18,746,[1.3 0.1 1.2 0.6 0.  1.2 1.1 0.1],0.8367719650268555
18,747,[1.3 0.1 1.2 0.6 0.  1.2 1.1 0.1],0.8367888033390045
18,748,[1.3 0.1 1.2 0.6 0.  1.2 1.1 0.1],0.8367910385131836
18,749,[1.3 0.1 1.2 0.6 0.  1.2 1.1 0.1],0.8368383347988129
18,750,[1.3 0.1 1.2 0.6 0.  1.2 1.1 0.1],0.8368519246578217
18,751,[1.3 0.1 1.2 0.6 0.  1.2 1.1 0.1],0.8368704319000244
18,752,[1.3 0.1 1.2 0.6 0.  1.2 1.1 0.1],0.8368790745735168
18,753,[1.3 0.1 1.2 0.6 0.  1.2 1.1 0.1],0.836891382932663
18,754,[1.3 0.1 1.2 0.6 0.  1.2 1.1 0.1],0.836898684501648
18,755,[1.3 0.1 1.2 0.6 0.  1.2 1.1 0.1],0.8369006216526031
18,756,[1.3 0.1 1.2 0.6 0.  1.2 1.1 0.1],0.8369163572788239
18,757,[1.3 0.1 1.2 0.6 0.  1.2 1.1 0.1],0.8369170427322388
18,758,[1.3 0.1 1.2 0.6 0.  1.2 1.1 0.1],0.8369234800338745
18,759,[1.3 0.1 1.2 0.6 0.  1.2 1.1 0.1],0.8369698226451874
18,760,[1.3 0.1 1.2 0.6 0.  1.2 1.1 0.1],0.8369876146316528
18,761,[1.3 0.1 1.2 0.6 0.  1.2 1.1 0.1],0.8370068371295929
18,762,[1.3 0.1 1.2 0.6 0.  1.2 1.1 0.1],0.8370481729507446
18,763,[1.3 0.1 1.2 0.6 0.  1.2 1.1 0.1],0.8370495140552521
18,764,[1.3 0.1 1.2 0.6 0.  1.2 1.1 0.1],0.8370753228664398
18,765,[1.3 0.1 1.2 0.6 0.  1.2 1.1 0.1],0.8370825052261353
18,766,[1.3 0.1 1.2 0.6 0.  1.2 1.1 0.1],0.8371336162090302
18,767,[1.3 0.1 1.2 0.6 0.  1.2 1.1 0.1],0.8371981382369995
18,768,[1.3 0.1 1.2 0.6 0.  1.2 1.1 0.1],0.8372727632522583
18,769,[1.3 0.1 1.2 0.6 0.  1.2 1.1 0.1],0.837285727262497
18,770,[1.3 0.1 1.2 0.6 0.  1.2 1.1 0.1],0.8373285531997681
18,771,[1.3 0.1 1.2 0.6 0.  1.2 1.1 0.1],0.8373919129371643
18,772,[1.3 0.  0.8 1.1 0.8 1.  1.3 1.2],0.8745334446430206
18,773,[1.2 0.8 0.2 1.  1.  0.4 0.3 0.2],0.9482393562793732
18,774,[1.2 0.8 0.2 1.  1.  0.4 0.3 0.2],0.9489171802997589
18,775,[1.2 0.8 0.2 1.  1.  0.4 0.3 0.2],0.9489675462245941
18,776,[1.2 0.8 0.2 1.  1.  0.4 0.3 0.2],0.9489806890487671
18,777,[1.2 0.8 0.2 1.  1.  0.4 0.3 0.2],0.949042797088623
18,778,[1.2 0.8 0.2 1.  1.  0.4 0.3 0.2],0.9490756392478943
18,779,[1.2 0.8 0.2 1.  1.  0.4 0.3 0.2],0.9490859508514404
18,780,[1.2 0.8 0.2 1.  1.  0.4 0.3 0.2],0.9491214752197266
18,781,[1.2 0.8 0.2 1.  1.  0.4 0.3 0.2],0.9491952359676361
18,782,[1.2 0.8 0.2 1.  1.  0.4 0.3 0.2],0.9493256211280823
18,783,[1.2 0.8 0.2 1.  1.  0.4 0.3 0.2],0.949378490447998
18,784,[1.2 0.8 0.2 1.  1.  0.4 0.3 0.2],0.9499247670173645
18,785,[1.3 0.  0.3 0.9 1.  0.7 1.3 1.2],1.0090364217758179
18,786,[1.3 0.  0.3 0.9 1.  0.7 1.3 1.2],1.0092189013957977
18,787,[1.3 0.  0.3 0.9 1.  0.7 1.3 1.2],1.0093141794204712
18,788,[1.3 0.  0.3 0.9 1.  0.7 1.3 1.2],1.0094931423664093
18,789,[1.3 0.  0.3 0.9 1.  0.7 1.3 1.2],1.009944349527359
18,790,[1.3 0.  0.8 1.1 0.8 1.  1.3 1.2],1.0234652161598206
18,791,[1.3 0.  0.8 1.1 0.8 1.  1.3 1.2],1.0237345397472382
18,792,[1.3 0.  0.8 1.1 0.8 1.  1.3 1.2],1.0240245163440704
18,793,[1.3 0.  0.8 1.1 0.8 1.  1.3 1.2],1.0241952538490295
18,794,[1.3 0.  0.8 1.1 0.8 1.  1.3 1.2],1.0243308544158936
18,795,[1.3 0.  0.8 1.1 0.8 1.  1.3 1.2],1.0244195759296417
18,796,[1.3 0.  0.8 1.1 0.8 1.  1.3 1.2],1.0244507789611816
18,797,[1.3 0.  0.8 1.1 0.8 1.  1.3 1.2],1.0245734453201294
18,798,[1.3 0.  0.8 1.1 0.8 1.  1.3 1.2],1.0246069729328156
18,799,[1.3 1.  0.9 0.9 0.5 1.3 1.3 1.2],1.158581256866455
19,0,[1.3 0.1 1.2 1.2 0.  0.7 1.1 0.1],0.022534174844622612
19,1,[1.3 0.1 1.2 1.2 0.  0.7 1.1 0.1],0.022534174844622612
19,2,[1.3 0.1 1.2 1.2 0.  0.7 1.1 0.1],0.022534174844622612
19,3,[1.3 0.7 0.4 0.3 0.  0.  0.2 1.2],0.028503213077783585
19,4,[1.3 0.7 0.4 0.3 0.  0.  0.2 1.2],0.028503213077783585
19,5,[1.3 0.7 0.4 0.3 0.  0.  0.2 1.2],0.028503213077783585
19,6,[1.3 0.4 0.5 1.1 0.7 0.2 0.1 1.2],0.030149963684380054
19,7,[0.  0.  1.3 0.6 0.  1.  1.1 0.2],0.0302902115508914
19,8,[1.  0.  0.3 0.4 0.  0.  1.3 1.2],0.033910585567355156
19,9,[1.3 0.  0.3 0.9 0.  0.1 1.3 1.3],0.03852204605937004
19,10,[1.3 0.  0.3 0.9 0.  0.  1.3 1.2],0.038548821583390236
19,11,[1.3 0.  0.3 0.9 0.  0.  1.3 1.2],0.038548821583390236
19,12,[0.1 0.  0.5 0.9 0.  0.  1.3 1.2],0.03855255804955959
19,13,[1.3 0.  0.3 0.9 0.  0.  1.3 1.2],0.05245737545192242
19,14,[1.3 0.2 0.3 0.9 0.  0.  1.3 0.7],0.052554335445165634
19,15,[1.3 0.  0.3 0.9 0.  0.  1.3 1.2],0.052594490349292755
19,16,[1.3 0.  0.3 0.9 0.  0.  1.3 1.2],0.08181622624397278
19,17,[1.3 0.  0.3 0.9 0.  0.  1.3 1.2],0.08182253316044807
19,18,[1.3 0.1 0.3 0.9 0.  0.  1.3 1.2],0.08183009549975395
19,19,[1.3 0.  0.3 0.9 0.  0.  1.3 1.2],0.08184491842985153
19,20,[1.3 0.  0.3 0.9 0.  0.  1.3 1.2],0.08184653893113136
19,21,[1.3 0.  0.3 0.4 1.1 0.2 1.1 1. ],0.08186609670519829
19,22,[1.3 0.  0.3 0.9 0.  0.  1.3 1.2],0.08186634257435799
19,23,[1.3 0.  0.3 0.9 0.  0.  1.3 1.2],0.081871896982193
19,24,[1.3 0.  0.3 0.9 0.  0.  1.3 1.2],0.08187586814165115
19,25,[1.3 0.  0.3 0.9 0.  0.  1.3 1.2],0.08188049122691154
19,26,[1.3 0.  0.3 0.9 0.  0.  1.3 1.2],0.08188260719180107
19,27,[1.3 0.  0.3 0.9 0.  0.  1.3 1.2],0.08188831061124802
19,28,[1.1 0.  0.3 0.3 0.  0.  1.3 1.2],0.08189234510064125
19,29,[1.3 0.  0.3 0.9 0.  0.  1.3 1.2],0.08191143721342087
19,30,[1.3 0.  0.3 0.9 0.  0.  1.3 1.2],0.08193393051624298
19,31,[1.3 0.  0.3 0.9 0.  0.  1.3 1.2],0.08193784579634666
19,32,[1.3 0.  0.3 0.9 0.  0.  1.3 1.2],0.08194432035088539
19,33,[1.3 0.  0.3 0.9 0.  0.  1.3 1.2],0.08194830641150475
19,34,[1.3 0.  0.3 0.9 0.  0.  1.3 1.2],0.08195799216628075
19,35,[1.3 0.  0.3 0.9 0.  0.  1.3 1.2],0.08197521790862083
19,36,[1.3 0.  0.3 0.9 0.  0.  1.3 1.2],0.08199356868863106
19,37,[1.3 0.  0.3 0.9 0.  0.  1.3 1.2],0.082000233232975
19,38,[1.3 0.  0.3 0.9 0.  0.  1.3 1.2],0.08200494572520256
19,39,[1.3 0.  0.3 0.9 0.  0.  1.3 1.2],0.08200667425990105
19,40,[1.3 0.  0.3 0.9 0.  0.  1.3 0.3],0.1340927705168724
19,41,[1.3 0.  0.3 0.9 0.  0.  1.3 0.3],0.13421688973903656
19,42,[1.3 0.  0.3 0.9 0.  0.  1.3 1.2],0.1347503997385502
19,43,[1.3 0.  0.3 0.9 0.  0.  1.3 1.2],0.13484162837266922
19,44,[1.3 0.  0.3 0.9 0.  0.  1.3 1.2],0.13487816601991653
19,45,[1.3 0.  0.3 0.9 0.  0.  1.3 1.2],0.13488148152828217
19,46,[1.3 0.  0.3 0.9 0.  0.  1.3 1.2],0.13488705456256866
19,47,[1.3 0.  0.3 0.9 0.  0.  1.3 1.2],0.13489308208227158
19,48,[1.3 0.  0.3 0.9 0.  0.  1.3 1.2],0.13489490002393723
19,49,[1.3 0.  0.3 0.9 0.  0.  1.3 1.2],0.13489513099193573
19,50,[1.3 0.  0.3 0.9 0.  0.  1.3 1.2],0.13489796221256256
19,51,[1.3 0.  0.3 0.9 0.  0.  1.3 1.2],0.13489797711372375
19,52,[1.3 0.  0.3 0.9 0.  0.  1.3 1.2],0.13490112125873566
19,53,[1.3 0.  0.3 0.9 0.  0.  1.3 1.2],0.13490624725818634
19,54,[1.3 0.  0.3 0.9 0.  0.  1.3 1.2],0.13490834832191467
19,55,[1.3 0.  0.3 0.9 0.  0.  1.3 1.2],0.13490934669971466
19,56,[1.3 0.  0.3 0.9 0.  0.  1.3 1.2],0.13491027057170868
19,57,[1.3 0.  0.3 0.9 0.  0.  1.3 1.2],0.1349119022488594
19,58,[1.3 0.  0.3 0.9 0.  0.  1.3 1.2],0.13491199165582657
19,59,[1.3 0.  0.3 0.9 0.  0.  1.3 1.2],0.1349174976348877
19,60,[1.3 0.  0.3 0.9 0.  0.  1.3 1.2],0.13492032140493393
19,61,[1.3 0.  0.3 0.9 0.  0.  1.3 1.2],0.13492311537265778
19,62,[1.3 0.  0.3 0.9 0.  0.  1.3 1.2],0.13492640107870102
19,63,[1.3 0.  0.3 0.9 0.  0.  1.3 1.2],0.13492769747972488
19,64,[1.3 0.  0.3 0.9 0.  0.  1.3 1.2],0.13493066281080246
19,65,[1.3 0.  0.3 0.9 0.  0.  1.3 1.2],0.13493358343839645
19,66,[1.3 0.  0.3 0.9 0.  0.  1.3 1.2],0.13493391871452332
19,67,[1.3 0.  0.3 0.9 0.  0.  1.3 1.2],0.13493405282497406
19,68,[1.3 0.  0.3 0.9 0.  0.  1.3 1.2],0.1349344328045845
19,69,[1.3 0.  0.3 0.9 0.  0.  1.3 1.2],0.1349359154701233
19,70,[1.3 0.  0.3 0.9 0.  0.  1.3 1.2],0.1349373161792755
19,71,[1.3 0.  0.3 0.9 0.  0.  1.3 1.2],0.13493972271680832
19,72,[1.3 0.  0.3 0.9 0.  0.  1.3 1.2],0.13494014739990234
19,73,[1.3 0.  0.3 0.9 0.  0.  1.3 1.2],0.13494080305099487
19,74,[1.3 0.  0.3 0.9 0.  0.  1.3 1.2],0.13494697213172913
19,75,[1.3 0.  0.3 0.9 0.  0.  1.3 1.2],0.13494928926229477
19,76,[1.3 0.  0.3 0.9 0.  0.  1.3 1.2],0.13495027273893356
19,77,[1.3 0.  0.3 0.9 0.  0.  1.3 1.2],0.13495255261659622
19,78,[1.3 0.  0.3 0.9 0.  0.  1.3 1.2],0.13495319336652756
19,79,[1.3 0.  0.3 0.9 0.  0.  1.3 1.2],0.13495523482561111
19,80,[1.3 0.  0.3 0.9 0.  0.  1.3 1.2],0.13495677709579468
19,81,[1.3 0.  0.3 0.9 0.  0.  1.3 1.2],0.13495825231075287
19,82,[1.3 0.  0.3 0.9 0.  0.  1.3 1.2],0.1349586695432663
19,83,[1.3 0.  0.3 0.9 0.  0.  1.3 1.2],0.13495924696326256
19,84,[1.3 0.  0.3 0.9 0.  0.  1.3 1.2],0.13495931774377823
19,85,[1.3 0.  0.3 0.9 0.  0.  1.3 1.2],0.13495997339487076
19,86,[1.3 0.  0.3 0.9 0.  0.  1.3 1.2],0.13496006280183792
19,87,[1.3 0.  0.3 0.9 0.  0.  1.3 1.2],0.13496068865060806
19,88,[1.3 0.  0.3 0.9 0.  0.  1.3 1.2],0.13496077805757523
19,89,[1.3 0.  0.3 0.9 0.  0.  1.3 1.2],0.1349623203277588
19,90,[1.3 0.  0.3 0.9 0.  0.  1.3 1.2],0.13496263325214386
19,91,[1.3 0.  0.3 0.9 0.  0.  1.3 1.2],0.1349642500281334
19,92,[1.3 0.  0.3 0.9 0.  0.  1.3 1.2],0.13496442884206772
19,93,[1.3 0.  0.3 0.9 0.  0.  1.3 1.2],0.13496485352516174
19,94,[1.3 0.  0.3 0.9 0.  0.  1.3 1.2],0.1349669247865677
19,95,[1.3 0.  0.3 0.9 0.  0.  1.3 1.2],0.1349678337574005
19,96,[1.3 0.  0.3 0.9 0.  0.  1.3 1.2],0.13496945053339005
19,97,[1.3 0.  0.3 0.9 0.  0.  1.3 1.2],0.13496965914964676
19,98,[1.3 0.  0.3 0.9 0.  0.  1.3 1.2],0.13497008383274078
19,99,[1.3 0.  0.3 0.9 0.  0.  1.3 1.2],0.1349707916378975
19,100,[1.3 0.  0.3 0.9 0.  0.  1.3 1.2],0.13497232645750046
19,101,[1.3 0.  0.3 0.9 0.  0.  1.3 1.2],0.13497265428304672
19,102,[1.3 0.  0.3 0.9 0.  0.  1.3 1.2],0.13497285544872284
19,103,[1.3 0.  0.3 0.9 0.  0.  1.3 1.2],0.13497385382652283
19,104,[1.3 0.  0.3 0.9 0.  0.  1.3 1.2],0.1349738985300064
19,105,[1.3 0.  0.3 0.9 0.  0.  1.3 1.2],0.13497480005025864
19,106,[1.3 0.  0.3 0.9 0.  0.  1.3 1.2],0.1349751129746437
19,107,[1.3 0.  0.3 0.9 0.  0.  1.3 1.2],0.13497549295425415
19,108,[1.3 0.  0.3 0.9 0.  0.  1.3 1.2],0.13497626781463623
19,109,[1.3 0.  0.3 0.9 0.  0.  1.3 1.2],0.13497711718082428
19,110,[1.3 0.  0.3 0.9 0.  0.  1.3 1.2],0.13497808575630188
19,111,[1.3 0.  0.3 0.9 0.  0.  1.3 1.2],0.13497842848300934
19,112,[1.3 0.  0.3 0.9 0.  0.  1.3 1.2],0.13498475402593613
19,113,[1.3 0.  0.3 0.9 0.  0.  1.3 1.2],0.13498488068580627
19,114,[1.3 0.  0.3 0.9 0.  0.  1.3 1.2],0.13498498499393463
19,115,[1.3 0.  0.3 0.9 0.  0.  1.3 1.2],0.13498509675264359
19,116,[1.3 0.  0.3 0.9 0.  0.  1.3 1.2],0.13498543947935104
19,117,[1.3 0.  0.3 0.9 0.  0.  1.3 1.2],0.13498664647340775
19,118,[1.3 0.  0.3 0.9 0.  0.  1.3 1.2],0.13498692959547043
19,119,[1.3 0.  0.3 0.9 0.  0.  1.3 1.2],0.13498713076114655
19,120,[1.3 0.  0.3 0.9 0.  0.  1.3 1.2],0.13498838245868683
19,121,[1.3 0.  0.3 0.9 0.  0.  1.3 1.2],0.13498856872320175
19,122,[1.3 0.  0.3 0.9 0.  0.  1.3 1.2],0.13498858362436295
19,123,[1.3 0.  0.3 0.9 0.  0.  1.3 1.2],0.13498909026384354
19,124,[1.3 0.  0.3 0.9 0.  0.  1.3 1.2],0.13498910516500473
19,125,[1.3 0.  0.3 0.9 0.  0.  1.3 1.2],0.13498913496732712
19,126,[1.3 0.  0.3 0.9 0.  0.  1.3 1.2],0.1349896416068077
19,127,[1.3 0.  0.3 0.9 0.  0.  1.3 1.2],0.1349901780486107
19,128,[1.3 0.  0.3 0.9 0.  0.  1.3 1.2],0.13499046117067337
19,129,[1.3 0.  0.3 0.9 0.  0.  1.3 1.2],0.13499054312705994
19,130,[1.3 0.  0.3 0.9 0.  0.  1.3 1.2],0.13499067723751068
19,131,[1.3 0.  0.3 0.9 0.  0.  1.3 1.2],0.13499077409505844
19,132,[1.3 0.  0.3 0.9 0.  0.  1.3 1.2],0.13499083369970322
19,133,[1.3 0.  0.3 0.9 0.  0.  1.3 1.2],0.13499145954847336
19,134,[1.3 0.  0.3 0.9 0.  0.  1.3 1.2],0.13499201834201813
19,135,[1.3 0.  0.3 0.9 0.  0.  1.3 1.2],0.13499241322278976
19,136,[1.3 0.  0.3 0.9 0.  0.  1.3 1.2],0.1349925994873047
19,137,[1.3 0.  0.3 0.9 0.  0.  1.3 1.2],0.13499342650175095
19,138,[1.3 0.  0.3 0.9 0.  0.  1.3 1.2],0.1349935531616211
19,139,[1.3 0.  0.3 0.9 0.  0.  1.3 1.2],0.1349935606122017
19,140,[1.3 0.  0.3 0.9 0.  0.  1.3 1.2],0.13499365001916885
19,141,[1.3 0.  0.3 0.9 0.  0.  1.3 1.2],0.13499439507722855
19,142,[1.3 0.  0.3 0.9 0.  0.  1.3 1.2],0.13499481230974197
19,143,[1.3 0.  0.3 0.9 0.  0.  1.3 1.2],0.1349949687719345
19,144,[1.3 0.  0.3 0.9 0.  0.  1.3 1.2],0.1349959298968315
19,145,[1.3 0.  0.3 0.9 0.  0.  1.3 1.2],0.1349978893995285
19,146,[1.3 0.  0.3 0.9 0.  0.  1.3 1.2],0.1349979117512703
19,147,[1.3 0.  0.3 0.9 0.  0.  1.3 1.2],0.13499847799539566
19,148,[1.3 0.  0.3 0.9 0.  0.  1.3 1.2],0.13499904423952103
19,149,[1.3 0.  0.3 0.9 0.  0.  1.3 1.2],0.13499931246042252
19,150,[1.3 0.  0.3 0.9 0.  0.  1.3 1.2],0.13499949872493744
19,151,[1.3 0.  0.3 0.9 0.  0.  1.3 1.2],0.13499952107667923
19,152,[1.3 0.  0.3 0.9 0.  0.  1.3 1.2],0.13499996811151505
19,153,[1.3 0.  0.3 0.9 0.  0.  1.3 1.2],0.13500011712312698
19,154,[1.3 0.  0.3 0.9 0.  0.  1.3 1.2],0.13500084728002548
19,155,[1.3 0.  0.3 0.9 0.  0.  1.3 1.2],0.13500097393989563
19,156,[1.3 0.  0.3 0.9 0.  0.  1.3 1.2],0.1350012943148613
19,157,[1.3 0.  0.3 0.9 0.  0.  1.3 1.2],0.13500188291072845
19,158,[1.3 0.  0.3 0.9 0.  0.  1.3 1.2],0.13500206917524338
19,159,[1.3 0.  0.3 0.9 0.  0.  1.3 1.2],0.13500218838453293
19,160,[1.3 0.  0.3 0.9 0.  0.  1.3 1.2],0.1350032165646553
19,161,[1.3 0.  0.3 0.9 0.  0.  1.3 1.2],0.13500360399484634
19,162,[1.3 0.  0.3 0.9 0.  0.  1.3 1.2],0.1350046694278717
19,163,[1.3 0.  0.3 0.9 0.  0.  1.3 1.2],0.13500560075044632
19,164,[1.3 0.  0.3 0.9 0.  0.  1.3 1.2],0.1350056603550911
19,165,[1.3 0.  0.3 0.9 0.  0.  1.3 1.2],0.13500571995973587
19,166,[1.3 0.  0.3 0.9 0.  0.  1.3 1.2],0.135005921125412
19,167,[1.3 0.  0.3 0.9 0.  0.  1.3 1.2],0.13500627130270004
19,168,[1.3 0.  0.3 0.9 0.  0.  1.3 1.2],0.13500697910785675
19,169,[1.3 0.  0.3 0.9 0.  0.  1.3 1.2],0.1350075975060463
19,170,[1.3 0.  0.3 0.9 0.  0.  1.3 1.2],0.13500820100307465
19,171,[1.3 0.  0.3 0.9 0.  0.  1.3 1.2],0.1350083351135254
19,172,[1.3 0.  0.3 0.9 0.  0.  1.3 1.2],0.1350085362792015
19,173,[1.3 0.  0.3 0.9 0.  0.  1.3 1.2],0.1350092962384224
19,174,[1.3 0.  0.3 0.9 0.  0.  1.3 1.2],0.13500964641571045
19,175,[1.3 0.  0.3 0.9 0.  0.  1.3 1.2],0.1350112408399582
19,176,[1.3 0.  0.3 0.9 0.  0.  1.3 1.2],0.13501129299402237
19,177,[1.3 0.  0.3 0.9 0.  0.  1.3 1.2],0.1350114494562149
19,178,[1.3 0.  0.3 0.9 0.  0.  1.3 1.2],0.1350119188427925
19,179,[1.3 0.  0.3 0.9 0.  0.  1.3 1.2],0.13501203805208206
19,180,[1.3 0.  0.3 0.9 0.  0.  1.3 1.2],0.1350124403834343
19,181,[1.3 0.  0.3 0.9 0.  0.  1.3 1.2],0.1350131332874298
19,182,[1.3 0.  0.3 0.9 0.  0.  1.3 1.2],0.13501331210136414
19,183,[1.3 0.  0.3 0.9 0.  0.  1.3 1.2],0.13501384109258652
19,184,[1.3 0.  0.3 0.9 0.  0.  1.3 1.2],0.13501479476690292
19,185,[1.3 0.  0.3 0.9 0.  0.  1.3 1.2],0.13501498103141785
19,186,[1.3 0.  0.3 0.9 0.  0.  1.3 1.2],0.13501541316509247
19,187,[1.3 0.  0.3 0.9 0.  0.  1.3 1.2],0.13501572608947754
19,188,[1.3 0.  0.3 0.9 0.  0.  1.3 1.2],0.13501626998186111
19,189,[1.3 0.  0.3 0.9 0.  0.  1.3 1.2],0.13501650840044022
19,190,[1.3 0.  0.3 0.9 0.  0.  1.3 1.2],0.1350167989730835
19,191,[1.3 0.  0.3 0.9 0.  0.  1.3 1.2],0.1350170448422432
19,192,[1.3 0.  0.3 0.9 0.  0.  1.3 1.2],0.13501708209514618
19,193,[1.3 0.  0.3 0.9 0.  0.  1.3 1.2],0.1350177600979805
19,194,[1.3 0.  0.3 0.9 0.  0.  1.3 1.2],0.13501781970262527
19,195,[1.3 0.  0.3 0.9 0.  0.  1.3 1.2],0.13501786440610886
19,196,[1.3 0.  0.3 0.9 0.  0.  1.3 1.2],0.13501936942338943
19,197,[1.3 0.  0.3 0.9 0.  0.  1.3 1.2],0.13501960039138794
19,198,[1.3 0.  0.3 0.9 0.  0.  1.3 1.2],0.13501989096403122
19,199,[1.3 0.  0.3 0.9 0.  0.  1.3 1.2],0.13501997292041779
19,200,[1.3 0.  0.3 0.9 0.  0.  1.3 1.2],0.13502038270235062
19,201,[1.3 0.  0.3 0.9 0.  0.  1.3 1.2],0.13502071797847748
19,202,[1.3 0.  0.3 0.9 0.  0.  1.3 1.2],0.13502080738544464
19,203,[1.3 0.  0.3 0.9 0.  0.  1.3 1.2],0.13502086699008942
19,204,[1.3 0.  0.3 0.9 0.  0.  1.3 1.2],0.1350209042429924
19,205,[1.3 0.  0.3 0.9 0.  0.  1.3 1.2],0.13502107560634613
19,206,[1.3 0.  0.3 0.9 0.  0.  1.3 1.2],0.13502125442028046
19,207,[1.3 0.  0.3 0.9 0.  0.  1.3 1.2],0.13502142578363419
19,208,[1.3 0.  0.3 0.9 0.  0.  1.3 1.2],0.1350216493010521
19,209,[1.3 0.  0.3 0.9 0.  0.  1.3 1.2],0.13502218574285507
19,210,[1.3 0.  0.3 0.9 0.  0.  1.3 1.2],0.1350223869085312
19,211,[1.3 0.  0.3 0.9 0.  0.  1.3 1.2],0.13502272218465805
19,212,[1.3 0.  0.3 0.9 0.  0.  1.3 1.2],0.13502343744039536
19,213,[1.3 0.  0.3 0.9 0.  0.  1.3 1.2],0.13502409309148788
19,214,[1.3 0.  0.3 0.9 0.  0.  1.3 1.2],0.13502423465251923
19,215,[1.3 0.  0.3 0.9 0.  0.  1.3 1.2],0.13502467423677444
19,216,[1.3 0.  0.3 0.9 0.  0.  1.3 1.2],0.1350250095129013
19,217,[1.3 0.  0.3 0.9 0.  0.  1.3 1.2],0.13502506911754608
19,218,[1.3 0.  0.3 0.9 0.  0.  1.3 1.2],0.1350259780883789
19,219,[1.3 0.  0.3 0.9 0.  0.  1.3 1.2],0.13502603024244308
19,220,[1.3 0.  0.3 0.9 0.  0.  1.3 1.2],0.135026216506958
19,221,[1.3 0.  0.3 0.9 0.  0.  1.3 1.2],0.13502703607082367
19,222,[1.3 0.  0.3 0.9 0.  0.  1.3 1.2],0.13502812385559082
19,223,[1.3 0.  0.3 0.9 0.  0.  1.3 1.2],0.13502826541662216
19,224,[1.3 0.  0.3 0.9 0.  0.  1.3 1.2],0.1350291669368744
19,225,[1.3 0.  0.3 0.9 0.  0.  1.3 1.2],0.13502996414899826
19,226,[1.3 0.  0.3 0.9 0.  0.  1.3 1.2],0.13503018766641617
19,227,[1.3 0.  0.3 0.9 0.  0.  1.3 1.2],0.13503077626228333
19,228,[1.3 0.  0.3 0.9 0.  0.  1.3 1.2],0.13503161817789078
19,229,[1.3 0.  0.3 0.9 0.  0.  1.3 1.2],0.13503164798021317
19,230,[1.3 0.  0.3 0.9 0.  0.  1.3 1.2],0.13503168523311615
19,231,[1.3 0.  0.3 0.9 0.  0.  1.3 1.2],0.13503172993659973
19,232,[1.3 0.  0.3 0.9 0.  0.  1.3 1.2],0.13503201305866241
19,233,[1.3 0.  0.3 0.9 0.  0.  1.3 1.2],0.13503213971853256
19,234,[1.3 0.  0.3 0.9 0.  0.  1.3 1.2],0.13503266125917435
19,235,[1.3 0.  0.3 0.9 0.  0.  1.3 1.2],0.13503341376781464
19,236,[1.3 0.  0.3 0.9 0.  0.  1.3 1.2],0.13503485918045044
19,237,[1.3 0.  0.3 0.9 0.  0.  1.3 1.2],0.13503491878509521
19,238,[1.3 0.  0.3 0.9 0.  0.  1.3 1.2],0.13503500074148178
19,239,[1.3 0.  0.3 0.9 0.  0.  1.3 1.2],0.13503511995077133
19,240,[1.3 0.  0.3 0.9 0.  0.  1.3 1.2],0.13503523543477058
19,241,[1.3 0.  0.3 0.9 0.  0.  1.3 1.2],0.1350358948111534
19,242,[1.3 0.  0.3 0.9 0.  0.  1.3 1.2],0.13503602147102356
19,243,[1.3 0.  0.3 0.9 0.  0.  1.3 1.2],0.13503647595643997
19,244,[1.3 0.  0.3 0.9 0.  0.  1.3 1.2],0.13503650575876236
19,245,[1.3 0.  0.3 0.9 0.  0.  1.3 1.2],0.1350366696715355
19,246,[1.3 0.  0.3 0.9 0.  0.  1.3 1.2],0.13503678143024445
19,247,[1.3 0.  0.3 0.9 0.  0.  1.3 1.2],0.13503679633140564
19,248,[1.3 0.  0.3 0.9 0.  0.  1.3 1.2],0.1350369155406952
19,249,[1.3 0.  0.3 0.9 0.  0.  1.3 1.2],0.13503719121217728
19,250,[1.3 0.  0.3 0.9 0.  0.  1.3 1.2],0.13503944128751755
19,251,[1.3 0.  0.3 0.9 0.  0.  1.3 1.2],0.1350397765636444
19,252,[1.3 0.  0.3 0.9 0.  0.  1.3 1.2],0.1350405588746071
19,253,[1.3 0.  0.3 0.9 0.  0.  1.3 1.2],0.13504131883382797
19,254,[1.3 0.  0.3 0.9 0.  0.  1.3 1.2],0.13504138588905334
19,255,[1.3 0.  0.3 0.9 0.  0.  1.3 1.2],0.13504154980182648
19,256,[1.3 0.  0.3 0.9 0.  0.  1.3 1.2],0.13504169881343842
19,257,[1.3 0.  0.3 0.9 0.  0.  1.3 1.2],0.13504232466220856
19,258,[1.3 0.  0.3 0.9 0.  0.  1.3 1.2],0.13504257053136826
19,259,[1.3 0.  0.3 0.9 0.  0.  1.3 1.2],0.1350431814789772
19,260,[1.3 0.  0.3 0.9 0.  0.  1.3 1.2],0.1350436583161354
19,261,[1.3 0.  0.3 0.9 0.  0.  1.3 1.2],0.13504387438297272
19,262,[1.3 0.  0.3 0.9 0.  0.  1.3 1.2],0.13504409790039062
19,263,[1.3 0.  0.3 0.9 0.  0.  1.3 1.2],0.1350446119904518
19,264,[1.3 0.  0.3 0.9 0.  0.  1.3 1.2],0.13504566997289658
19,265,[1.3 0.  0.3 0.9 0.  0.  1.3 1.2],0.13504619896411896
19,266,[1.3 0.  0.3 0.9 0.  0.  1.3 1.2],0.13504765927791595
19,267,[1.3 0.  0.3 0.9 0.  0.  1.3 1.2],0.13504929840564728
19,268,[1.3 0.  0.3 0.9 0.  0.  1.3 1.2],0.13504930585622787
19,269,[1.3 0.  0.3 0.9 0.  0.  1.3 1.2],0.13505002856254578
19,270,[1.3 0.  0.3 0.9 0.  0.  1.3 1.2],0.1350506767630577
19,271,[1.3 0.  0.3 0.9 0.  0.  1.3 1.2],0.13505081087350845
19,272,[1.3 0.  0.3 0.9 0.  0.  1.3 1.2],0.13505113124847412
19,273,[1.3 0.  0.3 0.9 0.  0.  1.3 1.2],0.1350514516234398
19,274,[1.3 0.  0.3 0.9 0.  0.  1.3 1.2],0.1350519135594368
19,275,[1.3 0.  0.3 0.9 0.  0.  1.3 1.2],0.13505318760871887
19,276,[1.3 0.  0.3 0.9 0.  0.  1.3 1.2],0.135053351521492
19,277,[1.3 0.  0.3 0.9 0.  0.  1.3 1.2],0.13505345582962036
19,278,[1.3 0.  0.3 0.9 0.  0.  1.3 1.2],0.13505350053310394
19,279,[1.3 0.  0.3 0.9 0.  0.  1.3 1.2],0.13505353033542633
19,280,[1.3 0.  0.3 0.9 0.  0.  1.3 1.2],0.135053813457489
19,281,[1.3 0.  0.3 0.9 0.  0.  1.3 1.2],0.13505400717258453
19,282,[1.3 0.  0.3 0.9 0.  0.  1.3 1.2],0.1350540891289711
19,283,[1.3 0.  0.3 0.9 0.  0.  1.3 1.2],0.13505426049232483
19,284,[1.3 0.  0.3 0.9 0.  0.  1.3 1.2],0.13505465537309647
19,285,[1.3 0.  0.3 0.9 0.  0.  1.3 1.2],0.13505524396896362
19,286,[1.3 0.  0.3 0.9 0.  0.  1.3 1.2],0.1350553259253502
19,287,[1.3 0.  0.3 0.9 0.  0.  1.3 1.2],0.13505593687295914
19,288,[1.3 0.  0.3 0.9 0.  0.  1.3 1.2],0.13505593687295914
19,289,[1.3 0.  0.3 0.9 0.  0.  1.3 1.2],0.13505595177412033
19,290,[1.3 0.  0.3 0.9 0.  0.  1.3 1.2],0.13505606353282928
19,291,[1.3 0.  0.3 0.9 0.  0.  1.3 1.2],0.13505743443965912
19,292,[1.3 0.  0.3 0.9 0.  0.  1.3 1.2],0.1350574791431427
19,293,[1.3 0.  0.3 0.9 0.  0.  1.3 1.2],0.13505785167217255
19,294,[1.3 0.  0.3 0.9 0.  0.  1.3 1.2],0.13505787402391434
19,295,[1.3 0.  0.3 0.9 0.  0.  1.3 1.2],0.1350579857826233
19,296,[1.3 0.  0.3 0.9 0.  0.  1.3 1.2],0.13505848497152328
19,297,[1.3 0.  0.3 0.9 0.  0.  1.3 1.2],0.13505858182907104
19,298,[1.3 0.  0.3 0.9 0.  0.  1.3 1.2],0.13505863398313522
19,299,[1.3 0.  0.3 0.9 0.  0.  1.3 1.2],0.13505908846855164
19,300,[1.3 0.  0.3 0.9 0.  0.  1.3 1.2],0.13506033271551132
19,301,[1.3 0.  0.3 0.9 0.  0.  1.3 1.2],0.13506093621253967
19,302,[1.3 0.  0.3 0.9 0.  0.  1.3 1.2],0.13506148010492325
19,303,[1.3 0.  0.3 0.9 0.  0.  1.3 1.2],0.13506177812814713
19,304,[1.3 0.  0.3 0.9 0.  0.  1.3 1.2],0.13506194949150085
19,305,[1.3 0.  0.3 0.9 0.  0.  1.3 1.2],0.135062575340271
19,306,[1.3 0.  0.3 0.9 0.  0.  1.3 1.2],0.1350627988576889
19,307,[1.3 0.  0.3 0.9 0.  0.  1.3 1.2],0.1350635439157486
19,308,[1.3 0.  0.3 0.9 0.  0.  1.3 1.2],0.13506357371807098
19,309,[1.3 0.  0.3 0.9 0.  0.  1.3 1.2],0.13506372272968292
19,310,[1.3 0.  0.3 0.9 0.  0.  1.3 1.2],0.1350639909505844
19,311,[1.3 0.  0.3 0.9 0.  0.  1.3 1.2],0.13506432622671127
19,312,[1.3 0.  0.3 0.9 0.  0.  1.3 1.2],0.13506446778774261
19,313,[1.3 0.  0.3 0.9 0.  0.  1.3 1.2],0.1350645050406456
19,314,[1.3 0.  0.3 0.9 0.  0.  1.3 1.2],0.13506478816270828
19,315,[1.3 0.  0.3 0.9 0.  0.  1.3 1.2],0.13506482541561127
19,316,[1.3 0.  0.3 0.9 0.  0.  1.3 1.2],0.13506564497947693
19,317,[1.3 0.  0.3 0.9 0.  0.  1.3 1.2],0.1350659877061844
19,318,[1.3 0.  0.3 0.9 0.  0.  1.3 1.2],0.13506654649972916
19,319,[1.3 0.  0.3 0.9 0.  0.  1.3 1.2],0.1350676454603672
19,320,[1.3 0.  0.3 0.9 0.  0.  1.3 1.2],0.13506773114204407
19,321,[1.3 0.  0.3 0.9 0.  0.  1.3 1.2],0.13506775349378586
19,322,[1.3 0.  0.3 0.9 0.  0.  1.3 1.2],0.13506793975830078
19,323,[1.3 0.  0.3 0.9 0.  0.  1.3 1.2],0.13506803289055824
19,324,[1.3 0.  0.3 0.9 0.  0.  1.3 1.2],0.135068379342556
19,325,[1.3 0.  0.3 0.9 0.  0.  1.3 1.2],0.135069377720356
19,326,[1.3 0.  0.3 0.9 0.  0.  1.3 1.2],0.13506938517093658
19,327,[1.3 0.  0.3 0.9 0.  0.  1.3 1.2],0.13506942242383957
19,328,[1.3 0.  0.3 0.9 0.  0.  1.3 1.2],0.13506948947906494
19,329,[1.3 0.  0.3 0.9 0.  0.  1.3 1.2],0.1350695788860321
19,330,[1.3 0.  0.3 0.9 0.  0.  1.3 1.2],0.13507018238306046
19,331,[1.3 0.  0.3 0.9 0.  0.  1.3 1.2],0.13507023453712463
19,332,[1.3 0.  0.3 0.9 0.  0.  1.3 1.2],0.1350713074207306
19,333,[1.3 0.  0.3 0.9 0.  0.  1.3 1.2],0.1350717470049858
19,334,[1.3 0.  0.3 0.9 0.  0.  1.3 1.2],0.13507192581892014
19,335,[1.3 0.  0.3 0.9 0.  0.  1.3 1.2],0.13507243990898132
19,336,[1.3 0.  0.3 0.9 0.  0.  1.3 1.2],0.13507366180419922
19,337,[1.3 0.  0.3 0.9 0.  0.  1.3 1.2],0.1350739672780037
19,338,[1.3 0.  0.3 0.9 0.  0.  1.3 1.2],0.13507401198148727
19,339,[1.3 0.  0.3 0.9 0.  0.  1.3 1.2],0.13507404178380966
19,340,[1.3 0.  0.3 0.9 0.  0.  1.3 1.2],0.13507473468780518
19,341,[1.3 0.  0.3 0.9 0.  0.  1.3 1.2],0.13507498055696487
19,342,[1.3 0.  0.3 0.9 0.  0.  1.3 1.2],0.13507511466741562
19,343,[1.3 0.  0.3 0.9 0.  0.  1.3 1.2],0.1350751742720604
19,344,[1.3 0.  0.3 0.9 0.  0.  1.3 1.2],0.13507552444934845
19,345,[1.3 0.  0.3 0.9 0.  0.  1.3 1.2],0.13507553935050964
19,346,[1.3 0.  0.3 0.9 0.  0.  1.3 1.2],0.13507647067308426
19,347,[1.3 0.  0.3 0.9 0.  0.  1.3 1.2],0.13507667183876038
19,348,[1.3 0.  0.3 0.9 0.  0.  1.3 1.2],0.13507693260908127
19,349,[1.3 0.  0.3 0.9 0.  0.  1.3 1.2],0.13507744669914246
19,350,[1.3 0.  0.3 0.9 0.  0.  1.3 1.2],0.13507863879203796
19,351,[1.3 0.  0.3 0.9 0.  0.  1.3 1.2],0.13507916778326035
19,352,[1.3 0.  0.3 0.9 0.  0.  1.3 1.2],0.1350797712802887
19,353,[1.3 0.  0.3 0.9 0.  0.  1.3 1.2],0.13507980853319168
19,354,[1.3 0.  0.3 0.9 0.  0.  1.3 1.2],0.1350799724459648
19,355,[1.3 0.  0.3 0.9 0.  0.  1.3 1.2],0.13508065044879913
19,356,[1.3 0.  0.3 0.9 0.  0.  1.3 1.2],0.13508214056491852
19,357,[1.3 0.  0.3 0.9 0.  0.  1.3 1.2],0.1350843459367752
19,358,[1.3 0.  0.3 0.9 0.  0.  1.3 1.2],0.13508622348308563
19,359,[1.3 0.  0.3 0.9 0.  0.  1.3 1.2],0.13508648425340652
19,360,[1.3 0.  0.3 0.9 0.  0.  1.3 1.2],0.1350865662097931
19,361,[1.3 0.  0.3 0.9 0.  0.  1.3 1.2],0.1350874975323677
19,362,[1.3 0.  0.3 0.9 0.  0.  1.3 1.2],0.135088711977005
19,363,[1.3 0.  0.3 0.9 0.  0.  1.3 1.2],0.13508903235197067
19,364,[1.3 0.  0.3 0.9 0.  0.  1.3 1.2],0.13509006798267365
19,365,[1.3 0.  0.3 0.9 0.  0.  1.3 1.2],0.13509056717157364
19,366,[1.3 0.  0.3 0.9 0.  0.  1.3 1.2],0.13509083539247513
19,367,[1.3 0.  0.3 0.9 0.  0.  1.3 1.2],0.1350913643836975
19,368,[1.3 0.  0.3 0.9 0.  0.  1.3 1.2],0.1350916028022766
19,369,[1.3 0.  0.3 0.9 0.  0.  1.3 1.2],0.1350918635725975
19,370,[1.3 0.  0.3 0.9 0.  0.  1.3 1.2],0.13509249687194824
19,371,[1.3 0.  0.3 0.9 0.  0.  1.3 1.2],0.13509267196059227
19,372,[1.3 0.  0.3 0.9 0.  0.  1.3 1.2],0.13509280234575272
19,373,[1.3 0.  0.3 0.9 0.  0.  1.3 1.2],0.13509304821491241
19,374,[1.3 0.  0.3 0.9 0.  0.  1.3 1.2],0.13509321957826614
19,375,[1.3 0.  0.3 0.9 0.  0.  1.3 1.2],0.13509347289800644
19,376,[1.3 0.  0.3 0.9 0.  0.  1.3 1.2],0.13509482145309448
19,377,[1.3 0.  0.3 0.9 0.  0.  1.3 1.2],0.13509494066238403
19,378,[1.3 0.  0.3 0.9 0.  0.  1.3 1.2],0.13509509712457657
19,379,[1.3 0.  0.3 0.9 0.  0.  1.3 1.2],0.1350967437028885
19,380,[1.3 0.  0.3 0.9 0.  0.  1.3 1.2],0.13509678840637207
19,381,[1.3 0.  0.3 0.9 0.  0.  1.3 1.2],0.135097898542881
19,382,[1.3 0.  0.3 0.9 0.  0.  1.3 1.2],0.13509801030158997
19,383,[1.3 0.  0.3 0.9 0.  0.  1.3 1.2],0.13509882241487503
19,384,[1.3 0.  0.3 0.9 0.  0.  1.3 1.2],0.1350991651415825
19,385,[1.3 0.  0.3 0.9 0.  0.  1.3 1.2],0.13510053604841232
19,386,[1.3 0.  0.3 0.9 0.  0.  1.3 1.2],0.13510064035654068
19,387,[1.3 0.  0.3 0.9 0.  0.  1.3 1.2],0.13510098308324814
19,388,[1.3 0.  0.3 0.9 0.  0.  1.3 1.2],0.13510169833898544
19,389,[1.3 0.  0.3 0.9 0.  0.  1.3 1.2],0.13510235399007797
19,390,[1.3 0.  0.3 0.9 0.  0.  1.3 1.2],0.13510237634181976
19,391,[1.3 0.  0.3 0.9 0.  0.  1.3 1.2],0.13510265946388245
19,392,[1.3 0.  0.3 0.9 0.  0.  1.3 1.2],0.13510289043188095
19,393,[1.3 0.  0.3 0.9 0.  0.  1.3 1.2],0.1351039558649063
19,394,[1.3 0.  0.3 0.9 0.  0.  1.3 1.2],0.1351042464375496
19,395,[1.3 0.  0.3 0.9 0.  0.  1.3 1.2],0.13510452955961227
19,396,[1.3 0.  0.3 0.9 0.  0.  1.3 1.2],0.1351059153676033
19,397,[1.3 0.  0.3 0.9 0.  0.  1.3 1.2],0.13510628044605255
19,398,[1.3 0.  0.3 0.9 0.  0.  1.3 1.2],0.13510644808411598
19,399,[1.3 0.  0.3 0.9 0.  0.  1.3 1.2],0.1351066455245018
19,400,[1.3 0.  0.3 0.9 0.  0.  1.3 1.2],0.13510963320732117
19,401,[1.3 0.  0.3 0.9 0.  0.  1.3 1.2],0.13511116802692413
19,402,[1.3 0.  0.3 0.9 0.  0.  1.3 1.2],0.13511117547750473
19,403,[1.3 0.  0.3 0.9 0.  0.  1.3 1.2],0.1351114958524704
19,404,[1.3 0.  0.3 0.9 0.  0.  1.3 1.2],0.13511190935969353
19,405,[1.3 0.  0.3 0.9 0.  0.  1.3 1.2],0.13511212915182114
19,406,[1.3 0.  0.3 0.9 0.  0.  1.3 1.2],0.13511274009943008
19,407,[1.3 0.  0.3 0.9 0.  0.  1.3 1.2],0.13511289656162262
19,408,[1.3 0.  0.3 0.9 0.  0.  1.3 1.2],0.13511312752962112
19,409,[1.3 0.  0.3 0.9 0.  0.  1.3 1.2],0.1351131573319435
19,410,[1.3 0.  0.3 0.9 0.  0.  1.3 1.2],0.1351131573319435
19,411,[1.3 0.  0.3 0.9 0.  0.  1.3 1.2],0.13511376082897186
19,412,[1.3 0.  0.3 0.9 0.  0.  1.3 1.2],0.1351150907576084
19,413,[1.3 0.  0.3 0.9 0.  0.  1.3 1.2],0.13511542230844498
19,414,[1.3 0.  0.3 0.9 0.  0.  1.3 1.2],0.13511670753359795
19,415,[1.3 0.  0.3 0.9 0.  0.  1.3 1.2],0.1351170837879181
19,416,[1.3 0.  0.3 0.9 0.  0.  1.3 1.2],0.13511769473552704
19,417,[1.3 0.  0.3 0.9 0.  0.  1.3 1.2],0.13511772453784943
19,418,[1.3 0.  0.3 0.9 0.  0.  1.3 1.2],0.1351202428340912
19,419,[1.3 0.  0.3 0.9 0.  0.  1.3 1.2],0.13512063771486282
19,420,[1.3 0.  0.3 0.9 0.  0.  1.3 1.2],0.13512224704027176
19,421,[1.3 0.  0.3 0.9 0.  0.  1.3 1.2],0.13512440025806427
19,422,[1.3 0.  0.3 0.9 0.  0.  1.3 1.2],0.13512524962425232
19,423,[1.3 0.  0.3 0.9 0.  0.  1.3 1.2],0.13512546569108963
19,424,[1.3 0.  0.3 0.9 0.  0.  1.3 1.2],0.13512573391199112
19,425,[1.3 0.  0.3 0.9 0.  0.  1.3 1.2],0.13512581586837769
19,426,[1.3 0.  0.3 0.9 0.  0.  1.3 1.2],0.1351262405514717
19,427,[1.3 0.  0.3 0.9 0.  0.  1.3 1.2],0.135127704590559
19,428,[1.3 0.  0.3 0.9 0.  0.  1.3 1.2],0.1351284682750702
19,429,[1.3 0.  0.3 0.9 0.  0.  1.3 1.2],0.13512904942035675
19,430,[1.3 0.  0.3 0.9 0.  0.  1.3 1.2],0.13512931019067764
19,431,[1.3 0.  0.3 0.9 0.  0.  1.3 1.2],0.13512953370809555
19,432,[1.3 0.  0.3 0.9 0.  0.  1.3 1.2],0.135130412876606
19,433,[1.3 0.  0.3 0.9 0.  0.  1.3 1.2],0.13513125479221344
19,434,[1.3 0.  0.3 0.9 0.  0.  1.3 1.2],0.13513126969337463
19,435,[1.3 0.  0.3 0.9 0.  0.  1.3 1.2],0.1351339966058731
19,436,[1.3 0.  0.3 0.9 0.  0.  1.3 1.2],0.13513413816690445
19,437,[1.3 0.  0.3 0.9 0.  0.  1.3 1.2],0.13513647764921188
19,438,[1.3 0.  0.3 0.9 0.  0.  1.3 1.2],0.13513753563165665
19,439,[1.3 0.  0.3 0.9 0.  0.  1.3 1.2],0.135137889534235
19,440,[1.3 0.  0.3 0.9 0.  0.  1.3 1.2],0.13513807207345963
19,441,[1.3 0.  0.3 0.9 0.  0.  1.3 1.2],0.1351383440196514
19,442,[1.3 0.  0.3 0.9 0.  0.  1.3 1.2],0.13513844460248947
19,443,[1.3 0.  0.3 0.9 0.  0.  1.3 1.2],0.13513849675655365
19,444,[1.3 0.  0.3 0.9 0.  0.  1.3 1.2],0.1351386308670044
19,445,[1.3 0.  0.3 0.9 0.  0.  1.3 1.2],0.1351400390267372
19,446,[1.3 0.  0.3 0.9 0.  0.  1.3 1.2],0.1351407691836357
19,447,[1.3 0.  0.3 0.9 0.  0.  1.3 1.2],0.13514132797718048
19,448,[1.3 0.  0.3 0.9 0.  0.  1.3 1.2],0.1351480856537819
19,449,[1.3 0.  0.3 0.9 0.  0.  1.3 1.2],0.13514814525842667
19,450,[1.3 0.  0.3 0.9 0.  0.  1.3 1.2],0.13514841347932816
19,451,[1.3 0.  0.3 0.9 0.  0.  1.3 1.2],0.13514920324087143
19,452,[1.3 0.  0.3 0.9 0.  0.  1.3 1.2],0.13514959812164307
19,453,[1.3 0.  0.3 0.9 0.  0.  1.3 1.2],0.13515034317970276
19,454,[1.3 0.  0.3 0.9 0.  0.  1.3 1.2],0.1351557895541191
19,455,[1.3 0.  0.3 0.9 0.  0.  1.3 1.2],0.1351606398820877
19,456,[1.3 0.  0.3 0.9 0.  0.  1.3 1.2],0.13516079634428024
19,457,[1.3 0.  0.3 0.9 0.  0.  1.3 1.2],0.13516324013471603
19,458,[1.3 0.  0.3 0.9 0.  0.  1.3 1.2],0.13516469299793243
19,459,[1.3 0.  0.3 0.9 0.  0.  1.3 1.2],0.1351662576198578
19,460,[1.3 0.  0.3 0.9 0.  0.  1.3 1.2],0.1351667121052742
19,461,[1.3 0.  0.3 0.9 0.  0.  1.3 1.2],0.13516926020383835
19,462,[1.3 0.  0.3 0.9 0.  0.  1.3 1.2],0.1351725347340107
19,463,[1.3 0.  0.3 0.9 0.  0.  1.3 1.2],0.1351732462644577
19,464,[1.3 0.  0.3 0.9 0.  0.  1.3 1.2],0.13517411053180695
19,465,[1.3 0.  0.3 0.9 0.  0.  1.3 1.2],0.13517507538199425
19,466,[1.3 0.  0.3 0.9 0.  0.  1.3 1.2],0.135175421833992
19,467,[1.3 0.  0.3 0.9 0.  0.  1.3 1.2],0.13517659902572632
19,468,[1.3 0.  0.3 0.9 0.  0.  1.3 1.2],0.1351861134171486
19,469,[1.3 0.  0.3 0.9 0.  0.  1.3 1.2],0.1351952701807022
19,470,[1.3 0.  0.3 0.9 0.  0.  1.3 1.2],0.13519630581140518
19,471,[1.3 0.  0.3 0.9 0.  0.  1.3 1.2],0.1352151334285736
19,472,[1.3 0.  0.3 0.9 0.  0.  1.3 1.2],0.13522198796272278
19,473,[1.3 0.  0.3 0.9 0.  0.  1.3 1.2],0.13522280752658844
19,474,[1.3 0.  0.3 0.9 0.  0.  1.3 1.2],0.1352272406220436
19,475,[1.3 0.  0.3 0.9 0.  0.  1.3 1.2],0.13523295521736145
19,476,[0.5 0.  0.3 0.9 0.  0.  1.3 0.3],0.13684026151895523
19,477,[0.5 0.  0.3 0.9 0.  0.  1.3 0.3],0.13686737418174744
19,478,[0.5 0.  0.3 0.9 0.  0.  1.3 0.3],0.1369871273636818
19,479,[0.5 0.  0.3 0.9 0.  0.  1.3 0.3],0.13702277839183807
19,480,[0.5 0.  0.3 0.9 0.  0.  1.3 0.3],0.13702292740345
19,481,[1.3 0.1 0.3 0.9 0.  0.  1.3 1.2],0.13950224965810776
19,482,[1.3 0.1 0.3 0.9 0.  0.  1.3 1.2],0.13950540870428085
19,483,[1.3 0.1 0.3 0.9 0.  0.  1.3 1.2],0.13950546085834503
19,484,[1.3 0.1 0.3 0.9 0.  0.  1.3 1.2],0.13952241837978363
19,485,[1.3 0.1 0.3 0.9 0.  0.  1.3 1.2],0.13955359160900116
19,486,[1.3 0.1 0.3 0.9 0.  0.  1.3 1.2],0.13957130163908005
19,487,[0.7 0.1 0.3 0.9 0.  0.  1.3 1.2],0.14183198660612106
19,488,[0.7 0.1 0.3 0.9 0.  0.  1.3 1.2],0.14186546951532364
19,489,[1.3 0.2 0.3 0.9 0.  0.  1.3 0.7],0.14372634142637253
19,490,[1.3 0.2 0.3 0.9 0.  0.  1.3 0.7],0.14377066493034363
19,491,[1.3 0.2 0.3 0.9 0.  0.  1.3 0.7],0.14382809400558472
19,492,[1.3 0.2 0.3 0.9 0.  0.  1.3 0.7],0.14382905513048172
19,493,[1.3 0.2 0.3 0.9 0.  0.  1.3 0.7],0.1438327357172966
19,494,[1.3 0.2 0.3 0.9 0.  0.  1.3 0.7],0.14383329451084137
19,495,[1.3 0.2 0.3 0.9 0.  0.  1.3 0.7],0.14384909719228745
19,496,[1.3 0.2 0.3 0.9 0.  0.  1.3 0.7],0.14385228604078293
19,497,[1.3 0.2 0.3 0.9 0.  0.  1.3 0.7],0.14386051148176193
19,498,[1.3 0.2 0.3 0.9 0.  0.  1.3 0.7],0.14389871805906296
19,499,[1.3 0.2 0.3 0.9 0.  0.  1.3 0.7],0.14395298063755035
19,500,[1.3 0.  0.3 0.9 0.  0.1 1.3 1.3],0.15060044080018997
19,501,[1.3 0.  0.3 0.9 0.  0.1 1.3 1.3],0.15060880780220032
19,502,[1.3 0.  0.3 0.9 0.  0.1 1.3 1.3],0.1506231129169464
19,503,[1.3 0.  0.3 0.9 0.  0.1 1.3 1.3],0.15063828974962234
19,504,[1.3 0.  0.3 0.9 0.  0.1 1.3 1.3],0.15063975006341934
19,505,[1.3 0.  0.3 0.9 0.  0.1 1.3 1.3],0.15064658224582672
19,506,[1.3 0.  0.3 0.9 0.  0.1 1.3 1.3],0.15064900368452072
19,507,[1.3 0.  0.3 0.9 0.  0.1 1.3 1.3],0.15065176039934158
19,508,[1.3 0.  0.3 0.9 0.  0.1 1.3 1.3],0.15065518766641617
19,509,[1.3 0.  0.3 0.9 0.  0.1 1.3 1.3],0.15067202597856522
19,510,[1.3 0.  0.3 0.9 0.  0.1 1.3 1.3],0.15067867189645767
19,511,[1.3 0.  0.3 0.9 0.  0.1 1.3 1.3],0.15070077031850815
19,512,[1.3 0.  0.3 0.9 0.  0.1 1.3 1.3],0.15071649849414825
19,513,[1.3 0.  0.3 0.9 0.  0.1 1.3 1.3],0.1507263332605362
19,514,[1.3 0.  0.3 0.9 0.  0.1 1.3 1.3],0.1507420316338539
19,515,[1.3 0.  0.3 0.9 0.  0.1 1.3 1.3],0.15074973553419113
19,516,[1.3 0.  0.3 0.9 0.  0.1 1.3 1.3],0.15075260400772095
19,517,[1.3 0.  0.3 0.9 0.  0.1 1.3 1.3],0.150753416121006
19,518,[1.3 0.  0.3 0.9 0.  0.1 1.3 1.3],0.15077971667051315
19,519,[1.3 0.  0.3 0.9 0.  0.1 1.3 1.3],0.1507824882864952
19,520,[1.3 0.  0.3 0.9 0.  0.1 1.3 1.3],0.15086372941732407
19,521,[0.1 0.  0.5 0.9 0.  0.  1.3 1.2],0.16301873326301575
19,522,[0.1 0.  0.5 0.9 0.  0.  1.3 1.2],0.16303017735481262
19,523,[0.1 0.  0.5 0.9 0.  0.  1.3 1.2],0.16305572539567947
19,524,[0.1 0.  0.5 0.9 0.  0.  1.3 1.2],0.16305804252624512
19,525,[0.1 0.  0.5 0.9 0.  0.  1.3 1.2],0.16310269385576248
19,526,[0.1 0.  0.5 0.9 0.  0.  1.3 1.2],0.16310499608516693
19,527,[0.1 0.  0.5 0.9 0.  0.  1.3 1.2],0.16310670971870422
19,528,[0.1 0.  0.5 0.9 0.  0.  1.3 1.2],0.16310884803533554
19,529,[0.1 0.  0.5 0.9 0.  0.  1.3 1.2],0.16310951858758926
19,530,[0.1 0.  0.5 0.9 0.  0.  1.3 1.2],0.1631442755460739
19,531,[0.1 0.  0.5 0.9 0.  0.  1.3 1.2],0.1631593257188797
19,532,[0.1 0.  0.5 0.9 0.  0.  1.3 1.2],0.16320742666721344
19,533,[1.3 0.4 0.3 1.1 0.  0.  1.3 1.2],0.16578470915555954
19,534,[1.3 0.4 0.3 1.1 0.  0.  1.3 1.2],0.165825255215168
19,535,[1.3 0.4 0.3 1.1 0.  0.  1.3 1.2],0.1658519133925438
19,536,[1.3 0.  0.2 0.9 0.  0.2 1.3 1.2],0.17518146336078644
19,537,[1.3 0.  0.2 0.9 0.  0.2 1.3 1.2],0.17522084712982178
19,538,[1.3 0.  0.2 0.9 0.  0.2 1.3 1.2],0.1752306967973709
19,539,[1.3 0.  0.2 0.9 0.  0.2 1.3 1.2],0.17525403946638107
19,540,[1.3 0.  0.2 0.9 0.  0.2 1.3 1.2],0.17526166886091232
19,541,[1.3 0.  0.2 0.9 0.  0.2 1.3 1.2],0.17529786378145218
19,542,[1.3 0.  0.2 0.9 0.  0.2 1.3 1.2],0.17531818151474
19,543,[1.3 0.  0.2 0.9 0.  0.2 1.3 1.2],0.17535927146673203
19,544,[1.3 0.  0.3 0.6 0.  0.  0.5 1.2],0.17561157792806625
19,545,[1.3 0.6 0.3 1.1 0.  0.  1.3 1.2],0.17625772953033447
19,546,[1.3 0.6 0.3 1.1 0.  0.  1.3 1.2],0.1763712465763092
19,547,[1.3 0.6 0.3 1.1 0.  0.  1.3 1.2],0.1763933002948761
19,548,[1.3 0.6 0.3 1.1 0.  0.  1.3 1.2],0.17642518877983093
19,549,[1.3 0.6 0.3 1.1 0.  0.  1.3 1.2],0.17643780261278152
19,550,[1.3 0.6 0.3 1.1 0.  0.  1.3 1.2],0.17645083367824554
19,551,[1.3 0.6 0.3 1.1 0.  0.  1.3 1.2],0.17649585008621216
19,552,[1.3 0.6 0.3 1.1 0.  0.  1.3 1.2],0.1765282154083252
19,553,[1.3 0.6 0.3 1.1 0.  0.  1.3 1.2],0.17653562128543854
19,554,[1.3 0.6 0.3 1.1 0.  0.  1.3 1.2],0.1765848472714424
19,555,[0.  0.  0.3 0.5 0.  0.  1.3 1.2],0.17854764312505722
19,556,[0.  0.  0.3 0.5 0.  0.  1.3 1.2],0.1785752773284912
19,557,[0.  0.  0.3 0.5 0.  0.  1.3 1.2],0.17858725786209106
19,558,[0.  0.  0.3 0.5 0.  0.  1.3 1.2],0.17878177762031555
19,559,[1.3 0.5 0.3 0.9 0.  0.  0.4 1.2],0.18039243668317795
19,560,[1.3 0.5 0.3 0.9 0.  0.  0.4 1.2],0.1804567128419876
19,561,[1.3 0.5 0.3 0.9 0.  0.  0.4 1.2],0.1804698407649994
19,562,[1.3 0.5 0.3 0.9 0.  0.  0.4 1.2],0.18048276007175446
19,563,[1.3 0.5 0.3 0.9 0.  0.  0.4 1.2],0.18049406260252
19,564,[1.3 0.5 0.3 0.9 0.  0.  0.4 1.2],0.1805238202214241
19,565,[1.3 0.5 0.3 0.9 0.  0.  0.4 1.2],0.180596224963665
19,566,[1.3 0.5 0.3 0.9 0.  0.  0.4 1.2],0.18061358481645584
19,567,[1.3 0.  0.3 0.4 0.  0.  1.3 1.2],0.19414322078227997
19,568,[1.3 0.  0.3 0.4 0.  0.  1.3 1.2],0.19417735934257507
19,569,[1.3 0.  0.3 0.4 0.  0.  1.3 1.2],0.1941841021180153
19,570,[1.3 0.  0.3 0.4 0.  0.  1.3 1.2],0.19418423622846603
19,571,[1.3 0.  0.3 0.4 0.  0.  1.3 1.2],0.19419549405574799
19,572,[1.3 0.  0.3 0.4 0.  0.  1.3 1.2],0.19424253702163696
19,573,[1.  0.  0.3 0.4 0.  0.  1.3 1.2],0.19596614688634872
19,574,[1.  0.  0.3 0.4 0.  0.  1.3 1.2],0.1960124596953392
19,575,[1.  0.  0.3 0.4 0.  0.  1.3 1.2],0.196063332259655
19,576,[1.  0.  0.3 0.4 0.  0.  1.3 1.2],0.1960752010345459
19,577,[1.  0.  0.3 0.4 0.  0.  1.3 1.2],0.19609389454126358
19,578,[1.  0.  0.3 0.4 0.  0.  1.3 1.2],0.1961129978299141
19,579,[1.  0.  0.3 0.4 0.  0.  1.3 1.2],0.19616282731294632
19,580,[1.  0.  0.3 0.4 0.  0.  1.3 1.2],0.19619080424308777
19,581,[1.3 0.  0.3 0.4 1.1 0.2 1.1 1. ],0.19845368713140488
19,582,[1.3 0.  0.7 0.9 0.  0.  1.3 0.1],0.2055935561656952
19,583,[1.3 0.  0.7 0.9 0.  0.  1.3 0.1],0.20561431348323822
19,584,[1.3 0.  0.7 0.9 0.  0.  1.3 0.1],0.2056388035416603
19,585,[1.3 0.  0.7 0.9 0.  0.  1.3 0.1],0.20563949644565582
19,586,[1.3 0.  0.7 0.9 0.  0.  1.3 0.1],0.2057449072599411
19,587,[1.3 0.  0.3 0.5 0.  0.  0.  1.2],0.2207154780626297
19,588,[1.3 0.  0.3 0.5 0.  0.  0.  1.2],0.22072812914848328
19,589,[1.3 0.  0.3 0.5 0.  0.  0.  1.2],0.22076929360628128
19,590,[1.3 0.  0.3 0.5 0.  0.  0.  1.2],0.22077040374279022
19,591,[1.3 0.  0.3 0.5 0.  0.  0.  1.2],0.2207726612687111
19,592,[1.3 0.  0.3 0.5 0.  0.  0.  1.2],0.2207886427640915
19,593,[1.3 0.  0.3 0.5 0.  0.  0.  1.2],0.22080940753221512
19,594,[1.3 0.  0.3 0.5 0.  0.  0.  1.2],0.22088176012039185
19,595,[0.8 0.  0.2 0.3 0.  0.  1.3 1.2],0.2232441008090973
19,596,[0.8 0.  0.2 0.3 0.  0.  1.3 1.2],0.22331809997558594
19,597,[0.8 0.  0.2 0.3 0.  0.  1.3 1.2],0.22332441806793213
19,598,[0.8 0.  0.2 0.3 0.  0.  1.3 1.2],0.2233407273888588
19,599,[0.8 0.  0.2 0.3 0.  0.  1.3 1.2],0.22335301339626312
19,600,[0.8 0.  0.2 0.3 0.  0.  1.3 1.2],0.2233603522181511
19,601,[0.8 0.  0.2 0.3 0.  0.  1.3 1.2],0.2233639657497406
19,602,[0.8 0.  0.2 0.3 0.  0.  1.3 1.2],0.2233651801943779
19,603,[0.8 0.  0.2 0.3 0.  0.  1.3 1.2],0.22337082028388977
19,604,[0.8 0.  0.2 0.3 0.  0.  1.3 1.2],0.22337618470191956
19,605,[0.8 0.  0.2 0.3 0.  0.  1.3 1.2],0.2233770787715912
19,606,[0.8 0.  0.2 0.3 0.  0.  1.3 1.2],0.2233816683292389
19,607,[0.8 0.  0.2 0.3 0.  0.  1.3 1.2],0.22339656203985214
19,608,[0.8 0.  0.2 0.3 0.  0.  1.3 1.2],0.22340025752782822
19,609,[0.8 0.  0.2 0.3 0.  0.  1.3 1.2],0.22341743111610413
19,610,[0.8 0.  0.2 0.3 0.  0.  1.3 1.2],0.22342444211244583
19,611,[1.1 0.  0.3 0.3 0.  0.  1.3 1.2],0.22515776008367538
19,612,[1.1 0.  0.3 0.3 0.  0.  1.3 1.2],0.22523103654384613
19,613,[1.1 0.  0.3 0.3 0.  0.  1.3 1.2],0.22525982558727264
19,614,[1.1 0.  0.3 0.3 0.  0.  1.3 1.2],0.2252930998802185
19,615,[1.3 0.  0.3 0.1 0.  0.1 1.3 1.2],0.322589710354805
19,616,[1.3 0.  0.3 0.1 0.  0.1 1.3 1.2],0.32259172201156616
19,617,[1.3 0.7 0.4 0.3 0.  0.  0.2 1.2],0.3465445339679718
19,618,[1.3 0.7 0.4 0.3 0.  0.  0.2 1.2],0.34655579924583435
19,619,[1.3 0.7 0.4 0.3 0.  0.  0.2 1.2],0.3465629070997238
19,620,[1.3 0.7 0.4 0.3 0.  0.  0.2 1.2],0.3466370105743408
19,621,[1.3 0.7 0.4 0.3 0.  0.  0.2 1.2],0.34670811891555786
19,622,[1.3 0.7 0.4 0.3 0.  0.  0.2 1.2],0.3467426300048828
19,623,[1.3 0.7 0.4 0.3 0.  0.  0.2 1.2],0.3468302935361862
19,624,[1.3 0.  1.  0.9 0.  0.  0.4 1.2],0.3526719957590103
19,625,[1.3 0.  1.  0.9 0.  0.  0.4 1.2],0.3527398258447647
19,626,[1.3 0.  1.  0.9 0.  0.  0.4 1.2],0.3528617322444916
19,627,[1.3 0.  0.4 0.9 0.  0.7 1.3 1.2],0.37134911119937897
19,628,[1.3 0.  0.4 0.9 0.  0.7 1.3 1.2],0.3714206665754318
19,629,[1.3 0.  0.4 0.9 0.  0.7 1.3 1.2],0.3714667707681656
19,630,[1.3 0.  0.4 0.9 0.  0.7 1.3 1.2],0.3714817017316818
19,631,[1.3 0.  0.3 0.9 0.  0.7 1.1 1.2],0.3736032396554947
19,632,[1.3 0.  0.3 0.9 0.  0.7 1.1 1.2],0.37375903129577637
19,633,[1.3 0.9 0.3 0.9 0.5 0.  1.3 1.2],0.4371935576200485
19,634,[1.3 0.9 0.3 0.9 0.5 0.  1.3 1.2],0.43723732233047485
19,635,[1.3 0.9 0.3 0.9 0.5 0.  1.3 1.2],0.437358558177948
19,636,[1.3 0.9 0.3 0.9 0.5 0.  1.3 1.2],0.43742509186267853
19,637,[1.3 0.9 0.3 0.9 0.5 0.  1.3 1.2],0.4375448524951935
19,638,[1.3 0.9 0.3 0.9 0.5 0.  1.3 1.2],0.4375743716955185
19,639,[1.3 0.9 0.3 0.9 0.5 0.  1.3 1.2],0.4375951290130615
19,640,[1.3 0.9 0.3 0.9 0.5 0.  1.3 1.2],0.4376055896282196
19,641,[1.3 0.9 0.3 0.9 0.5 0.  1.3 1.2],0.4376562684774399
19,642,[1.3 0.  0.3 0.4 1.1 0.2 1.1 1. ],0.44604602456092834
19,643,[1.3 0.  0.3 0.  0.  0.5 0.8 0.8],0.5068347752094269
19,644,[1.3 0.  0.3 0.  0.  0.5 0.8 0.8],0.5068398863077164
19,645,[1.3 0.  0.3 0.  0.  0.5 0.8 0.8],0.5068437457084656
19,646,[1.3 0.  0.3 0.  0.  0.5 0.8 0.8],0.5068546086549759
19,647,[1.3 0.  0.3 0.  0.  0.5 0.8 0.8],0.5068890005350113
19,648,[1.3 0.  0.3 0.  0.  0.5 0.8 0.8],0.5069067180156708
19,649,[1.3 0.  0.3 0.  0.  0.5 0.8 0.8],0.5069341510534286
19,650,[1.3 0.  0.3 0.  0.  0.5 0.8 0.8],0.5071768164634705
19,651,[1.3 0.4 0.5 1.1 0.7 0.2 0.1 1.2],0.544597715139389
19,652,[1.3 0.  1.1 0.9 0.4 0.  1.3 1.2],0.5538629591464996
19,653,[1.3 0.  1.1 0.9 0.4 0.  1.3 1.2],0.5540422201156616
19,654,[1.3 0.  1.1 0.9 0.4 0.  1.3 1.2],0.5540811717510223
19,655,[1.3 0.  1.1 0.9 0.4 0.  1.3 1.2],0.5547773838043213
19,656,[1.3 0.1 1.2 1.2 0.  0.7 1.1 0.1],0.5835514068603516
19,657,[1.3 0.1 1.2 1.2 0.  0.7 1.1 0.1],0.5836233496665955
19,658,[1.3 0.1 1.2 1.2 0.  0.7 1.1 0.1],0.5836388468742371
19,659,[1.3 0.1 1.2 1.2 0.  0.7 1.1 0.1],0.583645761013031
19,660,[1.3 0.1 1.2 1.2 0.  0.7 1.1 0.1],0.5836604237556458
19,661,[1.3 0.1 1.2 1.2 0.  0.7 1.1 0.1],0.5836681425571442
19,662,[1.3 0.1 1.2 1.2 0.  0.7 1.1 0.1],0.5837162137031555
19,663,[1.3 0.1 1.2 1.2 0.  0.7 1.1 0.1],0.5837328135967255
19,664,[1.3 0.1 1.2 1.2 0.  0.7 1.1 0.1],0.5837342441082001
19,665,[1.3 0.1 1.2 1.2 0.  0.7 1.1 0.1],0.5837371647357941
19,666,[1.3 0.1 1.2 1.2 0.  0.7 1.1 0.1],0.5837511420249939
19,667,[1.3 0.1 1.2 1.2 0.  0.7 1.1 0.1],0.5837633013725281
19,668,[1.3 0.1 1.2 1.2 0.  0.7 1.1 0.1],0.5837660431861877
19,669,[1.3 0.1 1.2 1.2 0.  0.7 1.1 0.1],0.5837681293487549
19,670,[1.3 0.1 1.2 1.2 0.  0.7 1.1 0.1],0.5837878882884979
19,671,[1.3 0.1 1.2 1.2 0.  0.7 1.1 0.1],0.5837888121604919
19,672,[1.3 0.1 1.2 1.2 0.  0.7 1.1 0.1],0.5837900638580322
19,673,[1.3 0.1 1.2 1.2 0.  0.7 1.1 0.1],0.5837973654270172
19,674,[1.3 0.1 1.2 1.2 0.  0.7 1.1 0.1],0.5838031768798828
19,675,[1.3 0.1 1.2 1.2 0.  0.7 1.1 0.1],0.5838099420070648
19,676,[1.3 0.1 1.2 1.2 0.  0.7 1.1 0.1],0.5838159918785095
19,677,[1.3 0.1 1.2 1.2 0.  0.7 1.1 0.1],0.5838407874107361
19,678,[1.3 0.1 1.2 1.2 0.  0.7 1.1 0.1],0.5838539600372314
19,679,[1.3 0.1 1.2 1.2 0.  0.7 1.1 0.1],0.5838755369186401
19,680,[1.3 0.1 1.2 1.2 0.  0.7 1.1 0.1],0.5838756859302521
19,681,[1.3 0.1 1.2 1.2 0.  0.7 1.1 0.1],0.5839008688926697
19,682,[1.3 0.1 1.2 1.2 0.  0.7 1.1 0.1],0.5839345157146454
19,683,[1.3 0.1 1.2 1.2 0.  0.7 1.1 0.1],0.5839689075946808
19,684,[1.3 0.1 1.2 1.2 0.  0.7 1.1 0.1],0.5839741826057434
19,685,[1.3 0.1 1.2 1.2 0.  0.7 1.1 0.1],0.5839904844760895
19,686,[1.3 0.1 1.2 1.2 0.  0.7 1.1 0.1],0.5840047299861908
19,687,[1.3 0.1 1.2 1.2 0.  0.7 1.1 0.1],0.5840308666229248
19,688,[1.3 0.1 1.2 1.2 0.  0.7 1.1 0.1],0.5840446650981903
19,689,[1.3 0.1 1.2 1.2 0.  0.7 1.1 0.1],0.5841118693351746
19,690,[1.3 1.  0.3 0.9 0.7 0.  1.3 1.2],0.5859930515289307
19,691,[1.3 1.  0.3 0.9 0.7 0.  1.3 1.2],0.5861682891845703
19,692,[1.3 1.  0.3 0.9 0.7 0.  1.3 1.2],0.5862821340560913
19,693,[1.3 1.  0.3 0.9 0.7 0.  1.3 1.2],0.5864473879337311
19,694,[1.3 1.  0.3 0.9 0.7 0.  1.3 1.2],0.5865035057067871
19,695,[0.  0.  0.4 1.1 0.5 0.7 1.3 1.2],0.6178477108478546
19,696,[0.  0.  0.4 1.1 0.5 0.7 1.3 1.2],0.6181334853172302
19,697,[0.  0.  0.4 1.1 0.5 0.7 1.3 1.2],0.6181710958480835
19,698,[0.  0.  0.4 1.1 0.5 0.7 1.3 1.2],0.6184163391590118
19,699,[0.  0.  0.4 1.1 0.5 0.7 1.3 1.2],0.6185506880283356
19,700,[0.  0.  0.4 1.1 0.5 0.7 1.3 1.2],0.6186238527297974
19,701,[1.3 0.4 0.5 1.1 0.7 0.2 0.1 1.2],0.6271836459636688
19,702,[1.3 0.4 0.5 1.1 0.7 0.2 0.1 1.2],0.6288771629333496
19,703,[1.3 0.4 0.5 1.1 0.7 0.2 0.1 1.2],0.6289229989051819
19,704,[1.3 0.4 0.5 1.1 0.7 0.2 0.1 1.2],0.6289649605751038
19,705,[1.3 0.4 0.5 1.1 0.7 0.2 0.1 1.2],0.6289816498756409
19,706,[1.3 0.4 0.5 1.1 0.7 0.2 0.1 1.2],0.6289975643157959
19,707,[1.3 0.4 0.5 1.1 0.7 0.2 0.1 1.2],0.6290025115013123
19,708,[1.3 0.4 0.5 1.1 0.7 0.2 0.1 1.2],0.6290414929389954
19,709,[1.3 0.4 0.5 1.1 0.7 0.2 0.1 1.2],0.6290785372257233
19,710,[1.3 0.4 0.5 1.1 0.7 0.2 0.1 1.2],0.6291073560714722
19,711,[1.3 0.4 0.5 1.1 0.7 0.2 0.1 1.2],0.6291230320930481
19,712,[1.3 0.4 0.5 1.1 0.7 0.2 0.1 1.2],0.6291463971138
19,713,[1.3 0.4 0.5 1.1 0.7 0.2 0.1 1.2],0.6292026340961456
19,714,[1.3 0.4 0.5 1.1 0.7 0.2 0.1 1.2],0.6292235851287842
19,715,[1.3 0.4 0.5 1.1 0.7 0.2 0.1 1.2],0.629229724407196
19,716,[1.3 0.4 0.5 1.1 0.7 0.2 0.1 1.2],0.6292394697666168
19,717,[1.3 0.4 0.5 1.1 0.7 0.2 0.1 1.2],0.6292431354522705
19,718,[1.3 0.4 0.5 1.1 0.7 0.2 0.1 1.2],0.6292626261711121
19,719,[1.3 0.4 0.5 1.1 0.7 0.2 0.1 1.2],0.6292853653430939
19,720,[1.3 0.4 0.5 1.1 0.7 0.2 0.1 1.2],0.6292864382266998
19,721,[1.3 0.4 0.5 1.1 0.7 0.2 0.1 1.2],0.6293106079101562
19,722,[1.3 0.4 0.5 1.1 0.7 0.2 0.1 1.2],0.6294320821762085
19,723,[1.3 0.4 0.5 1.1 0.7 0.2 0.1 1.2],0.6294403076171875
19,724,[1.3 0.4 0.5 1.1 0.7 0.2 0.1 1.2],0.6294523477554321
19,725,[1.3 0.4 0.5 1.1 0.7 0.2 0.1 1.2],0.6295406818389893
19,726,[1.3 0.4 0.5 1.1 0.7 0.2 0.1 1.2],0.6295692324638367
19,727,[1.3 0.4 0.5 1.1 0.7 0.2 0.1 1.2],0.6296848356723785
19,728,[1.3 0.4 0.5 1.1 0.7 0.2 0.1 1.2],0.6296884119510651
19,729,[1.3 0.4 0.5 1.1 0.7 0.2 0.1 1.2],0.6297941505908966
19,730,[1.3 0.4 0.5 1.1 0.7 0.2 0.1 1.2],0.6299917995929718
19,731,[1.3 0.  0.3 0.4 0.  1.  1.3 1.2],0.6510664224624634
19,732,[1.3 0.  0.3 0.4 0.  1.  1.3 1.2],0.6511059701442719
19,733,[1.3 0.  0.3 0.4 0.  1.  1.3 1.2],0.6511610150337219
19,734,[1.3 0.  0.3 0.4 0.  1.  1.3 1.2],0.6512033939361572
19,735,[1.3 0.  0.3 0.4 0.  1.  1.3 1.2],0.6512344777584076
19,736,[1.3 0.  0.3 0.4 0.  1.  1.3 1.2],0.6512736082077026
19,737,[1.3 0.  0.3 0.4 0.  1.  1.3 1.2],0.6515080630779266
19,738,[1.3 0.  0.3 0.9 0.  1.2 0.7 1.2],0.7182151973247528
19,739,[1.3 0.  0.3 0.9 0.  1.2 0.7 1.2],0.7182706594467163
19,740,[1.3 0.  0.3 0.9 0.  1.2 0.7 1.2],0.7183786332607269
19,741,[1.3 0.  0.3 0.9 0.  1.2 0.7 1.2],0.7184238731861115
19,742,[1.3 0.  0.3 0.9 0.  1.2 0.7 1.2],0.718437135219574
19,743,[1.3 0.  0.3 0.9 0.  1.2 0.7 1.2],0.7185236215591431
19,744,[1.3 0.  0.3 0.9 0.  1.2 0.7 1.2],0.718564510345459
19,745,[1.3 0.  0.3 0.9 0.  1.2 0.7 1.2],0.71858811378479
19,746,[1.3 0.  0.3 0.9 0.  1.2 0.7 1.2],0.7186252474784851
19,747,[1.3 0.  0.3 0.9 0.  1.2 0.7 1.2],0.7187391519546509
19,748,[1.3 0.  0.3 0.9 0.  1.2 0.7 1.2],0.7187581956386566
19,749,[1.3 0.  0.3 0.9 0.  1.2 0.7 1.2],0.7188935875892639
19,750,[1.3 0.  0.3 0.9 0.  1.2 0.7 1.2],0.7189637720584869
19,751,[1.3 0.  0.3 0.9 0.  1.2 0.7 1.2],0.7191055715084076
19,752,[1.3 0.  0.3 0.9 0.  1.2 0.7 1.2],0.7191257178783417
19,753,[1.3 0.  0.3 0.9 0.  1.2 0.7 1.2],0.7191802561283112
19,754,[1.3 0.  0.3 0.9 0.  1.2 0.7 1.2],0.7192437648773193
19,755,[0.  0.  1.3 0.6 0.  1.  1.1 0.2],0.7310467958450317
19,756,[0.  0.  1.3 0.6 0.  1.  1.1 0.2],0.7551478445529938
19,757,[0.  0.  1.3 0.6 0.  1.  1.1 0.2],0.7552340030670166
19,758,[0.  0.  1.3 0.6 0.  1.  1.1 0.2],0.7552995085716248
19,759,[0.  0.  1.3 0.6 0.  1.  1.1 0.2],0.7553098201751709
19,760,[0.  0.  1.3 0.6 0.  1.  1.1 0.2],0.7553215026855469
19,761,[0.  0.  1.3 0.6 0.  1.  1.1 0.2],0.7553913593292236
19,762,[0.  0.  1.3 0.6 0.  1.  1.1 0.2],0.7553995251655579
19,763,[0.  0.  1.3 0.6 0.  1.  1.1 0.2],0.7554050981998444
19,764,[0.  0.  1.3 0.6 0.  1.  1.1 0.2],0.755422830581665
19,765,[0.  0.  1.3 0.6 0.  1.  1.1 0.2],0.7554367184638977
19,766,[0.  0.  1.3 0.6 0.  1.  1.1 0.2],0.7554562091827393
19,767,[0.  0.  1.3 0.6 0.  1.  1.1 0.2],0.7554785907268524
19,768,[0.  0.  1.3 0.6 0.  1.  1.1 0.2],0.7555022835731506
19,769,[0.  0.  1.3 0.6 0.  1.  1.1 0.2],0.7555124759674072
19,770,[0.  0.  1.3 0.6 0.  1.  1.1 0.2],0.7555177807807922
19,771,[0.  0.  1.3 0.6 0.  1.  1.1 0.2],0.7555378079414368
19,772,[0.  0.  1.3 0.6 0.  1.  1.1 0.2],0.7555542886257172
19,773,[0.  0.  1.3 0.6 0.  1.  1.1 0.2],0.7555786073207855
19,774,[0.  0.  1.3 0.6 0.  1.  1.1 0.2],0.755579948425293
19,775,[0.  0.  1.3 0.6 0.  1.  1.1 0.2],0.7556224167346954
19,776,[0.  0.  1.3 0.6 0.  1.  1.1 0.2],0.7556243538856506
19,777,[0.  0.  1.3 0.6 0.  1.  1.1 0.2],0.7556393146514893
19,778,[0.  0.  1.3 0.6 0.  1.  1.1 0.2],0.7556476294994354
19,779,[0.  0.  1.3 0.6 0.  1.  1.1 0.2],0.755670964717865
19,780,[0.  0.  1.3 0.6 0.  1.  1.1 0.2],0.7557058930397034
19,781,[0.  0.  1.3 0.6 0.  1.  1.1 0.2],0.7557204961776733
19,782,[0.  0.  1.3 0.6 0.  1.  1.1 0.2],0.7557508051395416
19,783,[0.  0.  1.3 0.6 0.  1.  1.1 0.2],0.7558181583881378
19,784,[0.  0.  1.3 0.6 0.  1.  1.1 0.2],0.7558468878269196
19,785,[1.3 0.  0.3 0.  0.7 0.  1.3 1.2],0.7975714802742004
19,786,[1.3 0.  0.3 0.  0.7 0.  1.3 1.2],0.7978245317935944
19,787,[0.  0.  1.3 0.6 0.  1.  1.1 0.2],0.9301149547100067
19,788,[1.3 0.  0.3 0.4 1.1 0.2 1.1 1. ],1.041334629058838
19,789,[1.3 0.  0.3 0.4 1.1 0.2 1.1 1. ],1.0414066314697266
19,790,[1.3 0.  0.3 0.4 1.1 0.2 1.1 1. ],1.0415838956832886
19,791,[1.3 0.  0.3 0.4 1.1 0.2 1.1 1. ],1.0418490767478943
19,792,[1.3 0.  0.3 0.4 1.1 0.2 1.1 1. ],1.042014867067337
19,793,[1.3 0.  0.3 0.4 1.1 0.2 1.1 1. ],1.0420776307582855
19,794,[1.3 0.  0.3 0.4 1.1 0.2 1.1 1. ],1.0424235463142395
19,795,[1.3 0.  0.3 0.4 1.1 0.2 1.1 1. ],1.0426400303840637
19,796,[1.3 1.  0.9 0.9 0.5 1.3 1.3 1.2],1.15861976146698
19,797,[1.3 1.  0.9 0.9 0.5 1.3 1.3 1.2],1.158627450466156
19,798,[1.3 0.  0.3 0.9 1.2 0.9 1.3 1.2],1.3369526267051697
19,799,[1.3 0.  0.3 0.9 1.2 0.9 1.3 1.2],1.3372197151184082
